cycle_counter,experiment,weight,inj_000,inj_001,inj_002,inj_003,inj_004,inj_005,inj_006,inj_007,inj_008,inj_009,inj_010,inj_011,inj_012,inj_013,inj_014,inj_015,inj_016,inj_017,inj_018,inj_019,inj_020,inj_021,inj_022,inj_023,inj_024,inj_025,inj_026,inj_027,inj_028,inj_029,inj_030,inj_031,inj_032,inj_033,inj_034,inj_035,inj_036,inj_037,inj_038,inj_039,inj_040,inj_041,inj_042,inj_043,inj_044,inj_045,inj_046,inj_047,inj_048,inj_049,inj_050,inj_051,inj_052,inj_053,inj_054,inj_055,inj_056,inj_057,inj_058,inj_059,inj_060,inj_061,inj_062,inj_063,inj_064,inj_065,inj_066,inj_067,inj_068,inj_069,inj_070,inj_071,inj_072,inj_073,inj_074,inj_075,inj_076,inj_077,inj_078,inj_079,inj_080,inj_081,inj_082,inj_083,inj_084,inj_085,inj_086,inj_087,inj_088,inj_089,inj_090,inj_091,inj_092,inj_093,inj_094,inj_095,inj_096,inj_097,inj_098,inj_099,inj_100,inj_101,inj_102,inj_103,inj_104,inj_105,inj_106,inj_107,inj_108,inj_109,inj_110,inj_111,inj_112,inj_113,inj_114,inj_115,inj_116,inj_117,inj_118,inj_119,inj_120,inj_121,inj_122,inj_123,inj_124,inj_125,inj_126,inj_127,cav_000,cav_001,cav_002,cav_003,cav_004,cav_005,cav_006,cav_007,cav_008,cav_009,cav_010,cav_011,cav_012,cav_013,cav_014,cav_015,cav_016,cav_017,cav_018,cav_019,cav_020,cav_021,cav_022,cav_023,cav_024,cav_025,cav_026,cav_027,cav_028,cav_029,cav_030,cav_031,cav_032,cav_033,cav_034,cav_035,cav_036,cav_037,cav_038,cav_039,cav_040,cav_041,cav_042,cav_043,cav_044,cav_045,cav_046,cav_047,cav_048,cav_049,cav_050,cav_051,cav_052,cav_053,cav_054,cav_055,cav_056,cav_057,cav_058,cav_059,cav_060,cav_061,cav_062,cav_063,cav_064,cav_065,cav_066,cav_067,cav_068,cav_069,cav_070,cav_071,cav_072,cav_073,cav_074,cav_075,cav_076,cav_077,cav_078,cav_079,cav_080,cav_081,cav_082,cav_083,cav_084,cav_085,cav_086,cav_087,cav_088,cav_089,cav_090,cav_091,cav_092,cav_093,cav_094,cav_095,cav_096,cav_097,cav_098,cav_099,cav_100,cav_101,cav_102,cav_103,cav_104,cav_105,cav_106,cav_107,cav_108,cav_109,cav_110,cav_111,cav_112,cav_113,cav_114,cav_115,cav_116,cav_117,cav_118,cav_119,cav_120,cav_121,cav_122,cav_123,cav_124,cav_125,cav_126,cav_127
20933,23,113.905,37.53,56.39,61.24,525.32,1019.75,964.97,939.18,954.35,979.63,1001.29,950.03,932.57,948.14,969.64,948.84,867.31,851.04,863.07,861.6,804.63,807.26,779.31,744.36,709.51,697.81,698.91,699.84,699.6,699.31,698.1,699.57,697.92,699.37,698.01,699.17,697.5,697.26,699.84,697.17,699.47,699.67,699.7,699.26,700.0,699.39,700.09,699.29,699.87,700.04,699.05,700.02,699.94,699.89,699.39,699.6,699.84,699.9,699.75,699.94,700.02,699.87,699.96,699.95,699.92,699.88,699.98,699.99,699.93,699.98,700.07,699.89,699.99,699.99,699.95,699.99,699.97,700.01,700.02,699.67,700.0,700.17,699.88,699.46,699.28,699.09,700.01,682.93,556.83,421.65,290.2,160.09,44.46,25.94,29.61,43.14,38.74,28.91,26.67,25.78,25.2,25.07,24.87,25.1,25.58,24.82,24.78,24.97,25.04,25.04,25.07,25.08,25.02,25.12,24.95,25.08,25.32,25.26,25.23,25.08,25.09,24.96,25.24,25.32,25.67,25.04,24.92,25.02,25.02,-0.43,-0.34,-0.41,-0.48,0.02,10.91,22.63,35.54,48.91,62.02,67.17,74.66,86.08,98.68,105.52,101.03,105.91,116.16,126.16,123.19,138.08,150.66,155.16,158.09,164.13,175.98,188.5,200.81,213.43,226.43,239.99,253.44,267.81,281.61,296.8,320.96,355.76,383.27,405.06,423.21,438.15,451.15,462.24,471.94,480.5,488.3,495.63,502.21,508.07,513.26,517.91,522.02,525.54,528.45,530.65,532.04,532.67,532.15,530.65,528.01,524.13,519.21,513.36,506.39,499.15,491.06,482.76,474.42,466.24,458.26,450.6,443.32,436.35,429.5,422.79,416.3,409.77,403.36,397.14,391.07,385.13,379.48,374.12,369.17,364.58,360.41,356.65,355.01,355.72,357.15,358.93,360.8,359.15,347.92,344.59,342.66,341.0,339.16,337.54,335.67,333.91,332.17,330.46,328.82,327.12,325.55,323.92,322.4,320.81,319.28,317.83,316.44,314.92,313.42,312.09,310.64,309.39,308.08,306.8,305.62,304.47,303.25,302.15,300.99,299.85,298.8,297.66,296.63
20934,23,113.921,37.49,57.63,66.0,561.14,1030.19,976.52,947.96,963.36,987.78,1009.93,959.19,942.36,959.06,978.89,959.42,877.18,860.11,871.64,870.66,812.12,814.02,783.37,746.09,709.85,697.51,699.2,699.4,699.63,698.36,698.77,699.34,697.61,699.85,697.53,698.44,699.25,697.47,697.0,699.67,699.75,699.79,698.58,699.62,699.02,700.04,699.67,699.99,699.28,699.88,699.93,700.06,699.44,699.97,699.48,699.58,699.74,699.24,699.91,700.02,699.98,699.88,700.06,700.06,699.98,699.91,700.11,699.94,699.87,699.98,699.86,700.03,699.91,700.06,700.15,699.66,699.87,699.93,699.8,700.12,699.95,700.1,700.04,699.88,700.59,700.06,699.88,682.71,557.84,422.81,291.22,160.69,44.88,25.63,29.75,42.52,40.04,27.66,26.27,25.95,25.71,25.33,25.02,25.67,24.26,24.59,24.73,24.95,25.08,25.23,25.17,25.0,25.11,25.03,25.17,24.99,25.06,25.16,25.19,25.17,25.04,25.19,25.28,25.53,25.03,25.18,25.12,25.29,25.18,-0.49,-0.45,-0.41,-0.54,0.2,11.64,23.36,36.48,49.87,63.25,68.31,75.72,87.36,100.16,107.26,102.72,107.72,117.97,128.22,125.43,142.73,153.44,157.35,159.92,165.91,178.19,190.29,202.83,215.78,229.21,242.34,256.24,270.19,284.68,300.23,330.52,363.11,389.22,409.76,427.32,441.61,453.91,464.56,474.02,482.61,490.37,497.26,503.51,509.15,514.24,518.71,522.68,525.79,528.47,530.54,531.62,531.64,530.62,528.54,525.26,520.83,515.41,509.0,501.61,493.89,485.66,477.05,468.68,460.55,452.72,445.15,438.12,431.18,424.38,417.82,411.13,404.67,398.38,392.27,386.27,380.63,375.15,369.8,364.98,360.5,356.56,352.84,351.26,352.1,353.58,355.15,356.82,355.09,343.87,340.7,338.91,336.94,335.23,333.48,331.8,329.98,328.32,326.51,325.0,323.36,321.72,320.04,318.44,317.04,315.48,313.96,312.38,311.01,309.69,308.41,306.96,305.52,304.25,303.0,301.87,300.73,299.61,298.29,297.19,296.24,295.14,294.07,292.97
20935,23,113.897,38.93,59.18,67.03,565.15,1031.08,978.38,949.46,965.48,990.15,1013.06,963.22,943.94,959.65,981.56,962.81,880.15,862.75,874.34,874.56,815.11,816.76,785.36,747.34,709.94,697.26,699.48,699.6,699.67,698.52,699.27,698.82,697.91,699.19,698.77,698.81,699.02,696.14,698.92,698.45,699.57,699.1,700.03,700.11,699.27,699.97,699.84,700.03,700.1,699.55,699.89,699.58,699.78,699.49,699.92,699.89,700.09,699.83,700.08,699.98,699.89,699.93,699.92,699.87,699.83,699.84,699.97,700.01,700.06,699.7,699.83,700.02,699.69,699.98,699.97,699.93,699.97,699.96,699.94,699.85,700.28,699.86,699.56,699.33,699.17,700.53,700.69,683.39,558.68,423.82,292.22,162.04,45.38,25.9,29.69,43.07,38.96,28.83,26.57,25.98,25.4,25.0,25.0,24.83,24.7,24.89,24.93,25.09,25.13,25.77,24.91,24.83,25.01,25.04,25.07,25.16,25.23,25.17,25.14,24.94,25.19,25.04,25.14,25.38,25.09,25.09,25.17,25.16,25.09,-0.49,-0.43,-0.5,-0.45,0.28,11.16,22.72,35.77,49.34,62.53,67.97,75.29,86.91,99.5,106.9,102.45,107.37,117.83,128.18,125.38,143.27,153.87,157.6,159.74,165.74,178.33,190.3,202.79,215.64,228.69,241.67,255.73,269.15,283.81,298.39,321.45,355.09,382.79,404.24,422.69,437.89,450.69,461.99,471.76,480.58,488.61,495.7,502.34,508.16,513.66,518.07,522.13,525.32,527.88,529.74,531.07,531.19,530.21,528.05,524.65,520.08,514.43,507.91,500.35,492.61,484.19,475.65,467.23,459.02,451.17,443.82,436.59,429.57,422.84,416.26,409.92,403.62,397.54,391.43,385.56,379.91,374.48,369.53,364.81,360.44,356.35,352.67,351.23,352.02,353.31,354.99,356.73,355.18,343.96,340.69,338.79,336.93,335.25,333.48,331.69,329.92,328.34,326.65,325.1,323.39,321.75,320.2,318.72,317.18,315.54,314.1,312.7,311.27,309.75,308.35,307.13,305.81,304.55,303.18,301.96,300.89,299.74,298.58,297.41,296.48,295.33,294.24,293.2
20936,23,113.903,38.46,59.04,69.5,581.12,1034.41,980.86,950.7,965.33,990.27,1013.47,962.41,944.27,960.59,982.95,964.62,882.17,864.8,876.55,876.61,817.12,818.13,786.44,747.68,709.53,696.68,699.55,699.89,698.44,698.51,699.7,697.76,698.48,698.31,699.4,698.06,697.69,697.15,699.49,697.61,699.67,699.42,698.44,699.76,699.93,699.16,699.75,700.17,699.83,699.65,700.07,699.68,699.73,699.6,699.73,699.64,699.72,699.95,699.84,699.94,700.03,700.07,700.04,699.95,699.96,699.87,699.87,700.01,700.01,700.03,699.97,700.01,699.79,699.56,700.01,699.91,700.08,699.91,699.8,700.06,699.98,699.75,700.11,700.02,699.6,699.55,699.36,683.78,558.5,422.94,291.59,161.73,45.84,25.22,29.94,43.66,38.28,28.47,26.46,25.8,25.45,25.13,25.12,24.68,24.76,24.76,24.94,24.97,25.21,25.3,25.07,25.12,24.95,25.15,25.0,25.49,25.06,25.11,25.05,25.08,25.17,25.29,25.64,25.09,25.07,25.08,25.29,25.06,25.01,-0.37,-0.23,-0.36,-0.42,0.32,11.81,23.43,36.6,50.08,63.4,68.84,76.24,87.79,100.58,107.91,103.47,108.41,119.1,129.33,126.65,144.74,154.8,158.36,160.49,166.22,178.99,191.03,203.1,216.3,229.64,242.72,257.25,270.45,285.12,300.25,328.9,362.11,387.63,408.64,425.85,440.25,452.83,463.67,473.39,481.87,489.58,496.71,503.31,508.82,513.86,518.17,521.91,525.06,527.54,529.3,530.07,529.81,528.49,525.95,522.28,517.35,511.43,504.47,496.79,488.9,480.24,471.64,463.3,455.17,447.35,439.88,432.75,425.96,419.33,412.74,406.22,400.03,393.93,387.98,381.96,376.22,370.86,365.93,361.14,356.86,352.95,349.47,347.72,348.5,349.77,351.42,353.16,351.39,340.22,337.1,335.21,333.41,331.67,329.84,328.13,326.33,324.7,323.23,321.43,319.84,318.2,316.73,315.25,313.63,312.08,310.59,309.19,307.72,306.26,304.94,303.59,302.18,301.08,299.82,298.66,297.4,296.23,295.13,293.93,292.86,291.88,290.87,289.83
20937,23,113.911,38.44,58.76,69.03,577.3,1032.83,979.46,949.47,964.56,989.6,1011.7,961.68,943.36,959.23,981.62,962.7,880.34,863.12,874.87,873.99,815.05,816.74,784.77,746.91,709.43,696.88,699.6,699.63,699.39,698.69,699.63,698.03,698.52,698.68,698.92,698.45,698.3,696.17,699.85,697.48,699.53,699.66,699.18,699.58,700.07,699.46,699.89,700.01,699.96,699.98,700.12,699.28,699.77,699.74,699.73,699.65,699.74,699.93,699.38,699.94,699.99,699.98,699.91,700.05,699.91,700.04,700.03,699.91,699.95,700.01,700.02,699.91,699.94,699.93,700.05,699.87,700.05,699.99,699.95,700.12,700.08,699.76,699.47,699.26,699.7,700.8,700.55,682.48,557.48,422.11,290.79,160.92,45.29,25.29,30.02,43.44,38.66,28.67,26.55,25.81,25.4,25.13,24.85,24.83,24.78,24.95,24.97,24.94,26.2,24.5,24.69,24.91,25.23,25.2,25.15,25.42,24.97,25.11,25.07,25.07,25.24,25.48,25.46,24.97,25.12,25.17,25.31,25.32,25.42,-0.44,-0.34,-0.51,-0.56,0.12,11.49,23.01,36.23,49.61,62.66,67.98,75.6,87.23,99.97,107.22,102.8,107.78,118.37,128.73,126.51,145.23,154.67,158.36,160.63,166.66,179.33,191.16,203.61,216.82,230.21,243.45,257.73,271.15,286.01,301.09,330.48,363.43,389.31,409.97,427.37,441.77,453.91,464.89,474.5,483.04,490.64,497.68,504.03,509.81,514.88,519.18,522.82,525.83,528.42,530.1,530.78,530.66,529.5,526.91,523.16,518.32,512.41,505.52,497.8,489.93,481.39,472.74,464.37,456.25,448.39,440.92,433.87,427.04,420.36,413.63,407.28,401.06,394.87,388.76,382.94,377.42,371.98,366.91,362.37,358.09,354.13,350.54,349.15,349.82,351.15,352.87,354.72,352.85,341.71,338.44,336.52,334.79,333.02,331.22,329.48,327.75,326.17,324.4,322.79,321.27,319.54,317.94,316.46,314.97,313.4,311.87,310.53,309.08,307.64,306.32,304.9,303.61,302.48,301.17,299.91,298.8,297.68,296.42,295.43,294.35,293.25,292.17,291.22
20938,23,113.929,38.61,59.15,70.46,582.22,1033.05,978.91,948.58,963.09,988.58,1010.01,959.67,941.87,958.09,980.3,960.77,879.01,862.49,874.55,874.12,816.19,817.34,785.31,747.32,709.34,696.97,699.64,699.5,699.14,698.49,699.48,698.1,698.38,698.66,698.88,698.69,697.81,696.54,699.86,697.54,699.59,699.63,698.97,699.6,700.04,699.45,700.04,699.65,699.55,700.0,699.92,699.8,699.55,699.75,699.58,699.66,699.3,699.88,699.77,699.95,699.97,699.92,699.93,700.02,699.87,699.99,700.04,699.99,699.96,700.07,699.94,699.75,699.84,699.53,700.03,700.55,699.97,699.58,699.36,698.91,699.48,701.34,700.74,700.46,700.15,699.93,699.84,682.49,558.07,422.12,290.79,161.05,45.42,25.22,30.13,43.25,38.52,28.71,26.56,25.84,25.38,25.04,24.95,24.94,24.93,24.89,24.9,24.84,24.9,25.11,25.14,25.18,25.17,25.14,25.09,25.33,25.03,25.05,24.99,25.16,25.08,25.4,25.28,25.03,25.14,25.19,25.29,25.35,25.29,-0.37,-0.37,-0.45,-0.6,0.31,11.84,23.44,36.54,49.86,62.94,68.27,75.89,87.41,100.2,107.44,102.91,108.03,118.54,128.85,126.95,146.06,155.28,158.72,160.91,166.75,179.63,191.6,203.99,217.09,230.56,243.76,258.21,271.6,286.52,302.88,334.69,366.93,392.1,412.39,429.19,443.27,455.35,466.09,475.52,483.93,491.49,498.5,504.85,510.33,515.34,519.74,523.51,526.5,528.87,530.51,531.41,531.1,529.85,527.37,523.7,518.83,512.91,506.12,498.62,490.51,482.08,473.67,465.13,457.02,449.18,441.63,434.21,426.92,419.79,412.51,405.38,398.36,391.6,385.04,378.77,373.13,367.85,362.93,358.76,354.99,351.65,348.53,347.51,348.67,350.1,351.64,353.45,351.47,340.07,336.78,334.83,333.03,331.21,329.35,327.65,325.9,324.13,322.42,320.84,319.09,317.53,316.02,314.32,312.84,311.34,309.7,308.36,306.93,305.43,304.18,302.87,301.44,300.36,299.03,297.82,296.68,295.42,294.37,293.24,292.12,291.18,290.07,289.02
20939,23,113.962,38.5,58.93,70.45,584.65,1033.38,978.53,947.86,962.41,986.39,1008.68,958.28,940.31,956.45,978.49,959.58,877.36,860.46,872.39,871.51,813.21,815.45,784.16,746.91,709.49,697.36,699.65,699.86,699.22,698.3,699.37,698.49,698.23,698.83,698.69,698.72,698.48,696.07,699.91,698.16,699.69,699.66,698.91,699.57,700.06,699.3,699.98,699.95,699.99,699.86,700.03,699.62,699.78,699.72,699.57,699.49,699.68,699.8,699.55,699.99,699.9,700.05,699.96,699.95,699.95,699.99,700.02,699.88,699.91,700.03,699.98,699.96,699.97,699.94,699.98,700.08,699.95,700.06,699.82,699.76,700.08,699.91,699.56,699.7,700.33,699.99,699.76,682.63,557.98,422.15,290.86,161.16,45.48,25.28,30.12,43.48,38.33,28.69,26.51,25.58,25.39,25.37,24.86,24.73,24.83,24.83,25.14,25.12,25.75,24.69,24.78,25.02,25.08,25.25,25.31,25.28,25.32,25.22,25.06,25.14,25.25,25.24,25.22,25.12,25.24,25.2,25.24,25.17,25.21,-0.39,-0.43,-0.37,-0.4,0.45,11.89,23.36,36.42,49.62,62.81,68.16,75.58,87.12,100.07,107.35,102.83,107.81,118.36,128.62,126.73,146.12,155.41,159.16,161.85,168.17,180.83,192.98,205.25,218.38,232.07,245.25,259.68,273.19,288.22,306.75,341.58,372.66,397.12,416.59,433.14,446.89,458.47,468.91,478.17,486.48,494.05,500.8,507.03,512.64,517.32,521.73,525.4,528.28,530.71,532.34,533.06,533.04,531.68,529.35,525.63,520.77,515.04,508.22,500.81,492.78,484.51,476.03,467.66,459.58,451.84,444.45,437.32,430.44,423.75,417.08,410.57,404.05,397.87,391.8,385.79,380.16,374.73,369.68,364.98,360.63,356.84,353.33,351.82,352.56,354.11,355.66,357.47,355.72,344.42,341.19,339.23,337.5,335.62,333.9,332.08,330.36,328.71,326.99,325.39,323.68,322.16,320.55,318.97,317.36,315.83,314.36,312.88,311.5,310.01,308.81,307.4,306.2,304.87,303.61,302.38,301.27,300.08,298.97,297.96,296.77,295.78,294.69,293.74
20940,23,113.972,38.46,58.41,69.85,579.94,1031.2,976.08,945.69,960.58,985.59,1008.4,956.83,939.73,955.98,978.13,958.56,876.52,859.88,871.84,870.56,812.86,814.75,783.56,746.31,709.09,696.86,699.45,699.64,699.12,698.62,699.27,698.23,698.05,698.84,698.9,698.73,699.05,695.76,699.91,698.01,699.1,699.6,699.27,699.64,700.08,699.28,699.92,699.96,699.97,699.87,700.1,699.67,699.74,699.67,699.82,699.58,699.83,699.81,699.86,699.98,699.96,700.06,700.02,699.98,699.93,699.93,699.92,699.99,699.94,699.97,700.02,699.97,699.97,699.99,699.78,700.01,699.82,699.99,699.96,700.23,699.87,699.51,699.88,700.51,700.22,699.76,699.55,682.29,557.19,421.69,290.07,160.33,44.7,25.48,30.15,43.76,38.18,28.61,26.55,25.83,25.48,25.09,24.75,24.75,25.05,24.97,25.01,24.94,25.03,25.16,25.1,25.12,25.09,25.1,25.21,25.44,24.99,24.98,24.96,25.11,25.16,25.22,25.5,25.12,25.17,25.1,25.15,25.19,25.2,-0.56,-0.46,-0.47,-0.6,0.09,11.18,22.61,35.61,49.0,62.12,67.38,74.99,86.61,99.26,106.62,102.16,107.14,117.78,127.95,126.59,145.91,154.22,158.02,160.6,166.91,179.65,191.63,203.88,217.16,230.54,243.7,258.29,271.81,286.74,303.65,337.62,369.32,394.31,414.3,431.15,444.88,456.78,467.43,476.73,485.16,492.68,499.57,505.83,511.41,516.48,520.87,524.51,527.69,529.96,531.68,532.56,532.49,531.44,529.01,525.54,520.78,515.06,508.45,500.99,493.25,484.9,476.65,468.15,460.03,451.88,443.68,435.25,426.51,417.6,408.53,399.86,391.65,384.02,377.38,371.5,366.7,362.42,358.9,355.65,352.83,350.37,347.8,347.19,348.45,350.2,351.82,353.43,351.6,340.05,336.81,334.77,333.02,331.05,329.31,327.42,325.72,323.9,322.22,320.44,318.84,317.18,315.55,313.94,312.44,310.85,309.41,307.9,306.48,305.09,303.82,302.34,301.17,299.76,298.61,297.36,296.22,294.99,293.89,292.73,291.72,290.57,289.65,288.59
20941,23,113.98,37.68,58.1,68.76,576.38,1031.01,975.57,944.84,959.94,985.04,1006.32,955.24,938.12,953.93,976.12,955.93,874.42,857.65,869.77,868.17,811.18,813.16,782.56,745.61,708.91,697.25,699.15,699.36,700.0,698.03,698.86,699.1,697.54,699.25,697.88,698.68,699.4,696.09,699.0,699.03,699.57,698.83,699.92,699.62,699.45,699.79,700.11,699.65,699.84,700.08,699.86,699.75,699.77,699.76,699.77,699.7,699.7,699.92,699.24,699.82,700.05,699.88,700.03,700.03,699.94,700.01,699.78,699.97,699.92,700.01,699.91,700.02,699.99,700.02,700.0,699.99,699.75,700.06,699.75,700.08,700.16,699.93,699.6,699.28,699.15,699.08,700.6,682.39,556.1,420.98,289.41,159.55,44.15,25.85,30.04,43.24,38.65,28.67,26.45,25.83,25.3,25.18,24.9,24.85,24.92,24.82,24.88,25.05,26.07,24.54,24.83,25.04,25.18,25.17,25.2,25.73,24.7,24.9,25.02,25.2,25.29,25.32,25.5,25.23,25.18,24.98,25.01,25.14,25.49,-0.58,-0.48,-0.51,-0.62,0.24,11.79,23.25,36.44,49.73,62.8,67.97,75.54,87.18,99.89,106.95,102.46,107.54,117.87,128.06,125.84,144.82,154.79,158.68,161.2,167.48,180.24,192.27,205.03,218.12,231.61,245.0,259.22,273.25,288.23,308.85,345.05,375.18,399.54,418.6,434.93,448.39,459.95,470.22,479.33,487.23,494.73,501.39,507.48,512.86,517.78,521.94,525.57,528.51,530.73,532.4,533.23,533.19,531.89,529.49,525.78,521.21,515.3,508.7,501.14,493.34,485.06,476.6,468.33,460.22,452.54,445.06,437.87,430.82,423.74,416.7,409.68,402.58,395.77,389.15,382.78,376.88,371.32,366.4,361.84,357.95,354.28,351.22,350.05,351.18,352.76,354.64,356.41,354.67,343.65,340.28,338.38,336.58,334.74,332.96,331.18,329.42,327.68,326.02,324.21,322.65,320.98,319.48,317.92,316.34,314.71,313.24,311.78,310.33,309.05,307.54,306.25,304.96,303.65,302.49,301.24,300.05,298.85,297.77,296.63,295.51,294.54,293.5,292.54
20942,23,113.985,38.02,58.21,68.43,574.72,1029.64,974.04,943.55,958.5,982.55,1005.28,954.27,936.41,952.22,974.16,954.4,872.69,856.0,867.99,867.13,809.58,812.25,781.98,745.33,709.1,697.38,699.31,699.41,699.76,698.23,698.72,699.19,697.41,699.43,697.56,698.8,699.43,696.42,698.27,699.27,699.3,699.15,699.94,700.07,699.74,699.73,700.01,699.86,700.01,700.17,699.37,699.88,699.74,699.55,699.98,699.28,699.76,699.83,699.47,699.89,699.77,699.95,700.06,699.96,699.86,699.96,699.89,700.08,699.94,699.93,699.96,700.01,699.91,699.98,699.95,700.15,699.92,699.58,700.11,700.04,699.74,699.46,699.33,700.4,700.3,699.94,699.65,682.69,558.07,422.45,290.81,160.76,45.06,25.67,30.43,42.3,38.82,28.79,26.51,25.81,25.39,25.1,24.97,24.79,24.86,24.86,24.94,24.99,25.56,24.91,25.01,25.12,24.98,25.06,25.45,25.26,24.81,24.94,25.26,25.26,25.31,25.45,25.09,25.03,25.2,25.16,25.11,25.12,25.57,-0.44,-0.46,-0.41,-0.52,0.19,11.2,22.67,35.57,48.98,62.05,67.42,74.73,86.32,99.01,106.15,101.69,106.66,117.09,127.25,124.76,143.49,153.88,157.85,160.43,167.09,179.67,191.76,204.36,217.3,230.61,244.36,258.53,272.55,287.59,307.73,344.04,374.13,398.87,418.05,434.47,448.09,459.87,470.23,479.47,487.59,495.12,501.83,507.95,513.36,518.4,522.62,526.28,529.35,531.65,533.42,534.32,534.53,533.47,531.21,527.79,523.28,517.67,511.09,503.91,496.1,487.88,479.56,471.13,463.2,455.33,447.95,440.75,433.74,426.82,419.9,413.12,406.31,399.63,393.17,386.9,380.99,375.42,370.41,365.69,361.55,357.81,354.38,353.15,354.09,355.73,357.52,359.33,357.73,346.43,343.14,341.24,339.39,337.59,335.84,333.99,332.27,330.53,328.79,327.16,325.44,323.75,322.26,320.64,319.12,317.53,316.01,314.57,313.13,311.72,310.39,309.02,307.75,306.41,305.21,303.98,302.85,301.67,300.51,299.43,298.31,297.27,296.28,295.27
20943,23,114.013,37.86,58.05,68.57,571.73,1028.63,972.28,942.95,957.61,981.59,1003.35,952.18,934.94,951.31,973.67,952.75,871.51,855.31,867.35,865.51,808.65,811.53,781.24,744.99,708.6,697.32,699.17,699.37,700.1,698.28,698.58,699.7,697.47,699.97,696.86,698.51,699.0,697.4,697.49,699.52,699.47,699.43,699.67,700.08,699.07,700.01,699.45,699.8,700.03,699.82,699.69,699.4,700.02,699.84,699.34,699.66,700.01,699.27,699.94,699.92,699.96,699.97,699.94,700.02,699.92,699.98,699.97,699.94,699.88,699.96,699.95,700.05,699.76,699.89,699.83,700.11,699.79,699.67,700.13,699.86,699.43,699.29,700.2,700.29,699.93,699.64,699.44,681.87,556.53,421.16,289.47,159.47,43.97,26.03,29.94,42.84,38.87,28.86,26.65,25.83,25.5,25.26,24.81,24.74,24.78,24.82,24.98,25.0,25.18,25.16,25.22,25.1,25.08,25.05,25.43,24.85,25.01,24.91,25.21,25.29,25.27,25.61,24.97,25.04,24.97,25.19,25.28,25.04,25.23,-0.33,-0.42,-0.39,-0.48,0.22,11.2,22.79,35.75,49.1,62.15,67.38,74.81,86.42,99.25,106.19,101.73,106.79,117.2,127.38,125.19,144.28,153.91,157.87,160.55,167.13,179.59,191.94,204.73,217.7,231.18,245.04,259.16,273.35,288.28,310.33,347.45,376.94,401.12,420.35,436.33,449.99,461.59,471.67,480.64,488.76,496.08,502.76,508.64,514.19,518.9,523.26,526.83,529.87,532.28,533.9,534.76,534.87,533.79,531.46,528.1,523.49,517.88,511.44,504.08,496.29,488.02,479.7,471.3,463.28,455.47,447.94,440.91,433.82,426.89,420.09,413.23,406.4,399.79,393.3,387.03,381.14,375.56,370.33,365.61,361.38,357.56,354.23,352.81,353.73,355.31,357.14,358.85,357.1,345.98,342.64,340.73,338.9,337.0,335.25,333.47,331.72,329.89,328.24,326.53,324.81,323.15,321.56,320.0,318.34,316.84,315.41,313.92,312.38,311.03,309.68,308.31,306.91,305.69,304.47,303.22,301.98,300.8,299.71,298.59,297.48,296.44,295.44,294.4
20944,23,114.005,37.53,57.19,67.6,572.27,1028.61,971.33,943.21,956.59,980.76,1003.03,951.98,935.25,951.56,974.08,953.39,872.19,855.98,867.95,866.01,808.82,811.52,781.28,744.65,709.11,697.5,699.32,699.41,699.7,698.36,698.63,699.17,697.36,699.7,697.4,698.65,699.44,696.43,698.07,699.27,699.62,698.7,699.85,699.91,699.36,699.79,700.01,699.66,699.83,699.64,699.18,699.64,699.76,699.65,699.54,700.02,699.56,699.83,699.82,699.99,699.98,700.06,699.98,699.99,699.83,699.95,700.06,699.97,699.82,699.92,699.88,700.06,700.03,699.97,700.14,699.76,700.16,699.85,699.58,700.3,700.08,699.79,699.35,699.32,699.07,699.86,700.93,682.05,555.73,420.82,289.32,159.67,43.91,26.22,29.8,43.5,38.48,28.6,26.48,25.79,25.53,25.19,24.95,24.87,24.84,24.98,25.01,25.1,25.05,25.09,25.11,25.15,25.32,25.08,25.19,25.15,25.1,24.96,25.22,25.39,25.26,25.41,24.93,24.95,25.09,25.01,25.07,25.52,25.04,-0.45,-0.38,-0.4,-0.44,0.34,11.79,23.17,36.13,49.35,62.36,67.51,75.09,86.64,99.34,106.29,101.87,106.87,117.35,127.33,124.89,143.88,153.77,157.71,160.6,167.12,179.56,191.84,204.42,217.45,231.02,244.3,258.51,272.69,287.41,307.02,343.04,373.32,398.1,417.41,433.78,447.48,459.22,469.48,478.58,486.74,494.16,500.92,507.05,512.55,517.42,521.68,525.51,528.58,531.05,532.76,533.78,533.84,532.77,530.47,527.1,522.64,517.02,510.37,503.03,495.26,487.0,478.48,470.12,462.08,454.26,446.82,439.59,432.68,425.82,419.07,412.36,405.65,399.18,392.86,386.72,380.82,375.26,370.08,365.39,361.13,357.2,353.63,352.23,353.17,354.64,356.51,358.38,356.62,345.44,342.17,340.29,338.49,336.65,334.88,333.11,331.35,329.66,328.0,326.25,324.55,323.04,321.44,319.81,318.24,316.65,315.14,313.74,312.31,310.92,309.5,308.21,306.98,305.64,304.34,303.12,301.88,300.75,299.71,298.58,297.53,296.39,295.41,294.45
20945,23,113.999,37.13,57.17,67.97,573.14,1029.2,973.97,943.11,957.81,982.39,1004.13,953.38,935.91,951.76,973.79,954.03,872.68,856.19,868.07,866.35,809.78,812.14,781.74,744.72,709.45,697.81,699.18,699.28,700.06,697.85,698.52,699.49,697.57,699.72,697.2,698.43,699.2,697.02,697.52,699.38,699.41,699.03,699.85,699.87,699.11,699.94,699.82,699.81,699.92,699.97,699.84,699.7,699.65,699.66,699.81,699.58,699.13,699.85,699.58,699.92,699.89,699.89,699.91,699.94,699.96,699.97,699.82,700.03,700.01,700.12,699.93,699.89,699.98,700.04,699.79,699.94,699.92,699.96,699.98,699.91,700.24,700.2,699.91,699.56,699.31,699.08,699.51,682.48,556.41,421.12,289.3,159.52,43.98,26.24,29.86,42.94,38.7,28.72,26.64,25.92,25.41,25.26,24.94,24.85,24.88,24.92,25.16,24.85,24.92,25.08,25.27,25.29,25.18,25.19,25.06,25.14,25.1,25.09,25.16,25.14,25.17,25.19,25.09,25.2,25.46,25.41,25.32,25.26,25.27,-0.53,-0.49,-0.5,-0.47,0.32,11.7,23.28,36.13,49.51,62.51,67.66,75.1,86.67,99.35,106.45,101.9,107.1,117.52,127.55,125.22,144.1,154.07,157.95,160.85,167.28,179.78,191.81,204.6,217.59,231.21,244.76,258.95,273.1,288.01,309.44,346.17,376.08,400.38,419.21,435.51,448.99,460.5,470.52,479.56,487.6,495.06,501.68,507.6,512.99,517.79,521.9,525.56,528.53,530.92,532.58,533.48,533.27,532.31,529.92,526.44,521.95,516.27,509.66,502.31,494.46,486.18,477.74,469.37,461.19,453.43,445.95,438.7,431.86,425.0,418.22,411.53,404.85,398.3,392.07,385.83,379.91,374.48,369.3,364.55,360.18,356.28,352.74,351.42,352.3,353.88,355.61,357.47,355.79,344.66,341.26,339.4,337.65,335.78,334.0,332.29,330.45,328.75,327.06,325.41,323.74,322.12,320.45,318.98,317.41,315.91,314.28,312.78,311.35,309.92,308.5,307.24,305.96,304.67,303.4,302.2,301.0,299.78,298.7,297.64,296.57,295.39,294.54,293.44
20946,23,113.973,37.18,57.43,67.8,573.03,1029.26,974.17,943.83,958.45,982.67,1004.71,953.94,936.87,953.14,975.24,954.94,873.4,856.93,868.84,867.19,809.83,812.46,781.98,745.35,708.65,697.49,699.37,699.35,699.97,698.12,698.65,699.44,697.17,699.7,697.25,698.49,699.34,696.82,698.2,699.52,699.24,698.72,700.02,699.8,699.38,699.68,700.14,699.63,699.93,699.75,699.89,699.75,699.48,699.64,699.71,699.58,699.65,699.87,699.89,699.93,700.01,699.93,699.88,699.99,700.0,700.02,700.0,699.89,699.94,700.01,699.96,699.88,699.82,700.03,699.89,700.04,699.86,700.12,699.86,699.37,699.91,700.41,700.08,699.79,699.39,699.17,698.89,681.85,556.83,421.12,289.36,159.53,44.01,26.31,29.69,43.53,38.48,28.42,26.38,25.68,25.49,25.0,24.91,24.99,24.95,24.86,25.04,25.51,24.76,24.95,25.11,25.18,25.08,25.24,25.25,24.82,25.12,25.02,25.21,25.26,25.38,25.01,25.03,25.0,25.05,25.13,25.23,25.33,25.23,-0.46,-0.52,-0.46,-0.44,0.18,11.49,23.09,36.14,49.37,62.51,67.7,75.16,86.68,99.51,106.59,102.12,107.09,117.48,127.56,125.22,144.01,153.87,157.81,160.3,166.79,179.32,191.45,204.08,217.11,230.78,244.25,258.37,272.55,287.65,308.32,344.89,374.74,398.75,417.42,433.22,446.35,457.6,467.4,476.11,483.96,491.22,497.67,503.54,508.8,513.51,517.61,521.16,524.11,526.46,528.05,529.02,528.98,527.81,525.61,522.17,517.52,511.98,505.41,498.07,490.35,482.02,473.52,465.14,457.01,449.21,441.6,434.41,427.43,420.66,413.88,407.23,400.61,394.16,387.86,381.8,375.95,370.37,365.1,360.31,355.82,351.92,348.26,346.6,347.51,348.99,350.76,352.59,350.9,339.66,336.44,334.58,332.77,330.91,329.15,327.28,325.56,323.76,322.08,320.46,318.81,317.09,315.53,313.94,312.44,310.75,309.21,307.81,306.33,304.88,303.66,302.18,300.85,299.6,298.38,297.11,295.93,294.78,293.61,292.54,291.42,290.32,289.31,288.26
20947,23,114.007,37.81,57.5,67.83,572.97,1030.44,975.28,945.43,959.91,984.27,1006.25,955.32,937.66,953.73,975.83,955.87,874.3,857.81,869.76,868.63,810.85,813.45,782.15,745.63,709.57,696.87,699.06,698.78,700.33,698.96,699.0,698.89,697.79,699.45,697.49,698.42,699.32,696.04,698.54,699.03,699.22,698.9,699.78,699.54,699.28,699.69,699.82,699.28,699.76,700.06,700.04,699.55,699.8,699.66,699.93,699.35,699.83,699.86,699.64,699.95,699.97,699.97,700.05,700.11,699.91,699.91,700.08,700.06,700.01,699.99,700.01,699.59,699.91,699.86,699.94,700.03,700.12,699.99,700.08,699.88,699.83,700.34,700.11,699.77,699.57,699.2,699.08,682.3,557.3,421.77,289.96,160.24,44.76,25.9,30.04,43.62,38.42,28.48,26.4,25.79,25.54,25.29,25.04,24.93,24.83,24.91,25.07,24.79,25.18,25.16,25.26,25.12,25.14,25.51,24.68,24.76,25.06,25.17,25.45,25.38,25.21,24.98,24.95,24.99,25.01,25.23,25.61,25.32,25.04,-0.51,-0.47,-0.54,-0.49,0.08,11.13,22.69,35.83,49.04,62.19,67.44,74.9,86.52,99.07,106.28,101.75,106.92,117.29,127.35,125.08,144.1,153.49,157.39,159.91,165.74,178.07,189.59,202.7,216.04,229.7,242.95,257.23,271.2,285.98,304.08,339.03,370.37,395.56,415.47,432.17,446.11,458.1,468.52,477.95,486.07,493.71,500.29,506.58,512.33,517.24,521.66,525.38,528.4,530.92,532.69,533.73,533.73,532.91,530.79,527.62,523.12,517.74,511.2,504.01,496.44,488.15,479.59,471.34,463.15,455.26,447.82,440.72,433.67,427.05,420.31,413.59,407.17,400.78,394.59,388.53,382.72,377.18,371.88,367.13,362.65,358.57,354.92,353.28,354.12,355.61,357.37,359.21,357.49,346.39,343.06,341.22,339.38,337.64,335.76,334.02,332.3,330.59,328.87,327.19,325.58,323.94,322.4,320.83,319.28,317.68,316.25,314.64,313.16,311.79,310.55,309.1,307.76,306.6,305.33,303.96,302.83,301.65,300.54,299.39,298.31,297.28,296.26,295.26
20948,23,114.026,37.47,57.55,67.71,575.64,1029.96,974.22,944.52,959.1,983.59,1005.54,954.31,936.35,952.23,974.06,954.44,872.53,855.68,867.52,866.4,809.3,812.13,781.33,744.85,709.39,697.71,699.59,699.6,699.51,698.3,698.61,699.09,697.3,699.68,697.21,698.71,699.25,696.14,698.41,699.36,699.45,698.96,699.87,699.65,699.24,699.68,700.06,699.45,700.02,700.1,699.7,700.01,700.06,699.36,699.86,699.53,699.91,699.46,699.76,699.99,700.01,699.91,699.94,699.98,699.98,700.08,699.92,699.99,699.92,699.98,699.89,699.89,699.77,699.84,699.95,699.94,699.68,700.08,699.85,699.59,699.33,700.15,700.11,699.92,699.62,699.39,699.05,682.24,557.5,421.8,290.15,160.05,44.19,25.89,29.95,43.03,38.84,28.75,26.6,25.73,25.5,25.12,25.01,24.89,24.79,24.9,25.09,25.14,25.23,25.1,25.1,25.17,25.28,24.87,25.09,25.16,25.11,25.18,25.33,25.17,25.2,25.19,25.27,25.18,25.14,25.22,25.45,24.94,24.98,-0.43,-0.44,-0.37,-0.44,0.19,11.48,22.94,35.8,49.22,62.29,67.48,74.86,86.52,99.05,106.15,101.58,106.71,117.08,127.2,125.28,144.44,153.32,157.39,160.41,167.28,179.88,191.76,204.36,217.28,230.67,244.04,258.41,272.58,287.41,309.32,346.52,376.12,400.49,419.55,435.64,449.19,460.83,471.0,480.09,487.96,495.49,502.15,508.15,513.69,518.49,522.71,526.37,529.42,531.82,533.46,534.37,534.33,533.28,530.99,527.64,523.15,517.49,511.03,503.68,495.92,487.71,479.34,470.92,462.82,454.97,447.46,440.4,433.47,426.63,420.03,413.46,407.05,400.61,394.39,388.43,382.59,377.08,371.92,367.01,362.56,358.54,354.81,353.24,354.12,355.49,357.29,359.16,357.35,346.2,342.92,341.02,339.19,337.42,335.63,333.87,332.16,330.31,328.59,326.98,325.28,323.69,322.01,320.48,318.88,317.29,315.79,314.39,312.86,311.52,310.15,308.72,307.41,306.07,304.93,303.68,302.48,301.29,300.16,299.07,297.99,296.95,295.93,294.93
20949,23,114.073,37.64,57.65,67.93,577.53,1029.71,974.33,943.34,958.08,982.35,1004.34,953.48,935.78,951.55,973.26,953.51,871.68,854.91,867.59,866.32,809.33,812.04,781.81,745.33,708.43,697.22,699.44,699.46,700.02,698.23,698.48,699.73,697.17,699.88,696.87,698.65,698.72,697.56,697.63,699.7,699.49,698.56,699.92,700.07,699.01,699.74,700.02,699.77,699.85,699.86,699.55,699.77,699.9,699.49,699.98,699.45,699.88,699.94,699.53,699.98,699.94,699.96,699.95,699.97,700.01,699.95,699.94,700.01,699.95,699.8,699.96,699.96,700.0,700.07,700.02,699.73,699.9,700.02,700.03,700.08,699.87,699.47,699.7,700.37,700.04,699.76,699.57,682.31,557.17,421.86,290.2,160.15,44.28,26.0,29.88,43.73,38.42,28.45,26.47,25.62,25.32,25.3,24.9,24.88,24.96,25.59,24.56,24.75,24.9,25.12,25.36,25.35,25.56,24.75,24.96,24.97,25.14,25.23,25.21,25.36,25.01,24.97,25.28,25.09,25.28,25.44,24.91,25.13,25.04,-0.4,-0.42,-0.37,-0.39,0.36,11.8,23.17,36.01,49.47,62.48,67.7,75.11,86.56,99.15,106.25,101.72,106.6,117.12,127.27,125.82,144.98,154.14,158.06,160.76,167.21,179.74,191.94,204.87,217.8,231.32,244.84,259.17,273.54,288.67,315.8,353.28,381.52,404.83,423.27,438.9,451.82,463.09,473.15,481.95,489.83,497.04,503.52,509.54,514.83,519.41,523.75,527.31,530.1,532.35,534.02,534.91,534.83,533.88,531.49,528.02,523.53,517.98,511.43,504.14,496.52,488.18,479.81,471.52,463.33,455.47,448.0,440.93,434.05,427.31,420.56,413.96,407.4,401.02,394.84,388.77,382.86,377.24,371.97,367.2,362.73,358.73,355.08,353.6,354.33,355.91,357.7,359.58,357.83,346.56,343.45,341.55,339.74,337.91,336.09,334.31,332.53,330.87,329.17,327.36,325.8,324.05,322.41,320.86,319.34,317.77,316.25,314.69,313.25,311.86,310.53,309.16,307.76,306.54,305.26,303.95,302.84,301.69,300.55,299.36,298.2,297.23,296.34,295.23
20950,23,114.103,37.38,56.95,67.33,571.68,1028.08,972.06,941.99,956.65,981.19,1003.28,952.73,935.68,951.89,973.99,953.24,871.98,856.73,868.25,865.13,808.83,811.41,781.14,744.44,708.42,697.43,699.37,699.41,699.9,698.45,698.76,699.86,697.13,700.18,696.51,698.33,698.57,698.09,696.55,699.72,699.75,699.36,699.56,699.91,699.73,699.93,700.03,699.87,700.02,699.95,699.62,700.03,700.01,699.11,699.59,700.05,699.85,699.97,699.93,699.91,700.01,699.98,699.98,700.06,699.93,700.05,700.01,700.01,699.89,699.94,700.05,700.03,700.0,699.94,700.0,699.71,700.02,699.97,699.63,700.18,700.18,699.84,699.63,699.38,699.13,699.17,700.84,681.89,555.04,420.41,288.88,158.74,44.38,25.66,30.0,43.36,38.44,28.51,26.44,25.83,25.43,25.25,24.88,24.73,24.64,25.14,24.75,24.88,25.08,25.21,25.01,25.49,24.89,24.88,24.95,25.14,25.12,25.24,25.66,25.0,25.04,24.84,25.04,25.18,25.22,25.22,25.38,25.15,25.05,-0.5,-0.59,-0.53,-0.55,0.08,11.18,22.53,35.35,48.71,61.8,67.04,74.47,86.04,98.6,105.75,101.25,106.22,116.75,126.71,124.84,143.85,153.23,157.15,159.9,166.36,178.96,191.14,203.7,216.62,230.39,243.87,257.72,272.04,286.56,307.06,343.82,374.3,398.77,418.35,434.87,448.51,460.31,470.46,479.54,487.66,495.2,502.05,508.14,513.55,518.29,522.58,526.33,529.36,531.78,533.39,534.38,534.33,533.26,531.05,527.6,523.08,517.38,510.75,503.41,495.56,487.3,478.86,470.45,462.2,454.32,446.8,439.64,432.69,425.92,419.2,412.59,406.05,399.65,393.37,387.43,381.57,376.06,370.86,366.11,361.71,357.77,354.04,352.58,353.39,354.88,356.54,358.37,356.41,345.29,341.97,340.09,338.33,336.49,334.66,332.87,331.12,329.38,327.7,326.01,324.3,322.72,321.1,319.56,317.96,316.46,314.93,313.37,311.97,310.55,309.13,307.81,306.52,305.19,303.97,302.74,301.5,300.42,299.23,298.07,297.04,296.0,294.92,293.94
20951,23,114.088,36.89,56.79,67.89,572.96,1028.96,972.49,942.24,956.62,980.89,1003.23,952.33,935.22,951.5,973.96,955.65,872.56,855.54,867.35,865.64,808.84,811.57,781.37,745.17,708.41,697.3,699.3,699.32,700.26,698.23,698.61,699.58,697.23,700.04,696.49,698.47,698.86,697.67,696.83,699.77,699.69,699.25,699.41,699.99,699.65,700.06,699.5,699.8,699.92,699.79,699.92,699.82,699.93,699.28,699.83,699.74,699.88,699.72,699.99,699.89,699.87,700.0,699.99,700.05,699.87,700.05,699.97,699.88,699.96,699.88,700.05,699.7,700.12,699.73,699.95,699.96,700.11,699.88,699.34,699.2,700.51,700.6,700.15,699.88,699.74,699.51,699.39,681.81,556.72,421.22,289.69,159.49,43.87,26.07,29.85,43.14,38.9,29.13,25.99,25.72,25.45,25.27,24.94,24.8,24.73,24.66,24.89,25.23,25.29,25.21,25.31,25.17,25.09,25.12,25.1,25.09,25.18,25.12,25.33,25.17,25.21,25.1,25.29,25.29,25.1,25.14,25.38,25.15,25.09,-0.4,-0.48,-0.45,-0.42,0.22,11.36,22.76,35.6,48.87,61.97,67.09,74.64,86.24,98.88,105.88,101.52,106.64,117.09,127.05,124.96,143.86,153.57,157.56,160.15,166.68,179.43,191.5,204.2,216.93,230.49,243.92,257.93,272.26,286.85,307.15,343.95,374.37,398.82,418.11,434.71,448.31,460.15,470.44,479.55,487.88,495.3,501.99,508.14,513.56,518.42,522.63,526.35,529.35,531.66,533.21,534.09,533.93,532.63,530.23,526.52,521.75,515.97,509.1,501.59,493.64,485.21,476.71,468.21,460.12,452.26,444.78,437.65,430.75,423.98,417.38,410.89,404.48,398.1,392.04,386.08,380.43,374.89,369.81,364.99,360.7,356.7,353.03,351.5,352.2,353.63,355.25,357.0,355.2,343.95,340.68,338.72,336.93,335.18,333.39,331.59,329.85,328.11,326.38,324.73,323.13,321.44,319.85,318.24,316.65,315.23,313.67,312.25,310.75,309.36,307.99,306.65,305.4,304.13,302.84,301.65,300.41,299.24,298.17,297.04,295.96,294.9,293.79,292.88
20952,23,114.105,37.48,57.72,69.19,576.08,1029.0,972.58,942.25,956.69,980.98,1002.91,951.51,934.8,951.38,974.24,952.42,870.76,854.87,866.89,864.94,809.12,811.43,781.37,744.94,707.94,697.28,699.44,699.52,700.1,697.74,698.43,699.52,697.24,700.22,696.44,698.43,698.75,697.43,697.16,699.68,699.3,699.1,699.68,699.93,699.31,699.93,699.8,699.83,699.88,700.03,699.75,699.6,699.62,699.82,699.39,699.95,699.85,699.68,699.97,699.95,699.97,699.9,699.98,699.98,699.94,699.96,699.93,699.93,700.02,699.99,700.0,700.08,699.91,700.06,699.77,700.03,699.98,699.64,699.28,700.21,700.32,700.0,699.77,699.43,699.29,699.0,699.66,682.39,555.3,420.38,288.69,158.68,44.39,25.56,30.24,43.32,38.57,28.54,26.42,25.86,25.39,25.18,24.75,24.76,24.93,24.81,24.86,24.98,25.24,25.3,25.49,25.08,24.83,24.94,25.0,25.08,25.25,25.52,25.14,25.06,25.27,25.12,25.26,25.27,25.37,25.05,25.2,25.11,25.27,-0.46,-0.45,-0.46,-0.48,0.18,11.58,22.96,35.9,49.13,62.31,67.41,74.99,86.47,99.11,106.07,101.64,106.73,117.31,127.28,125.47,144.73,154.23,158.13,160.82,167.25,180.2,192.35,205.09,217.93,231.23,244.87,259.26,273.73,288.46,312.27,349.9,378.77,402.5,421.42,437.53,450.74,462.48,472.46,481.22,489.29,496.63,503.22,509.21,514.54,519.28,523.53,527.1,530.0,532.26,533.85,534.62,534.51,533.24,530.71,527.09,522.2,516.39,509.57,502.03,494.23,485.75,477.19,468.86,460.71,452.94,445.43,438.31,431.46,424.67,418.08,411.43,404.92,398.66,392.45,386.51,380.84,375.34,370.25,365.48,361.12,357.27,353.64,352.11,352.84,354.28,355.98,357.72,355.74,344.59,341.51,339.62,337.79,335.94,334.21,332.4,330.65,328.92,327.17,325.58,323.96,322.32,320.69,319.17,317.55,316.0,314.49,313.06,311.55,310.23,308.88,307.54,306.2,304.99,303.68,302.46,301.31,300.15,299.04,297.86,296.88,295.73,294.73,293.73
20953,23,114.102,37.33,57.39,67.41,570.7,1028.1,971.29,941.18,955.63,980.04,1002.22,951.38,934.4,950.57,972.43,952.27,870.89,854.76,866.55,864.72,808.43,811.17,781.11,745.18,708.53,697.35,699.16,699.35,700.14,698.01,698.52,699.92,696.96,700.03,696.51,698.06,698.44,698.34,696.44,699.83,699.56,699.75,698.85,699.68,699.22,699.95,699.8,699.64,699.97,699.96,699.72,699.99,699.87,699.31,699.69,700.02,699.67,699.92,699.75,700.05,699.9,700.0,699.99,699.89,699.97,700.06,699.94,700.01,699.93,699.87,699.98,699.93,699.93,699.99,700.01,700.03,699.87,700.05,699.89,699.54,700.27,700.23,699.88,699.57,699.4,699.19,699.0,682.49,556.16,421.2,289.76,159.33,43.69,26.23,30.12,42.99,39.15,28.59,26.53,25.86,25.36,25.02,24.76,24.9,24.91,24.59,24.76,25.0,25.1,25.23,25.37,25.31,25.34,25.04,24.99,25.02,25.12,25.22,25.21,25.12,25.05,25.16,25.14,25.28,25.53,25.08,24.93,25.05,25.18,-0.5,-0.47,-0.46,-0.46,0.14,10.97,22.46,35.33,48.55,61.62,66.8,74.42,85.81,98.41,105.47,101.09,106.26,116.66,126.79,124.72,143.66,153.39,157.47,160.19,166.81,179.56,191.58,204.46,217.29,230.78,244.33,258.32,272.84,287.44,308.42,345.32,375.52,399.93,419.39,435.76,449.44,461.17,471.19,480.05,488.41,495.82,502.33,508.61,514.07,518.84,523.16,526.78,529.79,532.14,533.63,534.48,534.4,533.13,530.69,527.1,522.27,516.46,509.72,502.18,494.24,485.96,477.5,469.04,460.96,453.13,445.65,438.64,431.78,425.04,418.43,411.95,405.51,399.26,393.21,387.26,381.57,376.21,371.08,366.4,362.14,358.18,354.71,353.19,353.94,355.38,357.13,358.93,357.09,345.95,342.65,340.81,338.97,337.23,335.43,333.69,331.95,330.27,328.61,326.96,325.27,323.7,322.1,320.51,318.98,317.47,315.96,314.57,313.12,311.71,310.36,309.05,307.77,306.55,305.27,304.06,302.9,301.76,300.67,299.54,298.53,297.47,296.42,295.39
20954,23,114.115,37.28,57.68,67.39,573.07,1028.15,971.31,940.68,955.52,980.09,1002.18,950.76,933.75,951.59,972.39,951.48,870.48,854.14,866.31,864.81,808.1,810.82,781.12,744.71,708.24,697.27,699.4,699.43,700.12,697.74,698.61,699.93,697.05,699.94,696.84,698.08,698.54,698.05,696.74,699.74,699.78,699.31,699.21,699.69,698.83,699.89,699.99,699.88,699.93,699.58,699.91,699.61,699.67,699.76,699.77,700.01,699.43,699.73,699.97,699.97,700.0,699.96,699.97,699.97,700.06,700.02,699.93,699.87,699.97,699.95,700.01,699.97,699.87,700.0,699.77,699.78,700.0,699.98,699.94,700.06,699.76,699.54,700.01,700.53,700.2,699.87,699.65,681.88,556.36,421.19,289.54,159.34,44.08,26.12,30.14,43.14,38.96,28.47,26.36,25.8,25.43,25.11,24.89,25.03,24.88,24.71,25.0,25.11,25.1,25.15,25.33,24.93,24.92,25.13,25.1,25.16,25.36,25.42,24.96,24.85,25.13,25.22,25.18,25.58,25.31,24.95,25.04,25.18,25.15,-0.48,-0.45,-0.52,-0.48,0.19,11.56,22.84,35.71,48.95,62.06,67.23,74.7,86.22,98.87,105.95,101.54,106.58,117.05,127.05,124.85,143.9,153.83,157.85,160.54,167.14,179.9,192.03,205.05,217.73,231.23,244.74,258.71,273.16,287.86,309.89,347.05,376.77,400.98,420.32,436.52,449.87,461.62,471.76,480.44,488.75,496.21,502.95,509.0,514.39,519.3,523.53,527.03,530.13,532.43,534.12,534.92,534.81,533.54,531.17,527.54,522.8,516.95,510.24,502.67,494.82,486.47,477.97,469.58,461.4,453.55,446.08,438.93,432.08,425.24,418.63,412.05,405.52,399.26,393.06,387.09,381.35,375.96,370.86,366.06,361.73,357.76,354.1,352.54,353.37,354.72,356.43,358.15,356.26,345.07,341.81,339.96,338.15,336.34,334.57,332.72,330.96,329.32,327.6,325.91,324.22,322.6,321.01,319.51,317.88,316.37,314.8,313.4,311.91,310.55,309.19,307.91,306.53,305.23,304.03,302.77,301.62,300.5,299.29,298.16,297.15,296.1,295.05,294.07
20955,23,114.12,36.82,56.89,67.37,572.97,1027.7,970.73,940.45,955.28,979.62,1001.8,951.01,933.81,949.75,971.83,951.06,869.96,853.89,865.82,864.27,807.51,810.31,780.54,744.43,709.19,697.6,699.07,699.46,700.15,698.15,698.28,699.96,697.34,700.31,696.23,697.88,698.36,698.62,696.52,699.8,699.74,699.44,699.19,699.79,699.31,700.03,699.98,699.92,699.8,699.63,699.85,699.77,699.8,699.4,699.8,699.91,699.78,699.47,699.84,699.97,699.97,699.96,699.98,699.94,699.94,699.95,700.01,700.0,700.07,699.96,700.02,699.93,700.07,699.73,699.66,700.06,699.68,699.99,700.16,699.84,699.56,699.22,699.04,699.58,701.03,700.93,700.53,681.35,555.28,420.96,289.43,159.67,44.03,25.99,30.12,43.63,38.69,28.41,26.56,25.88,25.17,24.89,24.73,24.83,25.04,25.04,25.04,25.09,25.17,25.11,25.07,24.91,25.04,25.04,25.2,25.35,25.62,24.98,25.04,25.05,25.06,25.2,25.31,25.42,25.2,25.26,25.03,25.07,25.09,-0.38,-0.34,-0.37,-0.45,0.17,11.5,22.84,35.7,48.9,62.03,67.2,74.69,86.15,98.93,105.82,101.38,106.43,116.9,126.87,124.32,142.76,153.38,157.56,160.46,167.13,179.8,191.88,204.71,217.6,231.04,244.74,258.84,273.1,287.87,310.65,347.98,377.63,401.47,420.71,436.93,450.28,462.05,472.21,481.05,489.14,496.53,503.13,509.17,514.5,519.22,523.44,527.05,530.08,532.34,533.93,534.76,534.6,533.29,530.74,527.12,522.3,516.45,509.63,502.05,494.15,485.76,477.23,468.86,460.71,452.78,445.37,438.2,431.31,424.61,417.89,411.35,404.92,398.62,392.41,386.51,380.78,375.31,370.2,365.42,361.05,357.04,353.39,351.92,352.6,353.94,355.65,357.33,355.51,344.36,341.04,339.14,337.36,335.46,333.65,331.88,330.17,328.41,326.7,324.95,323.37,321.64,320.08,318.47,316.91,315.33,313.83,312.38,310.98,309.5,308.14,306.84,305.54,304.28,303.08,301.76,300.59,299.52,298.25,297.17,296.12,294.99,294.02,292.92
20956,23,114.143,36.64,56.43,67.79,576.59,1028.65,971.22,940.44,954.83,979.51,1002.0,952.79,934.18,950.02,971.74,950.78,869.61,853.31,865.54,863.4,807.27,810.11,780.31,744.03,708.64,697.76,699.16,699.44,700.15,698.23,698.51,699.89,697.19,700.17,696.61,697.95,698.38,698.04,696.72,699.81,699.39,699.97,699.48,699.97,699.68,699.97,700.11,699.98,700.01,699.6,699.97,700.07,699.64,699.47,699.79,699.79,699.87,699.19,699.94,699.89,699.94,700.02,699.96,699.92,699.91,700.03,699.98,699.89,700.01,699.95,700.05,700.1,699.55,699.78,699.87,700.05,699.8,700.26,700.01,699.58,699.3,699.11,700.58,700.49,700.24,700.02,699.87,681.67,555.51,420.41,288.75,158.8,44.31,25.67,30.17,43.87,38.06,28.22,26.53,25.77,25.49,25.1,24.72,24.73,24.85,24.92,25.01,25.14,25.08,25.22,25.06,25.03,25.09,24.95,25.14,25.1,25.45,25.09,25.15,25.1,25.09,25.25,25.38,25.18,25.08,25.12,25.31,25.16,25.24,-0.51,-0.46,-0.42,-0.5,0.32,12.19,23.56,36.28,49.54,62.6,67.72,75.28,86.84,99.4,106.42,101.96,107.01,117.36,127.43,125.13,143.89,154.21,158.26,161.15,167.9,180.43,192.55,205.6,218.36,231.97,245.71,259.74,274.4,289.37,315.64,353.09,381.58,404.86,423.42,439.12,452.63,463.93,473.73,482.49,490.53,497.8,504.35,510.32,515.62,520.29,524.5,528.03,530.87,533.07,534.67,535.23,535.06,533.77,531.21,527.59,522.78,516.96,510.11,502.67,494.75,486.29,477.87,469.41,461.35,453.58,446.11,439.01,431.99,425.11,418.27,411.55,404.78,398.23,391.85,385.72,379.91,374.48,369.24,364.66,360.37,356.49,353.07,351.67,352.52,354.0,355.68,357.44,355.52,344.3,341.17,339.29,337.42,335.63,333.84,332.01,330.22,328.52,326.8,325.07,323.41,321.7,320.12,318.62,317.02,315.47,313.88,312.49,311.06,309.59,308.25,306.93,305.61,304.36,303.05,301.81,300.68,299.49,298.34,297.31,296.18,295.12,294.13,293.09
20957,23,114.134,37.12,56.81,66.88,570.2,1027.04,969.02,938.34,953.07,978.23,1001.33,948.78,931.93,948.3,970.29,948.85,867.77,851.85,863.86,861.15,805.67,808.31,778.95,744.2,708.27,697.69,698.67,699.8,699.85,698.8,698.41,700.1,697.46,699.95,697.16,697.92,697.18,699.58,696.58,699.77,699.57,699.93,699.76,699.64,699.82,699.91,699.72,699.83,699.89,699.64,699.76,699.8,699.84,699.57,699.78,699.57,699.59,699.84,699.65,699.89,699.97,699.94,699.93,700.03,699.83,699.93,699.91,699.98,699.92,699.96,700.03,699.96,699.91,700.0,699.85,700.03,699.63,700.07,700.03,699.56,699.46,700.73,700.51,700.17,699.98,699.68,699.56,681.05,555.03,419.94,288.38,158.06,43.54,26.02,30.09,43.67,38.01,28.56,26.43,25.93,25.32,25.13,25.14,24.8,24.76,24.88,25.0,25.09,25.2,25.29,25.16,25.08,25.2,25.16,25.0,25.04,25.24,25.17,25.15,25.11,25.17,25.17,25.55,25.22,25.11,24.96,25.16,25.09,25.29,-0.46,-0.42,-0.37,-0.5,0.39,12.31,23.66,36.43,49.72,62.6,67.62,75.14,86.6,99.29,106.09,101.56,106.64,117.14,126.81,124.33,142.07,153.63,158.06,161.06,167.97,180.62,192.9,205.83,218.8,232.36,246.32,260.24,274.98,290.0,316.62,354.05,382.89,405.58,424.43,440.16,453.38,464.69,474.65,483.45,491.33,498.49,504.83,510.89,516.2,520.82,525.03,528.65,531.52,533.74,535.2,535.93,535.64,534.25,531.71,528.02,523.19,517.31,510.44,502.96,494.97,486.62,478.05,469.69,461.52,453.75,446.31,439.22,432.29,425.45,418.68,412.02,405.35,398.84,392.56,386.53,380.58,375.18,369.99,365.38,360.97,357.16,353.73,352.32,353.21,354.68,356.43,358.28,356.29,345.05,341.84,339.94,338.15,336.32,334.53,332.72,331.03,329.26,327.47,325.87,324.16,322.52,320.94,319.34,317.81,316.2,314.71,313.26,311.78,310.4,309.08,307.7,306.39,305.14,303.88,302.68,301.5,300.31,299.26,298.03,296.99,296.01,294.93,293.98
20958,23,114.136,36.51,56.04,67.73,578.15,1027.53,967.89,937.29,952.16,977.22,1000.3,947.98,931.63,947.85,969.8,948.64,867.88,852.18,864.3,861.89,806.28,809.08,779.85,743.49,708.49,697.75,698.87,699.42,700.04,697.85,698.33,700.05,697.08,700.18,696.51,698.32,698.23,698.64,696.9,699.78,699.7,698.94,699.75,700.09,699.18,699.91,699.76,699.93,699.8,699.33,699.58,699.77,699.56,699.72,699.85,699.95,699.73,699.83,699.94,699.98,699.99,699.93,699.94,699.95,699.99,699.98,699.95,699.97,699.8,699.95,699.87,699.97,700.02,699.85,699.73,700.03,699.82,700.13,699.84,699.7,700.53,700.31,699.94,699.73,699.46,699.28,699.13,681.02,555.31,419.72,288.14,157.96,43.62,25.76,30.25,43.8,37.98,28.38,26.5,25.81,25.34,25.04,24.97,24.87,24.86,24.85,24.98,25.14,25.1,25.22,25.11,25.11,25.18,25.04,25.13,25.62,24.87,24.95,25.21,25.18,25.24,25.13,25.72,24.93,24.89,25.08,25.14,25.13,25.24,-0.43,-0.34,-0.41,-0.45,0.36,12.41,23.93,36.67,49.91,62.77,67.91,75.4,86.88,99.53,106.35,101.84,107.01,117.45,127.23,124.76,143.04,154.13,158.13,161.36,168.12,180.9,193.1,206.02,218.96,232.73,246.56,260.66,275.41,290.59,319.89,356.91,384.74,407.41,425.61,441.15,453.89,465.06,474.9,483.52,491.44,498.57,505.03,510.88,516.0,520.43,524.57,527.98,530.83,533.0,534.6,535.16,535.03,533.57,530.97,527.22,522.32,516.43,509.59,502.02,494.1,485.63,477.1,468.78,460.69,453.0,445.48,438.38,431.5,424.74,418.09,411.41,404.93,398.51,392.24,386.17,380.43,374.95,369.88,365.13,360.87,356.92,353.35,351.91,352.76,354.2,355.88,357.6,355.63,344.5,341.41,339.51,337.67,335.86,334.07,332.25,330.57,328.79,327.11,325.44,323.75,322.07,320.56,318.93,317.32,315.77,314.29,312.77,311.31,309.98,308.64,307.3,305.98,304.68,303.48,302.25,301.09,299.91,298.82,297.69,296.67,295.59,294.54,293.54
20959,23,114.157,36.92,56.42,67.46,575.92,1028.16,969.87,938.69,953.99,979.26,1000.07,948.61,931.95,947.78,969.56,948.07,867.29,851.57,863.5,860.97,805.6,808.85,779.26,743.27,708.41,697.73,699.1,699.41,699.8,698.12,698.53,699.93,697.31,700.31,696.24,698.33,697.81,698.79,696.59,699.8,699.54,699.62,699.51,699.86,699.61,700.0,699.63,699.79,700.08,699.96,700.0,699.87,699.8,699.84,699.94,699.23,699.88,699.79,699.75,699.93,699.95,699.95,699.94,699.91,699.82,699.9,699.99,699.91,699.88,699.91,699.91,699.97,699.89,699.86,700.06,699.83,700.06,699.76,700.18,700.08,699.66,699.44,699.21,699.46,700.5,700.29,700.07,681.47,554.69,419.79,288.15,158.03,43.84,25.81,30.14,43.66,38.2,28.45,26.5,25.95,25.21,25.31,24.7,24.72,24.79,25.05,25.22,25.22,25.71,24.63,24.72,24.9,25.14,25.18,25.21,25.37,25.04,25.2,25.18,25.03,25.32,25.29,25.29,24.85,25.07,25.25,25.16,25.19,25.26,-0.41,-0.4,-0.37,-0.45,0.21,11.43,22.8,35.6,48.91,61.93,67.06,74.61,86.1,98.77,105.58,101.22,106.39,116.96,126.75,124.9,144.19,154.02,158.17,161.21,168.12,180.77,193.05,205.9,218.82,232.4,246.15,260.12,274.74,289.56,317.06,354.58,383.0,406.15,424.64,440.19,453.4,464.7,474.45,483.24,491.22,498.47,504.91,510.82,516.03,520.8,524.95,528.44,531.28,533.54,535.02,535.65,535.46,534.03,531.42,527.8,522.92,517.05,510.2,502.67,494.71,486.3,477.82,469.45,461.25,453.53,446.16,439.06,432.18,425.45,418.77,412.15,405.74,399.37,393.14,387.16,381.5,376.05,371.0,366.23,361.87,357.89,354.27,352.87,353.6,355.0,356.69,358.43,356.36,345.29,342.15,340.29,338.54,336.68,334.89,333.05,331.34,329.57,327.88,326.21,324.5,322.9,321.32,319.73,318.11,316.63,315.16,313.65,312.29,310.84,309.54,308.18,306.89,305.61,304.35,303.2,301.95,300.81,299.65,298.64,297.51,296.44,295.43,294.42
20960,23,114.143,37.27,56.36,67.54,575.24,1027.78,968.81,937.35,952.32,977.11,999.58,948.3,931.65,947.79,969.84,948.33,867.26,851.74,863.96,861.3,806.12,808.96,779.49,743.59,708.29,697.83,699.03,699.57,699.95,697.97,698.77,700.19,696.75,699.96,696.82,697.87,697.98,699.1,696.35,699.6,699.51,699.5,699.37,700.0,699.66,700.1,699.46,699.66,699.57,699.95,699.95,699.48,699.87,699.75,699.67,699.41,699.99,699.82,699.78,699.94,699.89,699.95,700.03,700.01,699.99,699.83,700.02,700.04,699.93,699.94,699.91,699.91,699.99,699.94,699.65,700.13,699.82,699.53,699.87,699.98,699.65,699.53,700.16,699.95,699.66,699.42,700.26,681.63,554.54,419.76,288.05,158.15,43.64,25.89,30.17,43.12,38.65,28.51,26.44,25.77,25.32,25.18,24.93,24.91,24.85,24.99,24.93,25.27,25.42,24.73,24.9,25.16,25.14,25.12,25.24,25.04,25.11,25.05,25.15,25.17,25.37,25.1,25.26,25.17,25.22,25.39,25.22,25.13,25.13,-0.43,-0.4,-0.41,-0.44,0.19,11.41,22.91,35.69,48.99,61.94,67.03,74.62,86.16,98.86,105.72,101.19,106.32,116.81,126.73,124.69,143.49,153.89,157.96,160.79,167.83,180.45,192.67,205.54,218.42,232.15,245.94,259.83,274.53,289.56,318.38,355.72,383.97,406.71,425.17,440.78,453.81,464.92,474.81,483.56,491.56,498.57,505.07,510.88,516.05,520.84,524.84,528.35,531.26,533.39,534.87,535.58,535.41,534.04,531.41,527.62,522.74,516.85,510.07,502.46,494.55,486.21,477.81,469.56,461.61,453.85,446.4,438.93,431.52,423.96,416.24,408.35,400.6,393.15,385.96,379.38,373.53,368.21,363.55,359.5,356.03,352.86,350.08,349.23,350.47,352.14,353.94,355.73,353.59,342.49,339.26,337.39,335.54,333.72,331.91,330.07,328.25,326.52,324.73,322.98,321.36,319.75,318.14,316.52,314.94,313.39,311.93,310.46,309.08,307.62,306.28,305.0,303.61,302.4,301.14,299.9,298.77,297.61,296.46,295.39,294.22,293.2,292.19,291.17
20961,23,114.134,36.58,56.26,66.96,570.07,1026.37,968.14,939.0,952.5,976.49,998.35,946.84,930.27,946.46,968.33,947.09,866.05,850.2,862.3,859.88,804.78,807.98,778.85,743.23,707.88,697.65,698.78,699.54,699.95,698.4,698.53,700.14,696.91,700.27,696.41,698.11,697.26,699.37,696.69,699.78,699.51,699.61,699.66,699.31,699.71,700.05,699.88,699.52,699.99,699.7,700.04,699.63,699.68,699.83,699.68,699.86,699.84,699.95,700.0,699.98,699.86,699.95,699.97,699.99,699.97,699.94,700.04,699.94,699.97,699.78,700.02,700.04,699.45,699.71,699.86,700.01,699.88,699.99,699.88,699.62,700.12,699.95,699.58,699.95,700.22,699.88,699.55,680.97,555.15,419.97,288.27,158.09,43.61,26.35,29.56,42.85,38.83,28.71,26.51,25.8,25.2,25.0,24.81,24.87,24.92,25.05,25.05,25.29,24.97,24.99,24.91,25.12,25.08,25.32,25.02,25.04,25.1,25.18,25.32,25.44,25.45,25.28,25.0,25.03,25.25,25.17,25.12,25.8,24.78,-0.48,-0.41,-0.41,-0.48,0.12,11.14,22.52,35.38,48.52,61.52,66.71,74.22,85.78,98.35,105.26,100.85,105.93,116.4,126.13,124.31,143.51,153.47,157.63,160.53,167.64,180.25,192.34,205.16,218.05,231.68,245.36,259.02,273.8,288.51,314.39,352.1,381.27,404.39,423.51,439.24,452.22,463.67,473.67,482.29,490.28,497.42,503.88,509.57,514.89,519.59,523.61,527.04,529.98,532.22,533.76,534.53,534.29,533.03,530.54,526.92,522.2,516.35,509.64,502.22,494.38,486.0,477.57,469.22,461.15,453.41,445.86,438.53,431.49,424.39,417.29,410.22,403.14,396.28,389.67,383.26,377.27,371.76,366.78,362.21,358.14,354.62,351.32,350.29,351.22,352.88,354.7,356.5,354.55,343.44,340.27,338.33,336.5,334.67,332.86,331.02,329.3,327.54,325.76,324.12,322.39,320.79,319.24,317.6,316.0,314.52,312.98,311.49,310.05,308.62,307.34,305.97,304.71,303.39,302.17,300.88,299.76,298.63,297.4,296.31,295.23,294.15,293.15,292.13
20962,23,114.135,36.75,55.78,66.37,572.59,1026.29,967.95,936.51,950.83,975.1,997.43,946.8,930.41,946.37,968.23,946.74,865.81,850.1,862.27,859.56,804.78,808.12,778.85,743.46,707.8,697.67,698.73,699.47,699.63,698.36,698.15,699.84,697.13,700.1,696.89,697.81,697.81,699.02,696.21,699.87,699.61,699.81,699.46,699.63,699.65,699.92,699.91,699.91,699.89,699.52,699.8,699.83,699.76,699.29,699.92,699.37,699.67,699.83,699.66,700.01,699.88,699.86,699.85,699.93,700.05,699.76,699.59,700.04,699.85,699.89,699.87,700.1,699.73,700.13,699.84,699.42,699.9,699.89,700.18,700.01,699.7,699.45,700.01,700.53,700.27,699.89,699.6,681.26,554.83,419.94,288.25,158.08,43.88,25.83,30.05,43.5,38.1,28.54,26.55,25.83,25.77,24.91,24.82,24.82,24.95,25.04,24.97,25.31,24.88,25.13,25.05,25.04,25.12,25.27,24.88,25.07,25.1,25.19,25.21,25.18,25.88,24.51,24.92,25.04,25.31,25.33,25.27,25.32,25.2,-0.46,-0.46,-0.47,-0.55,0.17,11.63,22.82,35.66,48.81,61.78,66.99,74.56,86.11,98.73,105.62,101.21,106.35,116.83,126.66,125.22,144.57,153.72,157.78,160.74,167.6,180.2,192.16,204.99,217.89,231.2,244.7,258.77,273.36,288.21,314.23,351.95,380.98,404.34,423.26,439.1,452.2,463.8,473.89,482.64,490.75,497.98,504.55,510.46,515.9,520.62,524.76,528.21,531.17,533.41,535.02,535.71,535.49,534.16,531.67,527.91,523.12,517.28,510.46,502.93,494.96,486.51,478.02,469.53,461.53,453.59,446.22,439.09,432.17,425.37,418.6,411.92,405.33,398.87,392.53,386.46,380.63,375.24,370.05,365.31,361.05,357.16,353.58,352.18,353.04,354.54,356.27,358.09,356.1,345.02,341.84,339.94,338.19,336.3,334.54,332.72,330.95,329.17,327.49,325.76,324.13,322.48,320.85,319.23,317.75,316.07,314.67,313.12,311.69,310.29,308.91,307.6,306.32,305.06,303.75,302.6,301.36,300.19,299.02,297.96,296.83,295.83,294.76,293.76
20963,23,114.166,36.7,55.62,66.46,572.98,1026.58,967.27,936.68,951.1,975.59,997.55,946.31,929.97,946.13,968.02,946.18,865.47,849.97,862.19,859.7,804.59,807.9,778.46,742.79,708.12,697.9,698.73,699.48,699.8,698.25,698.82,700.2,696.92,699.94,697.19,697.98,697.29,699.39,695.82,699.52,699.53,700.04,699.07,699.21,699.46,699.96,699.57,699.74,699.79,699.86,699.44,699.89,699.73,699.48,699.95,699.07,699.73,699.62,699.91,699.91,699.86,700.0,699.9,699.93,699.94,699.89,699.72,699.98,699.88,700.01,699.77,700.11,699.79,699.41,700.21,699.98,699.69,699.3,699.0,699.92,700.27,699.98,699.72,699.46,699.24,699.0,700.01,681.93,554.4,419.72,288.12,158.22,43.59,26.04,29.58,43.21,38.63,28.61,26.53,25.91,25.11,25.11,24.82,25.05,24.95,24.91,25.25,25.07,24.97,25.1,25.11,25.16,25.02,25.27,24.86,24.82,25.01,25.09,25.2,25.33,25.26,25.1,25.18,24.97,25.19,25.2,25.79,24.88,24.89,-0.39,-0.34,-0.36,-0.44,0.63,12.8,23.96,36.81,50.07,62.9,67.81,75.29,86.78,99.38,106.1,101.63,106.75,117.26,127.07,124.72,143.31,153.51,157.67,160.54,167.52,180.24,192.86,205.7,218.7,232.48,246.36,260.32,275.15,290.15,318.27,355.45,383.88,406.46,425.25,440.83,453.99,465.11,475.04,483.5,491.41,498.51,504.9,510.77,515.96,520.56,524.55,528.14,530.89,533.09,534.69,535.24,534.95,533.65,531.01,527.3,522.37,516.51,509.59,502.0,494.08,485.56,477.07,468.67,460.52,452.67,445.33,438.18,431.32,424.58,417.83,411.16,404.65,398.21,392.01,385.88,380.13,374.55,369.49,364.71,360.36,356.44,352.87,351.38,352.17,353.7,355.41,357.15,355.16,344.05,340.8,338.89,337.04,335.31,333.47,331.78,329.93,328.2,326.5,324.75,323.11,321.52,319.88,318.39,316.7,315.2,313.74,312.25,310.8,309.42,308.09,306.78,305.41,304.09,302.94,301.77,300.59,299.46,298.3,297.15,296.07,295.0,293.99,293.0
20964,23,114.162,36.39,55.81,66.72,574.34,1025.83,967.11,936.6,951.29,975.91,997.65,946.5,930.27,946.33,968.06,946.35,865.84,850.24,862.77,860.28,805.09,808.15,778.91,743.55,708.16,697.76,698.76,699.4,699.83,698.17,698.58,700.21,697.11,700.27,696.62,698.15,697.64,699.16,696.26,699.75,699.76,699.8,698.56,699.64,699.05,699.98,699.98,699.72,699.99,699.81,699.63,700.07,699.93,699.32,699.73,699.57,699.68,699.53,699.91,699.99,699.94,700.02,699.92,699.97,699.89,699.91,700.08,699.75,699.94,699.92,699.84,700.02,700.08,699.79,699.52,700.08,699.63,700.13,700.05,699.68,699.41,699.22,700.31,700.54,700.25,700.07,699.89,681.45,554.86,420.02,288.23,158.03,43.62,25.98,30.08,43.61,38.31,28.43,26.76,25.54,25.22,25.03,24.87,24.95,24.9,25.14,25.04,25.1,25.02,25.05,25.11,25.11,25.1,25.13,25.07,25.05,25.13,25.26,25.43,25.05,25.08,25.07,25.24,25.2,25.24,25.98,24.83,24.59,24.98,-0.4,-0.43,-0.41,-0.43,0.45,12.05,23.19,35.9,49.09,62.07,67.08,74.56,86.04,98.52,105.28,100.98,106.14,116.58,126.5,124.64,144.28,153.86,158.02,161.1,168.14,180.66,192.72,205.73,218.56,232.19,246.0,259.96,274.65,289.54,317.28,354.96,383.52,406.35,425.1,440.75,453.88,465.04,474.97,483.49,491.49,498.69,505.16,511.14,516.37,521.09,525.1,528.59,531.53,533.66,535.21,535.92,535.62,534.32,531.85,528.2,523.34,517.57,510.85,503.27,495.47,487.14,478.58,470.28,462.25,454.31,446.93,439.75,432.83,426.13,419.38,412.65,406.16,399.68,393.37,387.41,381.57,376.12,371.01,366.25,361.94,358.1,354.53,353.17,353.98,355.42,357.14,358.92,356.88,345.77,342.68,340.72,338.92,337.08,335.37,333.55,331.78,330.14,328.39,326.71,325.08,323.43,321.77,320.22,318.69,317.1,315.64,314.17,312.7,311.36,309.98,308.75,307.35,306.12,304.86,303.68,302.47,301.37,300.16,299.15,298.06,297.01,295.98,295.04
20965,23,114.131,37.07,55.87,65.75,565.49,1024.87,966.25,935.92,950.96,975.37,996.98,945.73,929.45,945.85,968.16,946.99,866.6,850.49,861.9,858.86,803.47,806.66,778.45,743.09,708.65,697.93,698.51,699.92,699.45,699.75,698.7,700.02,697.2,699.65,697.31,698.55,695.9,699.21,697.07,699.45,699.48,699.43,700.03,698.29,700.02,699.45,700.06,699.4,699.73,700.01,700.13,699.72,699.77,699.86,699.5,699.59,699.84,699.73,699.91,699.99,699.95,699.85,699.95,699.95,699.96,699.89,699.98,699.94,699.93,699.96,699.94,699.71,699.92,699.51,700.39,700.03,699.5,699.22,698.96,699.39,700.97,700.8,700.35,700.12,699.88,699.62,699.53,680.93,555.3,419.81,288.48,158.38,43.5,25.91,29.76,43.41,38.5,28.69,26.53,25.69,25.26,25.06,24.97,24.96,25.38,24.82,24.67,24.99,25.07,25.21,25.13,25.49,24.79,24.96,24.97,25.12,25.04,25.26,25.26,25.34,25.2,25.08,24.97,25.13,25.2,25.45,25.29,25.25,25.03,-0.53,-0.43,-0.48,-0.52,0.15,11.45,22.92,35.75,48.98,61.89,66.86,74.39,85.86,98.39,105.16,100.69,106.02,116.45,126.19,123.59,141.79,152.87,157.24,160.45,167.21,179.68,192.02,204.88,218.39,231.71,245.72,259.79,274.52,289.27,317.46,354.72,383.82,406.16,425.11,440.48,453.67,464.8,474.45,483.28,491.24,498.48,504.94,510.8,516.0,520.79,524.76,528.17,531.11,533.2,534.7,535.4,535.08,533.74,531.29,527.51,522.63,516.74,509.94,502.39,494.47,486.05,477.56,469.24,461.11,453.31,445.95,438.78,431.97,425.18,418.43,411.81,405.15,398.63,392.33,386.21,380.36,374.8,369.73,364.98,360.62,356.71,353.28,351.85,352.61,354.05,355.84,357.62,355.63,344.56,341.42,339.56,337.72,335.88,334.1,332.27,330.53,328.73,327.03,325.37,323.65,321.99,320.38,318.86,317.27,315.74,314.2,312.74,311.27,309.85,308.51,307.17,305.88,304.57,303.33,302.12,300.86,299.76,298.59,297.59,296.43,295.4,294.36,293.41
20966,23,114.16,37.21,56.8,67.2,572.01,1025.68,966.39,935.37,950.53,975.35,997.69,946.42,930.02,946.52,970.08,946.72,865.74,850.03,862.15,858.72,804.05,807.06,777.95,742.65,708.46,698.12,698.34,699.62,699.73,698.31,698.7,700.07,697.31,700.02,696.85,698.43,696.65,699.63,696.54,699.67,699.65,699.98,699.54,699.23,699.76,699.84,699.87,699.9,699.96,699.8,699.95,699.76,699.77,699.91,699.37,699.72,699.4,699.78,699.85,699.97,699.98,699.97,699.97,699.62,699.95,700.02,699.84,699.92,700.01,699.59,700.06,699.86,699.93,699.85,700.11,699.69,699.76,700.24,699.88,699.54,699.22,698.98,700.33,701.06,700.76,700.49,700.27,679.74,553.09,418.63,287.45,157.45,42.99,26.13,30.17,43.7,38.06,28.43,26.45,25.69,25.32,25.04,24.93,25.11,24.91,24.78,24.9,25.05,25.13,25.33,25.19,25.17,24.93,24.99,25.03,25.12,25.1,25.32,25.29,25.26,25.0,24.98,25.12,25.28,25.52,24.99,24.91,25.11,25.22,-0.43,-0.39,-0.44,-0.43,0.38,11.79,23.13,35.87,49.08,62.08,67.03,74.6,86.04,98.6,105.36,100.94,106.09,116.51,126.2,124.02,142.65,153.47,157.78,160.96,168.14,180.64,192.76,205.94,218.91,232.42,246.38,260.29,275.21,290.28,320.35,357.42,385.74,407.96,426.65,441.99,455.03,466.02,475.7,484.27,492.24,499.26,505.72,511.53,516.72,521.35,525.41,528.82,531.53,533.65,535.0,535.63,535.28,533.79,531.21,527.32,522.39,516.39,509.4,501.83,493.77,485.35,476.92,468.49,460.5,452.78,445.26,438.26,431.38,424.54,417.86,411.32,404.72,398.25,392.04,386.0,380.35,374.9,369.78,365.05,360.78,356.89,353.41,352.09,352.92,354.42,356.16,357.97,355.97,344.89,341.77,339.86,338.07,336.26,334.48,332.65,330.88,329.2,327.46,325.74,324.09,322.49,320.83,319.31,317.75,316.18,314.69,313.17,311.86,310.35,309.04,307.66,306.39,305.07,303.94,302.65,301.51,300.29,299.19,298.12,297.16,296.03,295.05,294.06
20967,23,114.159,37.12,57.13,68.3,580.04,1026.78,966.77,936.27,950.66,975.48,997.66,946.79,932.56,947.47,968.44,946.49,865.91,850.57,862.75,860.05,804.81,808.2,778.95,743.6,707.97,697.76,698.69,699.57,699.85,698.27,698.66,700.15,697.06,700.26,696.43,698.21,697.65,699.05,696.31,699.84,699.75,698.93,699.51,700.06,699.21,699.99,699.53,699.76,699.81,699.89,699.79,699.74,699.99,699.35,699.57,699.92,699.91,699.54,699.92,699.95,699.92,700.02,699.93,699.89,699.92,699.93,700.06,699.84,699.87,699.98,699.99,699.81,699.96,700.07,700.02,699.92,699.83,700.0,699.93,700.23,700.04,699.73,699.47,699.17,699.23,700.93,701.05,681.1,554.01,419.4,287.96,158.12,43.71,25.7,30.16,44.15,38.39,27.86,26.35,25.74,25.31,25.23,24.94,25.27,24.73,24.63,24.78,25.05,25.17,25.46,25.1,24.85,24.98,24.95,25.09,25.14,25.48,25.09,25.16,25.21,25.03,24.97,25.22,25.51,24.88,25.19,25.16,25.19,25.24,-0.52,-0.43,-0.39,-0.48,0.45,12.05,23.2,35.95,49.09,62.08,67.1,74.55,86.15,98.73,105.44,100.98,106.23,116.73,126.62,124.63,144.01,153.9,158.23,161.19,168.33,181.05,193.13,206.15,218.99,232.71,246.68,260.77,275.58,291.08,323.32,359.9,387.32,409.52,427.51,442.77,455.37,466.49,476.07,484.69,492.42,499.33,505.62,511.4,516.61,521.23,525.26,528.73,531.54,533.73,535.15,535.79,535.41,533.9,531.23,527.32,522.41,516.42,509.61,502.1,494.1,485.73,477.27,468.99,460.95,453.22,445.89,438.76,431.88,425.22,418.53,411.91,405.38,398.97,392.72,386.75,380.97,375.57,370.51,365.86,361.58,357.63,354.15,352.82,353.52,355.04,356.72,358.47,356.38,345.31,342.2,340.28,338.52,336.71,334.97,333.1,331.38,329.65,327.92,326.3,324.55,322.98,321.37,319.81,318.25,316.71,315.23,313.7,312.3,310.93,309.5,308.22,306.93,305.7,304.43,303.29,302.1,300.94,299.84,298.79,297.71,296.64,295.69,294.63
20968,23,114.168,37.45,56.75,66.95,572.22,1025.84,966.32,935.69,950.62,975.28,998.08,947.79,930.13,945.82,967.75,946.15,864.99,849.41,861.51,858.78,804.11,807.59,777.98,743.42,708.38,697.96,698.64,699.72,699.89,698.32,698.62,700.11,697.28,699.81,697.41,698.06,696.71,699.62,696.31,699.82,699.58,700.01,699.49,698.91,699.82,699.96,699.51,699.94,699.7,699.69,699.91,699.63,699.88,699.67,699.82,699.91,699.75,699.58,699.94,699.99,699.99,699.96,700.02,699.92,699.86,699.93,699.94,700.06,699.92,699.75,699.89,700.1,699.81,700.16,699.82,699.32,699.72,700.41,700.02,699.63,699.39,699.18,698.98,700.58,701.55,701.22,700.29,679.82,555.4,419.94,288.07,158.35,43.6,26.01,29.8,43.46,38.28,28.56,26.6,25.85,25.36,25.18,25.26,24.67,24.67,25.1,24.98,25.3,25.16,25.61,24.92,24.82,24.93,24.9,24.95,25.24,25.34,25.17,25.09,25.1,25.15,25.28,25.16,25.34,25.23,25.19,24.95,25.15,25.26,-0.5,-0.46,-0.43,-0.5,0.26,11.58,22.75,35.46,48.61,61.71,66.72,74.3,85.73,98.3,105.15,100.74,105.87,116.31,126.05,124.13,143.27,153.1,157.67,160.79,168.06,180.52,192.73,205.77,218.48,232.27,246.32,260.14,274.92,290.03,319.67,356.98,385.34,407.57,426.33,441.76,454.84,466.01,475.78,484.29,492.16,499.3,505.7,511.54,516.77,521.4,525.63,529.09,532.01,534.19,535.72,536.4,536.23,534.82,532.27,528.52,523.68,517.83,510.99,503.55,495.56,487.23,478.73,470.31,462.17,454.38,447.02,439.84,433.01,426.28,419.65,413.09,406.48,400.08,393.82,387.83,382.16,376.63,371.58,366.86,362.53,358.58,355.01,353.58,354.4,355.85,357.55,359.27,357.22,346.18,342.92,341.05,339.29,337.47,335.59,333.83,332.1,330.38,328.64,326.99,325.22,323.63,322.04,320.46,318.87,317.34,315.78,314.33,312.9,311.55,310.12,308.83,307.49,306.26,305.01,303.83,302.64,301.47,300.37,299.29,298.27,297.11,296.11,295.17
20969,23,114.181,36.61,56.13,67.88,577.91,1026.71,966.84,935.34,949.84,974.64,997.71,946.5,928.94,945.17,967.16,945.89,865.49,849.66,861.92,859.38,804.13,807.78,778.6,743.65,707.41,697.51,699.08,699.4,699.73,698.3,698.46,700.0,696.97,700.08,696.98,697.74,697.48,698.79,696.32,699.7,699.64,699.4,699.63,699.95,699.35,699.97,699.58,699.98,699.85,699.87,700.01,699.24,699.88,700.07,699.6,699.42,699.83,699.71,699.83,699.93,700.01,699.96,699.89,699.85,699.89,699.85,699.97,699.96,699.98,699.97,699.98,699.85,700.14,699.64,699.66,699.89,700.01,700.01,699.92,700.15,700.14,699.9,699.56,699.38,699.13,698.98,700.4,681.73,554.43,419.78,288.09,158.15,43.48,25.98,29.9,44.07,38.0,28.4,26.56,25.61,25.28,24.99,24.88,25.03,25.06,25.12,24.99,25.05,25.11,25.03,25.02,25.22,25.03,25.13,25.04,25.16,25.21,25.14,25.15,25.08,25.19,25.24,25.3,25.2,25.06,24.99,25.2,25.35,25.33,-0.53,-0.46,-0.47,-0.52,0.07,11.11,22.37,35.1,48.41,61.27,66.43,74.04,85.53,98.15,105.0,100.63,105.76,116.23,126.04,124.4,143.79,153.32,157.65,160.58,167.71,180.41,192.6,205.51,218.67,232.26,246.14,260.12,274.9,290.21,320.44,357.4,385.42,408.01,426.34,441.72,454.63,465.76,475.42,484.05,491.79,498.75,505.2,511.05,516.3,520.97,525.0,528.49,531.38,533.5,534.95,535.59,535.3,533.97,531.37,527.6,522.84,516.9,510.11,502.6,494.7,486.32,477.88,469.49,461.48,453.7,446.21,439.16,432.25,425.43,418.69,411.98,405.3,398.76,392.48,386.31,380.42,375.04,369.96,365.24,361.08,357.31,353.8,352.47,353.34,354.85,356.58,358.37,356.36,345.29,342.09,340.27,338.47,336.59,334.8,333.06,331.24,329.48,327.79,326.11,324.39,322.75,321.23,319.58,318.0,316.46,314.93,313.45,312.04,310.69,309.34,307.96,306.67,305.35,304.17,302.99,301.83,300.69,299.58,298.44,297.39,296.31,295.34,294.31
20970,23,114.113,36.89,56.06,67.36,574.64,1026.51,967.41,936.33,951.36,977.19,999.11,948.08,932.1,948.29,970.58,949.08,868.51,853.06,865.19,862.72,806.78,809.8,780.09,743.84,708.63,697.59,699.2,699.44,700.18,698.54,698.36,699.69,697.27,699.74,696.53,698.16,698.53,697.87,696.61,699.79,699.53,699.6,699.33,699.94,699.72,699.94,700.05,699.85,700.05,699.06,699.68,699.83,699.47,699.8,699.79,699.27,699.82,699.85,699.82,699.93,699.91,699.94,700.03,699.94,700.02,699.92,699.95,700.0,699.75,699.96,699.91,699.95,700.13,700.03,699.55,699.57,700.26,699.99,699.54,699.34,699.02,700.34,700.41,700.11,699.86,699.64,699.39,681.3,554.93,419.63,288.01,158.03,43.55,25.94,30.25,44.0,37.7,28.33,26.41,25.75,25.3,25.18,24.97,24.86,24.82,24.93,25.03,25.16,25.08,25.09,25.01,24.99,25.02,25.08,25.11,25.61,24.74,24.89,25.01,25.25,25.21,25.25,25.29,25.08,25.16,25.03,25.17,25.17,25.06,-0.42,-0.35,-0.43,-0.38,0.24,11.51,22.6,35.48,48.65,61.63,66.69,74.33,85.89,98.58,105.41,101.13,106.38,116.86,126.74,124.78,143.9,153.63,157.76,160.76,167.53,180.14,192.19,205.01,218.1,231.67,245.28,259.27,273.68,288.31,310.51,347.79,377.51,401.6,420.79,436.95,450.41,462.03,472.09,481.04,489.12,496.28,502.99,509.01,514.24,518.94,523.12,526.7,529.62,531.82,533.32,534.06,533.84,532.55,530.02,526.31,521.55,515.7,508.9,501.32,493.26,484.86,476.38,467.93,459.88,451.97,444.47,437.34,430.47,423.69,417.09,410.49,403.98,397.64,391.5,385.58,379.81,374.4,369.2,364.54,360.14,356.2,352.6,351.1,351.92,353.32,354.9,356.62,354.67,343.59,340.4,338.48,336.73,334.91,333.06,331.28,329.54,327.86,326.17,324.43,322.86,321.21,319.6,318.03,316.42,314.9,313.4,311.92,310.52,309.11,307.78,306.44,305.12,303.87,302.6,301.4,300.25,299.06,297.98,296.82,295.78,294.73,293.68,292.66
20971,23,114.11,36.62,55.86,66.53,575.46,1028.17,970.34,939.64,954.79,979.07,1001.54,950.66,933.63,949.66,971.56,950.75,869.48,853.43,865.64,863.45,807.4,810.26,780.42,744.12,708.42,697.55,699.41,699.42,699.7,698.24,698.36,699.65,697.03,699.82,696.68,698.33,698.53,698.04,696.54,699.73,699.75,699.64,699.81,699.8,699.82,699.99,699.94,699.76,699.8,699.95,699.83,699.85,699.84,699.72,699.59,699.96,699.62,699.73,699.46,699.92,699.96,699.92,699.9,699.95,699.96,700.08,699.58,699.82,700.02,699.69,699.99,699.88,700.07,699.55,699.93,699.98,700.29,699.9,699.35,699.08,699.64,700.65,700.46,700.35,699.94,699.79,699.73,681.66,555.61,420.57,288.74,158.77,44.05,25.66,30.37,43.14,38.2,28.63,26.44,25.79,25.32,25.55,24.62,24.81,24.81,24.93,25.13,25.44,25.42,24.83,24.93,25.21,25.02,25.23,25.36,25.08,25.22,25.11,25.02,25.13,25.3,25.5,24.79,24.95,25.04,25.47,25.27,25.32,25.23,-0.41,-0.31,-0.39,-0.47,0.37,11.88,23.34,36.14,49.37,62.37,67.57,75.05,86.66,99.42,106.23,101.75,106.74,117.36,127.38,125.14,144.19,154.06,158.21,160.98,167.61,180.28,192.29,205.03,218.01,231.59,245.13,259.17,273.57,288.53,312.06,349.43,378.68,402.51,421.51,437.68,451.11,462.75,472.75,481.66,489.61,496.92,503.55,509.44,514.61,519.42,523.49,527.11,529.95,532.14,533.64,534.31,533.97,532.53,530.0,526.31,521.43,515.56,508.75,501.06,493.11,484.68,476.14,467.7,459.61,451.7,444.32,437.15,430.27,423.57,416.97,410.43,403.94,397.69,391.53,385.6,379.89,374.41,369.41,364.57,360.33,356.36,352.73,351.36,352.08,353.55,355.27,357.12,355.06,344.06,340.99,339.04,337.25,335.53,333.68,331.86,330.11,328.43,326.71,325.0,323.33,321.78,320.18,318.71,317.09,315.55,314.11,312.56,311.15,309.77,308.39,307.08,305.74,304.53,303.26,302.01,300.86,299.71,298.57,297.46,296.35,295.26,294.27,293.25
20972,23,114.14,36.3,55.94,67.0,577.49,1028.16,969.98,941.08,954.41,978.45,1000.38,949.12,932.13,947.85,969.5,948.33,867.26,850.92,862.91,860.77,805.26,808.68,779.22,744.04,708.35,697.68,698.78,699.32,700.2,698.03,698.63,700.18,696.48,700.05,696.68,698.3,697.73,698.71,696.39,699.78,699.8,698.8,699.35,699.8,699.57,699.94,700.03,700.03,699.89,700.01,699.91,699.88,699.65,700.01,699.15,699.4,699.96,699.33,699.82,699.97,700.0,699.99,699.92,699.96,700.02,700.01,699.64,699.78,699.99,699.91,700.14,699.91,699.46,699.12,700.34,699.95,699.63,699.37,699.04,700.27,700.89,700.7,700.41,700.29,699.89,699.73,699.64,681.63,555.85,420.4,288.84,159.19,44.39,25.54,29.86,44.0,37.97,28.32,26.57,25.75,25.26,25.01,25.01,24.91,24.99,24.91,25.17,25.43,24.9,24.91,25.06,25.07,25.0,25.17,25.07,25.05,25.28,25.18,25.19,25.02,25.34,25.13,25.15,25.14,25.13,25.37,25.25,25.67,25.06,-0.49,-0.43,-0.47,-0.47,0.18,11.51,22.86,35.6,48.88,61.83,67.04,74.52,86.13,98.76,105.76,101.3,106.45,116.9,126.79,125.3,144.98,154.18,158.49,161.41,168.42,180.8,192.99,206.16,218.82,232.66,246.48,260.29,274.95,289.97,319.36,356.84,384.67,407.45,425.85,441.63,454.26,465.4,475.09,483.73,491.71,498.72,505.26,511.14,516.49,521.31,525.45,529.01,531.78,534.01,535.42,536.05,535.8,534.44,531.81,528.15,523.29,517.37,510.75,503.12,495.27,486.81,478.32,470.02,461.95,454.23,446.74,439.72,432.84,426.07,419.51,412.92,406.43,400.0,393.83,387.74,382.05,376.65,371.56,366.7,362.31,358.33,354.82,353.19,353.93,355.28,357.03,358.69,356.61,345.66,342.38,340.52,338.7,336.86,335.08,333.26,331.47,329.75,328.09,326.32,324.62,323.04,321.37,319.77,318.22,316.71,315.16,313.65,312.19,310.79,309.42,308.07,306.82,305.47,304.26,303.06,301.89,300.68,299.52,298.57,297.44,296.37,295.28,294.35
20973,23,114.148,36.34,55.44,65.24,565.27,1024.38,965.94,936.74,951.4,975.52,997.8,946.78,930.23,946.18,967.97,946.1,865.12,849.44,861.6,858.42,803.78,807.22,778.16,742.66,708.17,697.98,698.31,699.84,699.35,699.64,699.83,699.12,699.4,698.77,697.94,697.65,696.92,699.53,696.01,700.0,699.54,700.23,699.61,699.02,699.69,699.36,699.89,699.66,699.68,699.77,699.73,699.86,699.37,699.47,699.73,699.81,699.73,699.28,699.88,699.74,700.11,699.94,699.79,700.02,699.97,699.97,700.06,699.88,700.08,699.83,699.36,699.68,700.12,699.97,699.38,699.33,700.79,700.55,700.08,699.79,699.63,699.42,699.11,698.92,700.88,701.7,701.18,679.41,554.77,419.07,287.8,157.53,42.82,26.02,29.57,43.84,38.34,28.55,26.59,25.64,25.65,24.97,24.81,24.94,24.97,25.11,25.15,25.16,25.09,25.08,24.99,25.09,25.17,25.62,24.86,24.87,24.89,25.13,25.36,25.24,25.36,24.9,25.2,24.96,25.2,25.19,25.21,25.56,24.9,-0.52,-0.49,-0.46,-0.56,0.1,11.07,22.37,35.3,48.49,61.4,66.57,74.12,85.68,98.24,104.96,100.76,105.81,116.34,126.06,123.93,143.2,153.17,157.32,160.64,167.56,180.17,192.21,205.03,218.28,231.8,245.53,259.7,273.71,287.73,312.18,349.49,378.91,402.03,421.54,437.65,451.32,462.86,473.11,482.05,490.19,497.27,504.34,510.25,515.66,520.36,524.8,528.22,531.28,533.71,535.29,536.16,536.06,534.83,532.65,528.95,524.23,518.54,511.89,504.44,496.53,488.23,479.71,471.37,463.2,455.35,447.98,440.91,433.96,427.22,420.62,414.13,407.54,401.23,395.01,389.12,383.32,377.94,372.8,368.06,363.64,359.58,356.0,354.48,355.26,356.81,358.38,360.21,358.15,347.06,343.94,342.06,340.35,338.45,336.62,334.92,333.11,331.54,329.73,328.0,326.45,324.73,323.18,321.54,320.08,318.47,317.02,315.56,314.11,312.72,311.31,310.05,308.62,307.45,306.24,304.92,303.87,302.72,301.54,300.45,299.29,298.4,297.24,296.28
20974,23,114.16,36.26,55.29,66.25,572.0,1025.47,966.42,936.06,950.85,975.5,996.99,945.48,928.98,945.31,967.26,945.32,864.4,848.64,860.96,858.1,803.68,807.59,778.25,742.65,708.1,697.49,699.46,699.59,699.57,698.58,698.37,699.95,697.69,699.64,696.66,698.14,696.73,699.54,696.17,699.77,699.73,699.91,699.95,699.21,699.76,699.67,699.68,699.63,699.27,700.06,699.5,699.83,699.88,699.7,699.74,699.84,699.21,699.83,699.11,700.0,699.99,699.92,699.98,700.08,699.95,699.8,700.0,699.98,699.89,699.47,700.17,699.87,700.02,700.06,699.94,699.6,699.17,699.65,700.6,700.13,699.83,699.63,699.25,699.21,698.97,701.08,701.8,679.88,553.06,418.81,287.49,157.65,42.71,26.22,29.71,43.59,38.39,28.44,26.46,26.5,24.62,24.93,24.94,24.93,24.91,25.26,25.3,24.83,25.05,24.98,25.17,25.11,24.99,25.14,24.89,25.05,25.09,25.48,25.5,25.56,25.03,24.61,25.01,25.29,25.53,25.21,25.13,25.14,25.09,-0.51,-0.47,-0.47,-0.56,0.39,11.81,22.82,35.66,49.02,61.86,66.76,74.23,85.8,98.45,105.13,100.99,105.96,116.38,126.22,124.53,143.94,153.31,157.71,160.32,166.48,179.35,192.3,205.17,218.53,232.27,246.15,260.26,274.84,289.61,317.91,355.39,384.17,406.78,425.77,441.39,454.59,465.85,475.55,484.36,492.18,499.25,505.69,511.48,516.77,521.21,525.43,528.94,531.69,534.0,535.38,536.22,535.84,534.46,531.89,528.17,523.38,517.33,510.73,503.13,495.3,486.77,478.34,469.96,461.86,454.17,446.59,439.46,432.7,425.92,419.28,412.79,406.23,399.85,393.59,387.65,381.99,376.47,371.32,366.6,362.25,358.15,354.49,353.09,353.85,355.21,356.85,358.7,356.66,345.78,342.48,340.7,338.89,337.05,335.31,333.51,331.81,330.11,328.21,326.68,324.98,323.37,321.79,320.2,318.65,317.1,315.62,314.22,312.6,311.43,309.97,308.62,307.29,306.07,304.85,303.54,302.45,301.31,300.19,299.04,298.03,296.92,295.96,294.96
20975,23,114.166,35.5,54.76,65.69,570.67,1025.14,965.34,934.15,948.91,973.39,994.88,943.52,927.1,943.53,965.57,943.97,863.15,847.32,859.44,856.54,801.58,806.17,777.57,743.07,708.36,697.98,698.91,699.68,699.58,698.55,698.39,699.88,697.3,699.83,696.99,698.8,695.72,699.53,696.82,699.74,699.66,700.08,699.62,698.7,699.88,700.06,699.22,700.09,699.97,699.77,699.94,699.6,699.85,700.11,699.21,699.35,699.92,699.93,699.86,699.85,699.92,700.08,700.04,700.25,700.23,699.72,699.94,700.14,699.9,699.61,699.98,699.79,699.92,699.72,699.86,699.47,699.19,699.81,700.05,699.94,699.34,699.25,699.83,700.94,700.91,700.64,700.19,680.32,553.81,419.53,288.27,158.29,43.56,26.01,29.88,44.0,37.91,28.29,26.83,25.86,24.99,25.01,24.88,24.92,25.01,25.23,25.17,24.97,24.75,25.12,25.02,25.12,25.27,25.02,25.22,25.18,25.19,25.06,25.04,25.11,25.2,25.21,25.02,25.32,25.14,25.53,25.79,25.02,24.86,-0.47,-0.52,-0.47,-0.45,0.18,11.29,22.51,35.19,48.59,61.35,66.37,74.1,85.43,97.89,104.52,100.13,105.69,116.03,125.72,123.79,143.39,153.12,157.75,160.8,167.95,180.54,192.86,205.94,218.91,232.5,246.5,260.5,275.49,290.96,324.01,360.63,388.57,410.36,428.87,444.02,456.73,467.66,477.14,485.53,493.57,500.4,506.69,512.58,517.61,522.4,526.32,529.71,532.65,534.79,536.28,537.03,536.81,535.59,533.04,529.39,524.64,518.9,512.15,504.72,496.9,488.71,480.3,472.18,464.16,456.27,448.72,441.61,434.73,428.12,421.52,414.98,408.39,402.14,395.88,389.91,384.19,378.48,373.64,368.81,364.33,360.36,356.76,355.24,355.97,357.32,358.92,360.78,358.78,347.66,344.53,342.62,340.76,338.98,337.25,335.47,333.58,331.94,330.2,328.52,326.82,325.21,323.64,321.99,320.29,319.07,317.41,315.87,314.49,313.18,311.73,310.29,308.91,307.58,306.31,305.19,304.39,303.03,302.17,300.99,299.85,298.76,297.71,296.74
20976,23,114.193,35.98,55.78,67.2,577.53,1026.11,964.21,933.08,947.87,972.31,993.92,942.15,925.88,942.07,963.51,941.17,861.25,846.67,858.22,854.61,800.93,805.23,776.56,741.76,708.13,697.86,698.49,699.61,699.67,699.03,697.73,699.57,697.54,699.33,697.4,698.86,695.49,699.57,697.06,699.74,699.11,699.94,699.47,698.96,699.66,699.99,699.58,699.94,699.76,700.24,699.35,699.98,699.6,699.62,699.96,699.2,699.63,699.72,699.92,700.06,699.98,700.08,700.01,699.96,699.95,700.13,700.0,700.03,699.84,700.01,699.98,700.33,699.52,699.05,699.61,700.34,700.18,699.8,699.49,699.17,698.92,698.93,700.35,700.49,700.16,699.88,699.57,681.18,554.2,419.17,287.55,157.28,43.05,26.21,29.69,44.3,38.01,28.25,27.2,25.37,25.0,24.97,25.07,24.73,24.57,25.27,25.23,25.29,25.2,25.12,25.04,25.27,24.95,25.02,25.08,25.23,25.09,24.96,25.65,24.93,25.13,25.08,25.16,25.32,25.21,25.52,25.13,24.88,25.13,-0.58,-0.43,-0.53,-0.56,0.18,11.52,22.49,35.32,48.61,61.46,66.48,73.95,85.33,97.89,104.39,100.2,105.23,115.71,125.42,123.74,143.19,153.28,157.8,161.12,168.42,180.98,193.24,206.48,219.46,233.13,247.5,261.6,277.15,295.42,333.83,368.29,394.86,415.52,433.13,447.51,459.79,470.35,479.62,487.76,495.46,502.31,508.6,514.18,519.27,523.73,527.69,531.11,533.92,535.54,537.13,537.8,537.35,535.9,533.32,530.01,524.96,519.14,512.38,504.94,497.11,489.07,480.56,471.94,463.91,456.35,449.06,442.09,435.47,428.84,422.27,415.63,409.07,402.7,396.58,390.52,384.65,379.25,374.06,369.33,364.98,361.03,357.48,356.19,356.93,358.16,359.96,361.7,359.71,348.66,345.36,343.54,341.54,339.66,338.05,336.36,334.64,332.83,331.16,329.44,327.84,325.98,324.48,322.82,321.24,319.73,318.27,316.93,315.17,313.83,312.62,311.14,309.92,308.54,307.4,306.18,304.89,303.87,302.67,301.64,300.48,299.67,298.74,297.51
20977,23,114.21,35.99,55.16,68.08,578.94,1024.8,962.59,931.28,946.04,969.96,991.42,940.07,924.76,941.23,963.16,940.29,860.67,846.8,857.86,854.03,800.3,804.59,775.81,741.31,708.06,698.15,698.54,699.6,699.58,698.81,698.1,699.69,696.79,699.42,698.04,698.92,695.7,699.6,697.13,699.82,699.68,700.0,699.22,699.41,699.76,699.94,699.82,699.33,700.07,699.67,699.5,699.84,699.88,699.44,699.7,699.81,699.89,699.85,700.02,699.91,699.93,699.95,699.82,699.89,699.94,700.0,699.86,699.57,699.82,699.95,699.82,699.69,699.95,700.25,699.56,699.3,699.57,700.2,699.78,699.56,699.66,700.48,700.17,699.82,699.54,699.4,699.06,680.42,553.59,418.52,286.69,156.99,42.58,26.36,30.15,44.29,37.85,28.49,26.57,25.5,25.32,24.96,24.82,24.72,25.17,25.03,25.11,25.28,25.15,25.11,25.08,24.97,25.18,25.07,25.01,25.06,25.26,25.4,25.56,24.56,24.9,25.04,25.43,25.18,25.55,25.28,25.13,25.06,25.11,-0.5,-0.4,-0.56,-0.46,0.39,12.19,23.36,36.07,49.23,61.98,66.82,74.42,85.88,98.44,104.87,100.56,105.82,116.12,125.75,123.76,143.1,153.41,158.02,161.33,169.09,181.43,193.95,206.87,220.02,233.73,248.1,262.24,277.47,297.64,337.08,370.53,396.44,416.8,434.27,448.53,460.63,470.89,480.18,488.29,495.69,502.4,508.53,514.14,519.02,523.49,527.41,530.84,533.04,535.33,536.63,537.22,536.85,535.58,532.76,529.1,524.13,518.21,511.48,503.82,496.11,487.63,479.37,471.08,463.03,455.29,447.83,440.96,434.15,427.41,420.71,414.16,407.57,401.22,394.68,388.9,383.02,377.61,372.57,367.68,363.54,359.57,356.05,354.57,355.41,356.76,358.51,360.24,358.28,347.21,343.87,342.14,340.29,338.5,336.71,334.79,333.15,331.37,329.7,327.9,326.28,324.57,322.98,321.33,319.77,318.34,316.74,315.25,313.85,312.45,311.18,309.65,308.47,307.1,305.92,304.69,303.54,302.37,301.29,300.21,299.13,298.1,297.04,296.06
20978,23,114.203,36.34,55.41,66.52,568.63,1023.01,961.33,930.54,944.81,969.45,991.41,939.92,924.11,940.97,963.06,941.75,860.49,844.75,856.9,853.18,799.99,804.2,775.95,741.89,708.32,698.31,698.26,699.76,699.65,699.44,697.72,699.37,697.69,698.74,697.64,699.86,694.98,697.95,698.35,699.07,699.64,699.45,699.8,699.24,700.0,699.43,700.2,699.42,699.51,699.96,700.03,699.69,699.7,699.93,700.03,699.35,699.58,700.03,699.43,699.86,700.02,699.68,699.78,700.04,699.29,699.83,699.86,699.77,699.74,699.88,699.96,699.73,700.13,699.7,700.1,699.87,699.53,699.93,700.24,699.95,699.59,699.43,699.11,698.89,700.74,701.32,700.96,679.37,552.3,417.93,286.95,156.94,42.31,26.12,29.91,44.39,37.91,28.4,26.35,25.76,25.24,25.14,24.71,24.94,25.14,24.9,24.98,25.21,25.23,25.24,25.02,25.07,25.01,24.98,25.05,25.08,25.15,25.44,24.98,24.99,25.09,25.04,25.15,25.24,25.59,25.02,25.18,25.13,24.94,-0.5,-0.49,-0.49,-0.55,0.07,10.96,22.29,34.98,48.13,60.76,66.06,73.52,84.99,97.42,104.13,99.9,105.0,115.54,125.17,123.36,142.53,152.94,157.47,160.9,168.21,180.53,192.96,206.06,219.07,232.88,247.26,261.09,276.43,293.11,330.18,365.12,392.59,413.27,431.47,446.1,458.63,469.43,478.78,487.25,494.78,501.79,507.98,513.61,518.67,523.11,527.06,530.27,532.9,535.08,536.44,537.02,536.61,535.15,532.43,528.62,523.73,517.73,510.88,503.37,495.41,487.02,478.63,470.27,462.26,454.54,447.07,440.09,433.22,426.53,419.92,413.31,406.79,400.31,393.97,387.97,382.19,376.76,371.64,366.96,362.53,358.63,355.07,353.75,354.58,355.93,357.72,359.53,357.48,346.55,343.38,341.5,339.66,337.87,336.11,334.36,332.56,330.78,329.13,327.41,325.72,324.07,322.49,321.0,319.31,317.77,316.31,314.84,313.38,311.99,310.53,309.29,308.07,306.62,305.5,304.32,303.12,301.95,300.84,299.75,298.73,297.7,296.55,295.7
20979,23,114.197,35.99,55.37,66.09,569.92,1022.95,961.75,930.74,945.7,970.19,992.15,940.69,925.15,943.34,964.52,941.58,861.43,846.22,858.46,854.89,801.72,805.09,776.63,741.57,708.2,697.49,698.82,699.77,699.24,698.86,698.03,699.55,697.23,699.21,697.4,699.37,695.39,698.85,697.76,699.05,699.68,699.87,699.69,698.79,699.96,699.53,700.03,699.87,699.94,699.69,699.94,699.67,699.88,699.25,699.46,699.8,699.54,699.89,699.84,699.87,699.75,699.96,699.87,700.03,699.74,700.14,699.62,699.91,699.7,700.04,699.63,699.82,699.85,700.15,699.88,699.43,699.94,700.47,699.99,699.62,699.4,699.11,699.03,700.19,702.01,701.26,697.03,681.16,552.91,418.33,287.11,157.15,42.58,26.05,29.89,43.66,38.74,28.13,26.37,25.93,25.33,25.24,24.92,24.9,24.88,24.98,25.07,25.05,25.09,25.1,25.36,24.83,24.93,24.91,24.91,25.31,25.22,25.31,25.23,24.96,25.06,25.19,25.14,25.16,25.18,25.16,25.12,25.29,25.21,-0.42,-0.36,-0.43,-0.43,0.22,11.55,22.87,35.51,48.66,61.54,66.5,74.07,85.53,98.02,104.67,100.27,105.46,115.93,125.54,123.47,142.06,153.06,157.46,160.89,167.99,180.76,193.13,205.98,219.04,232.69,247.06,260.99,276.16,292.13,327.14,362.89,390.57,411.68,429.91,444.85,457.59,468.5,477.74,486.28,493.94,500.86,507.38,513.12,518.23,522.73,526.74,530.05,532.78,534.93,536.22,536.84,536.42,534.94,532.3,528.4,523.44,517.49,510.67,503.01,495.13,486.68,478.29,469.92,461.82,454.14,446.84,439.67,432.89,426.11,419.6,413.12,406.58,400.2,393.91,387.93,382.23,376.78,371.67,366.8,362.48,358.43,354.87,353.42,354.13,355.6,357.3,358.96,356.94,345.96,342.84,341.02,339.13,337.32,335.47,333.68,331.99,330.28,328.46,326.76,325.13,323.42,321.82,320.27,318.74,317.11,315.67,314.14,312.76,311.36,310.01,308.68,307.32,306.0,304.86,303.63,302.43,301.32,300.25,299.04,298.04,297.02,295.9,294.96
20980,23,114.195,36.06,55.35,67.31,574.66,1024.54,963.01,931.69,946.46,970.84,993.37,944.0,926.84,942.65,964.45,941.98,861.79,846.74,859.05,856.09,801.67,805.75,777.24,742.25,707.8,697.93,698.72,699.61,699.66,698.79,698.29,699.69,697.03,699.7,696.66,699.15,695.78,699.46,696.79,699.79,699.55,699.86,699.74,699.67,699.8,699.79,700.07,699.26,699.89,699.59,699.87,699.83,699.79,699.28,699.57,699.52,699.37,699.85,699.91,699.93,699.8,700.08,699.78,700.0,699.89,699.78,699.8,699.83,699.85,699.98,699.92,699.91,699.91,699.98,699.59,700.15,700.23,699.8,699.5,699.2,699.01,699.76,701.41,701.07,700.82,700.6,699.48,679.87,554.59,418.99,287.48,157.41,43.15,25.99,29.92,44.18,37.72,28.32,26.49,25.88,25.27,25.03,24.89,24.92,24.82,25.05,25.02,25.16,25.22,25.37,25.04,24.95,25.14,24.93,24.99,25.17,25.58,25.03,25.17,25.09,25.15,25.18,25.19,25.33,25.22,25.18,25.22,25.12,25.14,-0.51,-0.46,-0.45,-0.51,0.24,11.48,22.74,35.38,48.59,61.36,66.56,74.08,85.54,98.09,104.75,100.31,105.54,116.0,125.7,123.95,143.25,153.29,157.72,160.84,168.17,180.67,193.1,206.21,219.26,233.0,247.33,261.3,276.54,292.84,329.37,364.81,391.83,412.87,430.82,445.74,458.33,469.05,478.46,486.83,494.46,501.36,507.59,513.34,518.44,522.93,526.86,530.45,533.33,535.42,536.93,537.59,537.41,536.08,533.68,529.9,525.18,519.33,512.61,505.13,497.28,489.02,480.59,472.22,464.13,456.36,448.92,441.93,434.97,428.39,421.81,415.26,408.75,402.33,396.11,390.14,384.36,378.9,373.72,368.9,364.55,360.55,356.99,355.46,356.19,357.63,359.34,361.02,359.13,348.04,344.93,343.03,341.31,339.39,337.55,335.81,334.04,332.31,330.57,328.92,327.08,325.51,323.95,322.38,320.81,319.3,317.69,316.28,314.79,313.42,312.06,310.72,309.38,308.13,306.87,305.66,304.48,303.35,302.26,301.16,300.06,299.04,297.98,297.0
20981,23,114.194,35.9,55.51,66.9,574.85,1024.87,963.44,932.13,946.76,971.46,993.82,942.42,925.78,941.9,963.65,941.76,861.35,846.06,858.26,855.35,801.44,805.42,776.94,742.17,708.02,698.03,698.98,699.94,699.62,699.03,698.24,699.72,697.1,699.61,696.97,699.33,695.25,699.54,697.15,699.56,699.44,699.88,699.95,699.86,699.96,699.35,699.86,699.82,699.8,699.89,699.7,699.76,699.77,699.77,699.58,699.76,699.13,699.86,699.08,699.87,699.87,699.92,699.89,699.86,699.92,699.91,699.97,700.01,699.84,699.97,699.79,700.05,699.78,699.38,699.83,700.01,700.04,699.93,700.27,700.14,699.72,699.47,699.3,699.04,699.84,701.59,701.32,679.94,552.84,418.77,287.35,157.83,43.29,26.02,29.97,44.52,37.37,28.13,26.52,25.93,25.35,25.1,25.08,24.72,24.93,25.05,25.02,25.08,25.28,25.34,24.61,24.84,25.18,25.32,25.19,25.27,25.3,25.2,25.09,25.08,25.21,25.04,25.21,25.31,25.35,25.21,25.23,25.04,25.29,-0.42,-0.5,-0.42,-0.46,0.31,12.04,23.29,35.96,49.11,61.95,67.02,74.56,86.06,98.59,105.29,100.79,106.01,116.47,126.14,124.42,143.85,153.79,158.18,161.46,168.54,181.39,193.78,206.75,219.94,233.76,247.97,261.94,277.24,293.96,331.09,366.12,393.06,414.19,431.93,446.69,458.97,469.73,479.18,487.49,494.95,501.87,507.94,513.62,518.7,523.19,527.05,530.41,533.08,535.12,536.45,536.99,536.57,535.17,532.55,528.7,523.83,517.89,511.1,503.51,495.61,487.2,478.71,470.42,462.38,454.65,447.33,440.3,433.46,426.86,420.33,413.8,407.33,400.9,394.72,388.71,382.95,377.46,372.28,367.52,363.04,358.97,355.39,353.85,354.55,355.85,357.39,359.13,357.09,346.18,342.96,341.04,339.25,337.51,335.67,333.84,332.1,330.33,328.6,326.89,325.21,323.48,321.92,320.33,318.8,317.25,315.7,314.29,312.76,311.37,310.02,308.71,307.36,306.11,304.85,303.63,302.46,301.33,300.18,299.1,298.02,297.06,296.03,295.04
20982,23,114.188,35.19,54.51,65.82,570.39,1023.18,962.01,931.53,946.14,972.62,993.5,941.68,926.14,942.55,964.48,941.63,861.63,846.47,858.91,855.37,802.15,805.9,777.16,742.38,708.06,697.98,698.83,699.97,699.53,699.6,697.65,699.57,697.12,699.43,697.36,698.91,695.22,699.03,696.93,699.66,699.19,700.01,699.88,698.85,699.95,700.16,699.37,699.7,699.4,699.85,700.13,699.8,699.34,699.92,699.54,699.71,699.88,699.84,699.92,699.99,699.92,699.93,699.92,700.05,699.86,700.05,699.82,699.9,700.02,699.68,699.85,699.95,700.11,699.88,699.39,699.8,700.4,700.12,699.74,699.48,699.26,699.0,699.7,700.78,700.49,700.33,700.06,680.19,553.01,418.33,286.91,156.89,42.3,26.17,29.79,44.58,37.61,28.34,26.41,26.03,25.38,25.41,24.69,24.94,24.88,25.03,25.0,25.14,25.05,25.11,25.07,25.1,25.01,25.04,25.05,25.31,24.92,25.03,25.15,25.17,25.1,25.19,25.47,24.92,25.01,25.21,25.3,25.22,25.46,-0.47,-0.38,-0.41,-0.45,0.3,11.43,22.73,35.41,48.55,61.56,66.46,74.13,85.61,98.27,104.8,100.53,105.76,116.11,125.87,124.47,143.84,153.56,157.87,161.14,168.66,181.15,193.58,206.52,219.69,233.11,247.38,261.27,276.38,292.65,328.23,363.69,391.18,412.2,430.41,445.38,458.05,468.82,478.13,486.51,494.22,501.04,507.43,513.08,518.23,522.84,526.73,530.02,532.95,535.16,536.53,537.22,536.9,535.61,533.08,529.42,524.67,518.87,512.15,504.7,496.84,488.54,480.12,471.78,463.75,455.96,448.54,441.5,434.6,428.01,421.48,414.9,408.44,402.16,396.03,390.02,384.34,378.95,373.8,369.02,364.63,360.63,356.92,355.47,356.09,357.42,359.11,360.9,358.84,347.91,344.66,342.79,341.0,339.13,337.38,335.57,333.83,332.12,330.37,328.67,326.99,325.25,323.65,322.14,320.55,319.01,317.51,316.09,314.54,313.22,311.79,310.42,309.16,307.88,306.65,305.43,304.26,303.06,301.98,300.9,299.77,298.75,297.73,296.72
20983,23,114.16,36.51,55.17,65.5,567.51,1023.63,962.46,932.45,947.37,971.51,993.51,942.35,926.53,942.91,964.63,942.14,861.92,846.89,859.1,856.13,802.07,806.12,777.23,742.75,707.9,697.73,698.49,699.77,699.68,699.2,697.88,699.7,697.19,699.47,697.18,699.39,694.93,699.15,696.88,699.67,699.71,699.78,699.76,698.86,700.04,699.67,699.99,699.66,699.68,699.46,699.94,699.89,699.47,699.86,699.83,699.96,699.33,699.77,699.91,699.39,699.91,699.93,700.05,699.78,699.96,699.94,699.82,700.05,699.64,699.91,699.91,700.0,699.87,699.96,699.66,700.05,699.75,700.1,699.95,699.62,699.4,699.88,700.82,700.45,700.2,699.95,699.82,680.38,554.35,419.4,287.69,157.95,42.85,26.14,29.78,43.98,37.96,28.43,26.55,26.03,25.33,25.32,24.73,24.78,24.81,24.98,25.01,25.36,25.29,24.99,24.93,24.98,24.97,25.33,25.24,25.24,24.92,24.97,25.13,25.3,25.32,25.59,24.99,24.92,25.23,25.2,25.14,25.33,25.41,-0.39,-0.34,-0.41,-0.39,0.25,11.59,22.75,35.51,48.59,61.66,66.76,74.31,85.84,98.43,104.96,100.64,105.82,116.32,126.03,124.59,144.14,153.5,158.04,161.1,168.41,181.09,193.23,206.33,219.4,232.83,246.9,260.96,275.87,291.19,323.76,360.27,388.4,410.08,428.55,443.87,456.96,467.68,477.23,485.83,493.51,500.57,506.92,512.81,517.83,522.52,526.62,530.08,532.98,535.2,536.63,537.39,537.19,535.84,533.39,529.72,524.9,519.19,512.53,505.04,497.13,488.86,480.35,472.0,463.94,456.16,448.73,441.61,434.85,428.16,421.65,415.11,408.66,402.35,396.12,390.24,384.47,378.97,373.86,369.03,364.61,360.6,356.96,355.38,356.06,357.42,359.06,360.78,358.84,347.72,344.53,342.65,340.87,339.08,337.26,335.46,333.73,331.97,330.24,328.55,326.9,325.22,323.66,322.09,320.59,318.92,317.4,315.95,314.56,313.08,311.76,310.42,309.03,307.81,306.53,305.28,304.17,302.97,301.8,300.74,299.67,298.66,297.6,296.55
20984,23,114.189,37.05,55.73,66.17,568.08,1023.84,964.24,933.25,947.77,972.52,994.2,943.16,927.34,944.0,965.93,943.41,863.05,848.03,860.46,857.22,802.85,806.49,777.51,742.63,708.22,697.86,698.64,699.79,699.72,698.58,698.24,699.79,697.06,699.49,696.96,698.39,695.64,699.31,696.56,699.94,699.35,699.74,699.99,698.65,699.92,699.08,700.0,699.83,699.95,699.85,700.01,700.04,699.02,699.48,699.77,700.05,699.78,699.57,699.97,699.76,699.89,699.92,699.97,699.84,699.89,699.95,699.88,699.88,699.97,699.87,699.92,700.11,699.66,699.93,699.92,699.91,700.16,699.75,699.56,700.29,700.14,699.83,699.54,699.27,699.1,699.11,701.31,680.89,553.44,418.97,287.53,157.45,42.81,26.1,29.66,44.67,37.55,28.3,26.5,25.8,25.47,25.2,24.68,24.86,24.9,25.09,25.12,25.42,24.87,25.03,25.09,25.05,25.03,25.21,25.34,24.82,24.82,25.09,25.38,25.38,25.33,25.33,24.97,24.91,25.11,25.33,25.33,25.51,25.35,-0.58,-0.49,-0.55,-0.57,0.12,11.18,22.37,35.06,48.18,61.09,66.21,73.69,85.33,98.0,104.5,100.16,105.33,115.72,125.48,123.89,142.97,152.77,157.05,160.38,167.36,179.91,192.26,205.35,218.11,231.71,245.73,259.61,274.38,289.31,319.02,356.39,385.06,407.15,426.08,441.61,454.66,465.68,475.37,484.12,492.06,499.15,505.67,511.46,516.68,521.42,525.51,528.98,531.76,533.88,535.41,536.14,535.96,534.62,532.15,528.49,523.75,517.89,511.15,503.72,495.76,487.4,478.93,470.57,462.41,454.6,447.16,440.03,433.18,426.59,419.96,413.54,407.06,400.82,394.67,388.69,383.0,377.58,372.47,367.7,363.24,359.19,355.46,353.91,354.6,355.97,357.57,359.41,357.4,346.33,342.97,341.15,339.33,337.53,335.77,333.91,332.23,330.48,328.77,327.09,325.39,323.82,322.23,320.65,319.07,317.43,316.02,314.59,313.1,311.73,310.33,308.95,307.64,306.39,305.17,303.93,302.84,301.59,300.5,299.31,298.34,297.27,296.22,295.21
20985,23,114.205,35.3,54.02,64.59,567.0,1023.31,963.14,932.2,947.28,972.12,993.84,942.44,926.32,942.49,964.32,941.78,861.62,846.56,858.84,855.54,801.03,805.2,777.02,742.02,708.21,697.93,698.58,699.88,699.67,699.26,698.64,699.85,697.3,699.54,696.89,699.18,695.34,699.02,697.27,699.81,699.52,699.6,699.95,698.56,699.9,699.34,700.01,699.84,699.59,699.78,699.83,699.87,699.58,699.96,699.3,699.25,699.8,699.12,699.82,699.86,699.9,700.04,699.92,699.84,699.87,699.96,699.87,699.91,700.08,699.47,699.87,699.92,699.94,699.99,699.84,699.75,700.08,699.62,700.17,700.37,699.98,699.66,699.44,699.19,698.95,700.13,701.41,680.58,553.2,419.04,287.61,157.69,42.7,26.07,29.74,44.21,37.8,28.47,26.52,25.82,25.24,25.01,25.04,25.03,24.99,25.04,24.92,25.09,24.97,25.09,25.17,25.2,25.09,25.32,24.76,24.94,25.07,25.07,25.27,25.36,25.66,24.84,24.97,25.02,25.14,25.27,25.5,24.92,25.01,-0.53,-0.5,-0.5,-0.51,0.21,11.79,23.05,35.81,49.04,61.85,66.78,74.36,85.96,98.51,105.25,100.86,106.01,116.5,126.26,124.06,143.27,153.52,157.92,161.14,168.42,181.0,193.2,206.33,219.5,233.15,247.14,260.65,275.65,290.83,323.08,359.55,387.94,409.85,428.48,443.65,456.63,467.71,477.12,485.8,493.57,500.59,507.17,512.92,517.95,522.61,526.7,530.13,532.95,535.01,536.45,537.05,536.75,535.28,532.77,529.06,524.18,518.32,511.59,504.09,496.21,487.81,479.31,470.99,462.84,455.12,447.79,440.72,433.88,427.19,420.66,414.13,407.66,401.42,395.25,389.23,383.58,378.14,373.01,368.2,363.76,359.74,355.97,354.52,355.15,356.47,358.15,359.79,357.81,346.75,343.4,341.51,339.74,337.88,336.13,334.33,332.59,330.87,329.14,327.39,325.78,324.07,322.52,320.99,319.34,317.8,316.37,314.84,313.43,311.98,310.64,309.27,307.94,306.75,305.43,304.16,303.02,301.89,300.79,299.68,298.57,297.5,296.48,295.51
20986,23,114.161,34.82,54.32,63.72,559.64,1022.49,962.6,931.91,946.41,971.02,992.22,940.71,925.02,941.35,963.06,940.73,860.52,845.38,857.78,854.69,800.87,804.92,775.96,742.04,708.4,697.16,698.63,699.83,699.47,698.95,698.04,699.55,697.47,699.15,697.58,698.96,695.66,697.83,698.59,699.05,699.96,699.93,699.0,699.53,700.11,699.56,700.02,699.67,699.82,699.87,699.55,699.84,699.87,699.42,700.02,699.03,699.68,699.53,699.36,699.82,699.93,699.88,699.98,699.86,699.94,699.96,699.88,699.89,699.98,699.95,700.05,699.64,699.95,700.01,699.88,700.1,700.2,699.78,699.48,699.28,698.91,699.66,700.73,700.54,700.17,699.94,699.72,680.54,554.38,418.84,287.72,157.92,42.89,25.66,29.7,44.69,37.48,28.16,26.51,25.65,25.41,25.12,25.02,24.99,25.05,25.05,25.1,24.95,25.03,25.05,25.16,25.0,25.36,25.02,25.11,25.12,25.07,25.13,25.29,25.39,25.2,25.11,25.14,25.13,25.09,25.39,25.21,24.95,25.08,-0.55,-0.47,-0.56,-0.54,0.11,11.12,22.25,34.93,48.09,60.99,66.04,73.53,85.13,97.61,104.24,99.88,105.09,115.5,125.21,123.23,141.76,151.7,156.43,160.02,166.98,179.72,192.0,204.8,217.76,231.36,245.35,259.07,274.08,288.91,316.8,354.4,383.99,406.45,425.76,441.43,454.75,466.01,475.46,484.47,492.25,499.55,505.93,511.74,517.11,521.89,525.97,529.52,532.41,534.71,536.33,537.13,536.96,535.85,533.51,529.98,525.37,519.83,513.17,505.73,497.97,489.74,481.17,472.79,464.63,456.81,449.36,442.14,435.41,428.6,422.12,415.6,409.12,402.83,396.68,390.8,385.07,379.61,374.38,369.57,365.12,361.04,357.22,355.67,356.36,357.75,359.37,361.18,359.16,348.2,344.96,343.09,341.23,339.42,337.68,335.81,334.06,332.3,330.66,328.91,327.27,325.6,323.97,322.43,320.84,319.26,317.74,316.38,314.77,313.41,312.02,310.75,309.45,308.12,306.84,305.61,304.46,303.29,302.1,301.07,299.91,298.9,297.83,296.87
20987,23,114.158,35.18,54.46,65.68,568.77,1023.81,964.05,932.76,946.91,971.55,993.3,942.41,926.58,942.45,964.2,942.35,862.62,849.93,859.84,856.17,801.43,805.59,776.96,742.36,708.42,697.99,698.57,699.89,699.67,699.0,697.99,699.59,697.17,699.38,697.3,698.84,695.38,698.88,697.48,699.64,699.43,699.63,699.8,698.53,699.97,699.43,699.84,699.78,699.39,699.85,700.01,699.82,699.81,699.28,699.52,700.03,699.7,699.86,699.84,699.97,699.97,699.83,700.01,699.97,700.02,699.92,699.91,700.03,700.01,699.7,699.86,699.7,699.91,699.76,699.98,699.99,699.91,699.58,700.13,700.04,699.8,699.44,699.22,700.08,700.48,700.28,700.02,681.09,554.65,419.86,288.39,158.27,43.3,25.96,29.84,43.85,37.87,28.58,26.4,25.75,25.29,25.16,24.92,24.95,24.91,25.06,25.07,25.17,25.13,25.08,25.13,25.38,24.8,24.97,24.9,25.0,25.08,25.27,25.32,25.17,25.2,25.1,25.23,25.15,25.09,25.47,25.0,24.95,25.16,-0.42,-0.33,-0.43,-0.36,0.26,11.38,22.62,35.38,48.5,61.4,66.44,73.91,85.44,97.99,104.61,100.33,105.41,115.88,125.53,123.47,142.22,152.8,157.2,160.43,167.5,180.04,192.38,205.32,218.43,231.97,246.12,260.06,275.07,290.41,323.02,359.54,387.85,409.63,428.31,443.4,456.26,467.22,476.56,485.14,492.99,500.13,506.48,512.25,517.43,522.15,526.17,529.61,532.55,534.68,536.12,536.92,536.73,535.56,533.04,529.56,524.75,519.01,512.31,504.94,497.15,488.75,480.39,472.01,463.9,456.18,448.75,441.71,434.91,428.17,421.72,415.21,408.75,402.43,396.27,390.33,384.55,379.18,374.03,369.21,364.81,360.73,357.0,355.46,356.14,357.58,359.21,360.97,358.91,348.0,344.88,342.98,341.12,339.37,337.57,335.79,334.04,332.36,330.64,328.83,327.23,325.56,323.94,322.4,320.85,319.35,317.82,316.35,314.94,313.51,312.2,310.81,309.54,308.28,307.04,305.81,304.6,303.46,302.4,301.23,300.23,299.11,298.05,297.13
20988,23,114.17,35.96,55.14,66.86,567.8,1023.3,962.36,931.72,946.64,971.4,993.25,941.8,925.62,942.11,964.59,943.46,862.21,846.24,858.17,855.31,800.63,804.82,776.7,741.87,708.52,697.98,698.43,699.74,699.5,699.08,698.02,699.28,697.4,698.99,697.56,699.38,695.34,698.32,698.18,699.2,699.67,699.13,699.73,699.02,700.04,699.77,699.88,699.83,699.89,699.79,699.93,699.67,699.75,699.57,699.78,699.68,699.54,699.88,699.89,699.98,699.93,699.94,699.95,699.91,699.95,699.91,699.92,699.91,699.91,699.92,699.88,699.97,700.11,700.12,699.64,699.18,699.46,700.43,700.06,699.72,699.46,699.22,699.0,699.79,701.49,701.29,700.95,679.18,553.92,419.32,288.35,158.45,43.42,25.78,29.67,43.71,38.22,28.61,26.57,25.73,25.29,25.14,24.93,24.97,25.04,25.06,25.14,24.98,25.07,25.08,25.22,25.03,25.06,25.01,25.03,25.15,25.27,25.27,25.22,25.29,25.16,25.1,25.08,25.28,25.55,25.01,24.96,25.18,25.07,-0.34,-0.47,-0.48,-0.44,0.24,11.31,22.56,35.23,48.41,61.28,66.37,73.91,85.38,97.7,104.62,100.24,105.33,115.75,125.46,123.42,142.18,152.79,157.26,160.73,167.82,180.41,192.57,205.54,218.79,232.49,246.68,260.73,275.69,291.41,326.29,362.22,390.16,411.62,429.93,444.81,457.52,468.42,477.79,486.34,494.04,500.97,507.3,512.99,517.99,522.49,526.48,529.81,532.58,534.61,535.95,536.53,536.21,534.72,532.09,528.3,523.38,517.38,510.54,503.04,495.09,486.72,478.28,469.95,461.89,454.19,446.73,439.73,432.87,426.24,419.7,413.23,406.77,400.37,394.16,388.25,382.5,377.09,371.9,367.22,362.78,358.82,355.23,353.8,354.5,355.99,357.58,359.43,357.46,346.64,343.44,341.54,339.75,337.93,336.18,334.38,332.6,330.96,329.15,327.53,325.76,324.16,322.56,321.0,319.47,317.96,316.43,314.97,313.52,312.16,310.77,309.45,308.09,306.88,305.57,304.42,303.23,302.09,301.01,299.9,298.84,297.82,296.8,295.85
20989,23,114.185,37.04,56.28,66.96,575.22,1024.59,963.66,932.34,946.57,971.44,993.15,941.7,926.03,943.06,964.04,941.38,861.25,845.97,858.23,855.1,800.88,805.18,776.89,741.97,707.74,697.77,698.79,700.03,699.57,699.44,698.02,699.66,697.2,699.57,697.19,698.97,695.2,699.4,697.17,699.56,699.44,700.02,699.69,698.85,699.82,699.54,699.97,700.01,699.31,700.02,699.85,699.46,699.78,699.7,699.91,699.93,699.56,699.77,699.82,699.93,699.91,699.95,699.91,699.91,699.95,699.97,699.95,700.02,699.9,699.93,699.92,699.89,700.05,699.89,700.13,699.8,699.83,700.0,699.91,700.2,700.06,699.75,699.47,699.28,700.31,700.76,700.49,680.61,553.53,418.86,287.63,157.54,42.9,26.04,29.85,44.37,37.79,28.11,26.42,25.75,25.37,25.11,24.84,25.16,24.67,24.89,24.97,25.07,25.13,25.19,25.29,25.02,24.9,25.13,24.95,25.14,25.21,25.43,25.14,25.12,25.21,24.88,25.28,26.03,24.76,24.81,24.9,25.37,25.24,-0.43,-0.43,-0.42,-0.46,0.2,11.06,22.41,35.17,48.16,61.12,66.12,73.74,85.2,97.73,104.38,99.98,105.31,115.69,125.41,123.88,143.6,153.2,157.52,160.81,168.31,180.79,193.03,206.23,219.27,232.71,247.14,260.92,276.18,293.46,330.83,365.79,392.84,413.95,431.87,446.56,458.87,469.35,478.78,487.1,494.7,501.53,507.75,513.2,518.33,522.87,526.76,529.98,532.77,534.91,536.31,536.86,536.48,535.04,532.49,528.7,523.74,517.87,511.09,503.53,495.68,487.42,478.99,470.75,462.76,455.05,447.73,440.7,433.91,427.34,420.69,414.22,407.74,401.36,395.17,389.13,383.41,378.02,372.89,368.21,363.82,359.87,356.28,354.75,355.54,356.94,358.58,360.37,358.36,347.31,344.09,342.16,340.45,338.7,336.9,335.07,333.28,331.66,329.92,328.17,326.54,324.89,323.18,321.73,320.14,318.6,317.16,315.66,314.25,312.75,311.43,310.09,308.78,307.55,306.3,305.06,303.9,302.77,301.67,300.56,299.55,298.54,297.45,296.48
20990,23,114.203,35.68,55.1,66.35,571.87,1023.83,963.0,931.92,946.35,971.02,993.04,942.54,926.19,942.52,964.37,941.88,861.48,846.36,858.66,854.85,800.97,804.99,776.52,741.66,708.08,697.98,698.61,699.72,699.55,698.48,697.96,699.51,697.39,699.24,697.16,699.29,695.22,698.99,697.36,699.49,699.54,699.86,699.92,699.0,700.05,699.45,699.79,699.78,699.38,699.89,699.94,699.85,699.71,699.7,699.64,699.69,699.55,699.77,699.88,700.04,699.82,699.94,700.01,699.82,699.99,699.84,700.02,699.91,699.85,699.7,699.94,700.09,699.68,699.89,699.85,700.18,699.83,699.55,699.34,700.14,700.03,699.63,699.39,700.08,700.52,700.22,699.93,680.57,553.38,418.56,287.06,156.82,42.27,26.16,29.79,44.31,37.83,28.13,26.71,26.02,25.32,25.13,25.11,24.88,24.84,25.05,25.12,25.21,25.1,25.2,24.98,25.1,25.02,25.13,24.99,25.14,25.24,25.07,25.1,25.19,25.03,24.93,25.41,25.02,25.09,25.12,25.19,25.05,25.28,-0.5,-0.49,-0.49,-0.54,0.24,11.61,22.86,35.55,48.72,61.59,66.6,74.19,85.69,98.17,104.78,100.35,105.67,116.06,125.67,123.84,142.73,153.06,157.48,160.73,168.03,180.67,192.81,205.99,218.89,232.77,247.12,261.09,276.23,292.8,329.17,364.46,391.8,412.92,431.15,446.05,458.52,469.26,478.68,486.94,494.57,501.41,507.69,513.29,518.45,523.05,527.07,530.49,533.21,535.36,536.76,537.34,537.01,535.59,532.9,529.14,524.38,518.5,511.75,504.3,496.4,488.12,479.75,471.37,463.24,455.42,447.66,439.91,432.19,424.26,416.2,408.06,400.17,392.57,385.53,379.15,373.45,368.51,364.22,360.56,357.26,354.26,351.57,350.81,352.01,353.62,355.31,356.96,354.79,343.73,340.52,338.54,336.7,334.91,333.01,331.15,329.35,327.6,325.83,324.07,322.35,320.67,319.08,317.46,315.86,314.36,312.84,311.37,309.82,308.5,307.05,305.76,304.51,303.23,301.95,300.77,299.59,298.4,297.23,296.22,295.14,294.07,293.05,292.02
20991,23,114.195,35.45,54.78,65.29,567.81,1023.2,962.89,931.49,946.22,972.48,992.8,941.02,925.52,941.91,963.59,940.99,860.55,845.31,857.8,854.0,800.62,804.36,776.14,741.96,708.32,698.26,698.29,699.83,699.4,699.12,697.69,699.21,697.45,698.89,697.51,699.48,694.9,698.15,698.12,699.63,699.63,699.36,699.64,698.64,700.04,699.46,700.08,699.91,699.76,699.57,699.8,699.82,699.86,699.5,699.98,699.36,699.86,699.89,699.92,700.03,699.83,699.93,699.86,699.91,699.98,699.91,699.97,699.85,699.99,699.77,699.95,699.3,700.05,699.86,699.43,699.98,700.0,699.67,699.27,699.8,700.25,699.97,699.66,699.34,699.17,699.12,701.12,680.42,552.76,418.33,287.1,157.18,42.26,26.19,29.95,44.25,37.71,28.36,26.57,25.83,25.21,25.23,24.85,24.84,24.89,25.08,25.06,25.16,25.17,25.18,25.04,25.04,24.99,25.0,24.99,25.44,24.88,25.12,25.05,25.3,25.22,25.33,25.22,24.9,25.2,25.18,25.4,25.29,25.29,-0.5,-0.47,-0.46,-0.46,0.14,11.31,22.6,35.31,48.42,61.35,66.3,73.91,85.38,98.04,104.66,100.25,105.39,115.81,125.43,123.41,141.97,152.85,157.48,160.81,168.14,180.81,193.13,206.24,219.19,233.04,247.27,261.11,276.26,292.95,329.56,364.72,392.18,413.22,431.59,446.3,458.97,469.56,478.87,487.28,494.81,501.72,508.05,513.71,518.79,523.34,527.39,530.66,533.57,535.8,537.16,537.94,537.72,536.37,533.94,530.23,525.51,519.65,512.89,505.56,497.69,489.4,481.02,472.78,464.74,457.0,449.64,442.5,435.69,429.07,422.34,415.67,409.1,402.58,396.24,390.1,384.26,378.73,373.61,368.76,364.47,360.48,356.92,355.49,356.28,357.7,359.41,361.18,359.2,348.2,345.01,343.1,341.35,339.45,337.7,335.93,334.08,332.36,330.68,328.9,327.21,325.57,323.95,322.39,320.81,319.28,317.72,316.27,314.85,313.4,312.05,310.75,309.41,308.16,306.88,305.73,304.5,303.38,302.28,301.19,300.07,299.09,298.08,297.07
20992,23,114.195,36.43,55.2,66.6,574.48,1023.64,961.38,931.64,945.58,970.17,991.74,940.33,924.9,941.38,963.51,941.13,860.66,845.61,857.99,854.39,800.98,804.93,776.42,741.64,708.18,697.38,698.74,699.85,699.41,699.19,698.0,699.48,697.1,699.24,697.5,698.98,695.11,699.17,697.1,699.74,699.45,700.06,699.78,699.45,699.91,699.95,700.08,699.94,699.57,700.05,699.72,699.78,699.62,699.63,699.86,699.53,699.7,699.96,699.88,699.96,699.98,699.92,699.97,700.0,699.87,699.97,700.01,699.98,699.82,699.99,699.81,699.9,699.96,700.06,699.88,700.05,699.85,700.16,699.79,699.85,700.21,699.87,699.51,699.33,700.62,700.73,700.27,680.11,552.92,418.22,286.84,156.88,42.37,26.66,29.59,44.43,37.64,28.27,26.43,25.8,25.8,24.76,24.65,24.88,25.04,25.09,25.21,25.73,24.59,24.88,24.96,25.16,25.13,25.11,25.38,24.97,25.08,25.11,25.02,25.08,25.27,25.3,25.02,25.14,25.2,25.28,25.08,25.44,25.26,-0.5,-0.47,-0.44,-0.51,0.36,11.89,22.91,35.71,48.82,61.65,66.68,74.24,85.72,98.26,104.86,100.56,105.73,116.19,125.81,124.04,143.45,153.58,158.02,161.53,168.67,181.44,193.83,207.02,220.11,233.86,248.21,262.07,277.24,295.23,333.55,367.88,394.5,415.19,432.91,447.36,459.66,470.05,479.32,487.56,495.11,502.0,508.02,513.62,518.53,523.06,526.91,530.32,533.06,535.11,536.46,537.15,536.91,535.62,533.09,529.39,524.58,518.81,512.12,504.7,496.93,488.7,480.17,471.97,463.89,456.22,448.86,441.82,435.02,428.25,421.8,415.22,408.78,402.37,396.13,390.08,384.4,378.99,373.8,368.99,364.62,360.6,356.94,355.45,356.19,357.53,359.23,360.99,358.97,348.0,344.86,342.96,341.14,339.34,337.56,335.79,334.03,332.31,330.53,328.9,327.21,325.44,323.91,322.36,320.76,319.25,317.67,316.31,314.81,313.37,312.06,310.69,309.4,308.08,306.88,305.66,304.52,303.36,302.25,301.13,300.08,299.05,298.05,297.08
20993,23,114.194,35.84,55.15,67.03,576.46,1025.19,963.04,931.76,945.83,970.55,992.17,940.73,924.95,941.01,962.71,940.7,860.22,844.62,856.71,853.57,799.7,804.26,776.16,741.95,707.95,697.95,698.54,699.82,699.5,698.84,698.16,699.82,697.33,699.37,697.53,699.18,695.17,699.34,697.22,699.7,699.3,699.86,699.25,698.82,699.85,699.8,699.95,699.78,699.49,699.99,699.87,699.85,699.73,699.7,699.85,699.7,699.57,699.8,699.92,699.98,699.92,699.97,699.93,699.86,699.98,699.87,700.04,700.01,699.87,699.93,699.9,699.99,699.99,699.86,700.05,699.57,699.79,700.08,699.69,699.38,700.35,700.26,700.02,699.8,699.57,699.35,699.04,680.61,554.34,419.34,287.49,157.64,42.82,26.17,29.58,43.85,38.27,28.41,26.63,26.02,25.48,25.03,24.8,24.99,25.05,25.08,25.41,25.04,25.15,25.21,25.04,25.19,25.16,25.62,24.76,24.8,24.98,25.18,25.2,25.31,25.57,25.03,25.03,25.28,25.32,25.24,25.14,25.39,25.04,-0.4,-0.5,-0.5,-0.49,0.11,10.97,22.21,34.88,47.97,60.89,65.95,73.54,85.04,97.66,104.21,99.92,105.08,115.57,125.26,124.05,143.7,153.26,157.77,160.96,168.38,180.75,193.21,206.29,219.17,232.87,246.91,260.75,276.19,294.26,332.91,367.49,394.3,415.19,433.05,447.62,459.89,470.37,479.68,487.81,495.46,502.12,508.31,514.05,519.05,523.54,527.46,530.81,533.64,535.74,537.07,537.72,537.52,536.15,533.59,529.91,525.13,519.28,512.54,505.02,497.21,488.86,480.4,472.14,464.05,456.25,448.85,441.74,434.86,428.26,421.74,415.14,408.74,402.39,396.08,390.14,384.37,378.93,373.71,368.93,364.46,360.5,356.84,355.32,356.0,357.33,358.97,360.69,358.66,347.68,344.51,342.61,340.79,338.96,337.23,335.42,333.63,331.88,330.18,328.45,326.8,325.14,323.54,322.01,320.36,318.78,317.37,315.87,314.42,312.95,311.61,310.3,308.95,307.66,306.41,305.19,304.01,302.88,301.77,300.66,299.58,298.55,297.55,296.54
20994,23,114.203,35.97,55.47,67.15,576.13,1024.43,962.73,931.25,945.73,970.18,991.76,940.47,924.74,940.81,962.23,939.55,859.2,843.98,856.16,852.38,798.79,803.36,775.42,741.71,707.89,698.49,697.81,700.03,699.15,699.3,700.26,696.96,699.1,697.55,699.34,697.93,695.46,698.96,697.3,699.77,699.33,699.81,699.79,698.95,699.88,699.83,699.88,700.02,699.66,699.92,699.78,699.87,699.9,699.06,699.74,699.7,699.6,699.65,699.81,699.84,699.87,699.89,699.94,699.94,699.93,700.04,699.89,700.04,699.85,699.97,699.96,700.09,700.01,700.02,699.92,699.95,700.11,699.75,699.39,699.24,700.52,700.51,700.14,699.95,699.7,699.49,699.32,680.32,553.8,418.7,286.96,157.01,42.34,26.23,29.56,44.03,38.3,28.51,26.58,25.93,25.35,24.84,24.7,25.04,25.0,25.02,25.03,25.1,25.07,25.17,25.02,25.09,25.05,25.25,24.81,24.85,24.98,25.22,25.26,25.17,25.48,24.86,25.11,25.09,25.2,25.41,25.48,25.26,25.01,-0.39,-0.43,-0.47,-0.43,0.23,11.42,22.58,35.27,48.32,61.19,66.15,73.74,85.27,97.74,104.41,100.09,105.23,115.67,125.35,123.85,143.53,153.36,157.94,161.13,169.01,181.3,193.81,206.75,220.3,234.3,247.69,262.98,277.22,297.52,336.39,370.56,396.98,417.33,434.86,449.31,461.47,471.89,480.99,489.23,496.6,503.26,509.46,514.9,519.9,524.5,528.31,531.61,534.28,536.25,537.73,538.42,538.21,536.76,534.29,530.55,525.79,519.98,513.3,505.86,498.11,489.78,481.45,473.19,465.22,457.49,450.2,443.12,436.33,429.69,423.13,416.65,410.1,403.75,397.54,391.46,385.67,380.22,375.03,370.23,365.86,361.9,358.17,356.66,357.36,358.7,360.31,362.07,360.04,349.08,346.02,344.07,342.22,340.46,338.64,336.83,335.04,333.28,331.59,329.88,328.16,326.53,324.93,323.35,321.73,320.26,318.72,317.28,315.83,314.37,313.01,311.59,310.42,309.05,307.86,306.67,305.48,304.31,303.14,302.1,301.07,300.04,299.01,298.05
20995,23,114.199,36.03,55.59,67.39,576.78,1024.21,962.28,931.08,945.32,970.31,991.86,940.6,924.94,941.7,963.9,941.36,861.08,845.85,858.3,854.74,801.54,805.59,776.55,741.8,707.67,698.03,698.79,699.78,699.49,698.8,698.16,699.68,696.87,699.48,696.93,699.08,695.17,699.51,696.97,699.66,699.66,699.95,699.88,699.22,699.72,699.74,699.85,699.83,699.28,700.02,699.54,699.88,699.84,699.62,699.92,699.26,699.67,699.94,699.86,699.95,699.95,699.97,700.01,699.99,700.0,699.92,700.01,699.97,699.94,700.0,699.96,699.97,699.54,699.96,699.96,699.98,699.77,700.07,699.7,699.89,700.25,700.04,699.74,699.47,699.31,699.09,699.53,681.13,552.93,418.43,286.95,156.98,42.24,26.28,29.91,44.45,37.83,28.32,26.4,25.92,25.2,25.09,25.0,25.04,24.86,24.89,25.25,24.78,24.9,25.18,25.28,25.19,25.14,25.2,24.99,24.93,25.1,25.17,25.35,25.4,24.98,24.95,25.16,25.21,25.26,25.3,25.74,24.61,24.85,-0.36,-0.43,-0.47,-0.46,0.49,11.98,23.17,35.8,48.94,61.83,66.74,74.25,85.76,98.39,104.98,100.61,105.74,116.1,125.88,124.29,143.53,153.09,157.75,161.17,168.58,181.26,193.57,206.6,219.68,233.52,247.75,261.92,277.11,294.75,333.11,367.6,394.38,415.21,432.95,447.51,459.91,470.32,479.66,487.87,495.51,502.18,508.52,514.01,519.15,523.62,527.62,530.89,533.67,535.78,537.21,537.78,537.37,536.05,533.49,529.66,524.86,519.07,512.31,504.81,496.98,488.62,480.2,471.95,463.91,456.26,448.85,441.77,434.98,428.29,421.8,415.34,408.81,402.48,396.29,390.24,384.5,379.09,373.94,369.14,364.8,360.77,357.12,355.63,356.34,357.74,359.44,361.25,359.25,348.23,345.01,343.16,341.35,339.57,337.79,335.94,334.22,332.48,330.81,329.09,327.38,325.7,324.15,322.56,321.02,319.45,317.92,316.43,315.05,313.63,312.25,310.9,309.58,308.33,307.06,305.81,304.64,303.53,302.44,301.28,300.24,299.21,298.17,297.21
20996,23,114.187,36.71,55.94,68.3,578.53,1024.86,962.79,931.07,945.92,970.38,991.34,939.49,923.92,940.4,962.33,939.45,859.69,844.76,857.37,853.9,800.49,804.69,776.18,742.1,707.63,698.02,698.48,699.78,699.45,698.91,697.9,699.61,697.19,699.53,697.06,698.8,695.45,699.43,696.78,699.67,699.58,700.03,699.59,699.52,699.82,699.75,699.88,699.62,699.6,699.72,699.97,699.77,699.98,699.59,700.02,699.18,699.86,699.57,699.93,699.91,699.92,699.94,699.93,699.97,699.88,699.9,699.91,699.86,699.86,699.98,699.79,699.99,699.72,700.03,699.85,700.03,699.88,700.32,699.96,699.63,699.24,699.1,699.68,701.02,700.92,700.71,700.37,679.46,552.25,418.05,286.87,157.07,42.25,26.31,29.79,44.1,38.06,28.53,26.84,26.11,24.9,24.97,24.75,25.03,24.84,25.36,24.78,25.03,25.12,25.19,25.2,25.23,25.03,25.07,25.04,25.05,25.03,25.12,25.22,25.33,24.87,25.04,25.21,25.18,25.27,25.54,25.39,24.85,25.02,-0.54,-0.45,-0.46,-0.52,0.48,12.11,23.12,35.82,48.85,61.68,66.54,74.13,85.46,98.06,104.47,100.13,105.42,115.91,125.41,123.82,142.78,152.95,157.9,161.25,168.79,181.47,193.73,206.93,219.83,233.49,247.81,262.03,277.29,294.89,333.02,367.53,394.11,415.01,432.76,447.26,459.68,470.31,479.67,487.86,495.42,502.26,508.43,513.88,518.88,523.47,527.41,530.72,533.53,535.65,537.04,537.72,537.56,536.04,533.5,529.78,524.93,519.05,512.39,504.9,497.13,488.81,480.49,472.29,464.33,456.69,449.43,442.44,435.74,429.15,422.62,416.19,409.74,403.42,397.18,391.17,385.41,379.96,374.82,369.98,365.54,361.46,357.81,356.28,356.99,358.34,359.96,361.77,359.7,348.75,345.55,343.68,341.86,340.03,338.3,336.46,334.7,333.01,331.32,329.59,327.95,326.28,324.65,323.05,321.54,319.95,318.49,316.97,315.58,314.11,312.8,311.48,310.22,308.86,307.68,306.45,305.27,304.04,303.06,301.89,300.83,299.82,298.87,297.85
20997,23,114.217,35.95,55.41,67.56,574.75,1024.16,961.87,930.79,945.7,970.35,991.81,940.07,924.49,940.81,962.94,940.46,860.08,844.5,856.74,853.03,799.56,803.91,775.88,741.76,708.12,697.71,698.67,699.92,699.53,698.92,697.94,699.31,697.28,699.06,697.56,699.4,694.96,699.08,697.76,699.7,699.34,699.89,700.04,699.19,699.91,700.01,700.04,699.86,699.85,699.28,699.96,699.99,699.65,699.61,699.87,699.63,699.92,699.45,699.89,699.98,699.95,699.95,699.93,700.02,700.03,699.97,699.86,700.0,699.98,699.99,699.76,699.91,699.97,699.97,699.97,699.44,700.04,700.18,699.78,699.36,699.31,699.0,699.94,701.23,700.97,700.66,700.51,679.14,552.01,418.22,286.77,156.86,42.24,26.45,30.11,44.35,37.61,28.41,26.56,25.76,25.3,25.08,24.88,24.72,24.79,24.85,24.9,25.3,25.34,25.1,25.03,25.16,25.02,24.98,24.95,25.08,25.2,25.29,25.43,24.92,25.22,25.27,25.27,25.24,25.18,25.5,24.8,24.95,25.02,-0.43,-0.49,-0.52,-0.52,0.4,11.95,23.0,35.77,48.87,61.75,66.65,74.2,85.65,98.19,104.82,100.54,105.74,116.11,125.75,124.09,143.56,153.78,158.34,161.95,169.31,181.8,194.2,207.39,220.5,234.2,248.6,262.74,278.08,296.09,334.56,368.58,395.41,415.99,433.81,448.14,460.48,470.96,480.07,488.34,495.85,502.62,508.86,514.38,519.33,523.64,527.48,530.89,533.58,535.48,536.81,537.26,536.78,535.28,532.55,528.59,523.71,517.74,510.92,503.32,495.36,487.05,478.69,470.51,462.52,454.8,447.42,440.39,433.6,426.87,420.34,413.8,407.27,400.88,394.66,388.69,382.97,377.55,372.33,367.55,363.18,359.25,355.69,354.24,354.93,356.29,357.91,359.67,357.63,346.73,343.5,341.61,339.85,338.01,336.24,334.47,332.69,330.99,329.25,327.52,325.84,324.19,322.64,321.07,319.54,317.93,316.42,314.94,313.56,312.11,310.74,309.43,308.11,306.77,305.63,304.41,303.3,302.11,301.0,299.91,298.81,297.83,296.74,295.89
20998,23,114.165,36.14,55.76,67.77,576.29,1025.11,963.84,932.13,946.62,971.42,993.37,942.91,927.5,944.32,966.27,944.07,863.77,849.09,860.95,858.0,803.24,806.95,777.83,742.29,708.49,697.86,698.59,699.67,699.69,699.05,698.18,699.93,697.18,699.79,697.07,698.07,696.25,699.53,696.35,699.81,699.54,700.06,699.44,699.57,699.65,700.04,700.01,699.96,699.9,699.85,699.58,699.89,699.6,699.67,700.02,699.4,699.83,699.59,699.79,699.96,699.89,699.88,699.92,699.91,699.96,699.97,700.0,699.91,699.97,699.76,699.8,700.06,699.69,699.57,700.27,699.95,699.53,699.2,699.17,700.4,700.54,700.17,699.94,699.67,699.44,699.32,699.1,681.26,554.75,419.89,288.4,158.14,43.46,25.96,29.81,43.97,38.07,28.4,26.7,25.67,25.34,25.23,25.0,24.85,24.75,24.84,25.03,25.17,25.17,25.13,25.04,25.47,24.86,24.99,24.94,25.1,25.05,25.23,25.35,25.15,25.21,25.1,25.03,25.08,25.51,25.36,24.67,25.05,25.41,-0.45,-0.48,-0.46,-0.45,0.16,11.02,22.26,35.01,48.17,61.09,66.11,73.77,85.33,97.9,104.62,100.27,105.42,116.01,125.9,124.16,143.65,153.29,157.56,160.9,167.99,180.51,192.76,205.76,218.88,232.43,246.51,260.46,275.43,290.94,323.36,360.04,387.85,409.82,428.23,443.5,456.2,467.08,476.77,485.3,493.12,500.18,506.52,512.29,517.41,521.92,525.93,529.25,532.16,534.29,535.69,536.24,535.9,534.47,531.96,528.17,523.25,517.38,510.59,503.08,495.18,486.76,478.3,469.97,461.89,454.12,446.84,439.71,432.9,426.28,419.71,413.18,406.84,400.56,394.41,388.47,382.69,377.35,372.22,367.36,363.01,359.0,355.29,353.65,354.27,355.6,357.2,358.89,356.85,345.9,342.72,340.77,339.01,337.15,335.38,333.59,331.88,330.15,328.37,326.69,325.03,323.34,321.79,320.25,318.65,317.12,315.59,314.07,312.66,311.3,309.93,308.53,307.34,305.99,304.81,303.53,302.43,301.32,300.14,299.02,298.05,296.95,295.98,294.99
20999,23,114.157,38.63,57.12,67.75,572.85,1025.95,967.23,935.72,950.11,974.42,996.1,944.89,929.05,945.34,967.2,947.02,865.33,848.83,861.07,858.23,803.39,807.11,778.09,743.01,708.31,698.07,698.65,699.64,699.83,698.5,698.42,699.92,697.22,699.83,696.54,698.15,696.39,699.59,696.51,699.88,699.48,699.91,699.28,698.86,699.76,699.84,699.94,699.91,699.48,699.86,699.96,699.27,699.79,700.01,699.22,699.65,699.7,699.46,699.94,700.03,699.96,700.0,699.98,699.96,699.98,699.96,700.05,699.95,699.98,699.9,700.02,699.91,700.06,699.73,699.75,700.14,699.69,699.36,699.32,700.48,700.37,700.04,699.76,699.58,699.28,699.16,699.05,682.04,554.37,419.83,288.17,158.45,43.3,26.08,29.65,43.98,38.23,28.41,26.44,25.86,25.45,25.17,24.92,24.99,24.7,25.08,24.97,25.33,25.18,25.26,25.27,24.99,24.78,25.05,25.14,25.27,25.26,25.11,25.33,25.16,25.17,24.92,25.23,25.3,25.57,25.12,24.95,25.1,25.17,-0.52,-0.43,-0.48,-0.49,0.16,11.13,22.41,35.14,48.31,61.26,66.25,73.89,85.4,98.01,104.91,100.5,105.67,116.07,125.95,124.06,143.53,153.17,157.56,160.79,167.96,180.49,192.6,205.63,218.48,232.13,246.09,260.09,274.95,289.63,319.73,357.17,385.45,407.69,426.43,441.91,454.97,465.99,475.7,484.21,492.16,499.29,505.54,511.31,516.58,521.28,525.28,528.72,531.66,533.82,535.29,535.95,535.75,534.41,531.9,528.19,523.42,517.61,510.88,503.38,495.55,487.29,478.8,470.49,462.36,454.61,447.17,440.15,433.3,426.66,420.11,413.62,407.33,401.02,394.95,388.99,383.3,377.94,372.82,367.98,363.52,359.46,355.7,354.16,354.75,356.02,357.64,359.34,357.32,346.34,343.15,341.14,339.44,337.57,335.87,333.95,332.23,330.53,328.84,327.14,325.54,323.82,322.19,320.72,319.11,317.57,316.07,314.61,313.18,311.71,310.4,309.1,307.69,306.5,305.27,303.95,302.85,301.67,300.51,299.52,298.4,297.33,296.42,295.33
21000,23,114.156,35.55,55.74,67.49,577.99,1026.58,967.27,935.69,950.11,975.04,997.14,946.04,929.51,945.99,970.16,947.45,866.03,850.38,862.49,859.98,805.01,808.33,778.93,743.25,707.84,697.74,698.89,699.56,699.99,697.89,698.46,699.92,697.22,699.69,696.95,697.6,697.48,699.11,696.06,699.71,699.83,699.68,699.55,699.85,699.8,700.08,699.85,699.88,699.75,699.7,699.75,699.85,699.78,699.72,699.67,699.48,699.65,699.69,699.54,699.82,699.86,699.94,699.95,699.99,699.99,699.97,699.82,700.0,700.04,699.94,699.95,700.11,699.92,699.77,700.05,699.67,700.17,700.15,699.76,699.41,699.18,699.27,700.45,700.4,700.12,699.84,699.67,681.49,554.89,419.82,288.17,158.1,43.47,26.04,29.86,43.51,38.54,28.63,26.37,25.92,25.38,25.08,24.96,24.76,24.92,24.84,24.86,25.01,25.14,25.23,25.41,25.0,24.82,25.05,25.23,25.26,25.18,25.21,25.18,25.18,25.23,25.09,25.2,25.24,25.47,24.98,25.14,25.05,25.24,-0.34,-0.38,-0.46,-0.48,0.24,11.53,22.7,35.53,48.79,61.8,66.84,74.31,85.83,98.38,105.28,100.91,106.12,116.59,126.56,124.79,144.27,153.99,158.23,161.21,168.48,181.05,193.26,206.27,219.08,232.72,246.54,260.61,275.44,290.76,322.06,358.95,386.77,409.13,427.43,442.85,455.75,466.81,476.5,485.0,492.82,499.83,506.22,511.85,517.06,521.64,525.64,529.16,531.91,534.04,535.43,536.07,535.73,534.31,531.66,528.04,523.19,517.38,510.63,503.08,495.2,486.79,478.39,470.01,461.91,454.2,446.76,439.69,432.91,426.22,419.74,413.35,406.91,400.68,394.59,388.72,383.06,377.71,372.61,367.82,363.36,359.38,355.75,354.15,354.86,356.27,357.83,359.59,357.51,346.6,343.38,341.48,339.65,337.94,336.11,334.23,332.51,330.85,329.13,327.47,325.82,324.18,322.6,321.0,319.43,317.86,316.38,314.84,313.46,312.09,310.71,309.35,308.03,306.8,305.56,304.36,303.13,302.0,300.87,299.76,298.72,297.67,296.64,295.6
21001,23,114.147,36.23,56.32,67.77,579.42,1027.66,967.88,936.64,951.3,976.15,998.17,946.63,931.29,947.79,968.67,947.21,866.12,850.33,862.63,860.06,805.24,808.53,778.94,743.58,707.95,697.7,699.04,699.48,699.74,698.39,698.53,700.15,696.9,700.02,696.87,697.99,697.49,698.9,696.45,699.79,699.57,699.2,699.78,699.99,699.13,699.92,699.59,699.85,700.07,699.96,699.79,699.93,699.51,699.84,699.59,699.87,699.8,699.86,699.97,699.86,699.92,699.96,700.01,699.91,699.98,700.02,699.92,700.08,699.87,700.04,699.97,699.95,700.07,699.57,700.06,699.93,699.46,699.49,700.49,700.24,699.82,699.6,699.34,699.21,699.07,700.14,701.87,681.18,553.69,419.47,288.15,158.17,43.47,25.82,29.86,43.79,38.34,28.46,26.51,25.86,25.41,25.05,24.88,25.36,24.41,24.56,24.8,25.07,25.29,25.37,25.38,25.09,24.81,24.94,25.02,25.09,25.0,25.32,25.13,25.24,25.23,25.1,25.28,25.12,25.5,25.21,25.16,25.29,25.19,-0.47,-0.35,-0.4,-0.42,0.22,11.42,22.77,35.61,48.83,61.85,66.95,74.55,86.06,98.64,105.46,101.07,106.24,116.77,126.61,125.04,144.7,153.94,158.17,161.3,168.24,181.01,193.12,206.18,219.19,232.83,246.84,260.66,275.51,291.07,323.27,359.91,387.39,409.6,427.76,442.86,455.68,466.77,476.51,485.0,492.68,499.68,506.01,511.66,516.85,521.45,525.47,528.92,531.58,533.85,535.17,535.67,535.31,533.84,531.18,527.29,522.29,516.34,509.5,501.94,494.03,485.56,477.09,468.72,460.66,452.9,445.56,438.46,431.69,425.08,418.48,411.94,405.63,399.34,393.15,387.32,381.58,376.25,371.1,366.38,361.99,358.04,354.29,352.85,353.46,354.92,356.56,358.28,356.24,345.19,341.95,340.16,338.37,336.53,334.8,332.97,331.26,329.56,327.88,326.2,324.45,322.84,321.27,319.77,318.17,316.71,315.17,313.64,312.19,310.91,309.53,308.24,306.91,305.62,304.39,303.22,302.02,300.84,299.76,298.72,297.59,296.53,295.59,294.63
21002,23,114.155,35.99,55.82,66.29,574.35,1026.34,967.6,936.64,951.29,976.0,998.57,948.21,933.73,947.54,969.17,947.77,866.63,851.16,863.08,860.57,805.4,808.37,779.21,742.76,708.62,697.49,698.34,699.65,699.72,698.87,698.33,699.89,697.4,699.94,696.89,697.82,696.94,699.49,696.13,699.73,699.57,699.75,699.06,699.47,699.32,700.02,699.87,699.83,699.85,699.79,700.08,699.72,699.93,699.69,699.67,700.05,699.77,699.92,699.98,700.01,699.96,700.0,699.96,699.95,700.01,699.91,699.86,700.03,699.78,699.98,699.85,699.96,700.01,699.99,699.96,699.99,700.03,699.86,699.58,700.09,700.01,699.69,699.48,699.7,700.26,700.1,699.78,681.35,554.59,419.89,288.3,158.29,43.55,26.0,30.05,44.0,38.17,28.31,26.54,25.96,25.44,25.12,25.27,24.67,24.41,24.69,25.02,25.14,25.42,25.52,25.29,24.98,24.83,25.06,25.09,25.06,25.33,25.36,25.21,25.06,25.11,24.99,25.2,25.68,25.11,25.25,25.21,25.0,25.16,-0.53,-0.48,-0.45,-0.47,0.26,11.67,23.0,35.86,49.01,62.07,67.19,74.6,86.2,98.73,105.58,101.14,106.32,116.74,126.66,124.33,143.04,153.76,157.9,161.1,168.07,180.54,192.9,206.12,219.21,232.54,246.35,260.35,275.1,289.97,318.61,355.94,384.35,407.02,425.75,441.26,454.31,465.48,475.24,483.79,491.79,499.08,505.37,511.22,516.42,521.03,525.19,528.76,531.6,533.73,535.32,536.01,535.72,534.34,531.94,528.29,523.52,517.73,510.93,503.44,495.53,487.21,478.72,470.21,462.19,454.32,447.02,439.97,433.17,426.45,419.89,413.33,407.0,400.78,394.6,388.7,382.98,377.59,372.39,367.6,363.23,359.14,355.51,354.01,354.66,356.0,357.68,359.47,357.37,346.6,343.4,341.46,339.77,337.92,336.17,334.34,332.6,330.84,329.13,327.52,325.85,324.23,322.65,321.05,319.53,317.96,316.45,314.86,313.45,312.13,310.8,309.47,308.1,306.89,305.59,304.34,303.21,302.09,300.92,299.86,298.82,297.77,296.69,295.7
21003,23,114.144,35.67,55.23,66.0,574.36,1026.86,967.3,936.83,951.56,976.13,998.41,948.11,930.54,946.65,968.94,948.4,867.19,851.05,863.05,860.95,804.95,808.39,779.21,743.67,708.27,697.48,699.09,699.43,699.73,698.01,698.77,700.08,697.03,699.95,696.51,697.94,697.1,699.34,696.2,699.7,699.63,699.81,699.74,699.48,699.63,700.09,699.83,699.71,699.91,699.86,699.55,699.85,699.97,699.39,699.95,699.2,699.78,699.5,699.71,699.86,699.94,699.92,699.96,699.89,699.95,699.91,699.98,699.95,700.01,699.96,700.06,699.8,699.55,700.03,699.7,700.05,699.88,700.18,699.87,699.62,699.4,700.43,700.25,699.99,699.79,699.48,699.46,681.49,555.77,420.57,288.79,159.04,43.94,25.82,29.61,43.84,38.08,28.51,26.63,26.04,25.38,25.19,25.2,24.74,24.66,25.02,25.15,25.21,25.03,25.31,24.98,24.9,25.04,25.11,25.07,25.19,25.41,24.83,25.07,25.22,25.26,25.26,25.25,25.27,25.19,25.08,25.11,25.04,25.14,-0.49,-0.4,-0.47,-0.51,0.17,11.32,22.71,35.49,48.63,61.73,66.85,74.34,85.88,98.54,105.46,101.08,106.11,116.66,126.54,124.38,143.42,153.56,157.84,160.85,167.68,180.38,192.4,205.44,218.18,232.0,245.93,259.83,274.52,289.28,317.46,354.92,383.57,406.32,425.2,440.99,453.93,465.15,475.09,483.76,491.56,498.74,505.26,511.04,516.35,521.02,525.08,528.62,531.61,533.57,535.18,535.79,535.67,534.31,531.87,528.17,523.38,517.69,511.0,503.52,495.58,487.27,478.76,470.42,462.38,454.52,447.1,439.92,433.22,426.46,419.98,413.45,407.05,400.75,394.64,388.73,382.99,377.51,372.42,367.58,363.14,359.09,355.41,353.77,354.4,355.77,357.48,359.11,357.19,346.28,343.03,341.17,339.34,337.51,335.73,333.94,332.25,330.46,328.77,327.08,325.35,323.75,322.25,320.74,319.12,317.54,316.05,314.52,313.12,311.65,310.25,309.0,307.71,306.43,305.24,304.01,302.81,301.68,300.48,299.4,298.42,297.26,296.33,295.28
21004,23,114.162,36.2,55.44,66.78,578.75,1027.42,967.99,937.2,952.03,976.59,999.24,947.82,931.32,947.29,969.17,947.41,866.34,850.61,862.77,860.52,804.64,808.15,778.9,743.57,708.55,697.88,698.49,699.6,699.67,699.3,698.64,700.03,697.13,699.83,696.7,698.26,697.07,699.26,696.23,699.73,699.62,699.73,699.24,699.79,699.7,700.14,699.25,699.92,699.84,700.1,699.46,699.87,699.64,699.59,699.62,699.93,699.51,699.77,699.93,699.91,699.95,699.98,699.93,700.01,699.83,699.97,700.04,699.94,699.96,699.92,699.81,699.95,699.83,700.1,699.79,699.83,700.04,699.77,700.06,699.89,699.66,700.29,700.22,699.93,699.66,699.44,699.29,681.55,555.61,420.49,288.83,159.02,44.09,25.67,29.76,44.02,38.13,28.39,26.43,25.8,25.38,25.24,25.04,24.88,24.88,25.05,24.88,25.04,25.19,25.33,25.16,25.2,25.17,25.08,25.03,25.29,25.02,24.98,25.14,25.14,25.12,25.24,25.24,25.08,24.98,25.24,25.17,25.32,25.33,-0.42,-0.41,-0.44,-0.43,0.38,12.0,23.32,36.11,49.24,62.27,67.3,74.84,86.39,98.98,105.88,101.42,106.64,117.06,127.02,124.96,144.05,154.05,158.38,161.36,168.32,180.81,193.07,206.21,219.58,232.91,247.01,260.97,275.69,291.07,323.61,360.19,387.66,409.75,427.97,443.19,455.91,466.95,476.67,485.17,492.93,499.87,506.23,511.94,517.0,521.54,525.46,528.78,531.57,533.71,535.13,535.69,535.34,533.85,531.23,527.5,522.54,516.54,509.7,502.16,494.16,485.73,477.27,468.91,460.92,453.13,445.73,438.66,431.78,425.19,418.76,412.27,405.84,399.47,393.31,387.38,381.68,376.25,371.13,366.27,361.9,357.81,354.22,352.64,353.32,354.71,356.41,358.09,356.19,345.23,342.02,340.17,338.46,336.6,334.88,333.11,331.39,329.66,327.91,326.3,324.61,322.97,321.42,319.91,318.27,316.8,315.23,313.74,312.39,311.03,309.65,308.26,306.97,305.75,304.42,303.33,302.15,300.95,299.88,298.79,297.69,296.64,295.67,294.6
21005,23,114.156,35.87,55.28,66.91,578.22,1027.24,967.5,936.68,951.29,976.23,998.49,947.44,930.68,946.84,968.57,947.5,866.57,850.59,862.77,860.6,805.19,808.75,779.02,743.7,708.59,697.84,698.86,699.35,700.03,698.08,698.5,700.18,697.13,699.92,696.53,698.13,697.02,699.18,696.43,699.76,699.68,699.62,699.44,699.87,699.57,700.03,699.85,699.8,700.01,699.39,699.7,699.59,699.78,699.67,699.84,699.55,699.57,699.79,699.91,700.0,699.94,699.99,699.96,699.91,700.01,699.89,700.0,699.91,700.06,699.94,700.0,699.99,699.82,700.06,699.98,700.33,699.98,699.57,699.36,699.04,700.06,700.43,700.07,699.85,699.55,699.36,699.32,681.48,555.53,420.55,288.88,158.89,43.82,25.83,29.78,43.66,38.16,28.54,26.55,25.98,25.26,25.4,24.78,24.83,24.71,24.94,25.02,25.36,25.41,24.89,24.86,24.97,25.04,25.06,25.12,25.13,25.17,25.16,25.21,25.19,25.18,25.13,25.19,25.18,25.19,25.21,25.29,25.34,25.24,-0.49,-0.42,-0.45,-0.45,0.33,11.57,22.77,35.52,48.73,61.67,66.86,74.36,86.0,98.57,105.37,100.91,106.06,116.64,126.71,125.08,144.55,153.97,158.21,161.21,168.23,180.83,193.14,206.07,218.99,232.64,246.47,260.45,275.23,290.44,321.65,358.52,386.36,408.74,427.2,442.55,455.45,466.6,476.34,484.85,492.6,499.62,505.98,511.83,517.01,521.72,525.72,529.17,532.06,534.24,535.63,536.42,536.22,534.95,532.5,528.9,524.13,518.34,511.62,504.21,496.36,487.96,479.47,471.14,463.0,455.19,447.77,440.64,433.84,427.08,420.54,414.06,407.61,401.31,395.14,389.27,383.49,378.02,372.87,368.04,363.62,359.55,355.8,354.13,354.76,356.12,357.71,359.41,357.36,346.39,343.13,341.28,339.49,337.67,335.87,334.05,332.32,330.58,328.88,327.16,325.49,323.94,322.18,320.67,319.13,317.62,316.03,314.61,313.1,311.74,310.33,309.02,307.7,306.46,305.19,303.93,302.84,301.61,300.54,299.45,298.35,297.32,296.23,295.21
21006,23,114.15,35.15,54.12,64.74,570.05,1024.93,966.62,936.35,950.73,975.09,996.9,945.43,929.49,945.66,967.55,946.11,865.28,849.63,861.73,859.43,804.55,807.91,778.71,743.05,708.27,697.92,698.6,699.46,699.73,698.5,698.45,700.11,697.07,699.98,696.72,697.88,696.34,699.53,696.04,699.79,699.72,700.01,699.86,698.57,699.87,699.72,700.11,699.79,699.53,699.93,700.13,699.38,700.01,699.75,699.29,699.58,699.89,699.68,699.96,699.98,699.94,699.97,699.96,699.93,699.98,699.92,699.83,699.97,699.99,700.04,699.95,699.95,699.98,699.98,699.98,699.92,699.96,699.94,699.93,700.11,699.74,699.57,700.04,699.86,699.78,700.36,700.15,681.36,554.49,419.77,288.2,158.29,43.4,25.94,29.41,44.16,37.95,28.44,26.66,26.02,25.71,25.12,24.6,24.76,24.99,25.12,25.22,26.01,24.77,24.83,24.9,25.06,25.02,25.2,25.52,24.85,24.93,25.1,25.16,25.25,25.25,25.34,24.91,25.11,25.11,25.21,25.27,25.28,25.36,-0.5,-0.47,-0.56,-0.57,0.09,11.24,22.51,35.45,48.63,61.61,66.78,74.31,85.83,98.43,105.29,100.88,105.97,116.4,126.21,124.22,143.32,153.28,157.61,160.67,167.78,180.45,192.4,205.44,218.58,232.13,245.92,259.83,274.71,289.06,316.9,354.47,383.36,406.07,425.12,440.77,453.98,465.25,475.08,483.79,491.9,499.11,505.52,511.26,516.55,521.09,525.17,528.66,531.59,533.82,535.22,536.02,535.79,534.47,532.07,528.55,523.64,517.82,511.08,503.58,495.69,487.31,478.84,470.5,462.32,454.55,447.04,439.83,433.0,426.39,419.84,413.32,406.95,400.69,394.62,388.73,383.07,377.63,372.54,367.77,363.29,359.19,355.53,353.87,354.58,355.96,357.49,359.28,357.25,346.36,343.16,341.28,339.46,337.64,335.85,334.03,332.27,330.62,328.91,327.19,325.55,323.91,322.29,320.71,319.17,317.62,316.05,314.66,313.22,311.76,310.38,309.0,307.78,306.48,305.21,304.04,302.84,301.67,300.51,299.46,298.41,297.29,296.32,295.27
21007,23,114.19,34.97,54.25,66.14,577.12,1026.87,967.0,936.01,950.86,975.69,997.3,945.94,929.06,944.94,966.84,945.23,864.64,849.04,861.22,859.28,803.88,807.59,778.49,743.56,708.05,697.69,698.63,699.57,699.83,699.05,698.12,699.81,697.32,699.98,696.14,698.42,697.06,699.11,696.14,699.92,699.7,699.69,699.44,699.79,699.25,700.06,699.61,699.85,699.79,699.5,699.86,699.74,699.94,699.61,699.96,699.98,699.83,699.72,699.94,699.92,699.83,699.94,700.03,700.02,699.89,699.91,699.93,699.91,699.89,700.03,699.89,700.05,699.63,699.82,699.85,699.95,699.96,699.63,700.21,700.15,699.79,699.53,699.28,699.01,699.75,700.91,700.71,681.45,554.8,420.22,288.83,158.75,44.02,25.65,29.6,44.28,37.69,28.34,26.43,25.95,25.2,25.11,24.82,24.95,24.89,25.2,25.63,24.97,24.84,25.13,25.16,25.16,25.15,25.58,24.86,24.88,24.98,24.99,25.1,25.28,25.54,25.09,25.12,25.18,24.99,25.33,25.38,25.42,25.12,-0.54,-0.49,-0.55,-0.55,0.12,11.27,22.53,35.33,48.59,61.53,66.72,74.17,85.66,98.3,105.25,100.84,105.88,116.45,126.28,124.26,143.47,153.64,158.02,160.88,168.21,180.75,192.96,206.01,218.26,230.69,244.02,258.19,273.44,289.1,319.93,357.37,385.4,407.87,426.4,441.94,454.93,466.22,476.0,484.54,492.3,499.46,505.79,511.68,516.92,521.61,525.62,528.99,531.85,534.04,535.46,536.19,535.85,534.54,531.94,528.25,523.39,517.55,510.77,503.23,495.34,486.98,478.47,470.15,462.01,454.34,446.85,439.82,432.97,426.36,419.78,413.34,406.9,400.67,394.62,388.6,382.93,377.61,372.35,367.57,363.18,359.05,355.35,353.84,354.53,355.85,357.44,359.25,357.18,346.26,343.05,341.18,339.25,337.49,335.76,333.95,332.23,330.59,328.74,327.07,325.43,323.82,322.16,320.64,319.1,317.54,316.02,314.51,313.18,311.74,310.36,309.06,307.73,306.46,305.14,304.04,302.81,301.63,300.5,299.42,298.32,297.32,296.24,295.3
21008,23,114.19,35.26,54.33,65.57,572.69,1025.61,966.25,934.87,949.41,974.17,996.17,944.77,928.72,944.61,966.19,944.43,863.45,847.55,859.68,857.02,802.47,806.47,777.22,741.69,708.27,697.66,698.96,699.47,699.87,698.35,698.4,700.11,697.12,700.05,696.42,698.59,696.44,699.6,696.46,699.94,699.58,700.04,699.12,699.11,699.85,699.85,699.98,700.01,699.72,699.84,699.83,699.66,699.87,699.49,699.82,699.75,699.89,699.48,699.86,699.92,700.07,699.95,699.98,699.97,699.95,699.94,699.94,699.94,699.96,700.01,699.98,699.91,700.05,699.66,699.95,699.79,699.52,700.02,699.95,699.58,699.95,700.26,699.88,699.56,699.34,699.2,700.33,681.54,554.45,419.93,288.19,158.33,43.43,25.87,29.55,44.22,37.8,28.36,26.62,26.32,24.96,24.97,25.12,25.09,24.96,24.91,25.13,25.15,25.12,25.12,25.19,25.12,25.47,25.01,24.95,25.22,25.13,25.33,25.19,25.3,25.04,24.97,25.24,25.3,25.37,25.37,25.79,24.94,24.82,-0.56,-0.5,-0.56,-0.58,0.22,11.58,22.68,35.39,48.5,61.54,66.54,74.07,85.59,98.23,105.01,100.66,105.79,116.21,126.16,124.37,143.79,153.0,156.93,160.24,167.72,180.81,193.18,206.06,218.99,232.61,246.67,260.42,275.42,290.02,319.8,357.34,385.84,408.28,426.99,442.51,455.55,466.5,476.33,484.9,492.75,500.0,506.57,512.3,517.49,522.13,526.29,529.87,532.76,534.97,536.55,537.26,537.2,536.01,533.61,530.14,525.49,519.84,513.32,505.9,498.15,489.83,481.45,473.07,465.03,457.28,449.88,442.76,435.97,429.39,422.86,416.46,410.1,403.77,397.75,391.86,386.24,380.85,375.74,370.97,366.61,362.56,358.83,357.29,357.94,359.29,360.88,362.65,360.69,349.81,346.6,344.66,342.88,341.11,339.34,337.55,335.76,334.11,332.38,330.72,329.11,327.42,325.8,324.33,322.74,321.27,319.7,318.23,316.86,315.36,314.1,312.67,311.44,310.18,308.92,307.71,306.63,305.38,304.26,303.2,302.13,301.11,300.06,299.09
21009,23,114.182,35.41,54.67,65.56,574.81,1025.83,966.02,934.52,948.86,973.26,994.93,944.13,928.04,944.15,966.11,944.07,863.54,847.91,860.1,858.23,803.04,807.0,777.92,743.17,708.57,697.83,698.96,699.84,699.63,698.79,698.37,699.94,697.21,699.58,696.82,698.48,695.84,699.54,696.62,699.65,699.68,699.94,699.85,699.54,699.95,699.89,699.86,699.8,699.49,699.89,699.65,699.53,699.67,699.68,699.9,699.56,699.45,699.79,699.48,699.97,699.98,699.99,699.93,699.88,700.03,699.93,699.97,699.96,699.98,699.67,699.96,699.93,700.14,699.76,699.67,699.95,699.72,699.56,700.41,700.18,699.87,699.58,699.37,699.16,699.09,701.33,701.56,680.76,553.67,419.42,288.13,158.33,43.41,25.95,29.59,44.06,38.04,28.31,27.12,25.55,25.23,25.23,25.07,25.05,24.97,26.44,24.05,24.27,24.71,25.18,25.34,25.43,25.6,24.66,24.86,25.16,25.07,25.29,25.36,25.27,24.95,25.09,25.23,25.26,25.33,25.3,25.24,25.18,25.02,-0.55,-0.48,-0.54,-0.59,0.07,11.37,22.59,35.4,48.66,61.65,66.71,74.18,85.69,98.3,105.07,100.7,105.89,116.4,126.14,124.22,143.82,153.67,157.96,161.04,168.17,180.79,193.03,206.11,219.19,232.92,247.03,260.98,276.05,291.61,326.08,362.08,389.58,411.12,429.41,444.39,457.1,468.02,477.5,486.06,493.75,500.52,506.96,512.65,517.53,522.0,526.07,529.42,532.26,534.48,535.78,536.47,536.06,534.69,532.07,528.36,523.53,517.7,510.93,503.38,495.62,487.2,478.71,470.39,462.38,454.66,447.3,440.21,433.42,426.68,420.14,413.51,407.06,400.66,394.38,388.38,382.58,377.2,372.07,367.2,362.96,358.88,355.26,353.87,354.6,356.0,357.73,359.52,357.55,346.67,343.49,341.64,339.78,338.11,336.3,334.46,332.79,331.02,329.32,327.57,325.94,324.28,322.7,321.11,319.54,317.99,316.54,315.02,313.61,312.19,310.77,309.49,308.13,306.87,305.65,304.47,303.35,302.12,301.02,299.93,298.82,297.83,296.72,295.79
21010,23,114.184,35.56,55.23,68.56,579.77,1026.87,966.88,935.53,949.97,974.49,996.62,945.63,929.06,945.42,967.5,946.91,867.32,851.61,861.23,858.86,803.54,807.25,778.53,743.23,708.24,697.86,698.68,699.59,699.84,698.48,698.53,700.01,697.0,700.01,696.61,698.37,696.45,699.51,696.39,699.72,699.6,699.68,699.29,699.68,699.32,699.9,699.83,699.91,699.86,699.71,699.91,699.71,699.83,700.0,699.79,699.82,699.05,699.75,699.67,699.91,699.97,699.97,700.04,699.95,700.01,699.97,700.06,700.01,699.91,699.91,699.85,699.9,699.92,699.91,700.05,699.98,700.08,700.06,700.21,699.82,699.52,699.24,700.02,700.33,700.0,699.74,699.47,681.65,555.57,420.68,288.68,158.74,43.79,25.86,29.78,43.82,38.1,28.38,26.58,25.7,25.14,25.15,24.88,24.93,25.14,24.73,24.78,25.16,25.12,25.29,25.19,25.88,24.55,24.81,25.05,25.23,25.23,25.52,25.56,24.88,25.16,25.11,25.32,25.4,25.37,25.29,25.07,25.15,25.16,-0.43,-0.43,-0.43,-0.47,0.2,11.51,22.75,35.46,48.59,61.68,66.71,74.19,85.61,98.32,105.13,100.83,105.94,116.47,126.24,124.22,143.53,153.71,157.85,160.93,168.19,180.64,192.94,205.94,219.0,232.68,246.77,260.66,275.6,291.37,326.12,362.21,389.5,411.16,429.09,444.21,456.71,467.63,477.23,485.63,493.38,500.4,506.77,512.44,517.65,522.11,526.29,529.67,532.51,534.69,536.11,536.77,536.41,535.05,532.58,528.93,524.07,518.28,511.69,504.14,496.4,488.01,479.65,471.24,463.28,455.49,448.01,441.02,434.25,427.56,421.04,414.58,408.16,401.85,395.69,389.85,384.12,378.76,373.67,368.88,364.48,360.49,356.76,355.15,355.81,357.07,358.81,360.48,358.49,347.57,344.48,342.64,340.75,339.0,337.14,335.44,333.61,331.87,330.17,328.52,326.82,325.13,323.55,322.03,320.48,318.91,317.38,315.92,314.44,312.99,311.65,310.37,309.01,307.8,306.53,305.34,304.15,303.01,301.91,300.72,299.8,298.61,297.64,296.67
21011,23,114.188,36.63,56.14,69.86,585.22,1027.7,966.81,935.2,949.76,974.61,997.0,945.71,929.2,945.76,967.55,945.12,864.49,849.35,861.62,858.71,803.49,807.3,778.37,742.77,708.24,698.04,698.6,699.53,699.87,698.63,698.45,700.05,697.09,700.15,696.44,697.98,697.29,699.01,696.91,699.88,699.76,698.78,699.88,700.11,699.27,699.78,700.04,699.91,699.82,699.9,700.01,699.37,699.83,699.92,699.43,699.7,699.84,699.74,699.97,699.96,699.96,699.95,699.9,699.98,699.89,699.94,699.98,700.01,699.99,700.01,699.95,699.96,699.91,699.94,699.86,699.93,699.94,699.95,699.98,699.97,699.92,700.25,700.06,699.78,699.51,699.33,699.22,681.28,555.15,419.58,288.03,158.22,43.4,25.71,29.99,44.16,37.87,28.29,26.31,25.71,25.36,25.3,24.94,24.91,25.46,24.68,24.72,24.95,25.17,25.33,25.55,25.14,24.95,25.0,24.88,24.98,25.17,25.47,25.14,25.26,24.98,25.16,25.07,25.28,25.32,25.16,25.18,25.08,25.05,-0.37,-0.37,-0.51,-0.43,0.43,11.96,23.13,35.9,49.09,62.06,67.04,74.6,85.96,98.67,105.34,100.91,106.07,116.61,126.4,124.51,143.94,153.99,158.4,161.31,168.79,181.29,193.28,206.6,219.65,233.28,247.43,261.6,276.49,293.49,330.2,365.22,391.5,413.14,430.59,445.49,457.78,468.59,478.06,486.37,493.92,500.91,507.16,512.87,518.04,522.53,526.47,529.78,532.54,534.65,536.03,536.56,536.29,534.89,532.38,528.66,523.86,518.04,511.23,503.76,495.93,487.57,479.17,470.88,462.8,455.18,447.89,440.79,434.0,427.46,420.9,414.44,408.03,401.76,395.73,389.76,384.08,378.69,373.68,368.94,364.55,360.51,356.76,355.24,355.96,357.23,358.8,360.56,358.53,347.62,344.49,342.53,340.79,339.02,337.25,335.48,333.7,331.99,330.35,328.65,326.99,325.32,323.78,322.15,320.62,319.02,317.5,316.07,314.66,313.3,311.9,310.51,309.26,307.95,306.81,305.59,304.39,303.2,302.1,301.1,300.01,298.96,297.97,297.0
21012,23,114.205,36.08,55.64,68.95,586.53,1028.33,966.62,934.68,949.08,973.95,995.81,944.55,928.38,945.33,969.16,946.15,864.19,848.26,860.22,858.26,803.06,806.91,778.14,742.92,708.42,697.97,698.68,699.51,699.75,698.53,698.2,699.94,697.4,699.84,696.9,697.97,696.9,699.31,696.53,699.8,699.65,699.06,699.5,700.12,699.17,699.82,699.77,699.63,699.83,699.86,699.56,699.98,699.93,699.32,699.65,699.96,699.85,699.66,699.97,699.87,699.93,700.03,700.01,699.89,699.88,700.0,700.04,699.93,699.92,699.96,699.91,700.0,699.97,700.06,699.73,699.59,700.12,699.83,699.51,700.26,700.21,699.82,699.59,699.31,699.17,699.06,700.34,682.38,555.12,420.24,288.8,158.93,44.05,25.78,29.98,44.45,37.65,28.13,26.46,25.9,25.39,25.22,24.91,24.9,24.81,24.76,24.91,25.12,25.3,25.16,25.45,24.92,25.05,24.98,25.03,25.05,25.22,25.21,25.23,25.23,25.12,25.12,25.21,25.24,25.47,25.23,25.21,25.08,25.01,-0.39,-0.43,-0.35,-0.44,0.44,11.89,23.15,35.92,49.15,62.07,67.14,74.77,86.05,98.75,105.55,101.13,106.13,116.55,126.47,124.58,143.91,154.03,158.52,161.64,169.05,181.78,193.89,207.08,220.11,233.99,248.08,262.45,277.67,297.05,336.5,370.3,395.86,416.69,433.85,448.16,460.24,470.8,479.89,488.15,495.59,502.36,508.33,513.93,518.97,523.49,527.22,530.59,533.3,535.33,536.68,537.37,537.01,535.55,532.92,529.08,524.11,518.15,511.43,503.81,496.0,487.71,479.28,470.91,463.05,455.37,448.07,440.97,434.26,427.6,421.13,414.63,408.29,402.02,395.84,389.85,384.2,378.75,373.64,368.95,364.52,360.49,356.8,355.22,355.86,357.21,358.8,360.58,358.5,347.55,344.37,342.49,340.72,338.91,337.12,335.32,333.54,331.87,330.14,328.41,326.74,325.05,323.52,321.96,320.37,318.84,317.3,315.79,314.43,312.98,311.61,310.26,308.97,307.64,306.49,305.2,304.09,302.9,301.77,300.7,299.63,298.61,297.59,296.55
21013,23,114.216,36.33,55.54,67.73,581.22,1026.0,965.16,933.74,948.62,973.6,995.21,943.86,928.35,947.06,967.75,943.81,863.39,848.22,860.29,857.1,802.76,806.33,777.68,742.67,707.79,697.82,698.65,699.79,699.68,698.79,698.33,699.93,697.28,699.64,697.15,698.59,695.96,699.74,696.7,699.48,699.64,699.79,699.42,699.89,699.52,700.11,700.03,699.47,699.84,700.05,699.9,699.77,699.54,699.79,699.57,699.31,699.68,699.87,699.73,699.98,699.99,699.92,699.93,700.02,699.98,699.9,700.01,699.95,699.86,699.86,699.87,700.05,699.68,699.95,699.98,700.0,699.98,700.11,699.93,699.7,700.32,700.12,699.86,699.46,699.41,699.18,699.06,681.67,553.92,419.0,287.44,157.52,42.7,26.17,29.9,44.12,38.16,28.51,26.6,26.02,25.49,25.07,24.77,24.79,24.66,24.77,25.09,25.16,25.2,25.2,25.34,25.07,24.98,25.02,25.1,25.1,25.2,25.46,25.05,25.19,25.31,25.03,25.16,25.23,25.28,25.32,25.07,25.13,25.06,-0.44,-0.35,-0.43,-0.47,0.48,11.98,23.27,35.99,49.11,62.1,67.04,74.56,86.03,98.67,105.14,100.85,105.97,116.44,126.19,124.03,143.17,153.92,158.23,161.37,168.79,181.43,193.83,206.93,219.94,233.75,248.15,262.09,277.04,294.92,333.0,367.61,394.02,414.99,432.46,447.04,459.39,469.92,479.37,487.63,495.28,502.05,508.15,513.53,518.62,523.24,527.05,530.4,533.11,535.03,536.27,536.83,536.44,534.99,532.3,528.42,523.49,517.48,510.65,503.23,495.27,486.88,478.45,470.2,462.29,454.53,447.22,440.1,433.35,426.73,420.19,413.72,407.3,400.95,394.78,388.79,383.11,377.63,372.65,367.84,363.45,359.51,355.85,354.39,355.05,356.41,358.06,359.78,357.88,346.86,343.72,341.91,340.1,338.25,336.42,334.71,332.87,331.21,329.46,327.76,326.07,324.42,322.83,321.27,319.77,318.2,316.65,315.24,313.8,312.38,311.02,309.67,308.32,307.15,305.85,304.73,303.51,302.36,301.25,300.18,299.14,298.16,297.11,296.14
21014,23,114.221,36.74,56.61,68.68,579.59,1026.23,964.63,933.65,948.49,973.47,995.19,943.83,928.92,944.72,966.06,944.46,863.92,848.52,860.73,857.29,802.67,806.5,777.71,742.66,707.61,697.78,698.93,699.74,699.74,698.27,698.78,700.03,697.07,699.88,696.69,698.56,696.36,699.54,696.48,699.55,699.69,699.92,699.41,699.66,699.66,700.03,700.01,699.62,700.12,699.56,699.86,699.73,699.92,699.49,699.9,699.87,699.55,699.67,699.65,699.84,699.92,700.01,700.01,699.92,699.83,699.86,699.96,699.77,699.92,699.88,700.08,699.83,700.16,699.75,699.57,700.05,699.84,699.89,699.87,700.15,699.76,699.59,699.87,700.64,700.39,699.97,699.73,681.12,554.05,419.16,287.4,157.4,42.8,26.18,30.17,44.56,37.5,28.0,26.38,25.86,25.48,25.1,25.04,24.91,24.81,24.9,24.81,25.19,25.19,25.5,24.97,25.11,24.98,25.18,25.0,25.03,26.01,24.78,24.9,25.24,25.07,25.31,25.36,25.31,25.09,25.11,25.08,25.22,25.3,-0.48,-0.51,-0.43,-0.47,0.33,11.7,22.91,35.6,48.84,61.73,66.76,74.3,85.85,98.43,105.05,100.74,105.84,116.43,126.21,124.02,143.34,153.69,158.1,161.22,168.54,181.32,193.78,207.09,219.91,233.75,247.97,261.84,276.99,293.4,329.62,365.07,391.96,413.26,431.05,445.67,458.19,468.85,478.39,486.74,494.28,501.22,507.53,513.03,518.13,522.68,526.57,530.01,532.78,534.76,536.21,536.95,536.66,535.18,532.61,528.94,524.07,518.27,511.54,504.16,496.35,487.98,479.66,471.25,463.26,455.44,448.04,440.99,434.15,427.5,420.89,414.41,407.86,401.42,395.28,389.17,383.47,378.11,372.91,368.17,363.7,359.76,356.17,354.61,355.41,356.79,358.5,360.33,358.32,347.51,344.27,342.41,340.68,338.74,336.99,335.21,333.41,331.73,330.05,328.21,326.57,324.94,323.42,321.79,320.15,318.65,317.19,315.65,314.23,312.79,311.45,310.14,308.81,307.48,306.26,305.05,303.89,302.76,301.62,300.54,299.49,298.5,297.47,296.43
21015,23,114.174,36.91,56.54,69.06,585.81,1027.55,966.37,934.94,949.48,974.97,997.36,947.39,932.12,946.94,968.95,947.18,866.67,851.39,863.73,860.65,805.43,808.33,778.97,743.28,707.9,697.61,698.91,699.3,699.73,697.97,698.36,699.94,697.24,699.92,696.52,697.87,698.48,698.03,697.46,699.91,699.6,698.69,699.74,699.94,699.23,699.82,700.0,699.68,699.76,700.06,699.66,699.69,699.69,699.69,699.95,700.0,699.59,700.0,700.04,700.02,699.99,699.97,699.89,699.99,700.11,700.05,699.87,699.98,700.13,699.81,700.07,699.63,699.75,700.01,699.88,700.04,699.96,700.03,699.69,699.99,700.17,699.87,699.73,699.45,699.27,699.12,700.49,681.35,553.6,418.78,287.41,157.67,42.88,25.89,30.28,44.78,37.46,27.95,26.55,25.99,25.47,25.01,24.89,24.89,24.59,24.71,24.95,25.08,25.32,25.36,25.19,25.15,25.13,24.91,25.02,24.89,25.35,24.86,25.11,25.26,25.31,25.36,25.29,25.36,25.4,25.15,25.0,25.19,25.08,-0.39,-0.4,-0.5,-0.45,0.58,12.39,23.56,36.28,49.37,62.35,67.31,74.87,86.35,98.89,105.68,101.23,106.44,117.04,126.89,124.7,143.7,154.19,158.51,161.48,168.66,181.35,193.49,206.48,219.52,233.06,247.02,261.2,275.81,291.77,324.86,360.93,388.05,410.45,428.08,443.39,455.93,466.92,476.47,484.98,492.72,499.72,505.91,511.56,516.73,521.43,525.41,528.79,531.46,533.64,535.1,535.7,535.46,534.05,531.4,527.63,522.76,516.9,510.0,502.57,494.66,486.21,477.83,469.45,461.25,453.55,446.06,439.05,432.36,425.66,419.18,412.66,406.34,400.15,394.04,388.26,382.52,377.24,372.16,367.41,362.93,358.95,355.39,353.75,354.45,355.7,357.46,359.06,357.02,346.22,342.94,340.98,339.26,337.49,335.61,333.89,332.12,330.5,328.63,327.07,325.4,323.82,322.17,320.68,319.02,317.55,316.02,314.61,313.1,311.8,310.34,309.08,307.82,306.5,305.29,304.12,302.9,301.8,300.65,299.6,298.44,297.55,296.42,295.51
21016,23,114.167,37.13,56.21,67.21,577.69,1027.77,968.3,936.96,952.04,976.34,998.51,948.18,930.66,946.63,968.75,947.8,866.79,850.88,863.03,860.58,804.87,807.9,779.21,743.17,708.66,697.94,698.3,699.55,699.79,698.25,698.58,700.0,697.15,699.95,697.21,697.76,697.17,699.45,696.35,699.89,699.63,699.92,699.59,699.75,699.87,700.09,699.93,699.68,699.88,699.62,699.74,699.84,699.76,699.65,699.79,699.84,699.88,699.72,700.0,699.95,699.99,699.97,699.92,699.83,699.89,699.89,699.96,699.84,699.87,700.01,699.97,699.84,699.93,700.04,699.92,700.0,699.75,699.92,699.91,700.15,699.84,700.03,700.21,699.73,699.52,700.26,700.35,681.77,555.12,420.4,288.75,158.94,43.77,25.93,29.62,44.04,37.79,28.27,26.71,26.04,25.27,25.24,25.1,24.73,24.7,24.81,24.99,25.28,25.15,25.19,24.97,25.2,25.02,25.21,25.18,25.31,25.55,25.05,25.14,25.24,25.03,25.17,25.16,25.11,25.13,25.16,25.27,25.22,25.12,-0.4,-0.39,-0.46,-0.43,0.23,11.68,22.97,35.78,49.08,62.0,67.05,74.62,86.15,98.74,105.71,101.28,106.39,116.78,126.72,124.23,142.84,153.8,157.97,161.22,168.15,180.51,192.78,205.97,218.73,232.43,246.4,260.45,275.54,290.86,321.95,358.67,386.65,408.86,427.4,442.7,455.52,466.45,476.12,484.77,492.59,499.7,505.95,511.75,516.83,521.46,525.36,528.91,531.72,533.83,535.18,535.83,535.56,534.06,531.47,527.77,522.86,517.03,510.32,502.81,494.92,486.39,477.82,469.6,461.48,453.76,446.29,439.08,432.3,425.61,419.04,412.56,406.25,399.93,393.81,387.78,382.11,376.73,371.62,366.81,362.38,358.26,354.54,352.97,353.72,354.98,356.75,358.45,356.43,345.43,342.16,340.31,338.55,336.76,334.98,333.24,331.48,329.7,327.99,326.33,324.7,323.05,321.4,319.92,318.4,316.79,315.31,313.86,312.43,311.03,309.57,308.24,306.96,305.68,304.51,303.12,302.04,300.89,299.74,298.7,297.6,296.48,295.38,294.43
21017,23,114.158,36.36,55.62,68.13,583.56,1028.35,968.17,937.07,951.95,977.1,1000.15,950.3,931.97,948.29,970.43,948.31,867.43,851.83,864.37,861.23,806.78,809.46,779.57,743.58,707.94,697.56,699.18,699.28,700.11,697.81,698.48,699.9,696.68,700.01,696.35,698.23,698.58,697.37,697.53,699.68,699.76,698.8,700.04,700.15,699.52,699.79,700.07,699.35,699.84,699.89,699.8,699.67,699.78,699.67,699.92,699.88,699.6,699.79,699.98,699.95,699.96,699.89,699.96,699.96,699.99,700.0,699.92,700.05,699.97,699.99,699.94,699.97,699.95,699.92,699.96,700.05,699.76,700.12,700.17,699.76,699.56,699.25,699.25,700.51,700.52,700.17,699.97,680.98,554.23,418.8,287.33,157.65,42.58,26.08,30.05,45.08,36.88,28.08,26.44,25.9,25.41,25.03,25.76,24.42,24.54,24.62,25.07,25.21,25.33,25.84,24.93,24.86,25.08,25.1,25.1,25.13,25.28,25.23,25.07,25.02,25.14,25.19,25.32,25.01,25.35,25.09,25.26,25.39,25.38,-0.59,-0.56,-0.56,-0.57,0.31,11.99,23.16,36.03,49.21,62.04,67.36,74.93,86.44,99.21,105.89,101.56,106.67,117.28,127.2,125.57,145.15,154.57,158.55,161.6,168.67,181.51,193.4,206.42,219.48,233.28,247.04,261.12,275.78,290.79,321.47,358.37,386.03,408.77,426.77,442.28,455.03,465.95,475.84,484.5,492.1,499.15,505.5,511.16,516.39,521.02,524.92,528.4,531.26,533.35,534.77,535.3,534.99,533.6,530.93,527.24,522.33,516.33,509.59,501.92,493.93,485.61,477.1,468.63,460.57,452.79,445.26,438.2,431.38,424.64,418.14,411.7,405.37,399.06,393.01,387.2,381.45,376.13,371.02,366.25,361.86,357.74,354.03,352.41,353.17,354.49,356.08,357.96,355.79,344.87,341.73,339.86,337.95,336.21,334.42,332.6,330.96,329.17,327.42,325.83,324.12,322.45,320.99,319.41,317.77,316.18,314.82,313.35,311.84,310.41,309.01,307.77,306.52,305.26,304.01,302.73,301.53,300.32,299.34,298.2,297.14,296.03,295.07,294.01
21018,23,114.143,36.4,56.22,68.4,585.78,1029.57,970.82,939.17,953.92,978.48,1002.01,951.06,934.11,950.19,971.97,951.16,869.9,853.71,865.61,864.07,807.19,810.17,780.54,744.1,709.09,697.78,699.02,699.4,700.19,698.01,698.52,699.9,696.98,699.88,696.28,698.35,699.01,696.83,697.85,699.53,699.91,698.55,700.01,700.01,699.13,699.71,700.03,699.8,699.78,699.94,699.47,699.76,699.65,699.45,699.88,699.58,699.46,699.63,699.73,699.94,699.91,699.91,700.01,699.97,699.91,699.97,699.94,700.01,699.91,699.97,699.93,699.91,700.06,699.76,699.73,700.02,699.88,699.96,699.69,700.05,700.1,699.73,699.53,699.57,700.54,700.39,700.01,682.3,556.3,420.94,289.3,159.42,43.58,25.95,29.84,44.61,37.58,28.37,26.51,25.78,25.21,25.11,24.83,25.08,24.97,25.03,25.07,25.14,25.33,25.36,24.7,24.93,25.04,25.11,25.27,25.15,25.38,25.07,25.2,25.12,25.28,25.27,25.74,24.88,24.9,25.24,25.18,25.35,25.26,-0.44,-0.43,-0.37,-0.43,0.21,11.85,23.29,36.1,49.45,62.37,67.55,75.1,86.69,99.5,106.16,101.9,106.97,117.49,127.48,124.98,143.75,154.35,158.75,161.62,168.49,181.1,193.31,206.35,219.29,232.99,246.81,260.75,275.21,290.4,319.32,356.45,384.2,407.09,425.22,440.94,453.77,465.01,474.89,483.73,491.34,498.61,504.9,510.71,515.94,520.6,524.57,527.91,530.45,532.73,534.09,534.69,534.31,532.85,530.26,526.44,521.68,515.71,508.89,501.32,493.38,484.93,476.37,468.03,459.92,452.17,444.77,437.76,430.96,424.28,417.87,411.42,405.1,398.92,392.84,387.04,381.31,375.96,370.87,366.02,361.56,357.51,353.75,352.04,352.68,353.96,355.52,357.24,355.46,344.45,341.19,339.26,337.48,335.66,333.85,332.07,330.34,328.59,326.86,325.25,323.63,321.97,320.38,318.85,317.23,315.61,314.18,312.7,311.33,309.93,308.51,307.23,305.91,304.57,303.38,302.22,300.98,299.88,298.69,297.64,296.57,295.53,294.37,293.53
21019,23,114.145,36.27,56.03,68.96,592.61,1031.42,972.91,941.0,955.45,980.57,1004.26,951.35,934.58,951.0,973.17,952.83,871.52,855.25,867.44,865.77,809.08,811.93,781.35,745.27,708.33,697.34,699.06,699.14,700.12,697.92,698.68,699.25,697.37,699.43,696.74,698.46,699.35,695.43,699.38,698.87,699.49,699.25,699.22,700.1,699.97,699.72,699.79,699.82,699.49,700.01,699.86,699.81,699.27,699.78,699.55,699.47,699.53,699.84,699.65,699.98,699.99,699.88,699.94,699.96,699.98,700.13,699.36,699.56,699.97,699.99,699.91,700.01,699.82,700.05,699.86,699.97,699.98,699.94,699.95,699.9,700.17,699.93,699.67,699.31,700.16,700.72,700.49,681.9,555.61,420.72,289.46,159.8,43.7,25.69,29.47,44.18,37.98,28.53,26.65,25.95,25.52,25.51,24.86,24.7,24.91,24.92,25.02,25.02,25.43,24.92,25.09,24.92,25.04,25.16,25.18,25.71,24.64,24.72,25.11,25.33,25.41,25.31,25.23,25.02,25.13,25.26,25.14,25.29,25.34,-0.45,-0.39,-0.43,-0.5,0.52,12.44,23.65,36.44,49.73,62.67,67.83,75.46,86.94,99.64,106.5,102.1,107.3,117.81,128.03,126.54,146.26,154.97,159.0,161.75,168.49,181.24,193.44,206.56,219.49,233.33,246.81,261.23,275.49,291.06,321.07,357.75,385.43,408.19,426.25,441.53,454.39,465.37,475.23,483.87,491.58,498.55,505.09,510.8,516.06,520.6,524.66,528.05,530.9,533.01,534.42,535.02,534.72,533.33,530.76,526.95,522.08,516.23,509.35,501.79,493.88,485.48,477.05,468.57,460.48,452.7,445.23,438.19,431.39,424.7,418.27,411.81,405.41,399.2,393.17,387.26,381.64,376.21,371.14,366.39,361.95,357.83,354.06,352.51,353.15,354.38,356.13,357.84,356.0,344.98,341.62,339.8,338.05,336.24,334.55,332.68,330.99,329.28,327.61,325.91,324.34,322.67,321.07,319.51,317.96,316.43,314.95,313.44,312.03,310.69,309.26,308.01,306.68,305.35,304.14,302.9,301.74,300.59,299.52,298.44,297.33,296.24,295.23,294.23
21020,23,114.149,35.92,55.58,67.89,585.45,1030.11,972.49,941.08,955.68,980.44,1002.43,951.15,934.52,950.73,972.79,951.66,870.14,853.86,866.05,863.84,807.68,810.4,780.56,744.56,708.39,697.55,699.24,699.23,700.14,697.96,698.48,699.65,697.17,699.55,697.33,698.36,698.93,696.83,697.99,699.44,699.43,698.65,699.95,699.68,699.43,699.76,700.23,699.58,699.86,700.12,699.83,699.79,699.87,699.69,699.76,699.54,699.86,699.76,699.51,699.79,699.87,699.84,699.93,699.9,699.89,699.9,699.97,699.99,699.85,700.01,699.91,699.93,699.87,699.84,699.93,700.03,699.94,699.76,700.14,699.94,699.66,699.64,700.3,700.17,699.88,699.68,699.45,681.69,555.68,420.17,288.72,159.14,43.91,25.66,29.79,43.88,37.89,28.17,26.57,26.05,25.41,25.29,24.84,24.78,24.92,24.94,25.06,25.22,25.44,24.96,24.94,25.03,24.99,25.12,25.17,25.18,24.92,25.18,25.31,25.22,25.25,25.48,24.85,24.93,25.14,25.37,25.37,25.11,25.27,-0.46,-0.47,-0.43,-0.44,0.42,12.2,23.63,36.34,49.65,62.7,67.82,75.41,87.01,99.66,106.69,102.09,107.17,117.65,127.67,125.57,144.75,154.88,159.1,162.03,169.0,181.74,193.91,206.77,219.9,233.53,247.16,261.36,275.69,290.92,319.85,356.79,384.63,407.55,425.58,441.12,454.06,465.27,475.09,483.77,491.49,498.58,504.92,510.71,515.88,520.54,524.64,528.09,530.89,533.21,534.73,535.33,535.04,533.71,531.1,527.41,522.54,516.67,509.89,502.33,494.5,486.02,477.63,469.21,461.13,453.38,445.94,438.81,432.05,425.37,418.84,412.3,405.88,399.62,393.51,387.67,381.96,376.59,371.51,366.72,362.27,358.26,354.53,352.98,353.65,354.9,356.56,358.28,356.24,345.25,342.18,340.23,338.39,336.59,334.73,333.02,331.19,329.49,327.81,326.08,324.46,322.83,321.26,319.61,318.14,316.53,315.01,313.61,312.11,310.75,309.39,307.98,306.68,305.43,304.18,303.0,301.87,300.62,299.48,298.42,297.33,296.29,295.28,294.25
21021,23,114.168,36.13,56.0,67.59,585.39,1030.29,971.84,940.04,955.8,979.55,1002.39,950.99,934.11,950.17,971.99,951.15,869.95,853.93,865.99,863.78,807.72,810.66,780.65,744.24,708.77,697.42,699.2,699.45,700.12,698.22,698.6,699.89,697.02,699.66,697.06,698.26,698.93,697.07,697.75,699.47,699.4,698.77,699.93,700.13,699.47,699.83,700.13,699.38,699.72,700.0,699.85,699.68,699.46,699.93,699.86,699.29,699.76,699.83,699.73,699.99,699.85,699.96,699.92,700.03,699.92,699.99,700.04,699.91,700.07,700.05,700.02,699.94,700.02,699.82,699.91,699.91,699.55,699.96,699.93,699.67,700.21,700.09,699.84,699.56,700.23,700.16,699.92,682.04,555.52,420.22,288.64,158.97,43.91,25.73,30.19,43.44,38.03,28.3,26.5,25.84,25.39,25.01,24.95,25.0,24.92,24.84,25.03,25.18,25.38,25.22,25.01,25.18,24.99,25.11,25.13,24.91,25.15,24.99,25.04,25.42,25.23,25.32,25.08,25.09,25.08,25.38,25.17,25.18,25.23,-0.58,-0.51,-0.54,-0.52,0.23,11.79,23.23,36.01,49.36,62.45,67.6,75.2,86.85,99.51,106.34,102.06,107.09,117.56,127.56,125.64,145.0,154.74,158.67,161.66,168.4,181.22,193.2,206.11,219.19,232.81,246.55,260.73,274.95,290.07,319.04,356.13,384.01,407.04,425.21,440.89,453.88,465.07,474.93,483.47,491.2,498.34,504.81,510.59,515.76,520.58,524.59,528.04,530.98,533.16,534.6,535.21,534.89,533.59,530.89,527.15,522.24,516.41,509.58,502.01,494.15,485.82,477.31,469.02,460.9,453.17,445.69,438.63,431.74,425.18,418.57,412.11,405.84,399.46,393.49,387.61,381.87,376.52,371.37,366.57,362.11,358.09,354.37,352.7,353.45,354.64,356.24,357.88,355.87,344.92,341.65,339.82,338.04,336.26,334.43,332.71,330.96,329.28,327.64,325.85,324.15,322.62,320.96,319.41,317.87,316.27,314.78,313.33,311.9,310.57,309.16,307.94,306.52,305.34,304.08,302.97,301.69,300.54,299.45,298.29,297.17,296.18,295.22,294.11
21022,23,114.159,35.86,55.5,68.45,590.57,1030.87,972.19,940.86,954.93,979.09,1001.27,950.06,933.41,949.67,971.41,950.22,868.71,852.62,864.88,862.88,807.19,810.1,780.18,744.2,708.09,697.28,699.26,699.28,699.94,697.83,698.52,699.76,697.15,699.74,696.45,698.23,698.98,696.74,698.18,699.21,699.26,699.15,699.85,699.51,699.71,699.66,699.95,699.92,699.73,699.89,699.91,699.53,699.89,699.88,699.88,699.24,699.77,699.92,699.93,700.01,700.01,699.86,699.92,700.01,699.92,699.98,699.92,700.02,699.91,700.08,700.07,699.97,699.82,700.11,699.78,700.11,699.99,700.1,699.87,700.18,700.13,699.88,699.49,699.31,699.27,699.47,700.73,681.96,555.2,420.11,288.83,159.42,44.21,25.29,29.79,44.33,37.56,28.2,26.5,25.81,25.67,24.98,25.08,24.91,25.0,25.04,24.97,24.99,25.14,25.14,25.23,25.16,25.03,25.08,25.81,24.62,24.9,25.09,25.41,25.33,25.5,25.16,25.09,25.16,25.21,25.22,25.4,25.27,25.27,-0.59,-0.55,-0.54,-0.49,0.3,11.81,23.1,35.96,49.28,62.22,67.42,74.9,86.53,99.3,106.17,101.67,106.68,117.24,127.31,125.85,145.49,154.87,158.94,161.75,168.85,181.82,193.84,206.78,219.86,233.51,247.47,261.66,276.12,292.46,326.67,362.52,389.13,411.43,429.0,443.95,456.43,467.15,476.7,485.11,492.56,499.63,505.93,511.62,516.77,521.4,525.34,528.75,531.5,533.6,535.0,535.53,535.25,533.88,531.49,527.78,523.02,517.09,510.43,503.08,495.18,486.82,478.4,470.15,462.04,454.3,446.92,439.75,433.06,426.42,419.8,413.44,407.04,400.7,394.61,388.71,382.96,377.68,372.51,367.77,363.32,359.21,355.44,353.85,354.51,355.81,357.39,359.15,357.07,346.21,342.98,341.08,339.25,337.46,335.63,333.9,332.22,330.46,328.66,327.03,325.33,323.76,322.13,320.53,319.0,317.49,316.0,314.53,313.09,311.7,310.33,308.96,307.69,306.44,305.16,304.02,302.73,301.65,300.53,299.43,298.41,297.29,296.27,295.23
21023,23,114.146,35.75,55.16,66.34,578.49,1028.67,970.32,940.42,953.26,977.76,1000.04,948.89,931.96,947.92,969.23,948.38,867.1,850.96,863.08,861.23,805.8,809.05,779.5,744.21,707.87,697.43,698.96,699.24,699.74,698.34,698.48,700.06,697.21,700.16,696.67,698.29,698.12,698.58,696.43,699.71,699.51,699.22,699.55,700.1,699.44,700.04,699.71,699.73,699.83,700.04,699.84,699.97,699.4,699.79,699.76,699.83,699.45,699.82,699.88,699.89,699.85,699.93,700.02,699.91,700.02,699.97,700.01,700.01,699.94,700.04,700.09,699.94,700.14,699.73,699.4,699.81,700.46,700.17,699.8,699.32,699.18,698.99,700.03,701.36,701.2,700.73,700.54,679.71,554.73,419.99,288.68,158.72,43.86,25.99,29.62,43.56,38.56,28.58,26.43,25.76,25.24,25.17,25.0,25.01,25.0,25.02,24.89,25.19,24.93,25.17,25.26,25.13,25.11,25.11,25.24,24.97,25.16,25.17,25.18,25.09,25.21,25.22,25.1,25.16,25.14,25.58,25.29,25.8,24.85,-0.56,-0.53,-0.58,-0.61,0.19,11.39,22.62,35.47,48.7,61.76,66.92,74.54,86.04,98.7,105.55,101.25,106.31,116.69,126.84,125.5,144.98,154.03,158.21,160.98,167.77,180.4,192.41,205.51,218.58,232.03,245.81,259.62,274.18,289.28,319.1,356.36,384.35,407.06,425.52,441.0,453.99,465.31,475.09,483.58,491.18,498.37,504.72,510.39,515.49,520.0,524.05,527.42,530.21,532.33,533.75,534.39,534.13,532.78,530.31,526.63,521.89,516.03,509.27,501.76,493.76,485.45,476.99,468.53,460.53,452.74,445.27,438.16,431.4,424.73,418.31,411.86,405.49,399.34,393.41,387.5,381.76,376.33,371.26,366.41,361.92,357.72,353.96,352.35,352.92,354.13,355.64,357.35,355.4,344.48,341.15,339.33,337.56,335.75,334.09,332.25,330.5,328.76,327.14,325.48,323.8,322.11,320.58,318.94,317.47,315.91,314.35,312.97,311.44,310.13,308.8,307.43,306.18,304.82,303.61,302.43,301.2,300.03,298.9,297.78,296.75,295.8,294.76,293.69
21024,23,114.146,36.42,55.21,68.25,590.06,1029.64,969.87,939.35,951.7,975.72,997.9,946.88,930.16,946.33,968.03,946.82,865.89,849.94,862.19,859.58,804.46,807.96,778.61,743.54,707.73,697.59,698.97,699.35,700.01,698.18,698.3,699.85,697.15,699.91,696.35,697.9,698.86,696.94,698.58,699.59,699.41,698.87,699.94,699.55,699.82,699.75,699.94,700.07,699.48,699.92,699.66,699.82,699.43,699.71,699.77,699.91,699.46,699.6,699.72,699.99,699.95,699.99,699.96,699.9,699.89,699.92,699.99,699.92,700.01,699.92,699.99,699.92,700.12,699.8,699.48,699.96,699.85,700.21,699.87,699.48,699.5,700.76,700.63,700.23,699.88,699.66,699.48,680.77,555.67,419.46,287.89,158.48,43.23,25.81,29.32,44.44,37.76,28.21,26.61,26.05,25.35,25.18,25.04,25.07,25.07,25.07,25.07,25.35,24.83,24.97,25.05,25.17,25.19,25.43,24.87,24.93,25.14,25.26,25.19,25.07,25.27,25.05,24.94,25.13,25.16,25.31,25.31,25.45,24.95,-0.47,-0.35,-0.44,-0.46,0.38,11.93,23.37,36.06,49.32,62.22,67.37,74.75,86.35,99.04,105.74,101.35,106.62,117.03,126.93,125.31,145.13,154.74,159.08,162.12,169.3,181.92,194.23,207.38,220.24,233.86,247.63,261.7,276.21,293.44,329.74,364.5,390.47,412.17,429.3,443.88,456.09,466.54,475.73,483.9,491.21,497.86,504.05,509.65,514.59,519.13,522.77,526.1,528.77,530.79,532.22,532.91,532.48,531.1,528.43,524.79,519.92,514.1,507.41,499.83,491.96,483.72,475.36,466.99,458.86,451.17,443.76,436.72,429.98,423.36,416.89,410.47,404.19,397.95,391.99,386.14,380.5,375.04,370.05,365.44,360.9,356.87,353.22,351.55,352.2,353.65,355.24,356.97,354.93,343.97,340.8,338.88,337.09,335.38,333.58,331.84,330.09,328.38,326.71,325.07,323.35,321.81,320.12,318.58,317.06,315.57,314.07,312.66,311.22,309.75,308.46,307.09,305.87,304.6,303.39,302.1,301.06,299.82,298.74,297.59,296.6,295.55,294.55,293.44
21025,23,114.194,35.6,54.72,67.55,585.49,1028.26,968.83,936.86,951.39,976.03,997.95,946.61,930.44,946.91,968.76,946.84,866.15,850.69,863.1,860.54,805.41,808.77,779.2,743.6,708.23,697.73,698.57,699.47,700.01,698.04,698.47,700.17,696.76,700.22,696.54,698.24,697.96,698.66,697.21,699.94,699.76,698.84,699.87,700.15,699.41,699.7,700.09,699.54,699.69,699.74,699.64,699.85,699.69,699.46,699.82,699.77,699.6,699.71,699.95,699.95,699.94,700.04,699.91,700.0,700.04,699.94,699.95,699.99,699.88,699.96,699.98,699.96,699.76,699.96,699.96,699.97,700.15,699.86,699.49,699.15,699.91,700.63,700.37,700.12,699.86,699.63,699.48,681.21,554.99,419.58,288.15,158.07,43.23,25.91,29.81,44.45,37.49,28.31,26.57,26.0,25.43,24.95,25.0,25.08,24.92,24.97,25.42,24.95,24.91,25.12,25.2,25.1,25.12,25.04,24.94,25.01,25.18,25.1,25.19,25.32,25.02,25.08,25.22,25.48,25.32,25.15,25.4,24.84,25.08,-0.46,-0.43,-0.39,-0.4,0.41,11.96,23.22,36.04,49.3,62.19,67.33,74.76,86.31,98.99,105.65,101.26,106.3,116.91,126.76,125.13,144.4,154.28,158.51,161.62,168.72,181.29,193.71,206.73,219.81,233.54,247.57,261.64,276.73,293.48,329.75,364.93,391.25,413.04,430.5,445.29,457.49,468.35,477.87,486.18,493.71,500.61,506.8,512.51,517.56,521.94,525.69,529.03,531.84,533.94,535.35,535.93,535.52,534.05,531.39,527.54,522.64,516.78,509.98,502.37,494.49,486.09,477.66,469.34,461.24,453.56,446.2,439.25,432.45,425.87,419.36,412.97,406.61,400.39,394.36,388.48,382.88,377.43,372.39,367.63,363.22,359.18,355.5,353.83,354.5,355.79,357.46,359.14,357.12,346.11,342.95,341.01,339.19,337.46,335.67,333.91,332.1,330.42,328.68,327.01,325.35,323.65,322.04,320.64,318.99,317.49,315.93,314.5,312.94,311.61,310.23,308.98,307.58,306.38,305.14,303.95,302.72,301.63,300.49,299.41,298.35,297.33,296.32,295.22
21026,23,114.187,35.25,54.35,67.31,584.35,1028.76,967.47,935.38,950.06,974.81,996.26,944.79,928.72,945.11,966.81,944.89,864.19,848.89,861.23,858.86,803.48,807.44,778.42,742.7,708.23,697.95,698.76,699.41,699.86,697.93,698.88,700.28,696.9,700.04,696.63,698.16,698.06,698.7,697.19,699.93,699.66,699.22,699.7,700.12,699.38,699.83,700.02,700.08,699.53,699.95,699.78,699.65,699.9,699.44,699.68,699.83,699.66,699.43,699.95,699.89,699.92,699.98,699.97,699.99,700.02,699.94,699.92,699.93,700.01,699.81,699.96,700.07,700.24,699.77,699.36,699.0,698.73,700.62,700.65,700.37,700.1,699.83,699.64,699.38,699.25,699.06,700.25,682.23,554.23,419.5,288.03,158.19,43.28,25.73,30.03,44.61,37.3,28.16,26.48,26.84,24.72,24.81,24.86,25.26,25.15,25.05,25.11,25.02,24.93,25.15,25.2,25.07,24.98,25.23,24.98,24.94,25.15,25.17,25.23,25.27,25.25,24.9,25.23,25.2,25.26,25.32,25.71,24.79,25.05,-0.43,-0.39,-0.44,-0.48,0.49,12.15,23.42,36.17,49.41,62.32,67.24,74.85,86.23,98.89,105.6,101.19,106.36,116.79,126.64,124.74,144.18,154.05,158.32,161.55,168.51,180.62,192.89,206.15,219.33,233.35,247.61,261.68,276.53,292.85,327.91,363.7,390.42,412.39,430.14,444.93,457.44,468.3,477.84,486.15,493.86,500.91,507.09,512.74,518.01,522.46,526.45,529.77,532.57,534.71,536.1,536.72,536.5,535.15,532.61,528.93,524.17,518.25,511.41,504.02,496.06,487.81,479.27,471.02,462.93,455.15,447.77,440.72,433.87,427.29,420.92,414.49,408.26,402.0,395.86,390.02,384.37,378.96,373.84,369.15,364.68,360.59,356.85,355.36,355.91,357.15,358.77,360.55,358.46,347.54,344.36,342.47,340.59,338.88,337.15,335.28,333.59,331.86,330.14,328.44,326.82,325.16,323.5,322.02,320.48,318.93,317.43,315.98,314.52,313.13,311.72,310.42,309.13,307.82,306.56,305.39,304.19,303.07,301.97,300.85,299.76,298.74,297.75,296.8
21027,23,114.224,35.46,54.98,66.43,579.07,1026.28,965.67,934.18,949.31,974.15,995.7,944.19,927.7,943.58,965.39,943.51,862.91,847.17,859.25,856.7,802.21,806.18,777.55,742.36,708.52,697.82,698.66,699.66,699.67,698.51,698.18,699.86,697.32,699.7,697.42,698.56,696.3,699.68,696.67,699.58,699.64,699.69,699.62,699.72,699.82,699.99,699.64,699.61,700.05,699.59,699.67,699.92,700.07,699.21,699.65,699.85,699.65,699.72,699.93,700.01,699.95,699.89,699.98,699.96,700.03,699.89,699.86,699.96,700.0,699.92,699.99,700.02,699.96,700.0,700.02,700.21,699.95,699.51,699.25,698.96,699.91,700.8,700.51,700.16,699.96,699.73,699.61,681.26,554.88,419.88,288.08,158.32,42.99,26.22,29.42,44.14,37.98,28.58,26.63,26.16,25.06,25.09,24.91,25.07,24.99,25.26,25.26,24.78,24.95,25.21,25.04,25.26,25.19,25.0,25.02,25.15,25.13,25.29,25.34,25.24,24.78,25.03,25.27,25.26,25.31,25.35,25.31,24.83,24.83,-0.49,-0.52,-0.45,-0.56,0.13,11.3,22.6,35.47,48.7,61.62,66.69,74.17,85.69,98.25,104.91,100.65,105.67,116.14,126.03,124.28,143.64,153.72,158.28,161.59,168.82,181.37,193.73,206.99,219.88,233.54,247.83,261.87,276.79,293.81,330.73,365.92,392.74,413.84,431.65,446.33,458.73,469.55,479.0,487.24,494.87,501.65,507.86,513.44,518.44,522.91,526.84,530.2,533.0,534.97,536.25,536.93,536.57,535.15,532.59,528.83,524.02,518.15,511.38,503.89,496.03,487.66,479.27,470.97,462.9,455.17,447.79,440.69,433.94,427.35,420.92,414.47,408.11,401.86,395.75,389.93,384.22,378.86,373.76,369.02,364.62,360.59,356.92,355.33,355.96,357.36,358.95,360.61,358.61,347.78,344.51,342.65,340.89,338.99,337.31,335.53,333.74,331.98,330.28,328.6,327.01,325.39,323.74,322.18,320.64,319.1,317.62,316.12,314.74,313.31,311.89,310.59,309.23,308.03,306.8,305.48,304.41,303.23,302.07,301.0,300.03,298.97,297.92,297.01
21028,23,114.189,35.75,54.98,67.15,581.83,1026.63,964.88,933.5,948.35,973.0,994.93,943.94,927.97,944.26,966.19,944.99,864.32,848.96,861.84,861.48,807.24,810.02,779.99,743.85,708.42,697.87,698.65,699.78,699.85,698.64,698.54,700.04,697.25,699.87,697.58,697.88,696.66,699.56,696.56,699.82,699.75,699.58,699.6,700.02,699.24,700.04,699.38,699.62,699.91,699.77,699.8,699.22,700.06,699.72,699.47,699.85,699.83,699.45,699.9,699.93,699.89,699.93,699.97,699.89,699.94,699.98,699.86,700.03,699.94,700.02,699.95,699.84,700.05,699.98,699.96,700.01,700.01,699.73,700.17,699.89,699.58,699.64,700.48,700.3,699.94,699.75,699.5,680.97,554.29,419.1,287.59,157.48,42.71,26.1,29.9,44.88,37.18,28.17,26.85,25.74,25.26,25.17,25.12,24.84,24.89,25.09,24.97,25.19,25.19,24.95,25.08,25.01,25.38,24.84,25.04,25.17,25.14,25.25,25.47,24.99,25.1,25.07,25.06,25.28,25.38,25.46,24.88,25.11,25.1,-0.41,-0.4,-0.36,-0.38,0.34,11.99,23.28,36.05,49.24,62.23,67.25,74.79,86.29,98.8,105.55,101.19,106.38,116.81,126.62,125.22,144.63,154.52,158.74,161.73,168.82,181.28,193.71,207.05,219.9,233.64,247.92,261.9,276.91,294.7,332.05,366.83,393.01,414.09,431.69,446.37,458.61,469.33,478.63,486.96,494.43,501.31,507.44,513.08,518.15,522.73,526.62,530.02,532.71,534.75,536.11,536.78,536.5,535.15,532.59,528.83,523.95,518.1,511.3,503.84,496.0,487.64,479.19,470.88,462.9,455.17,447.75,440.76,434.02,427.39,421.01,414.62,408.3,402.11,396.01,390.2,384.61,379.22,374.07,369.32,364.92,360.95,357.2,355.63,356.3,357.55,359.19,360.89,358.85,347.95,344.77,342.81,341.07,339.3,337.46,335.72,334.0,332.28,330.58,328.89,327.26,325.59,324.04,322.46,320.95,319.38,317.9,316.41,315.0,313.62,312.19,310.88,309.57,308.36,307.03,305.86,304.75,303.58,302.58,301.42,300.33,299.31,298.35,297.33
21029,23,114.203,36.08,55.04,67.57,582.01,1027.2,966.78,934.62,949.32,973.94,995.51,943.59,927.29,943.55,965.83,944.93,864.71,848.42,860.38,857.65,802.58,806.57,778.04,742.48,708.55,697.75,698.45,699.84,699.67,699.28,698.21,699.92,697.36,699.95,696.95,698.86,696.3,699.61,696.84,699.53,699.63,699.58,699.28,699.85,699.48,700.06,699.72,699.82,699.86,699.79,699.92,699.51,699.69,699.92,699.31,699.76,699.91,699.81,699.91,699.98,699.98,699.97,699.96,700.02,699.95,699.99,700.06,699.77,699.86,699.94,699.97,700.01,699.93,699.96,699.77,700.18,699.76,699.29,699.92,699.94,699.68,699.97,700.02,699.79,699.59,699.83,700.3,681.85,554.59,419.74,288.09,158.13,43.22,25.99,29.69,44.55,37.48,28.36,26.55,25.62,25.17,25.12,24.98,25.0,25.27,24.87,24.92,25.09,25.14,25.19,25.04,25.1,25.02,24.99,25.0,25.12,25.07,25.47,25.23,24.83,25.15,25.12,25.14,25.19,25.46,25.16,25.01,25.2,25.21,-0.56,-0.48,-0.5,-0.54,0.24,11.77,23.02,35.83,48.97,61.88,66.81,74.34,85.74,98.33,105.11,100.69,105.77,116.3,126.25,124.2,143.65,153.9,158.2,161.56,168.63,181.24,193.7,206.71,219.94,233.67,247.92,262.13,277.4,295.04,333.32,367.97,394.15,415.04,432.51,447.02,459.28,469.86,479.14,487.42,494.9,501.74,507.84,513.36,518.34,522.75,526.63,529.96,532.65,534.65,535.96,536.44,536.09,534.56,531.83,527.96,523.04,517.06,510.15,502.63,494.72,486.35,477.83,469.55,461.54,453.74,446.36,439.28,432.47,425.92,419.43,413.06,406.65,400.36,394.27,388.35,382.69,377.25,372.15,367.42,363.05,358.99,355.34,353.78,354.45,355.69,357.35,359.09,357.12,346.23,342.96,341.16,339.48,337.68,335.92,334.18,332.39,330.72,329.0,327.27,325.58,323.98,322.34,320.85,319.31,317.74,316.23,314.79,313.35,311.97,310.66,309.25,308.05,306.72,305.5,304.24,303.14,301.93,300.79,299.8,298.74,297.7,296.65,295.7
21030,23,114.195,36.41,55.81,68.62,587.63,1027.8,966.35,933.96,948.42,973.36,995.24,943.98,928.04,944.28,967.35,945.09,863.65,848.29,860.6,857.55,803.29,806.96,777.73,742.38,708.21,698.08,698.58,699.66,699.78,698.8,698.51,700.01,697.25,700.02,697.17,697.67,697.26,699.43,697.41,699.85,699.56,699.09,699.59,700.09,699.25,699.85,700.06,699.97,699.74,699.98,699.71,699.77,699.82,699.47,699.78,699.64,699.57,699.83,699.87,699.95,699.99,700.03,700.04,699.93,700.04,699.97,699.95,699.99,699.98,699.85,700.04,700.02,699.99,700.02,699.87,699.75,699.97,700.0,699.95,700.01,700.15,699.87,699.53,699.3,700.21,700.51,700.22,680.97,553.54,418.62,287.42,157.41,42.49,25.91,29.61,44.66,37.61,28.45,26.42,25.89,25.41,25.2,25.12,25.07,24.8,24.83,24.91,25.27,25.21,25.28,25.18,25.1,25.04,25.1,25.01,25.01,25.15,25.37,25.16,25.15,25.04,25.13,25.26,25.2,25.36,25.15,25.17,24.94,25.09,-0.48,-0.48,-0.5,-0.52,0.19,11.59,22.92,35.6,48.87,61.83,66.84,74.34,85.83,98.35,105.15,100.73,105.98,116.42,126.27,124.57,144.07,154.09,158.38,161.69,169.14,181.8,194.09,207.37,220.24,234.01,248.47,262.61,278.02,298.44,338.32,371.83,396.97,417.77,434.58,448.68,460.55,471.03,480.2,488.32,495.43,502.24,508.3,513.88,518.83,523.14,526.88,530.11,532.74,534.65,535.88,536.5,536.09,534.51,531.71,527.84,522.84,516.87,510.01,502.5,494.57,486.16,477.81,469.58,461.57,453.93,446.58,439.54,432.82,426.25,419.82,413.43,407.1,400.79,394.65,388.74,383.06,377.7,372.63,367.95,363.46,359.47,355.85,354.29,354.92,356.24,357.88,359.55,357.57,346.54,343.32,341.53,339.75,338.04,336.19,334.43,332.68,330.99,329.37,327.64,325.96,324.38,322.77,321.15,319.6,318.07,316.61,315.1,313.65,312.28,310.91,309.59,308.26,307.01,305.79,304.61,303.42,302.29,301.18,300.02,298.98,297.98,296.91,296.01
21031,23,114.227,37.02,56.46,68.37,582.25,1026.8,966.09,934.05,948.7,973.28,995.16,943.74,927.28,943.39,965.7,943.75,863.06,847.45,859.51,856.48,802.4,805.99,777.24,742.48,708.3,698.0,698.78,699.84,699.67,699.13,698.36,700.12,697.38,699.89,697.24,698.6,696.19,699.77,696.63,699.62,699.59,699.86,699.53,699.74,699.78,699.97,699.76,699.88,699.83,700.11,699.36,699.85,699.79,699.58,699.55,700.01,699.77,699.92,699.96,699.96,699.94,700.0,699.93,699.94,699.94,699.87,699.89,699.86,699.98,699.97,699.85,699.93,700.14,699.77,700.02,699.78,700.05,699.95,699.6,700.16,700.14,699.84,699.59,699.39,699.14,699.82,700.8,681.26,553.42,419.12,287.4,157.08,42.54,26.09,29.81,44.48,37.59,28.19,26.48,25.91,25.37,25.22,25.03,25.0,25.02,24.93,24.98,25.17,25.13,25.18,25.27,25.06,25.08,25.03,25.0,25.09,25.12,25.47,24.72,24.95,25.21,25.31,25.28,25.48,25.46,24.82,24.91,25.22,25.15,-0.39,-0.44,-0.48,-0.42,0.38,11.65,23.02,35.77,48.98,62.04,66.98,74.52,85.95,98.45,105.28,100.94,106.13,116.55,126.24,124.35,143.24,153.95,158.39,161.81,169.15,181.81,194.19,207.21,220.5,234.34,248.46,262.6,277.91,296.16,334.58,368.83,395.06,415.86,433.32,447.64,459.95,470.42,479.78,488.02,495.47,502.37,508.48,514.06,519.12,523.53,527.34,530.68,533.4,535.36,536.66,537.26,536.97,535.5,532.94,529.08,524.26,518.39,511.53,504.06,496.19,487.84,479.44,471.17,463.25,455.53,448.22,441.26,434.33,427.85,421.32,414.91,408.51,402.22,396.15,390.23,384.53,379.12,374.03,369.21,364.81,360.67,357.01,355.46,356.02,357.36,358.97,360.66,358.64,347.73,344.57,342.72,340.9,339.12,337.37,335.53,333.76,332.06,330.38,328.74,326.96,325.38,323.79,322.2,320.7,319.09,317.55,316.09,314.66,313.27,311.89,310.53,309.24,307.93,306.78,305.56,304.29,303.22,302.06,300.99,299.93,298.97,297.9,296.91
21032,23,114.2,35.62,55.57,68.52,585.38,1027.74,966.01,933.78,948.54,973.41,995.48,944.25,929.4,944.87,966.6,944.06,863.77,848.84,861.14,858.16,803.87,807.13,778.01,742.46,708.36,698.05,698.69,699.66,699.73,698.35,698.25,699.97,697.09,700.0,696.92,698.17,697.35,699.13,697.16,699.88,699.78,698.8,699.77,700.02,699.34,699.84,700.06,699.87,699.64,699.97,699.89,699.77,699.72,699.66,699.85,699.85,699.4,699.57,699.93,699.97,699.96,699.95,700.0,699.95,699.92,699.93,700.04,700.03,699.98,699.99,699.97,699.96,699.9,700.19,699.97,699.67,699.31,699.79,700.33,699.98,699.67,699.53,699.27,699.06,699.64,701.65,701.54,679.86,553.15,418.49,287.31,157.47,42.57,25.99,29.82,44.3,38.23,27.81,26.32,25.98,25.45,25.12,24.86,25.1,24.8,24.87,25.05,25.33,25.12,25.24,25.18,25.0,24.96,25.0,25.05,25.28,25.36,25.21,25.13,25.12,25.17,25.11,25.34,25.59,25.08,25.13,24.93,25.19,25.33,-0.58,-0.5,-0.48,-0.52,0.36,11.87,23.23,36.01,49.14,62.1,67.12,74.66,86.18,98.8,105.38,101.02,106.2,116.71,126.45,124.44,143.38,154.11,158.44,161.59,169.04,181.72,193.99,207.07,220.24,233.95,248.27,262.5,277.63,295.79,334.07,368.31,394.16,415.49,432.78,447.1,459.18,469.72,478.9,487.23,494.67,501.47,507.69,513.19,518.17,522.62,526.48,529.73,532.45,534.4,535.78,536.11,535.72,534.04,531.4,527.43,522.48,516.46,509.57,501.91,493.99,485.57,477.08,468.8,460.8,453.05,445.74,438.76,431.98,425.35,418.91,412.5,406.17,399.83,393.77,387.84,382.22,376.86,371.76,367.01,362.67,358.5,354.9,353.33,353.98,355.33,356.97,358.69,356.56,345.75,342.59,340.68,338.86,337.06,335.28,333.48,331.79,330.04,328.33,326.57,325.05,323.29,321.75,320.2,318.64,317.01,315.59,314.08,312.69,311.28,309.89,308.63,307.27,305.97,304.72,303.59,302.42,301.25,300.17,299.12,297.99,296.99,295.98,295.0
21033,23,114.132,36.66,55.77,69.44,591.23,1029.81,968.15,935.88,950.64,975.4,997.52,946.05,930.32,946.66,968.66,946.81,866.0,850.63,862.97,860.16,805.5,808.53,778.93,743.14,708.04,697.75,699.17,699.49,699.96,698.07,698.37,700.03,697.0,700.03,696.41,697.79,699.06,696.45,698.73,699.31,699.44,699.18,699.63,699.26,699.91,699.6,699.32,699.99,699.52,699.84,699.9,700.09,699.48,699.94,699.53,699.76,699.75,699.67,699.95,699.98,700.03,699.98,700.05,699.87,699.95,699.9,699.9,699.96,700.03,700.02,699.99,699.91,699.99,699.9,699.92,700.31,699.83,699.57,699.23,698.95,699.44,700.94,700.81,700.49,700.25,700.04,699.85,680.73,554.39,418.84,287.55,158.01,42.73,25.79,29.75,45.2,37.42,27.68,26.56,25.99,25.61,25.01,25.04,24.95,24.85,24.96,25.04,25.03,25.27,25.36,24.76,24.95,25.12,25.12,25.05,25.25,25.58,24.77,24.97,25.17,25.21,25.14,25.3,25.63,24.87,25.01,25.09,25.28,25.34,-0.47,-0.43,-0.44,-0.52,0.28,12.12,23.42,36.26,49.43,62.47,67.48,75.03,86.62,99.28,106.04,101.59,106.82,117.42,127.29,125.65,145.08,155.15,159.33,162.47,169.91,182.72,195.02,208.26,221.19,235.07,249.2,263.58,278.51,297.32,335.52,369.35,394.89,416.16,433.01,447.59,459.61,470.01,479.26,487.45,494.87,501.69,507.78,513.22,518.14,522.64,526.48,529.79,532.46,534.38,535.7,536.05,535.58,534.02,531.22,527.34,522.41,516.49,509.67,502.21,494.43,486.11,477.83,469.62,461.69,454.05,446.82,439.85,433.19,426.62,420.12,413.77,407.32,401.12,395.07,389.16,383.47,378.24,373.2,368.48,364.29,360.26,356.79,355.26,356.05,357.51,359.26,361.02,359.08,348.26,344.95,343.24,341.56,339.78,338.06,336.33,334.71,333.0,331.35,329.74,328.04,326.45,324.95,323.41,321.93,320.45,318.97,317.53,316.13,314.84,313.48,312.25,311.02,309.74,308.55,307.42,306.27,305.19,304.14,303.11,302.13,301.17,300.23,299.25
21034,23,113.932,35.91,55.45,68.37,586.13,1028.12,968.59,938.23,952.91,977.38,998.94,948.22,931.46,947.4,968.73,946.52,865.6,849.57,861.76,859.23,804.61,808.15,778.8,743.6,707.84,697.77,698.79,699.46,699.8,698.34,698.48,700.15,696.88,700.41,696.6,696.67,699.22,696.91,699.45,699.6,699.55,699.74,698.44,700.07,699.84,699.91,699.94,699.79,699.76,699.94,699.88,699.73,699.8,699.77,699.76,699.54,699.44,699.82,699.79,700.03,700.01,699.96,699.96,700.03,699.98,699.78,699.99,699.93,699.93,699.9,700.05,700.03,699.95,699.92,699.95,700.06,699.68,700.1,699.9,699.54,700.14,700.17,699.87,699.47,699.36,699.15,699.21,682.01,554.85,419.58,288.36,158.55,43.24,25.46,29.55,44.99,37.33,28.07,26.55,25.94,25.53,25.14,24.92,24.74,24.95,25.09,25.27,25.03,25.33,25.53,24.89,25.07,25.07,25.02,24.99,25.12,25.15,25.1,25.28,25.21,25.07,25.26,24.99,25.32,25.08,25.11,25.31,25.24,25.04,-0.41,-0.43,-0.47,-0.42,0.4,12.17,23.64,36.63,49.81,62.71,67.55,75.0,86.52,99.02,105.45,100.98,105.94,116.33,126.19,125.04,144.61,154.18,158.65,161.63,169.29,182.07,194.58,207.94,221.41,235.83,250.76,265.49,282.06,312.86,352.6,382.49,405.31,424.55,440.18,453.33,464.52,473.91,482.55,490.48,497.56,504.11,509.97,515.42,520.18,524.7,528.56,531.89,534.63,536.7,538.22,539.01,538.97,538.06,536.13,533.1,528.94,523.79,517.76,510.85,503.81,496.03,488.08,480.17,472.41,464.92,457.79,450.96,444.32,437.89,431.6,425.36,419.09,412.86,406.74,400.71,394.81,389.13,383.77,378.66,373.99,369.69,365.71,364.04,364.78,366.42,368.27,370.41,368.61,357.77,354.46,352.66,350.99,349.34,347.58,345.82,344.16,342.55,340.88,339.22,337.52,335.97,334.33,332.82,331.32,329.69,328.16,326.68,325.26,323.79,322.48,321.09,319.72,318.5,317.26,316.07,314.88,313.72,312.6,311.58,310.44,309.45,308.36,307.47
21035,23,113.932,36.01,55.58,67.9,585.69,1028.82,969.66,938.37,952.84,977.53,1000.24,948.24,931.58,947.53,968.98,947.39,865.96,849.68,861.68,858.62,803.95,807.59,778.36,743.3,708.16,697.79,698.52,699.7,699.93,698.31,698.52,700.1,697.28,700.22,697.16,696.49,699.06,697.67,699.52,699.72,699.35,699.7,698.59,700.01,699.67,700.17,699.32,699.95,700.06,699.69,699.95,699.41,699.85,699.55,699.63,699.47,699.46,699.75,699.63,699.92,699.96,699.9,699.88,699.9,699.93,699.97,700.04,700.1,699.99,700.03,699.98,699.78,699.89,699.96,700.08,699.77,700.21,699.77,699.53,699.74,700.56,700.24,699.97,699.68,699.38,699.31,699.11,680.92,555.3,419.4,288.36,158.57,43.25,25.42,29.89,45.08,36.76,28.14,26.49,25.84,25.45,25.13,25.38,24.73,24.96,24.96,25.16,25.05,25.24,25.26,25.02,24.92,24.94,24.9,25.11,25.36,25.12,24.95,25.09,25.14,25.21,25.23,25.11,25.22,25.2,25.05,25.21,25.08,25.17,-0.39,-0.37,-0.38,-0.36,0.41,12.15,23.63,36.43,49.66,62.59,67.49,74.72,86.07,98.43,105.01,100.38,105.14,115.42,125.11,123.63,143.23,153.27,157.83,160.98,168.88,181.26,193.87,207.4,220.72,235.15,250.36,265.51,283.42,319.11,357.48,386.59,408.78,427.38,442.49,455.22,466.07,475.18,483.73,491.46,498.42,504.67,510.51,515.86,520.8,525.3,529.04,532.49,535.41,537.64,539.4,540.62,540.86,540.47,539.03,536.61,533.1,528.68,523.15,516.85,510.2,502.83,495.18,487.52,479.85,472.44,465.38,458.46,451.89,445.43,439.14,433.11,426.88,420.75,414.59,408.51,402.56,396.77,391.1,385.78,380.84,376.21,372.1,370.17,370.99,372.71,374.74,376.96,375.37,364.46,361.17,359.36,357.73,355.93,354.22,352.56,350.98,349.26,347.66,346.0,344.3,342.66,341.08,339.45,337.91,336.37,334.74,333.27,331.77,330.29,328.83,327.5,326.06,324.84,323.53,322.32,321.13,319.86,318.66,317.52,316.48,315.41,314.35,313.38
21036,23,113.947,35.91,55.49,67.62,585.26,1028.71,970.62,939.03,953.56,977.79,999.49,947.0,929.84,945.6,967.22,944.76,863.83,848.33,860.0,856.26,802.44,805.97,777.36,742.29,708.12,698.16,698.72,699.66,700.0,698.5,698.42,699.97,697.27,699.89,697.86,696.07,698.52,698.25,699.11,699.77,699.47,699.66,699.05,700.12,700.02,699.98,699.8,699.93,699.89,699.71,699.72,699.92,699.56,699.12,699.62,699.78,699.83,699.53,699.88,699.99,700.01,699.88,699.9,700.06,700.04,699.94,699.96,699.97,699.99,699.94,700.01,699.98,699.83,699.98,700.02,699.9,699.98,699.95,699.93,699.99,700.12,699.82,699.55,700.34,700.22,699.89,699.75,680.87,554.3,418.78,287.72,157.76,42.65,25.69,29.84,44.96,37.07,28.04,26.71,25.88,25.52,25.36,25.27,24.52,24.85,24.99,25.19,24.98,25.08,25.18,25.25,25.14,24.92,24.94,25.14,25.62,24.88,25.07,25.0,25.17,25.08,25.2,25.3,25.33,25.29,25.08,25.08,25.02,25.09,-0.35,-0.37,-0.41,-0.41,0.32,11.64,23.06,35.99,49.07,61.97,66.8,74.18,85.41,97.68,104.18,99.58,104.48,114.73,124.2,123.75,143.27,152.43,156.99,160.38,168.48,180.65,193.29,207.1,220.54,235.05,250.61,266.08,285.5,324.3,361.64,390.26,411.98,430.18,445.05,457.44,468.18,477.32,485.66,493.21,500.06,506.28,512.18,517.5,522.28,526.68,530.49,533.94,536.87,539.2,541.14,542.52,542.97,542.7,541.61,539.59,536.53,532.38,527.32,521.4,515.04,507.95,500.54,493.03,485.49,478.13,470.98,464.15,457.6,451.16,444.92,438.69,432.57,426.5,420.22,414.28,408.18,402.26,396.61,391.09,386.16,381.36,377.03,374.99,375.72,377.3,379.34,381.7,380.0,369.24,365.98,364.12,362.34,360.55,358.87,357.17,355.49,353.79,352.16,350.58,348.97,347.27,345.69,344.21,342.52,340.93,339.34,337.82,336.35,334.85,333.36,331.99,330.59,329.26,328.08,326.7,325.43,324.25,323.04,321.88,320.79,319.64,318.57,317.61
21037,23,113.955,35.81,55.46,68.44,591.19,1030.62,969.86,937.17,951.77,977.01,998.54,947.36,929.75,945.09,966.4,944.87,863.44,847.36,859.14,857.41,802.38,806.37,777.86,743.18,708.5,697.94,698.83,699.54,699.87,698.37,698.68,700.29,697.25,700.24,697.47,696.4,699.09,697.31,699.6,699.68,699.59,699.92,698.55,699.94,699.89,699.97,699.54,699.86,699.87,700.03,699.86,699.42,699.8,699.79,699.4,699.75,699.64,699.41,699.89,699.87,699.99,699.96,699.94,699.98,699.91,700.02,700.05,700.02,700.01,699.81,699.88,700.06,699.62,699.93,699.89,699.97,699.68,700.01,699.96,700.02,700.01,699.78,699.45,700.14,700.25,700.05,699.66,681.76,556.47,421.13,289.8,159.94,43.44,25.73,29.45,45.23,37.4,28.19,26.62,26.03,25.41,25.44,25.03,24.76,25.03,25.01,25.17,25.21,25.54,24.94,24.95,24.97,25.04,25.21,25.1,25.33,24.93,24.96,25.03,25.28,25.18,25.54,25.48,24.73,25.12,25.12,25.25,25.32,25.27,-0.43,-0.34,-0.42,-0.44,0.44,11.86,23.12,35.95,49.11,61.89,66.85,74.06,85.33,97.49,104.2,99.4,104.34,114.55,124.22,123.89,143.51,152.24,156.75,160.24,168.04,180.18,192.66,206.24,219.85,234.59,250.03,265.38,286.07,325.94,362.65,390.49,411.94,430.19,444.9,457.44,467.83,477.0,485.29,492.67,499.52,505.81,511.43,516.83,521.61,526.01,529.92,533.34,536.2,538.64,540.51,541.91,542.44,542.31,541.27,539.28,536.31,532.32,527.38,521.62,515.13,508.21,500.83,493.31,485.84,478.43,471.36,464.49,457.86,451.45,445.07,438.86,432.68,426.42,420.16,413.99,407.87,401.87,395.99,390.56,385.42,380.59,376.26,374.31,375.02,376.67,378.88,381.3,380.03,369.26,365.89,364.05,362.41,360.56,358.93,357.16,355.56,353.88,352.2,350.59,348.99,347.27,345.7,344.14,342.51,340.95,339.33,337.76,336.29,334.84,333.35,332.05,330.55,329.3,327.9,326.62,325.43,324.24,322.97,321.8,320.66,319.54,318.42,317.47
21038,23,113.954,36.02,55.66,69.03,592.02,1029.91,970.4,938.99,953.21,977.92,1000.22,947.11,929.59,945.23,966.52,944.67,863.36,847.24,858.77,856.26,801.43,805.71,777.45,742.98,708.83,698.06,698.81,699.93,699.64,699.02,698.61,700.1,697.52,700.11,698.12,696.1,698.81,698.06,699.38,699.67,699.46,699.83,698.47,699.95,699.97,700.21,699.87,699.87,700.02,699.99,700.0,699.75,699.25,699.93,699.5,699.8,699.79,699.21,699.83,699.8,699.97,699.99,699.91,700.0,699.97,699.84,699.97,699.95,699.87,699.92,699.97,699.96,699.98,700.14,699.89,699.97,700.0,699.98,700.25,699.82,699.5,699.89,700.43,700.07,699.78,699.59,699.47,681.47,555.86,420.4,289.14,159.23,43.8,25.47,29.7,45.0,36.93,28.1,26.67,25.86,25.41,25.19,25.23,24.74,25.04,25.11,25.31,25.26,25.14,25.21,25.04,25.1,25.13,25.21,25.05,25.36,24.71,25.12,25.09,25.33,25.18,25.16,25.2,25.19,25.45,25.11,25.03,25.11,25.29,-0.43,-0.4,-0.41,-0.49,0.36,12.24,23.67,36.5,49.64,62.35,67.25,74.34,85.48,97.91,104.28,99.54,104.44,114.59,124.22,123.33,142.93,152.32,156.92,160.41,168.31,180.51,193.15,206.75,220.55,235.52,251.14,267.03,290.62,332.22,367.48,394.51,415.38,432.9,447.03,459.29,469.5,478.46,486.57,493.94,500.62,506.83,512.43,517.68,522.52,526.85,530.74,534.13,536.92,539.3,541.28,542.35,542.98,542.75,541.61,539.57,536.5,532.44,527.47,521.59,515.31,508.23,500.92,493.31,485.88,478.58,471.45,464.66,458.11,451.81,445.55,439.41,433.3,427.11,421.02,414.95,408.83,402.88,397.15,391.67,386.5,381.71,377.29,375.21,376.02,377.54,379.69,382.03,380.48,369.71,366.58,364.58,362.81,361.06,359.35,357.72,356.01,354.27,352.72,351.06,349.45,347.82,346.17,344.63,343.07,341.5,339.92,338.37,336.82,335.36,333.95,332.46,331.11,329.77,328.44,327.1,325.95,324.62,323.44,322.27,321.13,319.96,318.94,317.88
21039,23,114.009,36.47,55.73,70.13,599.18,1031.61,971.02,938.06,952.55,977.37,1000.49,946.87,929.8,945.53,966.84,944.68,863.43,847.32,858.89,855.52,801.33,805.41,776.97,742.43,707.79,698.04,698.76,699.67,699.65,698.6,698.69,700.16,697.24,700.35,696.91,696.41,699.35,697.24,700.02,699.28,699.93,699.33,698.89,699.62,699.78,699.92,699.69,699.8,699.86,699.68,699.7,699.76,699.87,699.51,699.8,699.85,699.43,699.69,699.79,699.93,699.93,699.99,699.93,699.96,699.96,699.92,700.04,699.98,700.1,699.97,699.94,699.92,700.06,700.03,700.02,699.68,700.11,699.89,700.03,700.06,699.79,700.21,700.06,699.84,699.66,699.33,699.56,681.68,554.75,419.78,288.5,158.27,43.13,25.55,29.71,45.13,36.98,28.03,26.63,25.92,25.33,25.26,24.92,24.88,25.1,24.94,25.13,25.18,25.07,25.13,25.1,25.05,25.03,25.13,25.1,25.93,24.43,24.9,25.18,25.27,25.23,25.27,25.49,24.82,25.16,25.13,25.25,25.12,25.48,-0.45,-0.33,-0.42,-0.36,0.3,12.14,23.51,36.37,49.52,62.28,67.13,74.36,85.45,97.71,104.16,99.52,104.25,114.46,123.99,123.26,143.19,152.58,157.17,160.62,168.78,180.97,193.77,207.47,221.18,236.29,252.0,268.19,295.09,337.68,371.88,398.21,418.24,435.51,449.41,461.19,471.29,480.28,487.95,495.3,501.88,507.93,513.48,518.61,523.19,527.49,531.32,534.69,537.57,539.93,541.77,542.93,543.41,543.22,542.1,540.04,537.01,532.97,528.0,522.22,515.87,508.88,501.63,494.15,486.73,479.56,472.46,465.75,459.35,452.98,446.72,440.59,434.52,428.45,422.39,416.29,410.32,404.35,398.71,393.23,388.09,383.27,378.75,376.88,377.58,379.15,381.31,383.77,382.11,371.34,368.17,366.29,364.51,362.83,361.1,359.4,357.72,356.09,354.46,352.84,351.22,349.64,347.98,346.46,344.9,343.37,341.82,340.25,338.7,337.19,335.81,334.36,333.05,331.66,330.3,329.06,327.83,326.53,325.4,324.19,323.05,321.95,320.84,319.79
21040,23,114.036,35.71,55.47,69.29,594.99,1030.4,969.78,937.64,952.08,976.66,998.09,946.16,928.83,944.43,965.95,943.89,862.52,846.37,858.04,855.35,800.59,805.06,776.99,742.64,708.49,698.11,698.51,699.86,699.71,699.4,698.2,699.89,697.73,699.87,698.32,695.87,698.68,698.21,699.58,699.71,699.29,699.67,698.46,700.1,699.49,700.12,699.37,699.76,699.98,699.83,700.02,699.57,699.68,699.95,699.31,699.48,699.84,698.82,699.94,699.91,699.94,700.04,699.99,700.04,699.97,699.94,700.01,699.94,699.95,699.73,699.96,699.98,700.01,700.03,700.01,699.99,700.08,699.98,700.17,699.8,699.39,699.69,700.58,700.28,700.16,699.83,699.58,681.5,555.94,420.27,289.03,159.07,43.75,25.32,29.65,45.44,36.73,28.04,26.72,26.02,25.32,25.22,24.81,24.88,25.11,25.18,25.14,25.21,25.32,25.05,24.89,24.89,25.03,25.2,25.1,25.33,25.22,25.15,25.11,25.09,25.13,25.22,25.41,24.86,25.11,25.08,25.23,25.21,25.09,-0.5,-0.45,-0.52,-0.51,0.51,12.41,23.74,36.58,49.6,62.27,66.97,74.16,85.27,97.63,103.96,99.35,104.14,114.05,123.65,122.27,142.1,152.02,156.49,160.02,168.06,180.12,193.07,206.75,220.59,235.29,251.25,267.32,292.39,335.22,369.85,396.61,416.96,434.36,448.42,460.43,470.71,479.43,487.57,494.89,501.44,507.53,513.14,518.38,523.13,527.52,531.35,534.81,537.8,540.26,542.05,543.32,543.77,543.58,542.74,540.81,537.96,534.05,529.26,523.64,517.45,510.56,503.4,495.96,488.46,481.26,474.25,467.47,460.98,454.61,448.46,442.31,436.28,430.25,424.24,418.11,412.16,406.2,400.53,395.04,389.89,385.04,380.62,378.52,379.28,380.8,382.92,385.32,383.82,372.88,369.44,367.68,366.02,364.25,362.62,360.89,359.19,357.56,356.02,354.36,352.73,351.21,349.62,348.0,346.46,344.91,343.2,341.78,340.24,338.71,337.29,335.88,334.45,333.14,331.86,330.56,329.21,328.08,326.84,325.67,324.5,323.39,322.31,321.25
21041,23,114.028,36.15,55.44,68.9,593.34,1029.8,969.22,937.25,951.43,976.02,997.27,945.08,927.9,943.55,964.7,942.19,861.03,845.31,856.87,853.12,800.0,804.15,776.02,741.48,708.12,698.18,698.63,699.91,699.76,699.84,698.32,699.99,697.41,699.92,698.32,696.05,698.51,698.19,699.65,699.68,699.26,699.65,698.76,699.97,699.76,700.04,699.42,699.74,699.74,699.74,699.54,699.67,699.93,699.93,699.27,699.41,699.86,699.12,699.67,700.06,699.88,700.0,699.92,699.94,699.93,699.94,699.93,699.94,700.04,700.07,700.07,699.51,699.35,699.83,699.92,700.2,699.88,699.49,699.82,700.06,699.77,699.68,700.21,699.98,699.81,699.49,699.17,680.67,554.5,419.08,287.74,157.85,42.67,25.64,29.78,45.09,37.17,28.21,26.67,25.88,25.41,25.37,25.09,24.74,24.9,25.04,25.14,25.14,25.51,25.08,24.85,24.96,25.03,25.11,25.41,25.49,24.67,25.09,25.14,25.3,25.28,25.51,25.14,25.0,25.28,25.28,25.24,25.34,25.19,-0.5,-0.5,-0.49,-0.48,0.48,12.29,23.53,36.33,49.37,61.99,66.85,73.94,85.05,97.26,103.41,98.78,103.6,113.72,122.98,122.37,142.18,151.39,155.77,159.46,167.54,179.65,192.18,206.1,219.81,234.59,250.42,266.6,292.58,335.5,369.87,396.63,416.97,434.39,448.37,460.23,470.36,479.23,487.21,494.53,501.19,507.22,512.74,517.97,522.67,527.02,530.89,534.29,537.3,539.63,541.61,542.83,543.41,543.34,542.49,540.56,537.66,533.84,529.05,523.42,517.24,510.43,503.19,495.79,488.47,481.15,474.12,467.42,460.94,454.55,448.42,442.25,436.2,430.14,424.15,418.1,412.2,406.23,400.61,395.08,389.87,384.9,380.46,378.44,379.11,380.71,382.88,385.26,383.62,372.85,369.56,367.68,365.87,364.08,362.46,360.81,359.03,357.37,355.8,354.19,352.61,351.04,349.49,347.85,346.31,344.79,343.18,341.65,340.14,338.68,337.21,335.76,334.41,333.03,331.66,330.4,329.15,327.88,326.68,325.52,324.37,323.23,322.17,321.08
21042,23,114.077,35.76,54.95,68.23,591.36,1029.32,969.0,936.74,950.76,975.38,995.72,943.6,926.81,942.34,963.42,941.12,860.08,843.92,855.57,852.9,798.14,803.16,775.83,741.38,708.56,698.37,698.24,700.14,699.58,700.31,697.88,699.27,698.04,699.2,698.9,696.71,697.01,699.54,699.24,700.09,699.47,699.03,699.38,700.04,699.75,699.88,699.76,699.8,699.9,700.08,699.45,699.94,699.85,699.47,699.55,699.8,699.69,700.0,699.37,699.98,699.97,699.93,699.98,699.95,699.97,700.0,699.97,699.76,699.99,699.98,700.06,699.96,699.95,699.93,699.99,699.93,700.0,699.92,699.78,700.15,699.98,699.66,699.36,699.3,700.81,700.71,700.42,681.21,555.08,419.98,289.02,159.1,43.75,25.27,29.55,44.42,37.58,28.28,26.69,26.08,25.42,24.99,25.11,24.78,24.92,25.05,25.1,25.27,25.21,25.12,25.18,24.95,24.98,25.04,25.14,25.29,25.01,25.04,25.12,25.18,25.07,25.14,25.24,25.23,25.12,25.21,25.3,25.13,25.37,-0.47,-0.33,-0.31,-0.41,0.62,12.71,24.18,37.03,50.03,62.59,67.2,74.31,85.36,97.59,103.84,98.99,103.85,113.74,123.26,121.47,140.92,151.57,156.12,159.86,168.12,180.16,192.98,206.53,220.69,235.41,251.45,268.21,297.22,340.54,373.85,399.95,420.01,436.88,450.71,462.35,472.42,481.0,489.0,496.13,502.68,508.79,514.34,519.43,524.13,528.33,532.09,535.45,538.34,540.74,542.57,543.87,544.44,544.46,543.46,541.63,538.85,535.05,530.26,524.56,518.49,511.64,504.45,497.05,489.7,482.48,475.45,468.67,462.17,455.89,449.63,443.57,437.52,431.46,425.49,419.46,413.37,407.59,401.9,396.36,391.12,386.16,381.57,379.57,380.17,381.75,383.72,386.05,384.46,373.67,370.37,368.53,366.73,364.92,363.17,361.48,359.75,358.14,356.5,354.83,353.33,351.66,350.07,348.51,346.99,345.41,343.77,342.25,340.74,339.23,337.79,336.43,334.94,333.64,332.3,331.08,329.74,328.5,327.32,326.11,324.95,323.85,322.72,321.66
21043,23,114.075,35.62,54.52,66.28,582.14,1027.06,967.01,935.47,950.33,973.51,994.76,942.8,926.32,941.95,962.84,939.88,858.88,843.12,854.86,850.89,797.68,802.57,775.11,741.44,708.07,698.39,698.49,700.17,699.57,700.08,697.77,699.0,698.43,698.32,698.54,697.75,695.78,699.95,698.56,699.88,699.57,698.48,699.82,699.97,699.49,699.94,700.08,699.73,699.75,699.77,699.79,699.79,699.76,699.68,699.77,699.65,699.46,699.69,699.77,699.93,699.97,700.06,699.95,699.89,699.83,699.93,699.95,699.83,700.03,699.92,699.7,700.11,700.04,700.01,700.03,699.96,700.04,699.94,699.88,699.99,700.11,699.8,699.56,699.3,700.2,700.31,700.13,681.1,554.16,418.8,287.5,157.7,42.68,25.91,29.79,44.96,37.01,28.15,26.6,25.9,25.45,25.17,24.98,25.07,25.12,25.02,25.1,25.06,25.28,24.89,25.01,24.98,25.08,25.15,25.59,24.98,24.97,25.04,25.1,25.12,25.32,25.74,25.02,25.2,25.33,25.36,25.22,25.36,25.2,-0.55,-0.5,-0.58,-0.43,0.12,11.28,22.67,35.47,48.52,61.16,65.98,73.22,84.39,96.49,102.7,98.11,102.96,113.03,122.24,121.56,141.23,150.7,155.31,159.0,167.11,179.26,192.06,205.57,219.51,233.96,249.91,266.14,291.91,335.31,369.96,396.81,417.94,435.0,449.22,461.07,471.18,480.11,488.13,495.29,502.02,508.08,513.77,519.0,523.64,527.86,531.77,535.34,538.23,540.74,542.71,544.01,544.77,544.75,544.0,542.31,539.56,535.74,531.07,525.58,519.42,512.69,505.66,498.26,490.83,483.59,476.68,469.81,463.33,456.96,450.75,444.76,438.63,432.69,426.62,420.75,414.63,408.83,403.06,397.51,392.28,387.34,382.71,380.69,381.34,382.93,385.12,387.48,385.78,374.8,371.57,369.57,367.76,365.97,364.29,362.6,360.92,359.24,357.64,355.94,354.35,352.72,351.17,349.56,348.03,346.48,344.91,343.32,341.84,340.35,338.94,337.49,336.05,334.71,333.46,332.04,330.81,329.49,328.24,327.17,326.01,324.86,323.73,322.73
21044,23,114.067,34.98,54.59,66.09,578.1,1025.82,965.32,934.78,948.68,972.75,994.58,942.67,925.92,941.55,962.64,939.87,859.19,843.17,854.89,851.74,797.94,802.86,775.37,741.48,708.77,698.32,698.51,700.21,699.46,699.96,697.78,698.72,698.5,698.1,698.56,698.72,695.92,699.73,698.2,699.75,699.67,699.06,699.53,700.02,699.43,699.91,700.07,699.67,699.68,700.05,699.87,699.77,699.72,699.51,699.68,699.62,699.42,699.93,699.87,699.88,699.87,700.06,700.0,699.95,700.04,699.91,700.05,699.83,699.83,699.91,699.97,699.9,699.99,699.5,699.89,699.94,700.11,699.98,699.6,699.4,700.21,700.11,699.83,699.48,699.24,699.05,699.37,682.13,554.71,419.74,287.98,158.31,43.24,25.95,29.96,43.97,37.67,28.36,26.56,25.93,25.35,25.06,24.88,24.94,25.0,24.88,24.99,25.27,24.97,25.02,25.05,25.03,25.2,25.13,26.13,24.03,24.7,25.19,25.35,25.4,25.36,25.64,24.64,24.99,25.28,25.32,25.21,25.32,25.36,-0.51,-0.46,-0.48,-0.52,0.53,12.55,23.81,36.34,49.31,61.86,66.49,73.77,84.77,96.95,103.11,98.52,103.34,113.18,122.5,120.93,140.49,150.3,154.93,158.52,166.41,178.62,191.29,204.76,218.99,233.47,249.29,265.44,289.07,332.06,367.68,394.62,416.19,433.25,447.77,459.82,469.97,479.23,487.35,494.65,501.23,507.37,513.06,518.12,522.92,527.24,531.1,534.44,537.3,539.91,541.84,543.16,543.96,544.05,543.4,541.68,538.9,535.23,530.6,525.17,519.16,512.38,505.24,497.8,490.33,483.13,476.02,469.1,462.47,456.14,449.89,443.79,437.7,431.58,425.4,419.44,413.31,407.47,401.69,396.01,390.86,385.86,381.25,379.13,379.68,381.28,383.36,385.77,384.22,373.24,369.78,367.96,366.23,364.5,362.7,360.95,359.34,357.74,356.17,354.46,352.83,351.32,349.75,348.1,346.53,345.01,343.47,341.83,340.37,338.93,337.45,336.03,334.64,333.25,331.84,330.54,329.36,328.1,326.9,325.72,324.52,323.36,322.32,321.21
21045,23,114.069,35.42,54.8,66.35,582.84,1027.03,967.04,935.73,949.71,973.92,995.34,943.42,926.49,941.96,963.07,940.37,859.26,843.13,854.71,851.29,797.16,802.27,774.89,741.39,708.48,698.29,698.71,700.26,699.65,699.53,699.87,698.32,698.46,698.9,699.06,697.83,695.82,699.94,698.82,699.81,699.85,698.52,699.94,700.08,699.5,699.91,700.04,699.75,699.7,699.84,700.07,699.64,699.8,699.59,699.84,699.47,699.46,699.94,699.85,699.96,699.95,699.97,699.99,699.83,699.94,699.89,700.01,700.04,699.83,699.96,699.98,699.94,699.92,699.82,700.05,699.96,700.11,699.83,699.62,700.17,700.04,699.64,699.28,699.74,700.79,700.53,700.27,680.75,554.37,419.65,288.05,158.26,43.15,25.85,29.39,44.67,37.47,28.35,26.54,26.04,25.6,24.97,24.89,24.99,24.93,25.1,25.0,25.24,24.92,25.21,25.03,25.1,25.02,25.2,25.23,25.05,25.17,25.11,25.22,25.21,26.0,24.56,24.98,25.1,25.43,25.47,25.33,25.5,24.82,-0.45,-0.45,-0.42,-0.41,0.39,12.34,23.61,36.41,49.44,61.9,66.55,73.67,84.84,96.86,103.17,98.57,103.3,113.14,122.54,120.72,140.26,150.36,155.21,158.93,166.88,179.15,192.02,205.38,219.27,234.24,249.19,265.88,290.38,334.66,368.49,395.14,416.24,433.03,447.1,458.89,468.85,477.66,485.64,492.78,499.35,505.63,511.08,516.3,520.93,525.31,529.2,532.67,535.6,538.06,539.87,541.3,541.9,541.91,541.03,539.31,536.57,532.75,528.06,522.54,516.34,509.54,502.38,495.0,487.58,480.28,473.2,466.46,459.85,453.44,447.26,441.08,434.99,429.03,423.03,416.98,411.01,405.06,399.35,393.7,388.38,383.52,378.78,376.79,377.38,378.92,381.05,383.32,381.72,370.8,367.65,365.56,363.93,362.09,360.34,358.58,356.93,355.33,353.64,352.05,350.37,348.79,347.31,345.67,344.06,342.51,340.89,339.41,337.84,336.42,334.9,333.53,332.15,330.77,329.41,328.12,326.78,325.62,324.34,323.16,322.0,320.89,319.76,318.67
21046,23,114.08,34.99,54.15,64.94,571.58,1024.91,965.36,933.94,948.18,972.56,993.99,942.2,926.13,941.97,962.77,940.27,859.7,843.93,855.37,851.36,797.87,802.77,775.02,741.6,708.25,698.63,697.98,699.91,699.49,700.03,699.43,699.17,699.14,698.49,698.62,698.92,696.31,698.85,698.91,699.0,698.87,699.65,699.55,699.7,699.4,700.06,699.35,699.95,700.15,698.93,700.01,699.74,699.84,699.76,699.72,699.63,699.64,699.8,699.84,699.57,699.87,700.01,699.95,699.89,700.09,699.94,699.92,699.88,700.01,700.01,699.84,699.97,699.85,699.94,699.96,699.99,699.7,700.11,699.94,699.62,699.81,700.17,699.86,699.54,699.34,699.57,700.56,681.25,553.77,419.14,287.56,157.53,42.36,26.21,29.34,44.92,37.34,28.02,26.51,26.45,25.16,24.73,24.88,25.14,25.19,25.16,25.74,24.55,24.8,25.05,25.04,25.18,25.11,25.1,25.12,25.06,25.32,25.12,25.13,25.22,25.3,24.97,25.02,25.25,25.24,25.42,25.39,25.04,24.93,-0.45,-0.38,-0.47,-0.45,0.32,12.04,23.36,35.96,48.97,61.41,66.15,73.31,84.44,96.62,102.83,98.07,102.94,112.69,121.88,120.02,139.03,149.39,154.27,157.54,165.39,177.13,189.09,202.57,216.88,231.55,247.31,263.23,284.09,326.09,363.2,391.09,413.57,431.09,446.04,458.18,468.76,478.19,486.35,493.72,500.45,506.62,512.27,517.54,522.28,526.68,530.65,534.18,537.18,539.63,541.56,542.99,543.79,543.9,543.07,541.44,538.73,535.15,530.53,525.1,519.07,512.31,505.17,497.78,490.45,483.11,476.0,469.15,462.56,456.19,449.87,443.83,437.81,431.73,425.62,419.65,413.72,407.79,401.98,396.38,391.08,386.05,381.49,379.32,380.02,381.52,383.59,386.03,384.38,373.36,370.0,368.12,366.39,364.63,362.92,361.23,359.55,357.97,356.19,354.57,353.02,351.43,349.87,348.36,346.75,345.24,343.54,342.08,340.53,339.05,337.61,336.16,334.73,333.38,332.05,330.75,329.45,328.19,326.96,325.79,324.64,323.48,322.47,321.34
21047,23,114.095,35.18,54.35,65.5,575.1,1025.41,965.78,934.5,949.23,973.33,994.03,942.09,925.47,941.04,962.14,939.44,858.22,842.27,853.78,850.33,796.3,801.93,774.54,741.3,708.16,698.26,698.74,700.25,699.57,700.37,697.96,698.68,699.04,697.75,698.47,699.02,695.97,698.82,698.5,699.34,699.31,699.6,699.65,699.96,699.42,699.85,699.81,699.87,699.71,700.04,699.8,699.31,699.85,699.82,699.49,699.66,699.59,699.55,699.89,699.58,699.92,699.98,699.92,700.01,699.93,700.04,699.89,699.97,699.94,700.08,699.94,699.75,700.02,699.82,700.03,700.05,699.81,700.13,699.88,699.65,699.83,700.36,700.11,699.72,699.53,699.39,699.07,681.35,554.82,419.84,288.34,158.19,43.25,26.05,29.66,45.16,37.16,28.19,26.53,26.02,25.15,25.28,24.93,25.13,25.07,24.94,24.95,25.06,25.19,25.15,25.07,25.09,24.93,25.02,24.98,25.21,25.23,25.28,25.46,25.85,24.55,24.98,25.21,25.2,25.23,25.4,25.5,25.08,24.77,-0.37,-0.42,-0.42,-0.42,0.37,11.93,23.17,35.75,48.78,61.35,66.02,73.1,84.15,96.21,102.53,97.89,102.61,112.61,121.77,120.01,139.4,149.41,154.51,158.08,166.23,178.43,191.08,204.41,218.58,232.88,248.42,264.49,288.24,331.8,367.52,394.59,416.29,433.34,448.02,460.12,470.49,479.64,487.79,494.92,501.51,507.76,513.29,518.4,523.29,527.56,531.46,534.94,537.92,540.49,542.48,543.81,544.59,544.71,544.1,542.46,539.84,536.22,531.55,526.03,519.9,513.02,505.74,498.13,490.52,482.94,475.55,468.33,461.13,454.06,446.86,439.51,432.17,424.74,417.57,410.58,403.89,397.69,391.97,386.81,382.29,378.15,374.48,373.36,374.97,377.37,380.05,382.87,381.55,370.93,367.87,365.99,364.24,362.58,360.86,359.14,357.41,355.65,354.06,352.44,350.85,349.21,347.64,345.96,344.39,342.75,341.19,339.66,338.11,336.6,335.09,333.75,332.33,331.04,329.6,328.36,327.08,325.78,324.5,323.39,322.14,321.11,319.91,318.93
21048,23,114.095,35.23,54.7,66.07,577.34,1025.29,964.89,933.55,947.49,971.84,993.05,941.8,924.85,940.64,961.83,939.72,858.55,842.42,854.59,850.63,795.77,801.52,774.74,741.39,708.79,698.56,698.48,700.28,699.75,698.8,699.42,698.3,697.93,699.34,698.11,699.06,696.4,699.25,698.96,699.0,699.25,699.57,699.34,699.8,699.36,699.99,699.55,699.45,699.66,699.72,699.86,699.64,699.74,699.73,699.59,699.89,699.86,699.57,699.77,699.75,699.97,699.92,699.84,699.87,699.97,699.87,700.03,699.97,700.02,699.84,699.97,699.93,700.1,699.88,699.89,699.96,699.91,699.98,699.97,699.64,699.88,700.19,699.93,699.67,699.34,699.18,700.07,682.41,554.88,420.5,288.89,158.79,43.63,25.75,29.63,44.66,37.43,28.54,26.59,25.46,25.4,25.26,25.0,25.05,25.26,25.19,24.54,24.88,25.13,25.23,25.12,25.33,24.95,24.88,24.98,25.11,25.06,25.2,25.02,25.22,25.19,25.11,25.09,25.21,25.36,25.43,25.02,25.09,25.31,-0.41,-0.39,-0.42,-0.47,0.35,11.96,23.37,36.06,48.96,61.54,66.17,73.28,84.28,96.32,102.73,98.02,102.74,112.58,121.87,119.7,138.88,149.36,154.06,157.9,165.72,177.95,190.69,203.97,217.91,232.48,247.87,264.63,288.4,333.31,368.39,395.17,416.94,433.99,448.34,460.36,470.51,479.66,487.76,494.95,501.56,507.58,513.24,518.35,523.18,527.35,531.37,534.89,537.77,540.36,542.31,543.7,544.41,544.54,543.82,542.21,539.6,535.9,531.4,526.0,520.06,513.38,506.23,498.91,491.55,484.32,477.26,470.46,463.95,457.62,451.49,445.47,439.41,433.5,427.55,421.61,415.61,409.73,404.03,398.48,393.29,388.17,383.53,381.42,382.06,383.77,385.9,388.32,386.67,375.88,372.65,370.63,368.82,367.09,365.39,363.72,361.99,360.38,358.75,357.14,355.56,354.0,352.44,350.87,349.29,347.78,346.23,344.67,343.1,341.66,340.22,338.77,337.44,336.05,334.77,333.37,332.14,330.96,329.73,328.49,327.44,326.23,325.12,324.08
21049,23,114.117,35.67,55.18,68.09,585.54,1027.24,966.07,933.53,947.42,971.99,993.23,941.17,924.87,941.45,964.01,940.58,858.59,842.13,853.66,849.16,796.51,801.49,774.28,740.91,707.94,698.65,698.44,700.05,699.68,700.22,697.84,698.62,699.37,697.76,698.63,699.18,695.89,699.64,698.58,699.56,699.68,698.55,699.58,699.77,699.69,699.92,700.1,699.84,699.92,699.63,699.83,699.75,699.6,699.69,699.77,699.8,699.47,699.73,699.73,699.83,699.96,699.92,699.93,699.99,699.96,699.96,700.02,700.08,699.87,699.91,700.04,699.89,700.1,699.8,699.78,700.02,699.64,700.05,699.97,699.59,700.1,700.08,699.71,699.53,699.29,700.13,700.44,680.8,553.13,418.08,286.85,156.84,41.83,26.18,29.68,44.48,37.67,28.94,26.02,25.68,25.41,25.29,24.96,25.02,25.03,24.73,24.78,25.0,25.24,25.24,25.17,25.25,24.86,24.93,25.08,25.14,25.26,25.41,24.98,25.11,25.12,25.1,25.21,25.41,25.5,24.93,24.94,25.16,25.22,-0.36,-0.4,-0.44,-0.4,0.57,12.9,24.34,36.96,49.92,62.5,66.97,73.91,84.95,97.03,103.15,98.47,103.25,113.26,122.31,120.61,139.9,150.3,155.13,158.68,166.66,179.16,192.16,205.71,220.14,234.79,250.99,268.37,301.43,345.22,377.9,402.9,423.16,439.21,452.86,464.25,473.83,482.68,490.44,497.38,503.75,509.76,515.24,520.29,524.77,528.96,532.52,535.85,538.57,540.83,542.69,543.94,544.54,544.43,543.49,541.65,538.75,535.09,530.4,524.95,518.81,512.09,504.93,497.58,490.28,483.03,475.97,469.31,462.81,456.43,450.27,444.2,438.2,432.18,426.25,420.3,414.41,408.44,402.78,397.22,391.93,386.96,382.18,380.22,380.84,382.41,384.49,386.79,385.14,374.18,370.83,368.86,367.07,365.39,363.62,362.0,360.31,358.64,357.02,355.36,353.79,352.17,350.64,349.09,347.48,345.93,344.5,342.94,341.43,339.86,338.49,337.03,335.61,334.25,332.96,331.65,330.41,329.1,327.92,326.7,325.57,324.47,323.35,322.31
21050,23,114.127,36.15,55.77,68.13,584.41,1026.98,966.0,933.58,947.65,971.56,992.73,940.84,925.68,944.18,962.95,938.69,858.01,842.39,854.03,849.99,796.57,801.76,774.71,741.21,708.34,698.42,698.9,700.06,699.49,700.3,697.66,698.68,699.22,697.8,698.41,698.83,695.78,699.82,698.67,699.5,699.59,698.75,699.71,699.96,699.36,699.74,699.98,700.02,700.05,699.24,699.78,699.87,699.83,699.24,699.62,699.93,699.95,699.05,699.7,699.76,699.96,699.93,699.94,699.87,699.94,700.0,699.93,700.03,699.97,699.99,699.9,699.93,699.84,699.82,700.07,699.73,699.91,699.94,700.05,699.82,700.26,700.12,699.8,699.5,699.22,699.15,700.5,681.47,553.68,418.86,287.31,157.62,42.43,26.08,29.72,44.95,37.17,28.12,26.35,26.0,25.39,25.21,25.13,25.29,24.55,24.84,25.07,25.31,25.12,25.08,25.22,25.24,25.13,25.0,25.04,25.13,25.37,25.14,24.91,25.19,25.27,25.12,25.06,25.34,25.08,25.27,25.21,25.13,25.27,-0.55,-0.47,-0.48,-0.5,0.45,12.3,23.39,36.01,48.97,61.44,66.08,73.3,84.27,96.4,102.48,97.76,102.56,112.53,121.72,120.09,139.57,149.77,154.61,158.32,166.5,178.51,191.51,204.96,219.17,233.68,249.77,266.61,296.9,341.26,374.77,400.41,421.07,437.51,451.4,463.0,472.77,481.66,489.49,496.62,502.93,508.97,514.58,519.64,524.29,528.53,532.23,535.53,538.47,540.84,542.72,544.0,544.55,544.56,543.8,541.96,539.2,535.49,530.83,525.3,519.35,512.69,505.49,498.1,490.78,483.58,476.6,469.86,463.35,457.08,450.83,444.81,438.77,432.83,426.84,420.87,414.99,409.01,403.3,397.78,392.46,387.41,382.75,380.67,381.29,382.86,384.98,387.34,385.68,374.76,371.49,369.49,367.68,365.97,364.21,362.44,360.9,359.23,357.55,355.87,354.33,352.77,351.19,349.66,348.11,346.51,344.96,343.37,341.9,340.33,338.99,337.51,336.13,334.83,333.49,332.06,330.85,329.58,328.37,327.2,326.04,324.92,323.83,322.74
21051,23,114.146,35.82,55.29,68.27,588.74,1027.9,965.68,933.01,947.21,971.83,993.03,941.41,925.71,940.18,961.35,937.87,857.08,841.52,853.02,848.9,795.69,801.07,773.93,740.81,708.21,698.43,698.58,700.06,699.49,700.38,697.34,698.72,698.87,697.89,698.28,698.68,695.86,699.88,698.84,699.92,699.76,698.51,699.96,699.91,699.89,699.15,699.96,700.01,700.09,699.77,699.9,699.76,699.97,699.44,699.56,699.82,699.86,699.78,699.93,699.87,700.0,699.37,699.74,699.85,699.79,699.89,699.41,699.45,699.88,699.29,699.35,700.07,699.34,699.3,699.75,700.4,700.17,699.8,699.56,699.34,699.02,699.37,701.53,701.35,701.04,698.7,698.2,682.56,553.53,418.7,287.32,157.74,42.73,25.74,30.0,44.95,36.93,27.94,26.62,25.96,25.46,25.05,25.04,25.08,24.68,24.88,25.13,25.28,25.31,25.15,24.97,24.88,25.09,24.99,25.19,25.03,25.42,25.05,25.3,25.16,25.21,25.11,25.19,25.31,25.19,25.17,25.15,25.17,25.27,-0.52,-0.56,-0.52,-0.55,0.57,12.6,23.68,36.35,49.28,61.86,66.52,73.64,84.71,96.67,102.83,98.01,102.92,112.65,121.94,120.26,139.88,150.12,155.0,158.79,167.0,179.28,192.18,205.59,219.86,234.49,250.51,267.84,301.22,345.12,377.72,403.02,423.11,439.38,453.01,464.44,474.25,482.88,490.6,497.67,503.89,509.81,515.31,520.36,524.89,529.22,532.94,536.18,539.15,541.52,543.39,544.69,545.35,545.38,544.72,542.95,540.23,536.7,532.09,526.63,520.7,514.02,507.02,499.7,492.42,485.2,478.16,471.42,465.0,458.68,452.4,446.22,440.27,434.17,428.23,422.36,416.44,410.56,404.65,399.05,393.73,388.77,384.07,382.13,382.84,384.42,386.53,388.88,387.31,376.27,372.93,371.02,369.23,367.48,365.74,364.05,362.35,360.65,359.07,357.44,355.86,354.29,352.76,351.26,349.65,348.05,346.46,344.98,343.43,342.05,340.52,339.13,337.76,336.3,335.03,333.78,332.47,331.24,330.03,328.85,327.69,326.53,325.46,324.38
21052,23,114.157,36.0,55.47,69.62,595.54,1029.01,966.31,933.92,947.93,972.24,993.48,941.5,925.27,940.77,961.49,938.21,857.8,841.89,853.32,849.55,795.97,801.4,774.45,740.4,708.15,698.23,698.69,699.94,699.48,700.27,697.83,698.66,698.48,698.46,698.66,697.85,696.37,699.76,699.13,700.01,699.44,698.69,699.58,699.89,700.01,700.03,699.8,699.9,699.88,699.88,699.53,699.98,699.85,699.24,699.54,699.91,699.29,699.96,699.05,700.01,699.99,699.92,700.06,699.99,700.05,699.86,700.02,700.03,700.11,699.87,699.78,699.93,699.94,700.05,699.97,699.83,699.86,699.92,699.97,700.09,699.65,699.73,700.34,700.16,699.84,699.44,699.3,680.67,554.39,418.88,287.38,157.83,42.43,25.75,29.61,45.43,36.79,27.85,26.8,25.86,25.4,25.09,25.13,25.11,24.84,24.9,25.19,25.19,25.23,25.38,25.05,24.93,24.98,25.07,25.1,25.19,25.45,25.07,25.08,25.16,25.04,25.17,25.21,25.6,24.94,25.14,25.22,25.2,25.22,-0.45,-0.46,-0.43,-0.49,0.45,12.39,23.49,36.21,49.13,61.71,66.26,73.46,84.48,96.61,102.67,98.11,102.87,112.85,122.03,120.91,140.77,150.64,155.29,159.25,167.58,179.85,192.85,206.32,220.52,235.37,251.38,269.06,306.0,348.74,380.52,405.28,424.84,440.88,454.17,465.33,474.94,483.34,491.09,498.0,504.31,510.07,515.47,520.46,525.04,529.2,532.83,536.18,538.91,541.25,543.23,544.52,545.12,545.15,544.43,542.72,540.04,536.35,531.84,526.45,520.45,513.81,506.7,499.4,492.06,484.97,478.0,471.25,464.77,458.55,452.39,446.39,440.33,434.35,428.4,422.44,416.52,410.65,404.9,399.42,394.02,389.0,384.36,382.24,382.81,384.42,386.51,388.81,387.11,376.12,372.6,370.59,368.82,367.1,365.39,363.68,361.93,360.3,358.65,357.01,355.39,353.83,352.28,350.65,349.13,347.61,346.03,344.47,342.97,341.48,340.06,338.61,337.28,335.91,334.53,333.29,332.06,330.78,329.52,328.33,327.16,326.04,324.93,323.89
21053,23,114.141,35.91,55.54,68.67,591.15,1027.52,965.66,933.86,947.87,972.18,993.29,942.67,925.63,941.48,962.17,938.42,857.94,842.37,853.91,849.65,796.91,801.84,774.34,740.73,708.05,698.33,698.98,700.03,699.49,699.88,698.04,698.65,698.75,698.14,698.67,698.29,695.73,699.97,699.23,700.16,699.68,698.29,699.93,699.94,700.02,699.31,700.03,699.91,699.87,699.53,700.1,699.19,699.89,699.91,699.38,699.3,699.77,699.8,699.49,700.06,699.94,699.95,700.05,699.91,699.99,699.94,699.95,699.95,699.97,699.99,699.81,700.05,699.99,699.9,700.03,699.79,699.98,700.04,699.94,700.01,700.05,699.86,700.12,699.98,699.66,699.44,699.93,681.01,553.14,418.11,286.91,157.09,41.87,26.02,29.48,45.09,37.28,28.14,26.75,25.92,25.51,25.16,25.04,24.86,25.03,25.02,25.04,25.16,25.18,25.68,24.74,24.84,25.02,25.1,25.33,25.24,25.05,25.14,25.2,25.02,25.13,25.17,25.55,25.49,24.64,25.1,25.29,25.22,25.37,-0.44,-0.41,-0.49,-0.44,0.68,12.66,23.94,36.58,49.37,61.95,66.48,73.74,84.72,96.87,102.83,98.06,102.92,112.86,122.06,120.85,140.46,150.29,155.07,158.98,167.27,179.44,192.45,205.95,219.93,234.96,251.13,268.46,303.44,346.91,379.02,404.02,423.72,439.99,453.45,464.73,474.38,482.79,490.6,497.65,504.01,509.91,515.45,520.45,525.08,529.13,532.95,536.25,539.03,541.44,543.34,544.62,545.14,545.23,544.5,542.71,540.05,536.4,531.77,526.45,520.34,513.72,506.64,499.28,491.88,484.66,477.65,470.92,464.42,458.14,452.0,445.88,439.84,433.85,427.98,422.04,416.1,410.27,404.5,398.98,393.67,388.6,383.97,381.84,382.52,384.06,386.17,388.44,386.87,375.89,372.55,370.61,368.8,366.98,365.27,363.58,361.9,360.29,358.61,357.03,355.39,353.79,352.2,350.67,349.14,347.67,346.12,344.58,343.06,341.54,340.11,338.65,337.23,335.88,334.51,333.28,331.97,330.73,329.58,328.33,327.18,326.05,324.92,323.8
21054,23,114.158,36.19,55.72,68.58,589.82,1028.04,965.86,933.19,947.19,971.68,992.96,941.82,924.89,940.24,961.19,937.75,857.07,841.29,852.99,848.5,795.69,801.02,773.75,740.72,708.03,698.5,698.41,700.33,699.65,698.68,699.41,698.21,698.04,699.38,698.3,698.67,696.11,699.94,699.49,699.84,699.97,698.5,700.06,700.05,699.92,699.46,700.02,699.87,700.05,699.72,699.91,699.69,699.75,699.75,699.78,699.83,699.63,699.79,699.89,699.97,700.02,699.99,699.96,699.92,699.98,700.06,699.9,699.92,699.96,699.9,700.09,699.75,699.94,699.95,699.84,700.14,699.98,699.55,699.32,700.16,699.97,699.67,699.34,699.87,700.59,700.29,699.95,680.83,553.33,418.05,286.8,157.23,41.94,25.98,29.74,45.57,36.8,27.8,26.71,26.02,25.38,25.02,25.23,24.75,24.93,24.94,25.09,25.2,25.27,25.79,24.62,24.71,25.03,25.05,25.25,25.47,25.12,24.89,25.18,25.13,25.09,25.04,25.36,25.3,25.11,25.14,25.27,25.23,25.17,-0.46,-0.38,-0.41,-0.47,0.39,11.83,23.38,36.01,48.96,61.43,66.16,73.32,84.45,96.51,102.48,97.78,102.53,112.43,121.52,120.37,139.98,149.82,154.58,158.35,166.72,178.96,191.9,205.38,219.55,234.83,250.33,268.44,303.62,347.64,379.31,404.22,424.15,440.46,453.89,465.22,474.81,483.37,491.05,498.01,504.12,510.05,515.5,520.57,525.26,529.37,533.12,536.42,539.32,541.69,543.53,544.99,545.7,545.83,545.08,543.44,540.87,537.2,532.68,527.41,521.46,514.83,507.85,500.52,493.19,486.03,479.03,472.33,465.77,459.53,453.37,447.28,441.3,435.23,429.25,423.27,417.15,411.25,405.45,399.8,394.35,389.37,384.62,382.52,383.16,384.78,386.98,389.37,387.66,376.59,373.34,371.27,369.51,367.76,366.02,364.29,362.59,360.9,359.27,357.66,355.95,354.39,352.79,351.32,349.66,348.21,346.55,344.98,343.51,341.97,340.63,339.12,337.77,336.34,335.05,333.69,332.47,331.24,329.88,328.74,327.56,326.41,325.28,324.26
21055,23,114.134,36.1,55.24,67.33,583.15,1026.35,964.79,932.99,947.01,971.21,993.29,940.98,924.55,940.08,960.93,938.05,857.36,841.68,853.11,849.22,796.06,801.33,774.4,740.65,708.26,698.29,698.63,700.12,699.67,700.2,698.01,698.5,699.39,697.99,698.08,698.92,696.41,699.41,698.73,699.49,699.36,699.31,699.41,700.11,699.15,699.82,700.16,699.41,699.71,700.21,699.78,699.76,699.77,699.58,699.67,699.95,699.53,699.66,699.92,699.44,699.93,699.95,699.93,700.05,699.83,699.96,699.93,699.88,700.02,699.97,700.0,700.02,699.76,700.06,699.93,699.87,700.0,699.88,700.08,699.8,699.97,700.12,699.87,699.5,700.27,700.6,700.17,681.14,554.03,418.92,287.34,157.53,42.54,26.15,29.92,45.1,36.91,28.13,26.65,26.02,25.42,25.1,25.09,24.92,24.98,24.92,25.1,25.2,25.23,25.21,25.0,25.09,24.93,24.93,25.02,25.39,24.86,25.01,25.17,25.21,25.24,25.19,25.26,25.19,25.28,25.0,25.1,25.02,24.99,-0.5,-0.5,-0.5,-0.56,0.12,11.57,22.91,35.59,48.36,60.97,65.68,72.89,83.84,95.92,102.05,97.32,102.24,112.16,121.24,119.73,139.22,149.35,153.96,157.72,165.79,178.04,190.9,204.37,218.42,233.09,249.12,266.16,297.33,342.01,375.43,400.87,421.65,437.99,451.89,463.56,473.42,482.17,489.89,496.79,503.21,509.2,514.71,519.73,524.3,528.57,532.32,535.65,538.66,541.22,543.24,544.67,545.47,545.62,545.03,543.53,541.01,537.54,533.17,527.91,522.07,515.54,508.58,501.35,494.04,486.84,479.79,472.95,466.38,460.16,453.85,447.67,441.68,435.59,429.38,423.26,417.19,411.12,405.25,399.56,394.07,388.95,384.16,382.15,382.81,384.39,386.61,389.01,387.42,376.53,373.25,371.32,369.56,367.72,365.99,364.24,362.51,360.89,359.29,357.6,356.02,354.42,352.85,351.29,349.74,348.14,346.6,345.01,343.42,341.93,340.56,339.11,337.64,336.26,334.91,333.72,332.36,331.17,329.87,328.65,327.51,326.36,325.31,324.2
21056,23,114.126,35.6,54.99,67.71,588.06,1028.38,967.22,934.44,948.06,975.11,994.36,942.13,926.01,941.67,962.96,940.17,859.31,843.19,854.71,850.97,797.43,802.48,775.1,741.45,707.75,698.3,698.35,700.16,699.41,700.21,697.4,698.96,698.86,698.31,698.71,698.39,695.82,699.86,699.18,700.01,699.74,698.48,699.84,699.69,699.67,699.83,699.99,699.97,699.46,700.0,699.79,699.91,700.02,699.39,699.47,699.67,699.95,699.7,699.73,699.98,699.96,699.93,699.98,699.9,700.01,699.97,699.97,700.05,700.08,699.96,699.94,699.95,699.94,700.03,700.04,699.89,699.9,700.05,700.17,699.76,699.51,699.13,699.0,700.49,700.78,700.48,700.17,680.31,553.48,418.68,287.25,157.85,42.47,25.81,29.42,44.85,37.51,28.25,26.68,26.05,25.44,25.13,25.1,24.82,24.93,25.07,24.95,25.17,25.47,24.99,24.94,25.18,25.14,24.99,24.99,25.09,25.09,25.09,25.4,25.17,25.12,25.17,25.47,24.89,25.07,25.13,25.24,25.32,25.41,-0.45,-0.42,-0.41,-0.46,0.56,12.67,23.9,36.42,49.21,61.78,66.39,73.55,84.61,96.64,102.85,98.2,103.08,112.91,122.11,120.74,140.41,150.11,154.84,158.25,166.37,178.49,191.42,204.86,218.77,233.21,249.28,265.99,296.61,340.88,374.25,399.94,420.55,437.16,451.27,462.77,472.62,481.52,489.34,496.33,502.84,508.84,514.45,519.29,523.97,528.25,532.1,535.37,538.28,540.66,542.49,543.93,544.72,544.74,544.07,542.44,539.88,536.22,531.7,526.33,520.45,513.72,506.65,499.36,492.01,484.75,477.68,470.83,464.33,457.94,451.75,445.57,439.59,433.48,427.37,421.44,415.43,409.44,403.7,398.04,392.68,387.62,382.95,380.85,381.53,383.22,385.3,387.82,386.17,375.21,371.92,370.05,368.3,366.41,364.72,363.01,361.34,359.6,358.0,356.39,354.75,353.25,351.59,350.14,348.55,346.92,345.42,343.8,342.34,340.88,339.39,337.93,336.58,335.19,333.8,332.55,331.3,330.03,328.77,327.58,326.4,325.33,324.22,323.18
21057,23,114.359,35.61,55.24,68.09,590.15,1029.51,968.81,936.62,950.86,974.03,995.23,943.27,926.63,942.21,963.19,940.16,859.14,843.22,854.57,851.25,797.39,802.33,774.97,741.24,708.71,698.54,698.55,700.15,699.76,699.88,699.37,699.12,699.26,698.75,698.58,698.95,695.92,699.78,698.87,699.32,699.51,698.87,700.02,700.15,699.09,699.69,699.8,699.72,699.87,700.04,699.52,699.7,699.79,699.93,699.36,699.71,699.75,699.15,699.72,699.91,699.98,699.92,700.02,699.89,699.92,699.96,699.91,700.02,699.94,700.03,699.87,699.99,699.92,699.99,699.93,700.05,699.94,699.79,700.05,699.79,700.15,700.08,699.66,699.36,700.42,700.67,700.26,681.26,554.26,419.63,288.15,158.04,42.99,26.07,29.93,44.22,37.58,28.31,26.57,25.86,25.39,25.35,24.93,24.91,24.93,25.08,25.12,25.27,25.27,24.86,24.93,25.03,25.16,25.16,25.46,24.93,24.93,25.2,25.36,25.07,25.06,25.46,24.99,24.95,25.24,25.24,25.2,25.4,25.38,-0.4,-0.42,-0.32,-0.37,0.49,12.47,23.72,36.42,49.32,61.91,66.6,73.71,84.83,96.83,103.0,98.3,102.95,112.96,122.11,120.5,139.87,150.1,154.89,158.59,166.54,178.76,191.37,204.68,218.69,233.16,248.58,265.58,300.01,343.67,375.58,399.93,419.61,435.36,448.59,459.02,467.59,475.63,482.9,489.56,495.87,502.03,507.88,513.68,518.96,524.06,528.73,532.88,536.54,539.83,542.5,544.81,546.79,548.38,549.26,549.39,548.62,546.73,543.87,540.32,536.15,531.4,525.75,519.64,513.33,506.96,500.76,494.73,488.79,483.16,477.63,472.18,466.76,461.45,455.85,450.45,445.03,439.58,434.24,428.91,423.77,418.92,414.28,412.49,413.36,415.32,417.71,420.37,419.11,408.41,405.14,403.11,401.33,399.52,397.82,396.2,394.5,392.75,391.21,389.6,387.99,386.45,384.87,383.3,381.86,380.3,378.72,377.24,375.7,374.31,372.89,371.46,370.16,368.85,367.61,366.3,365.14,363.93,362.68,361.51,360.41,359.32,358.24,357.14
21058,23,114.45,35.8,55.16,67.98,591.65,1029.6,968.55,936.08,949.36,973.36,994.75,942.83,925.8,941.16,961.76,938.58,857.47,841.36,852.8,848.93,795.59,800.94,773.66,740.87,708.11,697.71,698.85,700.07,699.5,699.94,697.67,698.59,699.51,698.07,698.08,699.03,696.0,699.7,698.82,699.42,699.7,699.47,699.6,700.02,699.7,699.78,700.02,699.88,699.85,699.82,700.2,699.63,699.69,699.67,699.64,699.8,699.77,699.19,699.78,699.63,699.98,700.03,699.99,700.04,699.92,699.84,700.04,699.96,699.99,700.01,699.8,700.05,699.99,699.89,699.78,700.02,699.73,700.06,700.15,699.72,699.51,699.24,699.64,700.65,700.43,700.06,699.82,680.92,553.98,419.12,287.65,157.39,42.47,26.14,29.62,45.06,37.19,28.04,26.52,26.05,25.74,24.9,24.89,25.0,24.97,25.07,25.11,25.19,24.9,25.21,25.01,25.0,25.01,25.05,25.41,24.98,25.12,25.11,25.2,25.28,25.28,25.22,25.13,25.04,24.97,25.19,25.32,25.35,25.04,-0.52,-0.5,-0.48,-0.53,0.24,11.78,23.2,35.85,48.72,61.29,65.96,73.13,84.15,96.21,102.37,97.66,102.45,112.34,121.43,120.55,140.18,149.64,154.31,157.97,165.84,178.23,191.07,204.49,218.24,232.44,248.3,265.54,302.99,345.92,377.13,400.95,420.42,435.79,448.06,457.72,466.32,474.17,481.28,487.97,494.35,500.52,506.4,512.06,517.57,522.85,527.56,531.95,535.82,539.24,542.18,544.63,546.8,548.54,549.83,550.23,549.76,548.38,545.91,542.85,539.03,534.52,529.63,524.59,519.36,513.95,508.26,502.57,496.99,491.63,486.34,481.26,476.06,471.02,465.84,460.56,455.35,450.12,444.87,439.69,434.77,429.97,425.5,423.72,424.76,426.73,429.31,432.14,430.98,420.09,416.75,414.88,413.18,411.35,409.74,407.94,406.36,404.72,403.03,401.5,399.9,398.36,396.76,395.26,393.68,392.22,390.63,389.14,387.61,386.21,384.76,383.34,382.08,380.67,379.44,378.13,376.92,375.7,374.53,373.33,372.18,371.07,370.03,369.04
21059,23,114.329,35.83,55.1,68.06,589.24,1028.43,967.0,934.62,948.54,973.16,994.44,942.12,925.35,940.68,961.51,937.92,857.07,841.37,852.85,848.77,795.25,800.95,773.79,740.83,708.24,698.45,698.82,699.75,699.54,700.05,698.11,698.31,699.32,697.89,698.13,699.06,695.54,699.7,698.6,699.77,699.48,699.14,699.7,700.07,699.02,699.64,699.85,699.79,699.82,699.89,699.95,699.84,699.85,699.74,699.79,699.53,699.41,699.83,699.77,699.8,700.12,699.93,699.92,699.89,699.85,699.97,700.02,699.95,699.86,700.07,699.81,699.96,699.98,699.88,700.03,699.98,699.49,699.43,700.06,699.74,699.88,700.21,699.88,699.57,699.32,699.86,700.61,681.22,553.69,419.01,287.25,157.44,42.47,26.15,29.88,45.01,37.1,28.26,26.55,26.19,25.6,24.84,24.82,24.94,25.0,24.85,25.35,24.9,25.12,25.14,25.1,24.98,25.03,25.05,24.91,25.05,24.97,25.3,25.26,25.27,25.07,25.1,25.01,25.24,25.27,25.18,25.33,25.27,24.86,-0.52,-0.48,-0.58,-0.5,0.3,12.15,23.51,36.14,48.95,61.5,66.13,73.26,84.25,96.28,102.36,97.65,102.4,112.3,121.36,119.89,139.57,149.64,154.65,158.32,166.52,178.55,190.61,204.02,218.22,233.04,249.06,266.16,302.22,345.85,377.82,402.2,422.07,437.86,451.19,462.2,471.24,479.15,486.28,492.9,499.21,505.27,510.91,516.38,521.37,526.2,530.57,534.53,537.86,540.85,543.35,545.43,547.11,548.27,548.78,548.29,547.13,544.87,541.82,537.6,532.47,526.53,520.11,513.51,506.81,500.25,493.75,487.49,481.43,475.49,469.76,464.19,458.57,452.99,447.41,441.71,436.24,430.77,425.32,419.94,414.78,409.81,405.1,403.15,403.95,405.74,408.01,410.6,409.07,398.19,394.79,392.86,390.99,389.22,387.41,385.71,383.96,382.39,380.8,379.16,377.53,375.95,374.41,372.93,371.35,369.83,368.24,366.77,365.27,363.81,362.4,361.06,359.65,358.36,357.08,355.8,354.51,353.39,352.05,350.97,349.76,348.63,347.51,346.46
21060,23,114.302,36.02,55.46,68.9,593.22,1029.02,966.64,933.63,947.98,972.29,993.23,941.31,924.72,940.08,961.08,938.1,856.91,840.93,852.57,848.43,795.18,800.95,773.11,740.52,708.34,698.63,698.72,700.02,699.39,700.14,697.6,698.69,699.3,697.85,698.39,699.03,695.9,699.89,699.03,699.76,699.83,698.68,699.79,699.8,699.76,699.67,700.06,699.6,699.86,699.91,700.05,699.91,699.39,699.84,699.58,699.59,699.74,699.91,699.93,699.91,699.92,699.96,699.94,699.93,700.0,699.86,700.02,699.95,700.01,699.94,700.08,699.74,700.05,699.96,699.95,700.07,699.82,700.05,699.91,699.58,700.05,700.4,700.02,699.75,699.51,699.25,699.14,680.79,554.28,418.89,287.38,157.36,42.41,26.12,29.46,45.02,37.5,28.13,26.61,25.8,25.45,25.17,25.01,25.08,24.97,25.09,25.11,24.82,25.07,25.19,25.23,24.95,25.71,24.56,24.74,25.09,25.09,25.3,25.36,25.67,24.71,24.98,25.19,25.09,25.27,25.42,25.38,25.12,25.12,-0.5,-0.49,-0.48,-0.53,0.28,12.0,23.26,35.81,48.83,61.26,65.93,73.06,83.99,96.04,102.11,97.47,102.18,112.01,121.18,120.12,139.77,149.05,153.98,157.86,166.1,178.18,190.95,204.43,218.72,233.07,249.34,266.8,304.28,347.31,379.1,403.27,422.82,438.61,451.87,463.07,472.3,480.3,487.32,494.05,500.37,506.25,511.88,517.26,522.09,526.72,530.91,534.66,537.9,540.88,543.15,545.08,546.51,547.5,547.64,547.15,545.81,543.34,539.62,534.82,529.39,523.29,516.83,510.11,503.29,496.69,490.13,483.76,477.61,471.73,465.91,460.29,454.69,449.06,443.53,437.81,432.27,426.66,421.22,415.81,410.6,405.64,400.97,398.9,399.72,401.41,403.67,406.24,404.8,393.9,390.56,388.58,386.8,385.02,383.28,381.6,379.96,378.26,376.67,375.09,373.59,371.96,370.42,368.92,367.41,365.96,364.4,362.9,361.42,359.88,358.56,357.2,355.88,354.53,353.19,351.95,350.66,349.4,348.2,347.09,346.02,344.79,343.7,342.64
21061,23,114.302,35.91,55.32,68.25,588.74,1027.53,966.21,933.33,947.5,971.23,991.88,939.95,923.86,939.34,960.38,936.72,855.84,839.95,851.55,848.28,795.27,800.86,773.99,740.82,708.6,698.05,698.8,699.95,699.63,699.95,697.91,698.24,699.7,697.96,698.08,699.15,696.25,699.37,698.93,699.47,699.11,699.33,699.55,700.02,699.43,699.8,700.06,699.99,699.76,699.95,699.85,699.62,699.85,699.81,699.75,699.5,699.77,699.84,700.02,699.84,699.91,699.99,699.93,699.8,699.95,699.99,700.0,699.97,700.09,699.6,699.98,700.03,699.9,700.02,699.8,700.04,699.61,699.65,699.95,699.91,699.99,699.97,700.11,699.86,699.79,700.38,700.19,681.15,553.79,418.99,287.49,157.42,42.44,26.33,29.75,45.13,37.09,28.17,26.66,25.93,25.36,25.17,25.01,24.85,24.91,25.25,24.92,25.19,25.18,25.29,25.01,25.41,24.78,24.84,24.96,25.29,25.28,25.24,25.18,25.08,25.01,25.14,25.29,25.27,25.19,25.59,24.81,24.91,25.1,-0.44,-0.41,-0.44,-0.35,0.48,12.28,23.48,36.13,48.91,61.38,65.9,73.13,83.94,95.97,102.16,97.56,102.14,112.03,121.1,119.86,139.69,149.68,154.44,158.19,166.38,178.57,191.39,204.94,219.1,233.81,249.59,267.44,306.51,349.25,380.87,404.61,424.38,439.88,453.29,464.02,473.13,481.1,488.26,494.69,500.97,507.0,512.45,517.72,522.78,527.44,531.63,535.39,538.71,541.52,543.95,545.83,547.26,548.22,548.57,548.06,546.73,544.52,540.78,536.11,530.77,524.74,518.13,511.51,504.68,497.91,491.33,485.0,478.88,472.96,467.05,461.3,455.73,450.18,444.62,438.98,433.35,427.83,422.42,417.04,411.89,406.83,402.14,400.14,400.92,402.59,404.81,407.41,405.86,394.8,391.31,389.33,387.56,385.75,384.02,382.26,380.65,379.03,377.39,375.81,374.18,372.65,371.09,369.57,368.0,366.53,365.01,363.54,362.03,360.59,359.27,357.92,356.58,355.15,353.83,352.59,351.3,350.09,348.91,347.69,346.53,345.33,344.34,343.29
21062,23,114.306,35.64,55.25,68.54,591.94,1029.0,965.4,932.29,946.17,970.48,991.52,939.75,923.16,938.86,959.69,936.75,856.71,841.24,851.34,847.26,793.87,799.77,773.24,740.17,708.36,698.14,698.8,700.0,699.56,699.86,697.83,698.21,699.86,697.65,697.87,699.26,696.68,699.43,699.13,699.39,699.17,699.08,699.64,700.07,699.19,699.62,700.06,699.55,699.64,700.0,699.68,699.93,699.47,699.69,699.98,699.31,699.73,699.86,699.38,699.93,700.02,699.95,700.01,699.95,699.97,699.86,699.94,699.91,699.96,699.94,700.0,700.12,699.54,699.95,699.89,700.16,699.83,699.65,700.18,700.02,699.6,699.37,700.56,700.78,700.44,700.11,699.91,681.34,554.68,419.77,288.07,158.0,43.09,26.05,29.75,45.14,37.3,28.01,26.78,25.66,25.33,25.22,25.03,24.99,25.09,25.01,24.95,25.17,25.09,25.17,25.22,25.25,25.05,24.86,25.08,25.09,25.2,25.21,25.44,24.67,25.11,25.16,25.39,25.29,25.02,25.4,25.02,25.08,25.16,-0.42,-0.47,-0.44,-0.47,0.5,12.84,24.05,36.65,49.39,61.93,66.49,73.39,84.33,96.32,102.48,97.73,102.44,112.25,121.35,119.31,138.45,149.59,154.61,158.47,166.7,178.86,191.85,205.26,219.54,234.02,250.31,268.72,309.3,351.32,382.39,405.93,425.36,440.6,453.69,464.45,473.45,481.33,488.41,494.98,501.04,506.92,512.57,517.83,522.78,527.35,531.5,535.12,538.41,541.17,543.5,545.34,546.83,547.74,547.99,547.5,546.09,543.71,539.98,535.15,529.78,523.6,517.1,510.38,503.61,496.81,490.25,483.91,477.72,471.67,465.92,460.27,454.46,448.93,443.24,437.63,432.06,426.51,420.89,415.51,410.25,405.32,400.67,398.58,399.42,401.07,403.36,406.0,404.44,393.47,389.97,388.0,386.23,384.5,382.68,381.01,379.29,377.66,376.02,374.44,372.85,371.22,369.66,368.1,366.67,365.07,363.63,362.05,360.69,359.17,357.8,356.37,355.05,353.75,352.35,351.22,349.85,348.65,347.44,346.27,345.09,344.03,342.9,341.87
21063,23,114.311,37.8,56.46,68.67,584.36,1026.54,964.59,932.58,946.1,969.94,990.1,937.48,921.65,937.86,958.89,937.95,856.01,839.35,850.68,845.41,793.42,798.94,772.43,739.39,707.72,698.18,698.79,699.86,699.47,699.56,698.35,698.02,700.19,697.49,697.4,698.72,697.32,698.42,699.6,699.4,698.67,699.96,699.59,699.79,699.54,699.98,699.99,699.83,699.93,699.7,699.84,699.76,699.68,699.49,699.68,699.97,699.59,699.71,699.94,699.99,699.96,700.09,700.03,700.04,699.97,699.9,700.03,699.95,699.98,699.93,699.94,700.06,699.93,699.95,700.0,699.6,700.04,699.72,699.99,700.17,699.89,699.56,699.29,699.22,700.57,700.79,700.45,679.86,551.91,417.37,285.96,156.06,42.32,25.99,29.99,45.23,36.75,28.21,26.22,25.8,25.45,25.22,24.92,24.8,24.94,25.05,24.95,25.18,25.14,25.33,25.32,24.95,24.92,25.02,24.92,25.08,25.28,25.74,24.72,24.89,25.16,25.12,25.3,25.56,25.44,25.02,25.07,25.0,25.23,-0.41,-0.39,-0.34,-0.43,0.42,12.16,23.49,36.11,48.88,61.48,65.86,73.04,84.0,95.93,101.86,97.29,102.01,111.85,120.8,119.16,138.47,149.09,153.93,157.62,165.81,178.22,191.11,204.54,218.56,233.11,249.26,267.43,306.33,349.26,380.96,404.69,424.5,440.08,453.24,464.08,473.33,481.3,488.3,494.71,501.04,506.98,512.57,517.91,523.01,527.36,531.46,535.17,538.4,541.14,543.46,545.31,546.81,547.61,547.86,547.39,545.99,543.59,539.91,535.13,529.77,523.62,517.07,510.39,503.64,496.83,490.28,483.97,477.76,471.76,466.04,460.4,454.71,449.13,443.5,437.85,432.36,426.78,421.36,415.98,410.69,405.69,401.04,399.07,399.84,401.52,403.72,406.33,404.6,393.68,390.33,388.37,386.56,384.74,383.01,381.32,379.53,377.85,376.31,374.72,373.1,371.55,370.0,368.41,366.96,365.36,363.93,362.35,360.87,359.49,358.03,356.68,355.31,353.97,352.7,351.38,350.1,348.9,347.69,346.51,345.33,344.25,343.12,342.06
21064,23,114.325,35.96,55.46,69.2,588.22,1026.65,962.95,930.43,944.58,968.65,989.31,937.31,921.44,937.26,957.94,934.93,854.26,838.42,850.05,845.81,793.61,799.29,772.52,739.91,707.73,698.28,698.53,699.8,699.36,699.68,697.88,698.27,700.02,697.54,697.62,698.92,696.67,698.77,699.26,699.71,699.11,699.69,699.81,699.89,699.43,699.82,699.88,699.78,699.91,699.85,699.72,699.5,699.89,699.76,699.4,699.96,699.9,699.73,699.86,699.95,699.96,699.96,699.97,699.97,699.97,699.95,699.96,699.91,700.01,699.94,699.99,699.97,699.82,699.99,699.94,699.9,700.1,700.03,700.1,699.75,699.71,700.11,699.8,699.7,700.13,700.02,699.84,680.9,553.36,418.44,286.79,156.54,41.97,26.28,29.96,45.3,36.96,28.25,26.31,25.88,25.54,25.33,25.03,24.88,25.15,24.83,25.03,25.14,25.2,25.1,25.44,25.1,24.82,25.04,25.2,25.2,25.3,25.6,25.02,24.54,25.1,25.28,25.3,25.41,25.18,25.16,25.14,24.94,25.29,-0.41,-0.45,-0.43,-0.44,0.34,11.8,23.03,35.64,48.57,61.01,65.55,72.75,83.58,95.52,101.54,96.85,101.64,111.42,120.42,119.26,139.0,148.78,153.63,157.67,165.9,178.18,190.94,204.38,218.41,233.03,249.22,267.24,306.84,349.61,381.17,404.8,424.34,439.99,453.39,464.3,473.41,481.32,488.41,494.86,501.18,507.06,512.67,517.93,523.01,527.61,531.86,535.55,538.8,541.76,544.02,545.95,547.49,548.37,548.69,548.42,547.15,544.8,541.15,536.46,531.06,524.99,518.54,511.82,505.04,498.32,491.62,485.23,479.06,473.09,467.27,461.56,455.89,450.2,444.6,439.01,433.44,427.98,422.5,417.0,411.82,406.86,402.13,400.1,400.88,402.57,404.89,407.48,405.89,394.94,391.57,389.48,387.63,385.86,384.09,382.4,380.62,378.98,377.41,375.8,374.21,372.63,371.08,369.56,368.07,366.53,365.0,363.44,362.03,360.59,359.19,357.87,356.45,355.11,353.79,352.5,351.28,349.98,348.8,347.61,346.43,345.32,344.29,343.18
21065,23,114.345,36.39,56.06,68.83,587.57,1026.82,963.94,931.49,945.52,969.78,990.26,937.58,921.39,937.33,961.14,936.39,854.38,838.15,849.42,844.8,792.57,798.48,771.98,739.7,707.97,697.88,699.44,699.68,699.41,699.65,698.06,698.31,700.11,697.36,697.19,698.9,697.24,698.59,699.32,699.31,698.73,699.74,699.73,699.72,699.22,699.84,700.04,699.75,699.86,699.56,699.93,699.89,699.75,699.77,699.69,699.79,699.98,699.84,699.57,699.93,700.08,700.02,700.0,700.02,699.94,699.95,699.96,699.96,700.0,700.01,699.94,700.03,700.01,699.89,700.1,700.04,699.68,699.87,699.97,699.7,699.92,700.31,699.94,699.57,699.41,699.2,699.01,681.25,553.11,418.47,286.9,156.78,41.77,26.41,29.7,44.58,37.71,28.25,26.59,26.05,25.46,25.12,24.99,24.88,25.0,24.86,24.91,25.14,25.05,25.09,25.27,25.15,24.95,25.0,24.93,25.07,25.11,25.64,24.84,25.21,25.08,25.35,25.05,25.34,25.49,25.0,25.01,25.0,25.12,-0.37,-0.34,-0.36,-0.44,0.71,12.97,24.09,36.59,49.32,61.89,66.29,73.25,84.19,96.08,102.2,97.47,102.19,111.88,120.73,118.92,138.09,149.1,154.16,158.2,166.43,179.05,191.87,205.45,219.54,234.07,250.35,269.33,310.44,352.53,383.67,407.14,426.36,441.67,454.58,465.54,474.6,482.43,489.42,495.84,501.97,508.0,513.53,518.73,523.71,528.21,532.31,536.08,539.32,542.32,544.61,546.53,548.01,548.98,549.2,548.79,547.47,545.16,541.54,536.81,531.45,525.46,518.94,512.24,505.42,498.71,492.24,485.79,479.63,473.75,467.88,462.14,456.54,450.84,445.21,439.58,434.07,428.55,423.02,417.73,412.46,407.49,402.83,400.81,401.64,403.31,405.53,408.06,406.55,395.55,392.25,390.22,388.42,386.57,384.85,383.04,381.45,379.72,378.09,376.47,374.95,373.39,371.74,370.23,368.71,367.18,365.63,364.12,362.7,361.18,359.77,358.37,357.01,355.66,354.4,353.21,351.96,350.58,349.43,348.24,347.12,345.98,344.9,343.8
21066,23,114.313,36.1,55.53,68.39,584.99,1025.89,962.53,930.06,944.15,968.12,989.04,937.12,921.61,937.17,957.41,933.32,853.24,838.05,849.6,845.22,792.87,798.63,772.6,740.04,708.03,696.96,699.73,699.86,698.94,698.48,698.8,699.56,697.62,700.64,695.91,698.43,697.74,698.17,699.53,699.4,698.46,699.83,699.95,699.7,699.83,699.89,700.04,699.79,699.68,699.83,699.88,699.69,699.73,699.59,699.6,699.91,699.44,699.73,699.91,699.92,700.01,699.94,700.0,700.02,700.01,699.98,699.99,699.98,699.98,699.97,699.87,700.02,699.94,700.03,699.94,700.02,699.79,699.83,699.97,700.08,699.83,700.24,700.01,699.77,699.34,699.24,700.0,681.08,553.09,418.46,286.92,156.69,41.89,26.36,29.67,45.36,37.15,28.02,26.16,25.94,25.32,25.27,24.95,25.27,24.81,24.85,24.99,25.16,25.16,25.14,25.17,25.22,25.05,25.05,25.04,25.19,25.2,25.3,25.01,25.17,25.24,25.22,25.26,25.36,25.09,25.09,25.01,25.14,25.49,-0.37,-0.39,-0.41,-0.37,0.67,12.9,24.17,36.7,49.38,61.78,66.2,73.35,84.16,96.19,101.97,97.39,102.06,111.82,120.71,118.87,138.08,148.96,153.75,157.79,165.73,178.39,191.09,204.34,218.72,233.8,249.53,268.17,308.7,351.07,382.36,405.82,425.33,440.68,453.82,464.68,473.85,481.79,488.9,495.27,501.44,507.35,512.92,518.08,523.06,527.58,531.69,535.48,538.78,541.52,543.92,545.8,547.26,548.17,548.59,548.1,546.81,544.42,540.77,536.07,530.66,524.56,518.15,511.45,504.58,497.81,491.2,484.79,478.59,472.66,466.81,461.04,455.4,449.73,444.05,438.53,432.97,427.49,421.98,416.59,411.34,406.38,401.7,399.67,400.44,402.09,404.29,406.8,405.22,394.28,390.78,388.81,386.95,385.12,383.36,381.57,379.93,378.24,376.62,374.98,373.36,371.83,370.28,368.74,367.15,365.59,364.18,362.58,361.1,359.68,358.28,356.82,355.44,354.15,352.85,351.59,350.45,349.15,347.93,346.74,345.48,344.47,343.38,342.25
21067,23,114.307,36.43,55.9,70.84,597.15,1028.24,964.03,930.78,944.78,968.71,990.16,937.87,921.28,937.87,958.13,934.57,853.9,838.39,850.33,845.64,793.5,799.14,772.48,739.85,708.04,698.1,698.65,699.92,699.68,700.07,697.57,698.14,700.03,697.17,697.98,699.37,696.11,699.76,699.33,699.76,699.74,698.35,699.89,699.93,699.77,699.79,700.08,699.89,699.66,699.91,700.02,699.63,699.79,699.37,699.78,699.72,699.78,699.6,699.98,699.99,699.91,700.0,700.03,699.92,699.96,699.94,699.92,700.07,699.93,700.0,699.8,700.06,699.94,700.06,699.78,699.96,699.98,699.91,700.0,699.97,699.64,700.13,700.17,699.93,699.6,699.3,699.14,680.66,553.49,418.04,286.82,156.94,41.75,26.14,29.81,45.17,37.19,28.11,26.61,26.03,25.6,25.23,24.82,24.91,24.82,25.07,25.23,25.23,25.27,25.16,25.49,24.52,24.89,25.13,25.3,25.22,25.43,25.14,24.93,25.23,25.25,25.03,25.33,25.39,24.94,25.07,25.37,25.33,25.18,-0.45,-0.49,-0.48,-0.51,0.43,12.43,23.64,36.17,48.94,61.37,65.99,72.99,83.99,95.88,101.97,97.29,101.87,111.72,120.81,119.47,139.06,149.38,154.14,158.46,166.9,179.02,192.01,205.61,220.06,234.85,251.22,272.16,316.43,356.67,386.68,409.42,428.26,443.32,456.05,466.58,475.11,482.72,489.87,496.31,502.39,508.13,513.68,519.01,523.7,528.24,532.27,535.86,538.97,541.71,544.0,545.69,547.11,547.93,548.17,547.6,546.31,544.08,540.49,535.76,530.43,524.29,517.93,511.16,504.38,497.65,491.23,484.8,478.71,472.77,466.99,461.28,455.57,449.91,444.21,438.64,433.02,427.38,421.93,416.51,411.26,406.27,401.57,399.58,400.33,402.0,404.32,406.85,405.25,394.3,390.96,388.92,387.08,385.3,383.47,381.77,380.04,378.36,376.78,375.15,373.51,371.98,370.45,368.83,367.36,365.82,364.31,362.71,361.3,359.85,358.41,357.04,355.72,354.41,353.06,351.77,350.59,349.21,348.07,346.96,345.8,344.65,343.55,342.46
21068,23,114.302,35.54,56.3,67.85,587.08,1026.17,963.51,931.3,945.29,969.23,990.16,938.36,922.51,939.82,959.37,935.99,855.64,840.09,851.68,847.18,794.87,800.2,773.32,740.18,707.95,698.3,698.49,700.07,699.78,699.99,699.13,698.48,699.92,697.7,697.57,699.22,696.07,699.01,699.14,699.53,699.23,699.56,699.8,699.94,699.78,699.76,699.87,699.89,699.71,700.05,699.76,699.93,699.53,699.8,699.61,699.89,699.54,699.7,699.83,699.86,699.94,699.91,700.01,699.97,699.96,700.05,699.91,699.94,699.89,699.96,699.84,699.92,700.05,699.92,699.98,699.58,699.35,700.04,699.97,699.58,699.26,700.16,700.33,700.04,699.83,699.51,699.35,680.5,553.54,418.33,286.82,156.71,41.77,26.28,29.63,45.02,37.66,27.92,26.46,26.2,25.69,25.19,24.87,25.09,24.89,24.93,25.02,25.17,25.03,25.23,25.09,25.07,25.11,25.07,24.96,25.07,25.22,25.08,25.16,25.09,25.12,25.18,25.18,25.19,25.33,25.36,25.11,25.07,25.33,-0.48,-0.54,-0.43,-0.47,0.55,12.44,23.54,36.2,48.96,61.52,65.92,73.11,84.08,96.04,102.05,97.36,102.23,112.1,121.1,119.77,139.34,149.1,153.86,157.69,165.77,178.08,190.98,204.48,218.71,233.24,248.98,266.57,303.85,347.14,379.12,403.19,423.11,438.7,452.05,463.2,472.5,480.72,487.85,494.25,500.45,506.41,512.01,517.31,522.23,526.86,531.03,534.76,537.97,540.73,543.02,544.82,546.35,547.19,547.54,547.08,545.81,543.29,539.48,534.65,529.26,523.17,516.66,509.84,503.0,496.16,489.6,483.1,476.9,470.88,465.01,459.34,453.72,447.99,442.43,436.78,431.24,425.71,420.25,414.82,409.66,404.57,399.93,397.86,398.58,400.21,402.39,405.02,403.36,392.41,389.03,386.95,385.17,383.32,381.49,379.79,378.15,376.49,374.86,373.27,371.66,370.14,368.61,367.09,365.54,363.98,362.55,361.04,359.53,358.14,356.74,355.4,353.97,352.64,351.39,350.07,348.78,347.56,346.37,345.18,344.06,342.87,341.8,340.74
21069,23,114.317,35.68,55.68,69.32,595.42,1028.95,966.37,933.43,947.74,972.04,992.8,940.75,926.38,939.55,960.12,936.98,856.21,840.18,851.81,847.7,794.86,800.47,773.28,740.63,708.22,698.56,698.17,700.13,699.76,699.48,699.22,698.7,697.79,699.59,697.57,699.18,695.79,699.73,699.3,699.87,699.78,698.62,699.83,699.76,699.58,699.69,700.06,699.81,699.93,699.74,699.79,699.76,699.59,699.97,699.25,699.82,699.87,699.45,699.46,699.63,700.02,699.89,699.95,700.02,700.11,700.06,700.0,700.03,699.97,699.92,700.02,699.8,699.87,699.99,699.94,699.64,700.13,699.83,699.74,700.18,699.94,699.72,699.42,699.24,700.43,700.9,700.59,680.57,553.38,418.55,287.21,157.72,42.52,26.03,29.8,45.14,36.96,28.1,26.67,25.91,25.39,25.18,24.91,25.14,24.79,24.84,24.98,25.34,25.26,25.1,25.11,24.96,25.06,25.03,25.32,25.18,25.64,24.87,25.03,25.09,25.18,24.89,25.3,25.48,24.79,25.2,25.35,24.98,25.41,-0.47,-0.43,-0.41,-0.47,0.59,12.41,23.62,36.2,49.15,61.59,66.28,73.38,84.28,96.16,102.48,97.66,102.42,112.22,121.44,119.96,139.55,149.7,154.56,158.57,166.93,178.88,191.73,205.22,219.47,234.47,250.0,268.93,309.49,351.99,382.69,406.42,425.69,441.28,454.21,465.1,474.17,482.16,489.1,495.69,501.67,507.54,513.14,518.39,523.42,527.87,531.87,535.74,538.98,541.79,544.1,546.03,547.41,548.36,548.55,548.05,546.98,544.4,540.59,535.94,530.49,524.44,517.91,511.15,504.38,497.66,490.99,484.52,478.41,472.38,466.54,460.77,455.14,449.44,443.87,438.23,432.7,427.19,421.69,416.22,410.91,405.86,401.25,399.09,399.74,401.48,403.72,406.17,404.43,393.58,390.09,388.16,386.17,384.25,382.51,380.82,379.14,377.44,375.91,374.27,372.63,371.06,369.53,367.92,366.41,364.85,363.38,361.87,360.31,358.9,357.5,356.06,354.78,353.43,352.11,350.78,349.57,348.28,347.14,345.87,344.75,343.61,342.52,341.41
21070,23,114.313,35.91,54.94,69.41,594.11,1028.35,965.59,933.02,946.99,971.38,992.39,941.42,924.14,939.39,960.41,936.52,856.73,841.57,852.95,848.08,795.97,800.83,773.65,740.25,707.79,697.69,698.78,699.78,699.49,699.93,697.49,698.36,699.29,697.8,698.14,699.24,695.51,699.91,699.12,700.09,699.95,698.53,699.78,699.84,699.4,699.65,699.94,699.97,699.69,699.99,699.78,699.77,699.61,699.91,699.41,699.93,699.81,699.62,699.83,699.97,699.95,699.93,700.0,699.87,699.95,699.97,699.97,700.04,699.95,699.87,700.05,699.99,700.05,699.56,699.95,699.82,700.04,699.78,699.74,700.03,699.8,699.79,700.09,699.99,699.61,699.38,700.16,680.77,552.4,417.43,286.1,156.21,42.62,25.41,30.02,44.86,37.06,28.1,26.7,25.73,25.31,25.08,25.22,24.98,24.86,25.3,25.19,25.11,25.32,25.22,24.65,24.94,25.08,25.05,25.02,24.97,25.12,25.2,25.19,25.02,25.21,25.18,25.26,25.27,25.12,25.0,25.14,25.08,25.27,-0.45,-0.44,-0.34,-0.35,0.52,12.83,24.21,36.91,49.82,62.1,66.69,73.72,84.71,96.64,102.62,97.89,102.73,112.6,121.46,119.79,138.77,149.35,154.24,158.13,166.0,178.43,191.32,204.81,219.08,233.6,249.87,268.28,308.92,350.8,381.83,405.53,424.95,440.47,453.54,464.49,473.85,481.66,488.63,495.18,501.27,507.12,512.7,518.06,522.96,527.52,531.55,535.26,538.48,541.24,543.49,545.4,546.71,547.62,547.86,547.32,546.07,543.41,539.39,534.59,529.01,522.89,516.42,509.53,502.7,495.88,489.23,482.93,476.63,470.72,464.87,459.09,453.32,447.69,441.95,436.4,430.7,425.05,419.65,414.11,408.91,403.79,399.04,397.07,397.73,399.53,401.83,404.26,402.57,391.57,388.25,386.3,384.46,382.58,380.86,379.1,377.51,375.91,374.21,372.55,370.99,369.4,367.83,366.27,364.81,363.26,361.79,360.19,358.69,357.35,356.01,354.54,353.19,351.8,350.56,349.23,348.08,346.72,345.58,344.42,343.2,342.08,340.95,339.91
21071,23,114.331,35.74,55.14,68.74,592.6,1028.62,966.31,933.27,946.99,971.29,992.91,940.18,923.76,939.17,960.0,936.59,855.96,840.05,851.58,847.16,794.79,800.1,773.38,739.89,707.99,698.52,698.49,699.95,699.3,699.86,697.56,698.28,699.56,697.45,698.1,699.19,695.61,699.58,698.57,699.49,699.53,698.56,700.05,699.97,699.99,699.43,700.11,699.46,699.86,699.95,699.93,699.79,699.57,699.65,699.87,699.75,699.98,699.58,699.88,699.45,699.89,699.97,700.11,700.16,699.89,699.98,699.91,699.89,700.13,699.54,699.78,699.97,699.89,700.05,699.96,700.24,699.81,699.88,700.08,699.78,699.57,699.21,700.24,700.44,700.14,699.88,699.53,680.52,553.44,418.26,286.75,156.68,41.83,26.4,29.75,45.42,37.14,28.1,26.46,25.97,25.37,25.17,25.02,24.71,24.85,24.94,25.27,25.28,25.2,25.33,24.54,24.93,25.18,25.24,25.03,25.26,24.92,25.24,25.19,25.12,25.08,25.29,25.38,25.21,25.26,25.32,25.28,25.26,25.35,-0.59,-0.37,-0.48,-0.44,0.33,11.93,23.14,35.79,48.65,61.2,65.85,73.02,84.03,96.0,102.01,97.28,102.11,111.94,121.14,120.35,139.87,149.29,154.03,158.14,166.23,178.31,191.08,204.57,218.59,233.16,249.31,267.69,307.61,350.07,381.5,405.25,424.83,440.25,453.41,464.35,473.42,481.6,488.48,494.99,501.07,506.94,512.49,517.8,522.71,527.3,531.53,535.15,538.2,540.99,543.19,545.19,546.54,547.31,547.51,547.06,545.68,543.11,539.24,534.5,529.04,523.03,516.42,509.61,502.73,496.0,489.39,482.95,476.77,470.79,464.85,459.06,453.44,447.8,442.04,436.46,430.87,425.44,419.79,414.5,409.17,404.11,399.46,397.37,398.08,399.73,401.91,404.4,402.94,391.84,388.31,386.38,384.61,382.78,381.08,379.33,377.69,375.93,374.37,372.68,371.16,369.53,368.02,366.43,364.94,363.32,361.97,360.3,358.86,357.44,356.06,354.66,353.26,351.94,350.63,349.29,348.07,346.9,345.7,344.48,343.45,342.21,341.17,340.15
21072,23,114.32,36.07,55.79,68.02,583.36,1026.87,965.46,933.58,947.5,971.24,992.72,939.97,923.75,939.39,960.05,936.55,855.92,840.42,851.74,847.57,794.49,800.08,773.21,740.47,708.35,697.87,699.12,699.89,699.6,699.86,697.5,698.39,699.79,697.46,697.32,698.88,697.71,698.02,699.62,699.51,699.0,700.05,699.7,699.28,699.61,699.97,699.56,699.84,699.89,699.46,699.78,699.8,699.91,699.5,699.75,699.81,699.75,699.89,699.68,700.07,699.97,699.96,700.05,699.92,699.97,700.05,699.86,699.94,699.95,699.71,699.82,699.91,699.88,699.93,700.07,700.05,700.02,699.75,699.47,700.15,700.14,699.86,699.52,699.31,699.12,699.07,701.41,681.18,553.2,418.87,287.53,157.4,42.21,26.21,29.32,45.19,37.07,28.26,26.63,26.08,25.35,25.27,25.17,24.44,24.69,25.05,25.13,25.25,25.51,24.89,24.92,25.02,24.9,25.16,25.02,25.87,24.46,25.04,25.27,25.21,25.17,25.35,25.24,25.07,25.24,25.12,25.15,25.35,25.09,-0.38,-0.42,-0.44,-0.45,0.49,12.22,23.39,36.04,48.9,61.47,65.98,73.15,84.18,96.12,102.01,97.34,102.15,112.0,121.09,119.4,138.79,149.08,153.91,157.82,165.77,178.32,190.95,204.34,218.58,232.63,248.62,266.1,302.41,346.44,378.86,403.31,423.34,439.06,452.49,463.63,473.33,481.51,488.5,494.92,501.14,507.13,512.85,518.13,523.02,527.65,531.81,535.56,538.8,541.75,544.15,546.03,547.46,548.37,548.65,548.24,547.03,544.34,540.5,535.81,530.4,524.33,517.9,511.06,504.19,497.38,490.78,484.37,478.05,472.05,466.15,460.46,454.77,449.09,443.33,437.77,432.17,426.57,421.09,415.73,410.42,405.38,400.6,398.54,399.26,400.98,403.14,405.65,404.13,393.19,389.71,387.7,385.7,383.97,382.16,380.44,378.82,377.16,375.52,373.87,372.17,370.77,369.21,367.59,365.99,364.53,363.06,361.53,360.1,358.69,357.12,355.69,354.36,353.15,351.75,350.42,349.14,347.9,346.73,345.46,344.35,343.2,342.14,340.96
21073,23,114.343,36.13,55.25,68.54,591.24,1027.69,965.39,932.63,946.81,972.16,992.62,940.4,924.17,939.92,960.75,936.67,856.05,840.71,852.08,847.46,794.65,800.15,773.53,740.04,707.9,698.32,698.38,700.11,699.6,700.1,697.54,698.37,699.61,697.48,698.03,699.18,696.13,699.46,698.97,699.15,699.54,699.1,699.72,700.14,699.54,699.83,700.05,699.45,699.74,700.15,699.88,699.7,699.92,699.54,699.74,699.82,699.62,699.96,699.95,699.94,699.98,700.11,700.16,699.79,699.87,700.02,700.05,700.01,699.96,699.84,699.98,700.01,699.85,699.93,699.86,699.9,699.94,700.01,699.93,699.83,700.15,699.89,699.64,700.33,700.3,699.99,699.72,680.69,553.52,418.19,286.83,156.87,41.84,26.23,29.62,44.88,37.3,28.23,26.58,25.9,25.56,25.35,24.85,24.91,24.92,25.21,25.01,25.08,25.73,24.75,24.8,25.02,25.0,24.92,25.08,25.17,24.84,25.01,25.12,25.17,25.36,25.2,25.21,25.11,25.26,25.24,25.33,25.13,25.15,-0.56,-0.44,-0.41,-0.46,0.42,12.43,23.58,36.23,49.07,61.5,66.16,73.3,84.24,96.34,102.31,97.58,102.35,112.25,121.34,119.88,139.33,149.46,154.16,157.96,166.29,178.4,191.48,204.99,219.13,233.62,249.63,267.77,307.68,350.35,381.81,405.56,425.08,440.52,453.69,464.6,473.83,481.93,489.03,495.45,501.67,507.42,513.03,518.24,523.3,527.85,531.9,535.62,538.77,541.57,543.86,545.56,547.09,548.05,548.29,547.99,546.64,544.01,540.05,535.28,529.84,523.67,517.09,510.37,503.41,496.63,489.94,483.46,477.27,471.16,465.34,459.61,453.87,448.26,442.71,437.15,431.5,426.02,420.6,415.21,409.92,405.04,400.26,398.18,398.81,400.52,402.63,405.25,403.52,392.48,388.86,386.92,385.15,383.26,381.51,379.73,378.07,376.45,374.8,373.19,371.55,370.01,368.41,366.89,365.31,363.82,362.32,360.75,359.25,357.92,356.38,355.05,353.72,352.3,350.95,349.7,348.41,347.26,346.02,344.86,343.71,342.66,341.52,340.4
21074,23,114.327,36.32,55.66,70.31,598.37,1029.15,966.71,933.17,947.0,971.41,992.68,940.77,924.48,939.88,960.63,937.05,856.83,841.51,853.52,849.03,796.5,801.46,774.1,740.73,708.08,698.04,698.75,699.97,699.53,700.14,697.19,698.68,699.17,697.73,698.35,698.81,695.53,699.84,699.27,700.08,699.97,698.22,699.93,699.86,700.02,699.3,699.99,700.05,699.98,699.49,700.06,699.39,699.92,699.8,699.43,699.34,699.75,699.59,699.7,700.08,699.79,699.88,699.84,699.97,699.97,699.94,699.93,699.97,699.93,700.01,699.99,699.98,699.84,700.06,699.97,699.89,699.93,700.02,699.93,699.71,700.3,700.05,699.68,699.39,699.19,699.05,700.62,680.91,552.95,418.2,286.63,157.16,41.8,26.06,29.55,44.89,37.35,28.32,26.71,25.99,25.3,25.28,24.74,24.95,25.11,25.14,25.1,25.08,25.18,25.1,25.04,25.11,25.0,25.09,25.25,24.98,25.28,25.12,25.11,25.21,24.96,25.41,25.07,25.17,25.24,25.2,25.02,25.08,26.26,-0.28,-0.35,-0.41,-0.43,0.47,12.42,23.63,36.21,49.02,61.51,66.0,73.2,84.25,96.28,102.16,97.59,102.3,112.13,121.26,120.16,139.82,149.72,154.56,158.21,166.5,178.59,191.33,204.89,218.96,233.38,249.55,267.61,307.53,349.83,380.84,404.99,424.33,440.12,453.19,464.21,473.46,481.54,488.63,495.2,501.26,507.16,512.64,517.92,522.7,527.17,531.38,535.04,538.27,541.03,543.34,545.11,546.5,547.39,547.67,547.26,545.7,542.94,539.0,534.11,528.66,522.52,515.94,509.14,502.18,495.33,488.69,482.27,476.02,469.98,464.11,458.35,452.77,447.11,441.5,435.99,430.43,424.91,419.4,414.01,408.81,403.79,399.08,396.96,397.7,399.37,401.42,403.92,402.36,391.21,387.63,385.69,383.8,382.03,380.28,378.51,376.83,375.18,373.59,371.96,370.41,368.84,367.25,365.78,364.2,362.72,361.16,359.63,358.33,356.82,355.34,353.97,352.55,351.24,349.96,348.7,347.41,346.16,344.9,343.73,342.53,341.49,340.37,339.3
21075,23,114.346,36.0,55.35,69.09,594.96,1029.66,966.33,933.64,947.64,971.57,992.27,940.14,923.69,939.08,959.8,936.27,855.46,839.56,850.84,846.86,793.86,799.21,773.15,740.35,708.14,698.12,699.09,699.7,699.44,699.56,698.03,698.15,700.09,697.3,697.75,699.19,695.88,699.67,699.16,699.44,699.66,698.75,699.91,699.97,699.86,700.04,699.51,699.91,699.8,699.7,699.68,699.6,699.95,699.59,699.94,699.5,699.57,699.75,699.76,700.04,699.92,699.99,699.99,699.96,699.95,699.93,700.0,700.12,699.62,699.9,699.88,700.08,699.73,700.03,699.86,699.85,699.95,699.8,700.22,699.86,699.64,699.32,699.64,700.63,700.37,700.2,699.88,681.14,554.29,418.94,287.39,157.55,42.5,26.07,29.6,45.04,37.36,28.04,26.64,25.92,25.5,25.05,25.07,25.05,24.97,25.08,25.09,25.23,25.02,24.97,25.12,24.98,25.08,25.09,25.58,24.94,24.99,24.98,25.31,25.19,25.24,25.63,24.81,25.05,25.15,25.27,25.32,25.06,25.2,-0.47,-0.47,-0.46,-0.49,0.91,14.05,25.39,38.03,50.73,63.08,67.35,74.32,85.34,97.25,103.18,98.35,103.05,112.67,121.75,119.35,137.4,149.68,154.8,158.68,166.67,179.41,192.25,205.88,220.03,235.01,251.39,271.86,315.51,356.04,386.1,408.86,427.81,442.91,455.84,466.52,475.26,483.15,490.11,496.49,502.57,508.25,513.8,519.01,523.89,528.32,532.41,536.07,539.13,541.89,544.07,545.92,547.17,548.09,548.23,547.73,546.38,543.79,539.93,535.07,529.57,523.39,516.81,510.04,503.19,496.4,489.81,483.35,477.14,471.1,465.28,459.61,453.82,448.24,442.55,437.04,431.44,425.96,420.47,415.04,409.86,404.82,400.14,398.06,398.77,400.51,402.62,405.21,403.68,392.56,389.01,387.02,385.24,383.36,381.56,379.87,378.19,376.51,374.96,373.24,371.64,370.15,368.56,366.99,365.5,363.97,362.44,360.94,359.46,358.09,356.64,355.28,354.0,352.71,351.38,350.11,348.85,347.59,346.39,345.22,344.11,342.91,341.9,340.8
21076,23,114.334,35.86,55.38,68.85,590.52,1028.18,966.24,933.43,946.82,971.02,992.0,940.03,924.24,939.74,960.56,937.14,856.43,840.75,852.46,847.89,795.14,800.74,773.52,740.17,708.14,698.58,698.68,699.99,699.62,700.1,697.6,698.17,699.41,697.86,698.12,699.17,695.86,699.59,698.64,699.45,699.51,699.0,699.83,700.16,699.19,699.74,700.05,699.55,699.73,699.96,699.95,699.8,699.68,699.68,699.64,699.85,699.54,699.32,699.93,699.47,699.97,700.03,700.06,699.94,699.94,699.97,700.0,699.93,699.98,700.08,699.94,699.94,699.98,699.9,699.93,700.1,699.88,700.05,699.8,700.11,699.98,699.6,700.11,700.16,699.96,699.66,699.45,680.59,553.61,418.25,286.63,156.79,41.76,26.33,29.69,44.51,37.66,28.27,26.56,26.02,26.02,24.94,24.66,25.03,24.87,25.01,25.13,25.42,25.07,24.94,25.08,25.14,25.15,25.38,25.15,24.87,25.29,25.26,25.27,25.27,25.16,25.08,25.2,25.1,25.13,25.39,25.47,25.56,24.99,-0.35,-0.37,-0.37,-0.5,0.78,13.07,24.13,36.65,49.35,61.73,66.33,73.35,84.36,96.41,102.35,97.63,102.37,112.09,121.14,119.59,139.05,149.17,153.96,157.79,165.93,178.16,190.95,204.42,218.47,232.85,248.68,266.09,303.8,346.95,378.86,403.07,422.83,438.19,451.73,462.82,472.07,480.58,487.7,494.22,500.29,506.23,511.72,516.96,521.85,526.43,530.6,534.33,537.48,540.17,542.61,544.39,545.85,546.78,547.15,546.62,545.07,542.11,538.17,533.3,527.83,521.63,515.05,508.14,501.23,494.38,487.64,481.23,474.85,468.67,462.79,457.03,451.25,445.59,440.01,434.34,428.74,423.31,417.71,412.27,407.02,401.91,397.19,395.11,395.83,397.41,399.53,402.09,400.41,389.43,385.98,383.98,382.05,380.28,378.49,376.8,375.08,373.44,371.83,370.24,368.68,367.05,365.5,363.99,362.46,360.94,359.47,357.87,356.36,355.05,353.6,352.19,350.85,349.52,348.17,346.94,345.66,344.4,343.14,341.95,340.8,339.79,338.65,337.57
21077,23,114.322,36.54,55.91,70.77,600.43,1030.38,967.61,934.46,948.24,972.45,993.52,941.56,925.26,940.44,961.34,938.36,857.27,841.21,852.71,848.64,795.31,800.86,774.14,740.51,708.16,698.49,698.45,700.09,699.61,700.22,697.68,698.27,699.08,697.47,698.23,698.94,695.81,699.87,699.17,700.04,699.75,698.08,699.92,699.97,700.06,699.39,699.91,699.94,699.99,699.58,699.95,699.73,699.79,699.72,699.7,699.77,699.42,699.68,700.09,699.92,699.92,699.97,699.95,699.92,700.01,699.99,699.95,699.86,700.08,699.85,699.87,700.02,700.03,699.87,700.07,699.69,700.22,699.98,699.58,699.24,700.1,700.35,700.06,699.75,699.51,699.24,699.04,680.71,554.52,418.85,287.52,157.82,42.42,26.0,29.9,45.05,36.89,27.91,26.57,25.97,25.47,25.27,24.93,24.96,25.04,24.95,25.04,25.57,24.54,24.85,25.08,25.05,25.03,24.99,25.35,25.3,25.21,25.09,24.98,25.16,25.51,25.14,25.02,25.3,25.2,25.33,25.17,25.29,25.31,-0.52,-0.5,-0.49,-0.48,0.64,13.02,24.15,36.85,49.61,62.12,66.62,73.63,84.6,96.64,102.85,98.01,102.66,112.5,121.66,120.11,139.57,149.93,154.66,158.34,166.62,178.84,191.82,205.26,219.61,234.09,250.3,269.46,312.25,353.32,383.68,407.33,426.31,441.69,454.63,465.29,474.5,482.31,489.37,495.86,501.85,507.47,512.89,518.07,522.8,527.28,531.18,534.73,537.74,540.49,542.72,544.51,545.75,546.7,546.87,546.42,544.92,542.19,538.18,533.42,527.89,521.74,515.21,508.42,501.5,494.62,487.98,481.51,475.32,469.27,463.45,457.62,451.93,446.26,440.55,435.0,429.41,423.82,418.29,412.92,407.62,402.58,397.86,395.74,396.48,397.99,400.16,402.61,400.95,389.98,386.57,384.53,382.63,380.82,378.95,377.32,375.63,373.94,372.29,370.67,369.05,367.55,365.96,364.38,362.88,361.38,359.81,358.23,356.83,355.42,353.93,352.57,351.18,349.85,348.53,347.33,346.15,344.77,343.64,342.48,341.2,340.12,339.03,337.93
21078,23,114.311,36.38,55.62,69.62,596.88,1029.11,967.08,933.61,947.54,972.01,992.87,940.95,925.01,940.53,961.35,937.59,856.78,840.86,852.27,848.32,795.03,800.78,773.53,740.43,708.22,698.46,698.54,699.93,699.45,699.75,697.69,698.44,699.14,697.88,698.11,699.03,695.51,699.95,699.35,699.93,699.73,698.58,699.82,699.84,699.59,699.97,699.8,700.0,699.58,699.89,699.57,699.77,699.82,699.6,699.72,699.49,700.03,699.75,699.91,699.96,699.99,699.99,699.97,700.02,699.89,699.94,699.92,699.94,699.95,700.0,699.91,699.96,700.1,699.71,699.99,699.94,699.92,699.91,700.06,700.07,699.89,700.11,699.97,699.67,699.6,700.18,700.06,681.16,554.23,418.91,287.32,157.86,42.6,26.04,29.7,45.28,37.08,27.92,26.45,25.95,25.37,25.2,25.03,25.18,25.04,25.0,24.98,25.3,24.95,25.03,25.17,25.22,25.22,25.54,25.3,24.45,24.87,25.24,25.3,25.19,25.43,25.22,25.23,25.1,25.24,25.27,25.21,25.31,25.02,-0.5,-0.47,-0.5,-0.46,0.62,12.71,23.86,36.48,49.35,61.76,66.24,73.35,84.38,96.45,102.47,97.8,102.45,112.39,121.39,120.18,139.96,149.72,154.51,158.42,166.72,178.72,191.64,205.05,218.97,233.77,249.74,268.07,309.29,351.33,382.3,405.9,425.26,440.94,454.11,464.91,474.02,482.07,489.01,495.5,501.7,507.48,513.05,518.16,522.95,527.35,531.32,534.95,538.08,540.92,543.02,544.85,546.36,547.28,547.54,547.13,545.68,542.91,538.94,534.16,528.77,522.61,516.15,509.35,502.53,495.67,489.07,482.55,476.24,470.23,464.31,458.52,452.75,447.07,441.47,435.76,430.14,424.57,419.09,413.68,408.46,403.41,398.66,396.58,397.21,398.95,401.03,403.6,402.04,391.01,387.64,385.52,383.73,381.82,380.05,378.33,376.64,374.97,373.34,371.67,370.14,368.58,366.91,365.41,363.88,362.31,360.82,359.27,357.79,356.39,354.95,353.58,352.15,350.85,349.54,348.27,346.92,345.78,344.62,343.38,342.18,341.0,340.0,338.93
21079,23,114.293,36.09,55.62,69.79,597.38,1029.63,966.68,934.09,948.2,972.44,993.16,940.9,924.52,940.2,961.02,937.87,857.24,841.66,853.33,848.93,795.9,800.94,774.11,740.81,708.15,698.41,698.45,700.17,699.77,698.96,699.31,698.11,697.95,698.96,698.49,698.69,695.31,699.97,699.21,699.99,699.79,698.23,700.02,699.79,700.01,699.84,700.04,699.8,699.41,699.92,699.99,699.74,699.83,699.41,699.65,699.83,699.77,699.74,699.71,699.98,699.95,699.87,700.02,700.0,699.94,699.95,699.87,699.99,699.91,700.01,699.89,699.91,699.91,699.86,700.0,699.93,699.55,699.71,699.88,699.84,700.21,699.79,699.53,699.34,700.7,700.7,700.29,680.23,552.99,417.99,286.75,157.24,41.64,26.17,29.46,45.21,37.32,28.19,26.61,25.97,25.57,24.91,24.76,24.93,24.97,25.1,25.08,25.18,25.1,25.23,25.18,25.1,25.12,25.28,24.78,24.99,25.32,25.05,25.21,25.24,25.4,25.05,24.94,25.19,25.26,25.22,25.29,25.2,25.16,-0.52,-0.48,-0.52,-0.52,0.69,13.26,24.52,37.12,49.74,62.31,66.72,73.81,84.83,96.77,102.76,97.95,102.67,112.51,121.5,119.5,138.68,149.45,154.09,157.83,165.91,178.12,190.93,204.32,218.17,233.19,248.29,266.8,306.35,349.1,380.03,403.99,423.36,439.19,452.29,463.16,472.32,480.46,487.64,494.16,500.24,506.12,511.66,516.92,521.66,526.15,530.22,533.89,537.05,539.72,541.95,543.75,545.08,545.96,546.27,545.77,544.04,541.09,536.99,532.19,526.74,520.56,513.92,507.12,500.21,493.32,486.68,480.05,473.8,467.79,461.89,456.07,450.4,444.74,439.12,433.63,428.02,422.46,417.0,411.69,406.33,401.29,396.54,394.36,395.02,396.63,398.67,401.14,399.42,388.5,385.06,382.99,381.08,379.16,377.47,375.64,373.99,372.27,370.73,369.1,367.53,365.95,364.42,362.84,361.32,359.77,358.23,356.73,355.33,353.92,352.48,351.1,349.74,348.45,347.05,345.8,344.43,343.25,342.05,340.87,339.67,338.59,337.52,336.35
21080,23,114.32,37.02,56.13,70.02,598.72,1030.73,968.99,935.4,949.32,973.48,994.75,942.69,925.93,941.53,962.49,939.79,858.85,842.48,853.69,850.37,795.93,801.42,774.89,741.49,708.71,697.95,698.82,699.84,699.45,699.82,697.57,698.62,699.18,697.8,698.36,699.03,695.28,700.03,698.6,699.91,699.8,698.14,700.04,699.91,700.01,699.65,699.99,699.85,699.83,699.94,699.98,699.57,699.69,699.71,699.76,699.89,699.41,699.56,699.84,699.91,699.98,699.98,699.87,699.96,699.98,699.97,699.93,699.94,699.85,699.99,699.94,699.92,699.87,699.95,699.84,699.87,699.96,699.92,699.86,699.95,699.83,700.0,699.98,700.01,699.99,700.05,699.81,682.45,555.81,420.32,288.82,158.93,43.78,25.54,29.58,45.13,37.17,28.12,26.55,25.88,25.64,25.13,24.86,24.88,24.83,25.01,25.86,24.68,24.47,25.13,25.11,25.27,25.15,25.4,24.71,24.94,25.37,25.23,25.19,25.26,25.29,25.14,25.16,25.29,25.24,25.05,25.23,25.37,25.11,-0.41,-0.37,-0.38,-0.39,0.71,13.06,24.43,37.15,49.88,62.33,66.97,73.82,84.81,96.91,103.07,98.21,102.89,112.59,121.87,119.85,138.64,149.58,154.57,158.27,166.03,178.62,191.45,204.82,218.89,233.12,248.97,267.2,308.03,350.01,381.12,404.99,424.39,440.08,453.34,464.4,473.61,481.75,488.77,495.24,501.4,507.25,512.83,518.17,523.08,527.58,531.6,535.3,538.49,541.36,543.42,545.23,546.63,547.57,547.87,547.42,545.9,543.03,538.96,534.18,528.7,522.55,515.92,509.08,502.28,495.35,488.6,482.14,475.85,469.82,463.95,458.14,452.4,446.68,440.98,435.36,429.81,424.21,418.61,413.21,407.88,402.91,398.18,396.01,396.7,398.38,400.47,402.94,401.47,390.43,387.06,384.98,383.15,381.29,379.44,377.81,376.06,374.4,372.77,371.19,369.61,368.01,366.49,364.93,363.44,361.91,360.36,358.73,357.25,355.93,354.47,353.04,351.71,350.31,349.1,347.71,346.48,345.21,344.05,342.85,341.65,340.53,339.48,338.4
21081,23,114.354,36.36,55.6,68.71,591.72,1028.85,966.88,934.16,948.2,972.55,993.25,940.96,924.72,940.18,961.17,937.58,856.93,841.15,852.65,848.75,795.7,801.06,773.9,740.84,708.24,697.95,698.74,699.58,699.19,699.38,698.09,698.06,699.44,697.58,698.01,699.08,695.97,699.48,698.65,699.54,699.54,699.23,699.66,700.06,699.4,699.73,699.96,699.89,699.39,699.93,699.52,699.87,699.95,699.43,699.77,699.69,699.85,699.51,699.8,699.98,699.95,699.87,699.96,699.95,699.94,700.02,699.99,699.95,699.99,700.01,699.98,699.94,699.92,700.01,700.01,699.98,700.03,699.69,699.75,700.17,699.8,699.5,699.28,700.02,700.71,700.55,700.26,680.78,553.47,418.81,287.29,157.59,42.52,26.17,29.8,45.3,36.93,27.99,26.63,26.11,25.3,24.91,25.14,25.09,25.1,24.98,25.04,25.09,25.14,25.05,25.11,25.18,25.03,25.38,25.05,25.17,25.13,25.08,25.28,25.47,25.14,24.83,25.19,25.56,25.27,25.19,25.6,24.88,24.62,-0.44,-0.37,-0.41,-0.47,0.37,12.01,23.34,36.01,48.8,61.22,65.91,72.96,83.9,95.94,102.0,97.34,102.04,111.98,121.11,120.02,139.69,149.37,154.03,157.8,165.59,177.94,190.49,203.54,217.71,232.5,248.49,266.17,304.8,347.89,379.59,403.74,423.64,439.2,452.66,463.69,472.95,481.33,488.38,494.88,501.03,507.03,512.55,517.67,522.74,527.22,531.24,534.85,538.1,540.73,543.09,544.92,546.25,547.19,547.6,547.13,545.57,542.72,538.87,534.02,528.53,522.46,515.92,509.01,502.11,495.3,488.62,482.14,475.79,469.79,463.81,457.92,452.06,446.19,440.28,434.39,428.48,422.69,416.91,411.29,405.89,400.84,396.19,394.29,395.14,397.01,399.38,402.07,400.7,389.82,386.5,384.59,382.87,381.14,379.36,377.61,375.96,374.29,372.65,371.08,369.44,367.85,366.29,364.75,363.21,361.66,360.07,358.6,357.03,355.69,354.26,352.92,351.51,350.24,348.86,347.58,346.35,345.14,343.89,342.66,341.5,340.37,339.27,338.22
21082,23,114.36,35.8,55.37,69.37,595.33,1029.53,967.02,933.79,947.66,972.16,992.95,940.56,924.49,940.14,960.75,937.09,856.63,840.62,851.97,847.52,795.02,800.44,773.41,740.35,708.18,698.08,698.64,699.76,699.53,699.75,697.64,698.33,699.93,697.09,698.06,699.28,695.82,699.41,698.62,699.55,699.55,698.6,699.69,700.01,699.22,699.86,700.17,699.37,699.86,699.91,700.05,699.67,699.66,699.74,699.68,699.74,699.59,699.91,699.97,700.01,699.91,699.85,699.9,699.94,700.02,700.12,699.9,700.09,700.02,699.86,700.06,700.04,700.3,699.84,699.58,700.07,699.96,699.61,699.26,698.91,700.73,700.97,700.72,700.58,700.23,700.1,699.86,680.74,553.51,418.15,286.87,156.89,41.78,26.27,29.84,45.47,37.02,27.86,26.45,25.89,25.24,25.04,25.04,25.09,24.91,25.02,25.04,25.0,25.22,25.24,25.03,25.08,25.07,25.14,25.08,25.12,25.13,24.95,25.3,25.46,25.2,24.97,25.14,25.23,25.18,25.11,25.63,24.63,25.03,-0.4,-0.42,-0.37,-0.31,0.76,13.23,24.51,37.08,49.95,62.36,66.67,73.74,84.78,96.75,102.74,97.94,102.68,112.47,121.47,119.77,138.88,149.61,154.41,158.24,166.22,178.59,191.46,205.14,219.17,233.88,250.14,269.48,311.58,353.15,383.86,406.98,426.22,441.6,454.69,465.55,474.63,482.74,489.69,496.17,502.23,508.11,513.49,518.66,523.59,528.2,532.09,535.96,539.1,541.74,544.18,545.86,547.13,548.14,548.41,547.82,546.47,543.62,539.76,534.93,529.53,523.41,516.88,510.09,503.26,496.44,489.74,483.46,477.05,471.05,465.21,459.28,453.41,447.73,441.91,436.05,430.11,424.34,418.57,413.05,407.76,402.69,398.08,396.02,396.76,398.6,400.97,403.72,402.2,391.22,387.82,385.9,384.09,382.28,380.56,378.9,377.19,375.5,373.82,372.21,370.56,369.04,367.35,365.91,364.35,362.78,361.23,359.73,358.25,356.81,355.44,354.02,352.74,351.38,350.0,348.7,347.46,346.16,344.95,343.76,342.65,341.5,340.42,339.4
21083,23,114.356,36.1,55.3,69.71,597.09,1029.21,967.12,933.43,947.64,971.76,992.25,939.76,923.34,938.8,959.84,936.12,855.32,839.8,851.22,846.5,793.77,799.34,772.67,740.23,707.85,698.46,698.49,699.89,699.73,699.99,698.2,698.21,699.94,697.17,697.84,699.34,695.79,699.56,699.11,699.86,699.68,698.65,699.92,699.84,699.86,699.91,700.05,700.03,699.77,699.59,699.86,700.1,699.23,699.93,699.49,699.54,699.74,699.58,699.68,699.95,699.91,700.0,700.0,699.94,699.95,699.95,699.92,699.99,699.99,700.04,699.9,700.06,700.08,699.86,699.96,699.99,699.87,700.05,699.67,700.18,699.95,699.56,699.65,700.7,700.49,700.06,699.93,680.71,553.48,418.18,286.55,156.95,41.89,26.11,29.79,45.14,37.2,28.16,26.51,26.12,25.3,25.11,24.92,25.0,24.74,24.95,24.84,25.13,25.11,25.16,25.12,25.09,24.97,25.09,25.11,25.14,24.96,25.19,25.24,25.3,24.99,25.03,25.17,25.22,25.42,25.23,25.26,25.19,25.17,-0.43,-0.49,-0.44,-0.44,0.9,13.64,24.79,37.28,50.11,62.6,66.81,73.85,84.76,96.75,102.69,97.98,102.72,112.5,121.34,119.5,138.73,149.38,154.3,158.14,166.39,178.67,191.56,205.17,219.53,234.12,250.56,270.89,314.41,355.17,385.45,408.4,427.48,442.64,455.57,466.29,475.28,483.08,489.9,496.43,502.47,508.21,513.75,519.11,523.81,528.34,532.5,536.04,539.26,541.88,544.2,545.96,547.26,548.07,548.44,547.92,546.59,543.85,540.07,535.24,529.78,523.71,517.16,510.3,503.49,496.62,489.92,483.55,477.41,471.26,465.45,459.75,453.95,448.28,442.43,436.76,431.12,425.37,419.77,414.26,408.93,404.02,399.21,397.24,397.98,399.72,402.06,404.64,403.09,392.33,388.98,386.81,385.02,383.24,381.46,379.7,378.02,376.32,374.69,373.04,371.47,369.9,368.3,366.79,365.24,363.7,362.12,360.7,359.14,357.72,356.29,354.93,353.61,352.28,351.04,349.53,348.43,347.09,345.98,344.72,343.6,342.43,341.32,340.26
21084,23,114.348,36.77,56.13,69.78,594.54,1028.15,965.4,932.17,946.35,970.45,990.9,939.02,923.28,938.57,959.56,935.59,855.29,839.78,851.46,846.71,794.05,799.87,772.9,740.04,707.85,698.57,698.51,699.79,699.8,699.85,697.84,698.23,699.9,697.36,697.37,699.05,695.96,699.51,699.32,699.53,699.48,698.79,699.87,700.07,699.41,699.76,700.19,699.48,699.79,700.15,698.98,699.72,699.78,699.63,699.78,699.95,699.85,699.64,699.96,699.92,699.86,699.92,699.97,699.93,700.08,699.86,700.13,699.96,699.87,699.92,700.04,699.93,699.98,699.93,699.85,700.14,699.96,700.33,700.12,699.81,699.52,699.26,698.98,699.54,700.53,700.41,700.14,680.58,553.34,418.16,286.53,156.93,41.55,26.27,29.53,45.22,37.34,28.27,26.63,25.79,25.42,25.37,25.08,24.97,24.91,25.28,24.9,25.22,25.16,25.21,25.24,25.02,25.11,24.73,24.91,25.07,25.24,25.19,25.65,24.72,24.92,25.32,25.36,25.17,25.38,26.02,24.85,24.9,25.11,-0.55,-0.42,-0.44,-0.58,0.35,12.04,23.25,35.83,48.68,61.25,65.73,72.84,83.73,95.61,101.57,96.98,101.79,111.52,120.54,119.09,138.7,149.07,153.82,157.6,165.9,177.96,190.87,204.45,218.52,232.96,249.24,268.58,311.47,353.03,383.63,406.95,426.29,441.77,454.74,465.55,474.63,482.79,489.7,496.15,502.26,507.99,513.62,518.85,523.71,528.26,532.23,535.83,538.98,541.71,543.91,545.7,547.03,547.88,548.25,547.75,546.31,543.52,539.75,534.85,529.39,523.24,516.62,509.88,502.99,496.27,489.57,483.17,476.93,470.94,465.1,459.43,453.63,448.03,442.39,436.72,431.21,425.66,420.14,414.72,409.38,404.39,399.69,397.8,398.48,400.2,402.44,405.04,403.45,392.55,389.13,387.07,385.21,383.51,381.7,379.91,378.37,376.67,375.02,373.43,371.77,370.28,368.69,367.16,365.63,364.19,362.66,361.14,359.65,358.13,356.79,355.32,353.97,352.61,351.33,350.09,348.8,347.6,346.41,345.2,344.04,343.02,341.84,340.76
21085,23,114.358,35.98,55.38,69.5,596.3,1028.92,965.39,932.33,946.33,970.44,991.28,939.13,922.6,937.79,958.45,935.59,854.76,839.08,851.33,846.24,793.56,799.2,772.88,740.25,708.16,698.24,698.77,699.82,700.01,699.76,698.72,698.17,700.11,697.03,697.5,699.02,696.21,699.19,698.89,699.44,699.65,699.18,699.47,700.05,699.16,699.74,700.09,699.5,699.92,699.75,699.54,699.68,699.91,699.67,699.66,699.76,699.78,699.11,699.8,699.86,700.02,699.93,699.91,699.93,700.03,700.06,699.89,699.89,699.95,699.96,700.05,700.03,699.9,699.99,699.94,699.92,699.83,699.59,700.14,699.98,699.63,699.38,700.29,700.3,699.92,699.65,699.47,680.95,554.25,418.95,287.41,157.58,42.45,26.17,29.75,45.3,37.32,28.06,27.02,25.38,25.18,25.29,24.87,25.01,24.98,25.24,24.71,24.9,25.04,25.23,25.16,25.11,25.01,25.15,25.08,25.11,25.12,25.15,25.74,24.89,25.0,24.97,25.14,25.18,25.23,25.75,24.92,25.03,25.01,-0.47,-0.37,-0.43,-0.42,0.55,12.77,23.97,36.64,49.51,61.96,66.49,73.58,84.43,96.42,102.53,97.81,102.5,112.37,121.34,119.98,139.47,149.87,154.76,158.77,166.95,179.13,192.18,205.88,220.09,234.87,251.13,271.38,315.01,355.87,386.24,409.11,428.28,443.3,456.1,466.85,475.85,483.7,490.5,496.92,503.05,508.81,514.22,519.48,524.35,528.85,532.8,536.46,539.52,542.36,544.62,546.28,547.54,548.34,548.53,548.03,546.68,544.04,540.24,535.42,529.96,523.79,517.35,510.47,503.7,496.92,490.28,483.77,477.69,471.59,465.74,460.04,454.32,448.7,443.05,437.33,431.82,426.23,420.73,415.33,410.14,405.18,400.44,398.45,399.24,400.97,403.21,405.79,404.28,393.25,389.87,387.82,385.96,384.22,382.33,380.69,379.0,377.39,375.72,374.14,372.5,370.93,369.44,367.85,366.31,364.78,363.3,361.81,360.32,358.88,357.51,356.1,354.79,353.46,352.19,350.9,349.65,348.54,347.26,346.06,344.9,343.84,342.71,341.68
21086,23,114.351,37.21,55.96,69.31,594.08,1028.05,963.56,930.95,945.24,970.01,991.21,939.1,922.49,938.11,959.13,935.63,855.75,839.99,850.77,846.13,793.8,799.52,772.72,739.91,708.19,698.23,698.59,699.81,699.85,699.99,697.95,698.01,699.92,697.12,697.54,698.94,696.55,699.08,699.03,699.53,699.27,699.4,699.51,700.1,698.97,699.69,699.97,699.87,699.89,699.96,699.56,700.02,699.97,699.72,699.89,699.56,699.98,699.85,699.92,699.94,699.87,699.96,699.98,699.99,700.01,699.92,700.03,699.97,699.98,699.91,700.06,700.05,699.97,699.89,699.97,699.89,700.03,699.71,700.13,699.95,699.44,700.12,700.18,699.88,699.59,699.41,699.12,680.67,553.62,418.4,286.75,156.8,41.79,26.45,29.58,44.61,37.55,28.42,26.55,25.99,25.55,25.31,25.13,24.91,25.22,24.72,24.8,25.26,25.15,25.3,25.23,25.22,25.08,25.04,25.03,25.23,25.21,25.33,25.35,24.94,25.11,25.15,25.22,25.37,25.37,25.22,25.0,25.13,25.11,-0.56,-0.44,-0.46,-0.62,0.68,12.84,23.99,36.55,49.3,61.83,66.32,73.33,84.27,96.15,102.25,97.7,102.27,112.07,121.27,119.84,139.57,149.48,154.41,158.29,166.48,178.71,191.68,205.18,219.46,233.96,250.08,269.6,312.3,353.99,384.77,407.86,427.27,442.56,455.47,466.4,475.45,483.48,490.34,496.64,502.75,508.51,514.02,519.21,524.2,528.65,532.62,536.29,539.46,542.16,544.54,546.21,547.5,548.57,549.04,548.42,547.08,544.49,540.76,535.95,530.62,524.52,518.15,511.35,504.48,497.79,491.1,484.67,478.52,472.4,466.6,460.78,455.05,449.38,443.72,438.06,432.56,426.93,421.44,416.0,410.7,405.8,401.12,399.01,399.71,401.44,403.65,406.18,404.58,393.58,390.18,388.12,386.31,384.46,382.77,380.93,379.24,377.57,375.96,374.42,372.7,371.18,369.56,368.04,366.49,365.0,363.43,361.96,360.45,359.03,357.63,356.25,354.91,353.58,352.27,350.96,349.8,348.53,347.31,346.26,345.05,343.91,342.83,341.69
21087,23,114.36,36.25,55.27,69.9,598.5,1029.02,964.84,931.03,945.17,969.59,990.34,938.05,922.08,937.66,958.49,935.07,856.43,838.93,850.19,845.72,793.12,798.87,772.37,739.72,707.9,698.35,698.84,699.8,699.89,699.95,698.07,697.96,699.95,697.08,697.79,699.22,695.86,699.82,699.18,699.89,699.63,698.71,699.69,699.97,699.51,699.8,699.8,699.8,699.91,699.83,699.78,699.73,699.71,699.75,699.43,699.85,699.87,699.74,699.85,699.98,700.03,700.06,699.96,699.98,699.92,699.98,700.14,699.93,700.03,699.98,699.91,699.66,699.95,699.98,699.94,700.03,699.99,699.92,700.23,699.9,699.62,699.38,699.7,700.36,700.18,699.84,699.54,680.76,553.57,418.15,286.71,157.18,41.77,26.26,29.54,45.09,37.47,28.13,26.62,25.89,25.42,25.24,24.98,24.93,25.1,24.81,24.87,25.28,25.2,25.13,25.22,25.19,25.01,24.92,25.03,24.99,25.14,25.35,25.18,24.89,25.22,25.04,25.35,25.09,25.51,24.91,25.06,25.17,25.01,-0.52,-0.42,-0.54,-0.51,0.75,13.37,24.45,36.92,49.83,62.22,66.46,73.48,84.37,96.26,102.17,97.45,102.18,111.99,120.96,119.14,138.55,149.17,154.22,158.17,166.32,178.63,191.76,205.42,219.72,234.46,250.85,272.16,317.06,357.36,387.15,409.93,428.77,443.68,456.36,467.01,475.91,483.72,490.44,496.83,502.91,508.64,514.23,519.49,524.29,528.64,532.62,536.29,539.39,542.12,544.21,546.01,547.24,548.19,548.35,547.92,546.57,543.92,539.96,535.13,529.69,523.49,516.91,510.02,503.23,496.39,489.72,483.39,477.14,471.15,465.35,459.63,454.0,448.29,442.69,437.15,431.55,425.98,420.57,415.13,409.96,404.97,400.19,398.25,398.91,400.67,402.96,405.64,404.02,392.97,389.63,387.61,385.77,384.05,382.2,380.44,378.75,377.16,375.47,373.92,372.27,370.73,369.13,367.56,366.13,364.55,363.01,361.5,359.97,358.58,357.21,355.82,354.44,353.12,351.77,350.46,349.21,348.0,346.84,345.57,344.48,343.4,342.27,341.26
21088,23,114.381,36.2,55.36,71.47,599.8,1029.05,965.28,931.52,945.31,969.16,989.79,936.99,920.84,936.24,957.07,933.7,855.0,837.82,849.13,844.58,792.96,798.69,772.39,739.94,707.92,698.24,698.92,699.58,699.46,699.52,698.17,698.15,700.07,696.71,697.88,699.36,696.21,699.48,699.46,699.75,699.59,698.52,700.25,699.92,699.65,699.7,699.92,699.91,699.67,700.04,700.01,699.44,699.4,699.68,699.69,699.98,700.04,699.66,699.91,700.07,699.99,700.03,699.92,700.0,700.03,700.01,699.94,699.98,699.91,699.98,699.95,699.94,699.96,699.97,700.06,699.77,699.93,699.97,699.85,700.05,699.86,700.02,699.82,699.68,700.29,700.3,699.94,680.95,553.26,418.24,286.73,156.77,41.8,26.0,29.85,46.03,36.73,28.1,26.33,25.62,25.35,25.29,24.93,25.1,25.34,24.82,24.97,25.1,25.14,25.31,25.17,25.01,24.93,25.02,25.11,25.13,25.2,25.18,25.35,24.76,25.12,25.23,25.13,25.37,25.66,24.89,25.0,24.92,25.22,-0.52,-0.51,-0.43,-0.52,0.43,12.39,23.65,35.9,48.89,61.37,65.9,72.91,83.7,95.51,101.56,96.93,101.71,111.49,120.58,119.79,139.48,149.4,154.33,158.47,166.92,179.09,192.15,205.81,219.99,235.04,251.62,274.83,321.1,360.49,389.85,412.15,430.73,445.54,458.02,468.35,477.07,484.71,491.46,497.81,503.79,509.57,515.03,520.26,524.89,529.35,533.35,536.92,540.01,542.75,544.89,546.72,548.04,548.86,549.03,548.55,547.26,544.8,541.09,536.26,530.89,524.88,518.4,511.57,504.85,498.17,491.58,485.19,479.14,473.24,467.41,461.72,456.03,450.46,444.85,439.24,433.71,428.14,422.67,417.3,412.04,407.0,402.35,400.31,401.07,402.73,404.95,407.51,405.96,394.98,391.51,389.42,387.57,385.74,383.88,382.19,380.49,378.84,377.19,375.61,373.93,372.37,370.78,369.22,367.65,366.18,364.66,363.1,361.63,360.17,358.8,357.42,356.08,354.72,353.45,352.24,350.91,349.7,348.52,347.29,346.24,345.06,343.98,342.9
21089,23,114.345,36.01,55.82,69.79,591.5,1026.43,962.99,930.42,944.3,968.37,988.65,936.23,920.56,936.43,956.9,933.82,854.02,837.74,849.29,844.13,792.64,798.21,772.04,739.56,707.8,697.33,699.6,699.58,699.49,699.43,698.4,698.24,700.46,696.94,696.87,698.49,697.15,698.94,699.44,699.29,698.76,699.43,700.14,700.08,699.57,699.91,700.03,699.94,699.89,700.05,699.62,699.73,699.7,699.8,699.91,699.66,700.16,699.57,699.96,699.94,699.99,699.99,699.99,699.97,700.01,700.03,699.92,700.02,700.12,699.93,700.08,699.96,699.92,699.66,699.93,699.85,699.98,699.76,699.48,700.11,699.97,699.65,699.83,700.11,699.9,699.67,699.48,680.98,552.5,417.82,286.2,156.01,42.35,25.93,30.13,45.28,36.62,28.29,26.27,25.69,25.35,25.1,25.08,24.99,25.17,24.89,25.06,25.28,25.11,25.18,25.3,25.06,24.86,24.92,25.16,25.23,25.16,25.29,25.13,24.98,25.22,25.13,25.1,25.2,25.17,25.06,25.4,25.2,25.22,-0.47,-0.48,-0.51,-0.52,0.62,12.78,23.75,36.33,49.13,61.44,65.92,72.88,83.91,95.94,101.61,97.0,101.8,111.62,120.65,119.39,139.1,148.95,153.94,157.97,166.14,178.73,191.45,204.94,219.18,234.1,250.59,271.59,316.03,356.79,387.2,409.86,428.83,443.87,456.56,467.22,475.98,483.91,490.76,497.05,503.15,508.9,514.48,519.34,524.34,528.77,532.89,536.44,539.6,542.28,544.65,546.55,547.86,548.71,549.05,548.61,547.31,544.84,541.11,536.4,531.07,525.0,518.5,511.75,504.92,498.25,491.68,485.18,478.97,473.04,467.3,461.42,455.68,450.01,444.39,438.65,433.02,427.52,421.9,416.6,411.41,406.35,401.61,399.57,400.3,402.0,404.3,406.91,405.21,394.11,390.75,388.62,386.89,385.0,383.32,381.55,379.89,378.12,376.49,374.86,373.27,371.68,370.11,368.63,367.06,365.55,364.06,362.46,360.97,359.62,358.2,356.8,355.44,354.18,352.8,351.54,350.33,349.17,347.85,346.7,345.69,344.53,343.44,342.36
21090,23,114.367,37.87,55.28,69.26,593.89,1027.47,963.38,930.16,944.26,968.38,988.94,936.37,920.1,935.67,956.62,932.72,852.85,837.52,849.05,844.51,792.46,798.28,772.26,739.55,707.86,697.81,699.37,699.49,699.39,699.4,698.39,698.06,700.37,696.96,697.38,699.06,696.81,699.07,699.03,699.2,699.28,699.34,699.5,700.11,699.67,699.85,700.1,699.65,699.92,700.1,698.75,699.74,699.94,699.75,699.58,699.74,699.72,699.56,699.74,699.87,699.95,699.82,699.89,699.99,699.92,699.97,700.04,699.89,700.09,700.06,699.86,699.92,700.04,699.98,699.77,699.98,699.7,700.1,699.88,699.66,699.6,700.38,700.13,699.92,699.58,699.37,699.19,680.57,553.64,418.3,286.82,156.8,42.06,26.12,29.63,45.46,37.16,28.28,26.3,25.97,25.57,25.19,24.86,25.16,25.05,24.8,25.03,25.31,25.19,25.02,25.35,24.89,25.2,25.12,25.23,25.18,25.17,25.49,24.86,25.2,25.19,25.08,25.21,25.27,25.41,24.98,25.24,25.36,25.32,-0.52,-0.49,-0.51,-0.49,0.37,12.44,23.82,36.38,49.11,61.71,66.02,72.97,83.88,95.69,101.61,97.01,101.63,111.48,120.5,118.83,138.17,148.9,153.81,157.79,165.96,178.47,191.35,205.08,219.57,234.29,250.79,272.78,318.32,358.36,388.26,410.51,429.44,444.14,456.8,467.4,476.28,484.07,490.77,497.16,503.09,508.93,514.25,519.44,524.25,528.65,532.45,535.97,539.24,541.85,543.98,545.73,546.98,547.75,547.99,547.54,546.14,543.55,539.77,534.92,529.51,523.36,516.77,510.0,503.19,496.48,489.87,483.53,477.25,471.3,465.52,459.71,454.01,448.31,442.54,436.87,431.16,425.57,419.89,414.46,409.18,404.2,399.53,397.48,398.26,399.97,402.3,404.9,403.3,392.46,388.98,386.92,385.26,383.34,381.59,379.9,378.17,376.55,374.85,373.25,371.54,370.12,368.45,366.9,365.48,363.93,362.45,360.86,359.44,357.89,356.52,355.13,353.7,352.38,351.19,349.95,348.58,347.39,346.17,345.12,343.94,342.77,341.62,340.57
21091,23,114.369,35.62,54.63,71.07,598.76,1028.5,963.73,930.3,944.11,967.68,988.05,935.43,919.49,934.99,955.9,932.74,852.22,836.33,847.89,843.03,791.52,797.61,771.58,738.91,707.58,698.48,698.56,699.7,699.58,699.65,697.72,698.11,700.36,696.23,697.6,699.16,696.23,699.6,699.32,699.69,699.68,698.5,699.71,699.87,699.48,699.92,700.04,699.82,699.76,699.75,699.82,699.83,699.25,699.7,699.36,699.91,699.86,699.62,699.94,700.06,699.95,699.98,699.89,700.0,699.97,699.98,699.88,699.92,699.93,700.11,699.58,700.05,699.91,700.02,699.92,700.01,699.95,700.06,699.76,699.89,700.23,699.95,699.63,699.4,699.25,699.79,700.6,680.61,552.29,417.48,285.99,156.27,42.16,25.67,29.76,46.67,35.67,27.71,26.25,25.98,25.61,25.09,25.01,25.19,25.16,25.02,25.15,25.31,25.11,25.05,24.97,25.11,24.96,25.08,25.19,25.14,25.16,25.24,24.9,25.12,25.26,25.18,25.24,25.35,26.04,24.34,24.94,25.3,25.34,-0.49,-0.45,-0.41,-0.51,0.34,12.29,23.44,35.92,48.76,61.17,65.71,72.77,83.67,95.46,101.34,96.66,101.48,111.35,120.26,119.42,139.45,149.26,154.17,158.27,166.85,178.87,191.98,205.61,219.92,234.71,251.3,274.87,321.07,360.41,389.87,412.21,430.92,445.66,458.16,468.49,477.15,484.82,491.56,497.87,503.85,509.58,515.15,520.26,524.98,529.4,533.39,537.03,540.09,542.78,545.0,546.81,548.03,548.93,549.21,548.79,547.43,544.95,541.18,536.36,531.0,524.84,518.36,511.64,504.95,498.23,491.58,485.28,479.06,473.18,467.15,461.43,455.55,449.79,443.89,438.08,432.3,426.65,420.98,415.47,410.17,405.24,400.59,398.67,399.52,401.33,403.69,406.35,404.66,393.77,390.58,388.65,386.87,385.13,383.36,381.62,379.9,378.3,376.67,374.92,373.3,371.7,370.19,368.66,367.03,365.53,363.96,362.4,361.0,359.64,358.11,356.8,355.38,354.08,352.86,351.52,350.23,349.06,347.91,346.74,345.62,344.42,343.38,342.4
21092,23,114.383,35.53,54.34,69.43,595.94,1027.48,963.18,929.66,943.07,967.16,987.47,934.58,918.84,934.26,955.2,931.59,851.21,836.2,847.75,842.64,790.92,797.42,771.15,738.89,707.76,697.83,699.49,699.58,699.26,699.38,698.03,698.09,700.35,696.65,697.49,699.08,696.61,699.35,699.26,699.62,699.49,699.05,700.02,700.03,699.98,699.41,700.01,699.43,699.89,699.94,699.82,699.88,699.63,699.86,699.71,700.03,699.24,699.83,699.63,700.04,699.91,700.02,699.98,699.88,699.97,699.92,699.97,699.97,699.97,699.99,699.88,699.7,700.01,699.92,700.06,699.86,699.99,699.68,699.97,700.17,699.97,699.6,699.28,699.14,699.11,700.76,701.0,680.21,551.88,417.45,286.05,156.29,42.14,25.83,29.77,46.12,36.15,28.46,25.76,25.74,25.56,25.27,25.05,25.08,25.26,24.8,25.07,25.12,25.12,25.13,25.16,24.98,25.04,25.02,25.07,25.03,25.14,25.26,25.22,25.09,25.02,25.3,25.19,25.39,25.57,25.02,25.1,24.97,25.22,-0.46,-0.39,-0.39,-0.47,0.6,12.71,23.8,36.29,49.12,61.47,65.92,72.99,83.93,95.74,101.58,97.01,101.76,111.49,120.37,118.78,138.54,148.97,153.9,158.11,166.44,178.75,191.76,205.32,219.59,234.34,250.88,273.32,319.47,359.21,388.87,411.19,429.92,444.82,457.38,467.9,476.6,484.46,491.29,497.72,503.49,509.27,514.65,519.74,524.6,528.98,532.99,536.55,539.73,542.52,544.68,546.43,547.7,548.49,548.69,548.25,546.79,544.26,540.3,535.51,530.06,523.9,517.35,510.63,503.81,497.09,490.54,484.09,477.94,471.95,466.03,460.32,454.45,448.79,442.91,437.17,431.41,425.79,420.09,414.74,409.46,404.35,399.64,397.78,398.42,400.31,402.56,405.23,403.43,392.61,389.41,387.37,385.56,383.74,381.93,380.2,378.55,376.9,375.2,373.68,372.01,370.45,368.87,367.28,365.79,364.23,362.68,361.24,359.61,358.17,356.88,355.35,354.05,352.77,351.54,350.19,348.97,347.66,346.45,345.47,344.25,343.06,341.98,340.93
21093,23,114.394,35.95,54.99,71.32,605.7,1029.05,962.93,929.02,942.31,966.38,987.5,935.09,918.88,934.48,955.29,931.48,852.02,836.85,847.77,842.85,791.7,797.74,771.22,739.02,707.66,698.64,698.58,699.83,699.83,699.91,698.26,698.16,700.19,696.12,697.92,699.33,695.43,699.93,699.07,700.1,699.46,698.33,699.69,699.91,699.94,699.7,699.83,700.01,699.73,700.0,699.84,700.03,699.29,699.87,699.55,699.86,699.79,699.51,699.79,699.73,699.96,699.89,700.05,699.86,700.04,699.92,699.95,700.01,700.02,699.92,700.05,700.03,699.94,699.96,699.99,700.08,699.86,700.06,699.83,699.88,700.2,699.86,699.46,699.87,700.53,700.27,699.98,680.41,552.61,417.34,286.35,156.58,42.33,25.3,29.84,46.69,35.68,27.7,26.54,25.69,25.58,25.08,25.09,25.11,25.64,24.78,24.86,25.15,25.39,25.39,25.14,25.24,24.53,24.89,25.11,25.27,25.04,25.28,25.2,25.21,25.14,25.09,25.31,25.07,25.54,25.26,24.73,25.29,25.47,-0.52,-0.46,-0.46,-0.53,0.66,13.32,24.42,36.93,49.64,61.98,66.44,73.48,84.22,96.23,101.99,97.35,102.04,111.94,120.88,119.61,139.56,149.78,154.64,158.94,167.51,179.62,193.05,206.89,221.51,236.58,253.29,279.83,327.13,364.93,393.16,414.8,432.77,447.32,459.45,469.6,478.25,485.39,492.18,498.48,504.4,510.07,515.5,520.43,525.14,529.45,533.29,536.81,539.74,542.37,544.48,546.14,547.24,547.87,548.13,547.44,545.99,543.27,539.4,534.49,528.89,522.85,516.15,509.57,502.66,495.91,489.36,483.03,476.87,470.86,464.92,459.06,453.22,447.25,441.26,435.38,429.52,423.64,417.93,412.37,407.1,402.1,397.53,395.73,396.68,398.55,400.96,403.65,402.09,391.3,388.02,386.18,384.4,382.63,380.88,379.15,377.37,375.84,374.15,372.44,370.86,369.25,367.76,366.11,364.57,362.93,361.46,359.98,358.55,357.07,355.72,354.28,353.02,351.67,350.39,349.15,347.81,346.6,345.46,344.23,343.12,341.99,340.91,339.85
21094,23,114.416,35.52,54.72,72.05,611.06,1030.35,964.44,929.92,943.97,968.03,988.49,936.11,919.95,935.21,956.25,932.71,852.39,839.18,852.59,845.87,794.08,799.68,772.56,739.74,707.89,698.34,698.51,699.97,699.6,700.22,697.53,698.29,699.62,696.4,698.23,698.44,695.87,699.82,699.66,700.03,698.97,699.34,698.96,699.93,699.88,700.2,699.21,699.88,699.86,700.05,699.82,699.85,699.97,699.34,699.76,699.89,699.95,699.75,700.02,699.95,700.03,699.93,699.99,699.88,699.95,700.03,700.05,700.03,699.99,699.78,699.87,700.06,700.05,699.99,699.93,699.92,699.99,699.71,700.08,700.01,699.56,699.51,700.11,700.05,699.72,699.57,699.64,680.63,552.43,417.52,286.45,156.74,42.33,25.35,29.92,46.91,35.25,27.69,26.44,25.78,25.5,25.4,25.23,24.98,25.0,25.0,25.37,25.3,25.27,24.91,25.04,25.19,25.04,25.13,25.04,25.06,25.08,25.24,25.07,25.27,25.07,25.17,25.23,24.99,25.6,25.17,24.95,25.27,25.19,-0.39,-0.34,-0.38,-0.41,0.95,13.43,24.44,36.99,49.88,62.34,66.84,73.86,84.68,96.71,102.54,97.79,102.42,112.4,121.53,120.94,140.9,150.43,155.18,159.18,167.43,179.82,192.86,206.85,221.35,236.43,253.14,277.65,324.49,362.57,391.28,413.65,431.36,446.32,458.39,468.78,477.73,484.9,491.78,498.05,504.0,509.56,514.93,520.09,524.87,529.17,533.17,536.67,539.87,542.3,544.4,546.12,547.2,548.07,548.17,547.52,545.99,543.03,538.96,533.94,528.44,522.18,515.64,508.86,502.01,495.32,488.7,482.33,476.08,469.87,463.65,457.41,451.04,444.59,438.01,431.51,425.09,418.86,412.85,407.22,402.0,397.46,393.33,392.02,393.54,395.88,398.66,401.58,400.23,389.54,386.24,384.58,382.82,381.06,379.37,377.59,375.95,374.2,372.57,370.97,369.23,367.57,366.03,364.42,362.93,361.25,359.8,358.23,356.8,355.36,353.95,352.6,351.24,349.95,348.6,347.42,346.11,344.86,343.77,342.53,341.4,340.24,339.19,338.14
21095,23,114.398,35.33,54.68,69.38,600.75,1028.84,964.32,931.59,946.1,969.78,990.38,938.75,922.94,938.29,959.62,935.7,855.16,840.7,853.19,847.63,794.42,799.87,772.91,740.16,708.08,698.27,698.81,699.91,699.55,700.03,697.37,698.12,699.37,697.49,697.97,699.19,695.95,699.77,699.26,699.84,699.8,698.31,699.84,699.86,699.51,700.04,700.13,699.66,699.96,699.89,699.49,699.64,699.86,699.55,699.84,699.55,700.07,699.98,699.98,700.02,699.91,699.99,699.96,699.92,700.01,700.01,699.99,699.96,699.96,699.95,700.05,699.97,699.95,699.97,699.89,700.02,699.68,699.43,700.15,699.99,699.64,699.29,699.01,700.1,700.71,700.42,700.26,680.16,552.94,417.96,286.78,157.08,41.75,26.17,29.3,45.79,36.65,28.02,26.51,25.86,25.32,25.32,25.04,25.13,24.98,25.04,25.14,25.21,25.19,24.97,24.92,25.29,24.76,24.97,25.13,25.23,25.26,25.08,25.6,24.79,24.99,25.19,25.35,25.05,25.39,25.4,25.16,25.2,25.08,-0.39,-0.41,-0.45,-0.4,1.06,14.05,25.11,37.66,50.41,62.82,67.24,74.19,85.16,97.1,103.14,98.4,102.91,112.69,121.71,119.79,139.05,149.61,154.31,158.38,166.49,178.75,191.66,205.31,219.58,234.16,250.34,269.81,313.04,354.1,384.51,407.82,426.87,442.23,455.21,465.87,475.15,483.17,490.23,496.6,502.75,508.59,514.04,519.27,524.03,528.34,532.38,535.9,539.06,541.74,543.97,545.73,547.02,547.81,548.03,547.41,545.67,542.71,538.55,533.6,528.07,521.84,515.25,508.39,501.46,494.74,488.02,481.49,475.09,468.81,462.49,456.15,449.69,442.99,436.3,429.61,422.9,416.42,410.39,404.69,399.63,395.07,391.17,389.98,391.65,394.09,397.07,400.08,398.84,388.13,385.04,383.14,381.43,379.68,377.85,376.1,374.35,372.63,370.97,369.32,367.6,366.05,364.34,362.81,361.08,359.52,358.03,356.56,355.01,353.63,352.18,350.81,349.42,348.09,346.77,345.54,344.2,343.03,341.77,340.59,339.52,338.4,337.28,336.15
21096,23,114.395,35.12,54.39,69.52,603.32,1030.49,967.58,934.94,949.36,973.62,994.42,942.26,926.23,941.7,962.6,938.85,858.32,842.44,856.1,851.93,798.51,803.12,775.28,741.6,708.39,698.14,698.58,699.94,699.64,700.24,697.47,698.69,699.1,697.7,698.35,698.46,695.38,699.87,698.99,700.12,699.26,698.8,699.96,699.89,700.06,699.17,700.03,699.92,699.82,699.76,699.96,699.64,699.82,699.57,699.55,699.99,699.2,699.81,699.51,700.02,699.97,700.04,699.99,700.05,699.87,699.99,699.98,700.03,699.82,699.98,699.91,699.95,700.11,699.79,699.61,700.22,699.92,699.42,699.31,700.58,700.59,700.21,700.0,699.72,699.48,699.4,699.12,680.47,553.83,418.21,286.82,157.34,41.9,25.97,29.21,45.5,37.09,27.87,27.09,25.52,25.23,25.24,24.95,25.12,25.23,25.12,25.07,25.23,25.17,25.17,25.01,25.26,25.01,24.84,25.16,25.22,25.24,25.1,25.33,25.07,25.33,25.17,24.97,25.46,25.17,25.39,25.27,25.16,25.14,-0.42,-0.38,-0.43,-0.41,0.97,14.01,25.15,37.72,50.7,63.03,67.44,74.56,85.56,97.66,103.69,98.83,103.36,113.07,122.22,120.78,140.17,150.33,154.99,158.67,166.81,178.87,191.55,205.25,219.51,234.02,250.17,268.3,309.42,350.94,381.87,405.83,424.73,440.51,453.54,464.49,473.91,482.09,489.42,496.14,502.19,507.85,513.42,518.71,523.62,528.11,532.2,535.85,538.92,541.72,543.76,545.46,546.65,547.45,547.48,546.7,544.75,541.5,537.29,532.35,526.77,520.52,513.81,506.93,499.97,493.18,486.41,479.84,473.39,467.05,460.6,454.1,447.46,440.82,434.03,427.19,420.46,414.07,408.03,402.45,397.54,393.03,389.28,388.05,389.75,392.27,395.24,398.12,396.93,386.21,383.05,381.09,379.39,377.65,375.86,374.18,372.46,370.7,368.99,367.44,365.74,364.06,362.43,360.84,359.25,357.64,356.15,354.67,353.22,351.72,350.33,348.96,347.53,346.28,344.92,343.62,342.38,341.14,339.86,338.74,337.65,336.49,335.42,334.38
21097,23,114.389,35.21,54.57,69.12,605.25,1031.2,969.51,936.9,951.12,975.52,996.76,944.89,927.97,943.34,964.12,941.06,859.89,843.99,855.5,852.11,798.55,803.31,775.46,741.64,708.44,698.34,698.64,699.93,699.3,699.78,697.67,698.78,698.58,698.22,698.41,697.7,696.1,699.85,698.79,700.11,699.32,698.88,699.56,700.02,700.11,699.81,699.88,699.78,699.79,699.89,699.66,699.68,699.76,700.03,698.93,699.62,699.9,699.16,699.69,699.75,699.95,699.94,700.01,699.94,700.01,699.86,700.02,699.89,699.93,699.95,699.97,699.98,699.96,699.96,699.8,699.99,700.0,699.95,700.16,699.9,699.56,699.34,700.54,700.5,700.14,699.86,699.63,681.37,554.96,419.44,288.22,158.43,43.13,25.49,29.56,46.25,36.25,27.59,27.11,25.56,25.21,25.27,25.15,25.25,25.16,25.31,24.83,24.98,25.18,25.23,25.11,25.08,25.55,24.63,25.0,25.11,25.3,25.07,25.15,25.13,24.93,25.12,24.88,25.28,25.18,25.42,25.03,25.18,25.27,-0.43,-0.42,-0.43,-0.4,0.7,13.46,24.7,37.37,50.31,62.71,67.29,74.36,85.4,97.35,103.47,98.56,103.17,112.93,122.18,120.14,139.44,149.75,154.36,157.9,166.07,178.18,191.06,204.74,218.61,233.02,249.0,266.59,306.24,348.41,379.67,404.29,423.57,439.56,452.76,463.89,473.44,481.63,489.2,495.72,501.83,507.64,513.3,518.53,523.27,527.78,531.81,535.4,538.5,541.23,543.25,544.89,546.05,546.82,546.88,546.05,543.89,540.78,536.66,531.61,525.96,519.74,513.1,506.19,499.29,492.42,485.78,479.25,472.75,466.5,460.12,453.72,447.17,440.51,433.63,426.87,420.1,413.69,407.49,401.94,396.78,392.41,388.43,387.24,388.9,391.4,394.32,397.46,396.31,385.54,382.39,380.57,378.82,377.08,375.39,373.62,371.95,370.21,368.56,366.9,365.25,363.6,361.96,360.46,358.81,357.23,355.71,354.28,352.78,351.38,349.93,348.55,347.12,345.85,344.49,343.27,342.01,340.68,339.49,338.34,337.16,336.04,334.98,333.9
21098,23,114.379,35.8,55.53,71.66,613.93,1034.35,971.87,938.04,952.47,976.86,997.8,945.81,928.91,944.31,965.13,942.25,860.93,844.65,855.82,853.0,798.5,803.58,775.73,741.69,708.44,698.35,698.34,699.96,699.35,700.22,697.47,699.01,698.3,698.32,698.24,696.42,697.25,699.09,699.73,699.49,699.3,699.77,698.55,699.98,699.72,700.05,699.95,699.85,699.86,699.83,699.99,699.45,699.98,699.87,699.22,699.55,699.7,699.52,699.73,699.97,699.91,699.97,699.94,700.07,699.93,700.02,700.06,700.02,699.65,699.97,700.09,699.81,700.05,699.51,699.85,699.83,699.9,699.98,700.12,699.9,699.98,700.02,699.75,699.45,700.16,700.1,699.75,681.29,554.99,419.65,288.39,158.69,43.0,25.51,29.18,45.61,36.86,28.02,26.9,25.5,25.4,25.3,25.35,25.09,24.99,25.06,25.07,25.12,25.07,25.04,25.12,25.09,25.05,24.93,25.07,25.05,25.1,25.22,25.65,25.07,24.39,25.12,25.17,25.46,25.27,25.03,25.26,25.42,25.22,-0.37,-0.32,-0.34,-0.41,0.62,13.21,24.54,37.22,50.26,62.96,67.43,74.43,85.48,97.6,103.74,98.85,103.49,113.3,122.42,120.84,140.81,150.37,154.84,158.45,166.6,178.69,191.45,205.09,219.23,234.03,250.28,269.22,312.05,352.7,382.94,407.09,425.52,441.5,454.41,465.27,474.49,482.69,489.73,496.28,502.4,508.24,513.83,519.03,523.84,528.3,532.3,535.97,539.07,541.73,543.78,545.41,546.5,547.32,547.45,546.76,544.73,541.57,537.44,532.46,526.93,520.58,513.96,507.1,500.26,493.37,486.69,480.1,473.81,467.41,461.06,454.54,447.91,441.16,434.37,427.53,420.85,414.46,408.37,402.86,397.89,393.46,389.64,388.43,390.15,392.68,395.57,398.64,397.47,386.67,383.61,381.72,379.96,378.24,376.47,374.74,372.99,371.42,369.62,367.96,366.34,364.63,363.09,361.48,359.85,358.35,356.76,355.35,353.84,352.44,351.04,349.65,348.29,346.96,345.67,344.35,343.12,341.94,340.65,339.54,338.34,337.28,336.17,335.06
21099,23,114.37,35.79,55.3,71.48,613.62,1034.48,971.16,938.53,953.07,976.84,997.96,945.91,929.46,945.02,965.74,942.68,861.64,845.88,857.91,857.49,801.9,806.6,777.62,742.94,708.81,697.95,698.12,700.06,699.38,700.16,697.94,698.89,698.04,698.62,698.38,696.24,697.58,698.91,699.65,699.47,699.25,699.63,698.43,699.91,699.86,700.0,699.8,699.54,700.05,699.72,699.91,699.57,699.88,699.96,699.38,699.64,699.84,699.06,699.73,699.82,699.95,699.92,699.92,700.03,699.97,699.86,700.03,699.98,700.04,699.8,699.95,699.99,699.97,699.88,700.15,699.84,700.11,700.06,699.81,699.46,699.37,700.43,700.3,699.97,699.7,699.51,699.19,680.97,555.17,419.6,288.33,158.67,43.13,25.39,29.26,45.8,36.48,27.89,26.67,26.03,25.58,25.31,25.08,25.03,25.13,25.47,24.84,25.05,25.12,25.22,25.18,24.93,25.08,24.89,25.05,25.02,25.16,25.1,25.66,24.72,25.15,25.26,25.27,25.09,25.25,25.19,25.12,25.22,25.12,-0.43,-0.4,-0.47,-0.47,0.97,13.99,25.18,37.9,50.81,63.27,67.69,74.71,85.81,97.82,103.91,98.99,103.62,113.35,122.31,120.57,140.44,150.52,154.85,158.37,166.26,178.45,191.32,204.86,219.06,233.73,249.72,268.38,311.18,351.77,382.09,406.2,424.69,440.53,453.54,464.52,473.86,482.09,489.42,495.9,502.05,507.93,513.53,518.64,523.68,528.06,532.18,535.67,538.9,541.53,543.78,545.55,546.71,547.6,547.8,547.17,545.1,541.91,537.84,532.85,527.34,521.14,514.47,507.71,500.68,494.0,487.2,480.78,474.33,468.03,461.73,455.25,448.72,442.05,435.19,428.42,421.6,415.19,409.02,403.36,398.27,393.75,389.9,388.62,390.31,392.84,395.7,398.75,397.55,386.88,383.72,381.87,380.13,378.42,376.64,374.9,373.14,371.38,369.7,368.09,366.34,364.74,363.12,361.5,359.88,358.28,356.82,355.32,353.76,352.4,350.98,349.55,348.19,346.8,345.48,344.24,342.96,341.76,340.55,339.36,338.18,337.06,335.96,334.92
21100,23,114.373,36.02,55.01,71.04,613.18,1034.69,972.8,939.46,953.59,977.78,999.03,947.21,929.69,944.72,965.67,943.07,861.52,844.97,856.88,857.24,801.93,806.87,777.86,742.64,708.79,698.18,698.75,700.06,699.37,699.76,697.61,698.94,698.21,698.25,698.37,696.53,697.05,699.23,699.67,699.62,699.31,699.75,698.71,699.99,699.56,699.99,699.84,699.81,699.75,699.96,700.12,699.49,699.93,699.85,699.54,699.63,699.83,699.83,699.67,699.98,699.91,699.92,699.94,700.01,699.97,699.99,700.07,699.99,700.15,699.86,699.79,699.99,699.91,699.99,699.98,699.96,699.99,700.05,699.95,699.66,699.77,700.39,700.01,699.86,699.46,699.29,699.05,681.33,556.0,420.22,289.01,159.62,43.64,25.38,28.87,45.47,37.13,27.88,27.07,25.73,25.36,25.16,25.12,25.0,25.1,25.4,24.93,25.09,25.27,25.15,25.13,25.1,25.26,24.67,24.97,25.08,25.24,25.18,25.2,25.1,25.29,25.25,25.31,25.22,25.18,25.13,25.05,25.13,25.26,-0.45,-0.51,-0.45,-0.51,0.78,13.49,24.74,37.25,50.29,62.95,67.51,74.46,85.45,97.53,103.75,98.86,103.56,113.26,122.34,121.1,141.13,150.93,155.15,158.66,166.56,178.7,191.48,204.9,218.96,233.76,249.92,269.03,312.28,352.74,382.87,406.83,425.23,441.15,454.1,465.17,474.54,482.47,489.6,496.15,502.19,507.99,513.58,518.68,523.54,528.05,532.08,535.59,538.8,541.55,543.74,545.55,546.7,547.49,547.62,546.98,545.02,541.86,537.77,532.8,527.18,520.95,514.29,507.37,500.58,493.68,487.07,480.5,474.1,467.76,461.4,454.9,448.3,441.52,434.7,427.9,421.27,414.78,408.77,403.22,398.21,393.79,389.88,388.74,390.39,392.97,395.88,398.87,397.64,386.9,383.86,381.93,380.18,378.45,376.7,374.9,373.15,371.43,369.85,368.11,366.43,364.81,363.15,361.55,359.98,358.41,356.92,355.49,353.89,352.53,351.14,349.7,348.41,347.05,345.69,344.42,343.17,341.99,340.74,339.53,338.46,337.34,336.13,335.16
21101,23,114.363,35.56,55.15,70.36,606.58,1032.3,970.75,938.13,952.27,976.32,997.55,945.22,928.22,943.56,964.65,940.81,859.95,844.31,856.45,853.47,799.67,804.16,776.27,741.53,708.09,698.35,698.31,699.99,699.45,699.79,697.71,698.92,697.96,698.42,698.45,696.81,696.71,699.5,699.09,700.03,699.25,699.27,699.36,700.13,699.47,699.82,699.82,699.83,699.96,699.85,699.59,699.98,699.77,699.48,699.8,699.66,699.2,699.79,699.63,699.67,699.87,699.98,700.0,699.86,699.95,700.04,699.97,700.07,700.1,699.84,699.98,699.58,699.97,699.99,700.06,699.97,700.03,699.83,700.0,699.94,699.65,699.73,700.34,700.18,699.88,699.56,699.45,680.78,554.24,418.82,287.59,158.11,42.51,25.61,29.47,46.26,36.09,27.72,26.85,25.94,25.35,25.28,25.18,25.16,25.06,25.3,25.03,25.07,25.28,25.13,24.98,24.95,25.54,24.81,25.02,25.24,25.16,25.07,25.21,25.61,24.48,25.1,25.32,25.32,25.45,25.28,25.38,24.52,24.88,-0.48,-0.39,-0.39,-0.46,0.71,13.06,24.26,36.93,49.87,62.4,66.89,74.03,84.9,96.94,103.02,98.3,103.04,112.67,121.8,120.33,139.95,149.85,154.04,157.66,165.86,177.94,190.65,204.26,218.09,232.7,248.49,265.87,304.93,347.44,378.79,403.51,422.62,438.82,452.07,463.31,472.96,481.15,488.73,495.38,501.51,507.26,512.76,518.19,523.18,527.75,531.94,535.58,538.62,541.47,543.64,545.38,546.67,547.51,547.86,547.07,544.99,542.07,538.04,533.19,527.65,521.5,514.96,508.11,501.19,494.37,487.68,481.19,474.74,468.36,462.07,455.5,448.93,442.13,435.38,428.68,421.91,415.45,409.31,403.79,398.79,394.36,390.52,389.27,391.01,393.61,396.46,399.6,398.4,387.68,384.46,382.67,380.94,379.21,377.39,375.69,373.9,372.27,370.64,368.99,367.26,365.65,363.98,362.5,360.86,359.29,357.75,356.27,354.76,353.37,351.92,350.62,349.23,347.87,346.58,345.26,344.05,342.82,341.6,340.45,339.28,338.13,336.99,335.96
21102,23,114.349,35.91,55.33,70.95,611.3,1034.15,972.25,939.25,953.87,978.05,999.34,947.15,930.13,945.4,967.08,944.84,863.44,847.36,858.93,855.98,800.76,805.64,777.25,742.93,708.71,697.03,699.06,699.77,699.36,698.87,697.96,699.55,697.45,699.49,697.68,696.27,698.14,698.45,699.38,699.97,699.7,699.84,698.59,699.94,699.94,700.0,699.73,699.83,699.96,699.68,699.94,699.63,699.67,700.09,699.45,699.45,699.87,699.86,699.78,700.1,699.88,699.94,699.97,699.92,699.93,699.97,700.01,699.96,700.05,700.0,699.92,699.96,699.94,699.94,699.94,699.91,700.1,699.77,700.15,700.02,699.55,700.12,700.32,700.03,699.63,699.4,699.13,681.31,556.07,420.35,289.03,159.4,43.7,25.21,29.11,46.26,36.55,27.72,26.57,25.9,25.46,25.28,25.08,25.16,25.18,25.29,24.9,24.96,25.16,25.22,25.21,24.97,25.98,24.25,24.82,25.19,25.21,25.23,25.22,25.4,24.94,25.06,25.19,25.2,25.23,25.35,25.32,25.21,25.27,-0.39,-0.34,-0.46,-0.39,1.03,14.03,25.29,37.88,50.68,63.24,67.76,74.71,85.7,97.81,104.16,99.14,103.69,113.43,122.74,120.43,139.48,149.54,154.18,157.77,165.4,177.94,190.61,204.04,217.79,232.51,248.21,264.61,301.03,343.86,376.38,401.46,420.67,437.2,450.66,462.14,471.97,480.38,488.02,494.82,501.04,506.8,512.28,517.62,522.72,527.04,531.19,534.84,538.16,540.86,543.11,544.9,546.2,547.14,547.34,546.4,544.33,541.17,537.19,532.26,526.76,520.58,513.92,507.04,500.12,493.22,486.41,479.83,473.37,467.1,460.64,454.2,447.66,440.93,434.22,427.42,420.67,414.23,408.06,402.39,397.29,392.83,388.81,387.56,389.14,391.81,394.71,397.75,396.64,385.8,382.56,380.8,379.14,377.45,375.7,373.92,372.31,370.55,368.85,367.2,365.63,363.91,362.37,360.75,359.26,357.54,356.17,354.66,353.19,351.71,350.29,348.91,347.5,346.17,344.81,343.63,342.33,341.13,339.94,338.69,337.58,336.43,335.39,334.32
21103,23,114.325,35.38,54.85,71.73,617.74,1037.06,976.08,942.03,955.78,979.59,1001.38,949.56,932.3,947.82,968.84,946.66,865.11,848.55,860.03,857.3,801.83,806.44,777.32,742.39,708.17,697.89,698.7,699.51,699.83,698.3,698.41,699.98,697.28,700.29,696.01,696.12,699.57,696.53,699.71,699.4,699.91,698.93,699.68,699.44,699.73,699.73,700.07,700.08,699.51,699.95,699.95,699.15,699.91,699.69,699.58,699.75,699.92,699.2,699.68,699.94,700.04,699.95,700.08,699.99,699.94,699.91,699.96,700.01,700.01,699.92,700.01,699.55,699.9,700.11,699.77,700.23,699.77,699.53,700.41,700.04,699.66,699.44,699.25,698.92,700.2,701.5,701.25,680.57,554.58,420.1,288.98,159.07,43.62,25.38,29.17,46.22,36.48,27.59,26.82,26.24,24.71,24.96,25.18,25.27,25.3,25.09,25.1,25.16,25.37,25.17,25.09,25.06,25.02,25.14,25.29,25.26,24.98,25.28,25.09,25.65,24.98,25.09,25.39,25.11,25.04,25.3,25.57,24.91,24.94,-0.58,-0.54,-0.45,-0.47,0.8,13.4,24.78,37.56,50.64,63.09,67.62,74.76,85.69,97.83,104.01,99.19,103.72,113.54,122.87,121.01,140.56,149.77,154.07,157.58,165.45,177.57,190.26,203.86,217.31,232.12,247.82,264.57,301.55,343.94,376.2,400.85,420.06,436.33,449.89,461.14,470.87,479.49,487.03,493.85,500.06,506.01,511.51,516.81,521.78,526.36,530.26,533.98,537.22,539.78,541.98,543.7,544.86,545.64,545.83,544.58,542.47,539.18,535.01,530.0,524.42,518.12,511.34,504.33,497.23,490.33,483.53,476.85,470.44,463.97,457.73,451.28,444.79,438.25,431.58,424.86,418.2,411.76,405.66,400.11,394.92,390.26,386.22,385.04,386.57,389.09,391.98,395.02,393.84,383.24,380.05,378.28,376.56,374.84,372.99,371.3,369.61,367.91,366.21,364.62,362.98,361.24,359.68,358.14,356.53,354.92,353.51,352.02,350.46,349.02,347.66,346.21,344.91,343.48,342.15,340.83,339.49,338.38,337.16,335.98,334.78,333.7,332.59,331.56
21104,23,114.35,35.21,54.71,69.99,610.35,1035.09,975.57,942.85,957.25,980.81,1002.05,950.07,932.73,947.66,968.41,945.8,864.35,848.37,859.86,856.79,802.69,806.52,777.86,742.42,708.46,697.76,698.82,699.7,699.5,698.85,698.1,699.67,697.07,699.83,697.25,696.1,698.58,698.0,699.54,699.62,699.78,699.65,698.57,699.91,699.84,700.07,699.8,699.9,699.87,700.02,699.83,699.74,699.66,699.91,699.35,699.51,699.68,699.65,699.72,699.93,699.96,699.99,700.06,699.96,700.02,699.97,699.99,699.93,699.98,699.98,699.89,699.94,699.79,700.1,699.89,699.84,699.89,700.01,700.07,699.67,699.76,700.3,700.05,699.82,699.47,699.34,699.15,680.92,555.23,419.67,288.26,158.57,43.24,25.42,28.85,45.87,37.0,27.83,26.59,26.3,24.94,25.18,25.27,25.3,24.98,25.19,25.17,25.03,25.12,25.03,25.04,25.03,25.29,25.37,24.67,25.06,25.23,25.27,25.09,25.23,25.14,25.3,25.19,25.31,25.4,25.21,25.29,25.03,25.01,-0.4,-0.4,-0.48,-0.41,0.99,13.67,24.85,37.73,50.72,63.41,67.85,75.04,85.97,97.96,104.15,99.35,103.93,113.73,122.93,121.63,141.28,150.5,154.71,158.16,165.85,178.2,190.61,204.22,217.57,232.26,247.91,263.9,298.65,341.99,374.69,400.17,419.43,436.01,449.71,461.26,471.07,479.58,487.28,494.25,500.66,506.57,512.2,517.54,522.57,526.97,531.23,535.02,538.22,541.1,543.27,545.14,546.54,547.36,547.56,546.55,544.55,541.36,537.34,532.5,527.03,520.8,514.14,507.28,500.22,493.28,486.53,479.9,473.39,466.97,460.76,454.29,447.66,441.05,434.29,427.47,420.86,414.34,408.15,402.52,397.39,392.84,388.9,387.56,389.27,391.79,394.68,397.71,396.61,385.89,382.83,380.95,379.22,377.42,375.75,373.96,372.26,370.6,368.86,367.27,365.63,363.99,362.37,360.86,359.17,357.6,356.08,354.61,353.11,351.69,350.3,348.82,347.41,346.18,344.73,343.36,342.13,340.89,339.81,338.63,337.41,336.35,335.14,334.18
21105,23,114.371,35.64,55.17,71.5,616.44,1036.44,975.86,943.2,957.94,982.24,1003.44,951.01,933.48,948.3,968.78,945.51,864.1,847.52,858.57,854.67,801.05,805.15,776.64,742.14,707.25,697.15,698.84,699.67,699.5,698.4,698.26,699.77,697.13,699.97,696.55,696.14,699.05,697.35,699.76,699.37,699.91,699.24,698.93,699.67,699.41,699.78,700.08,699.63,699.85,699.58,699.79,699.83,699.67,699.55,699.71,699.89,699.3,699.74,699.84,699.84,700.0,699.9,699.98,699.93,699.98,699.95,699.94,699.94,699.9,699.96,699.95,699.92,699.98,699.95,700.1,699.9,700.04,699.76,699.98,700.15,699.76,699.57,699.31,699.21,700.48,700.34,700.1,680.61,554.19,418.89,287.62,157.64,42.13,25.86,29.16,46.39,36.42,27.7,26.5,26.07,25.35,24.95,25.15,25.11,25.14,25.14,25.32,25.07,25.25,25.05,25.17,24.95,25.25,25.33,24.84,25.1,25.26,25.12,25.29,25.39,24.86,25.18,25.09,25.35,25.32,25.2,25.82,24.74,24.95,-0.42,-0.44,-0.44,-0.38,0.6,12.98,24.28,37.01,50.18,62.9,67.39,74.52,85.48,97.59,103.79,98.95,103.68,113.43,122.52,122.19,141.92,150.7,155.01,157.54,164.58,176.86,189.98,204.0,217.97,233.15,248.93,266.09,305.7,347.58,379.29,403.89,422.71,438.92,452.23,463.43,472.98,481.46,488.84,495.58,501.64,507.59,513.21,518.42,523.44,528.05,532.15,535.8,538.96,541.62,543.95,545.75,546.97,547.73,547.97,547.15,545.1,541.94,537.9,532.89,527.28,521.14,514.51,507.58,500.67,493.79,487.09,480.53,474.09,467.71,461.36,454.86,448.21,441.43,434.67,427.81,421.1,414.67,408.52,402.91,397.95,393.46,389.55,388.48,390.18,392.76,395.71,398.88,397.53,387.0,383.81,381.91,380.2,378.41,376.7,375.0,373.3,371.42,369.86,368.18,366.51,364.91,363.21,361.65,360.03,358.5,357.0,355.47,354.04,352.54,351.19,349.67,348.32,347.05,345.73,344.42,343.22,341.97,340.73,339.6,338.43,337.26,336.24,335.2
21106,23,114.382,36.3,55.0,71.11,615.22,1035.67,974.37,940.01,953.87,978.35,999.85,947.63,930.66,945.94,966.71,944.15,862.49,846.24,857.5,853.97,799.27,804.12,776.1,742.08,708.18,698.06,698.14,699.89,699.55,700.14,697.97,699.2,697.7,698.94,697.98,696.14,698.1,698.43,700.06,699.05,699.74,699.74,698.43,699.73,699.75,700.06,699.91,699.88,699.93,699.7,699.29,699.54,699.83,699.64,699.86,699.46,699.2,699.85,699.74,699.89,699.9,699.99,699.98,699.99,699.96,699.91,700.1,699.95,699.98,700.02,699.94,700.02,700.07,699.85,699.96,700.05,700.06,699.55,699.7,700.1,699.84,699.58,700.21,700.24,699.95,699.54,699.47,680.89,555.21,419.68,288.38,158.37,42.67,25.54,28.93,46.15,36.62,27.76,26.67,25.98,25.52,25.3,25.21,25.14,25.14,25.15,25.25,24.95,25.17,25.09,25.12,25.05,25.19,25.58,24.47,24.97,25.19,25.26,25.18,25.31,25.25,25.07,25.19,25.21,25.18,25.33,25.33,25.3,25.19,-0.52,-0.44,-0.52,-0.48,0.8,13.61,24.97,37.73,50.6,63.17,67.49,74.67,85.65,97.74,103.9,98.99,103.49,113.11,122.23,120.36,139.79,149.94,154.48,157.84,165.84,177.9,190.51,204.3,218.37,233.43,249.62,268.14,310.53,351.22,381.84,405.97,424.43,440.41,453.39,464.47,473.81,481.97,489.31,495.97,502.08,507.88,513.51,518.64,523.65,527.92,531.95,535.59,538.76,541.46,543.6,545.43,546.63,547.47,547.8,547.13,545.11,542.01,537.86,532.95,527.39,521.18,514.57,507.7,500.82,493.9,487.17,480.71,474.3,467.97,461.63,455.13,448.54,441.92,435.03,428.27,421.51,414.99,408.88,403.27,398.35,393.78,389.98,388.74,390.39,393.06,395.98,398.99,397.79,387.12,383.99,382.1,380.39,378.51,376.81,375.07,373.26,371.62,369.95,368.19,366.53,364.95,363.35,361.77,360.07,358.5,356.97,355.52,354.08,352.57,351.23,349.78,348.35,347.05,345.66,344.53,343.19,341.95,340.78,339.53,338.44,337.3,336.23,335.09
21107,23,114.387,35.17,54.46,70.65,611.72,1034.76,974.51,939.67,953.48,977.6,998.34,945.76,928.66,944.02,964.85,941.85,860.78,844.58,855.79,851.88,798.14,803.03,775.33,741.45,708.05,698.42,698.42,700.06,699.49,700.21,698.51,698.8,698.19,698.09,698.35,696.86,697.11,699.46,699.85,699.37,699.09,699.7,698.6,700.01,699.77,700.02,699.8,699.8,700.03,699.27,699.99,699.96,699.46,699.76,699.49,699.58,699.91,699.77,699.92,699.87,699.96,699.93,699.94,699.94,700.01,700.05,700.01,699.88,699.97,700.03,699.88,700.05,699.94,700.01,699.92,699.98,700.03,699.87,699.94,700.01,699.71,699.56,700.36,700.25,699.86,699.6,699.46,680.69,554.38,419.02,287.74,158.04,42.36,25.52,28.64,46.07,36.7,27.83,26.72,26.24,25.26,25.24,25.18,25.41,25.26,24.99,26.46,23.99,24.61,25.3,25.4,25.16,25.07,25.36,24.71,24.92,25.26,25.17,25.08,25.23,25.33,24.81,25.02,25.34,25.26,25.16,25.28,24.96,25.24,-0.39,-0.41,-0.43,-0.42,0.92,13.92,25.12,37.84,50.72,63.18,67.57,74.49,85.6,97.5,103.71,98.7,103.26,113.02,122.05,120.17,139.52,150.01,154.6,158.12,166.27,178.45,191.53,205.02,219.29,234.29,250.51,269.97,313.93,354.04,383.99,407.79,426.28,441.95,454.7,465.58,474.95,482.85,490.09,496.51,502.7,508.49,514.01,519.07,523.92,528.34,532.5,536.12,539.29,541.96,544.01,545.67,546.86,547.67,547.88,547.15,545.29,542.2,538.07,533.11,527.68,521.4,514.8,507.9,501.02,494.24,487.53,481.03,474.75,468.32,462.05,455.55,448.97,442.28,435.4,428.63,421.93,415.5,409.39,403.82,398.75,394.29,390.49,389.34,391.04,393.58,396.47,399.51,398.38,387.6,384.4,382.49,380.82,379.11,377.3,375.56,373.8,372.05,370.42,368.74,367.04,365.48,363.75,362.22,360.63,359.06,357.55,356.04,354.57,353.2,351.76,350.31,348.99,347.61,346.33,345.08,343.81,342.55,341.34,340.19,339.02,337.85,336.84,335.68
21108,23,114.376,35.2,54.68,70.64,609.8,1033.24,971.64,937.46,951.64,975.64,996.26,943.71,926.76,941.79,962.46,938.88,858.11,842.13,853.78,850.16,797.53,802.26,774.84,741.23,708.13,698.32,698.42,700.45,699.19,698.53,699.34,698.1,698.52,698.57,699.08,696.95,696.94,699.41,699.55,699.94,699.11,699.65,698.79,699.98,699.8,700.15,699.45,699.89,700.02,699.99,699.45,699.74,699.83,699.62,699.8,699.54,699.77,699.47,699.78,699.93,700.02,699.96,700.1,699.88,699.86,699.69,699.89,700.09,699.95,700.0,699.93,699.97,700.06,699.98,700.04,699.94,700.0,700.07,699.96,699.77,700.31,700.02,699.72,699.43,699.09,699.1,700.84,681.22,553.71,418.79,287.64,158.08,42.45,25.69,28.6,45.67,37.24,27.94,26.77,25.91,25.51,24.89,25.03,25.28,25.15,25.18,25.58,24.75,25.01,25.09,25.15,25.14,25.1,25.14,25.08,25.05,25.27,25.09,25.16,25.4,25.38,24.6,25.22,25.41,25.29,25.1,25.46,25.08,25.06,-0.45,-0.42,-0.43,-0.5,0.68,12.89,24.11,36.72,49.74,62.21,66.65,73.75,84.75,96.71,102.79,97.95,102.42,112.27,121.3,120.79,140.52,149.54,153.93,157.61,165.7,177.81,190.86,203.63,217.2,231.67,247.69,267.82,310.01,351.91,382.27,406.47,425.2,441.05,453.93,464.94,474.41,482.46,489.79,496.31,502.57,508.41,513.95,519.18,524.16,528.73,532.73,536.42,539.57,542.32,544.55,546.28,547.55,548.46,548.67,548.21,546.55,543.58,539.64,534.84,529.33,523.2,516.68,509.88,503.04,496.24,489.54,483.14,476.74,470.42,464.06,457.79,451.09,444.36,437.57,430.83,424.07,417.67,411.46,405.91,400.92,396.38,392.45,391.39,393.08,395.71,398.68,401.72,400.57,389.88,386.56,384.76,383.06,381.26,379.49,377.78,376.02,374.37,372.66,370.91,369.36,367.63,366.06,364.53,362.83,361.27,359.75,358.27,356.74,355.29,353.88,352.53,351.14,349.75,348.52,347.18,346.01,344.79,343.56,342.41,341.24,340.12,339.06,337.96
21109,23,114.388,35.01,54.37,72.18,618.07,1033.61,969.81,936.04,950.68,975.14,995.57,942.83,926.88,942.46,963.35,939.06,858.17,842.49,854.04,849.6,796.69,801.78,774.18,740.97,708.08,698.56,698.11,700.01,699.63,699.55,699.78,698.65,698.99,698.61,698.89,696.3,698.32,698.53,699.54,698.91,699.78,699.47,698.76,699.81,699.43,699.85,699.77,699.62,699.88,699.94,699.5,699.7,699.83,699.64,699.82,700.0,699.35,699.51,699.86,699.85,699.87,699.96,699.92,699.95,699.97,700.02,699.95,699.96,699.95,700.08,699.72,700.01,699.97,699.85,700.05,699.88,699.96,700.02,699.81,700.1,699.97,699.66,699.57,700.22,700.06,699.8,699.53,680.34,553.73,418.42,287.01,157.1,41.35,25.75,28.66,45.98,37.07,27.96,26.8,25.97,25.9,24.43,25.02,25.36,25.33,25.32,25.5,24.73,24.86,25.23,25.08,25.11,25.1,25.67,24.41,24.99,25.4,25.29,25.09,25.32,25.47,24.54,25.2,25.23,25.33,25.15,25.38,24.93,25.13,-0.62,-0.53,-0.5,-0.62,0.86,13.56,24.76,37.41,50.21,62.68,67.09,74.02,85.11,97.16,103.11,98.26,102.87,112.6,121.62,120.48,140.34,149.99,154.7,158.37,166.46,178.41,191.3,205.37,219.95,235.13,251.16,274.3,319.67,358.78,387.84,410.89,428.81,443.99,456.47,467.09,476.26,484.17,491.12,497.62,503.6,509.55,514.93,520.21,524.99,529.44,533.5,537.08,540.32,543.01,545.11,546.81,548.09,548.77,549.0,548.39,546.77,543.7,539.68,534.78,529.3,523.2,516.53,509.74,502.89,496.2,489.56,483.1,476.79,470.41,463.98,457.58,451.02,444.21,437.36,430.52,423.74,417.44,411.32,405.83,400.75,396.5,392.57,391.37,393.18,395.75,398.67,401.7,400.67,389.97,386.56,384.78,383.09,381.21,379.53,377.65,375.95,374.29,372.56,370.93,369.16,367.55,365.9,364.27,362.68,361.15,359.57,358.07,356.65,355.2,353.66,352.38,351.04,349.67,348.4,347.07,345.76,344.65,343.56,342.24,341.07,339.98,338.95,337.81
21110,23,114.381,34.61,53.48,69.8,609.44,1032.05,969.2,935.66,949.71,973.68,994.49,942.06,925.39,940.71,961.5,938.02,857.19,841.56,852.53,847.97,795.17,800.53,773.52,740.45,708.01,698.27,698.38,699.89,699.11,699.07,698.12,699.01,698.45,698.34,698.67,697.13,697.0,699.43,699.45,700.1,699.0,699.53,698.68,700.01,699.86,700.11,699.22,699.98,699.94,699.89,699.79,699.86,699.68,699.75,699.77,699.77,699.55,699.61,699.8,699.93,699.95,699.88,699.85,699.91,700.02,700.09,699.96,699.98,699.92,699.97,699.97,700.12,699.83,700.17,699.73,699.45,699.98,699.98,699.64,699.83,700.37,700.18,699.86,699.39,699.22,699.02,699.16,681.27,553.42,418.11,286.91,157.14,41.56,25.78,28.44,45.94,37.15,28.1,26.75,26.01,25.46,25.33,25.02,25.25,25.14,25.2,25.34,25.22,24.81,25.04,25.08,25.13,25.01,25.21,24.76,25.1,25.42,24.99,25.15,25.24,25.79,24.7,25.12,25.24,25.33,25.17,25.19,25.29,25.3,-0.5,-0.5,-0.43,-0.54,0.7,13.13,24.15,36.81,49.67,62.13,66.63,73.65,84.71,96.67,102.6,97.86,102.56,112.2,121.27,120.13,140.06,149.53,154.23,158.21,166.46,178.43,191.17,204.17,217.18,232.04,248.53,268.4,312.36,352.98,383.34,407.34,425.78,441.56,454.54,465.43,474.7,482.72,489.97,496.51,502.74,508.48,513.92,519.2,524.18,528.63,532.74,536.32,539.51,542.3,544.48,546.32,547.52,548.49,548.62,548.14,546.45,543.4,539.39,534.48,529.1,522.85,516.36,509.48,502.63,495.88,489.21,482.69,476.34,470.04,463.67,457.32,450.58,443.99,437.02,430.29,423.41,417.13,410.89,405.45,400.41,395.97,392.11,391.08,392.8,395.33,398.3,401.37,400.15,389.34,386.21,384.29,382.55,380.9,379.05,377.32,375.53,373.82,372.09,370.52,368.88,367.19,365.44,363.9,362.4,360.74,359.27,357.72,356.26,354.82,353.4,352.0,350.75,349.28,348.16,346.69,345.55,344.29,343.04,341.9,340.77,339.71,338.5,337.53
21111,23,114.415,34.82,54.35,71.82,618.76,1033.74,969.51,935.74,949.97,974.3,994.89,942.37,925.84,941.03,961.92,938.44,857.57,841.81,853.52,849.25,795.64,801.05,773.89,740.84,708.2,698.46,698.36,700.16,699.65,699.31,699.95,696.95,698.73,698.61,699.06,695.91,698.73,698.13,699.53,699.34,699.92,699.52,699.03,699.92,699.29,699.95,699.89,699.72,699.93,699.76,699.51,699.8,699.88,699.66,699.85,699.54,699.55,699.38,699.87,699.8,699.85,699.76,699.94,700.05,699.96,699.97,700.01,699.88,699.78,700.05,699.78,699.97,699.93,700.08,699.85,699.97,700.08,699.83,700.18,700.1,699.84,699.57,699.56,700.67,700.34,699.95,699.76,680.7,554.28,419.0,287.76,157.77,42.16,25.61,28.51,45.59,37.38,28.15,26.94,25.97,25.35,25.28,24.97,24.91,25.01,25.02,25.23,25.2,25.15,25.1,24.95,24.97,25.06,25.39,24.83,25.17,25.03,25.15,25.18,25.25,25.29,24.95,25.03,25.05,25.36,25.19,25.1,25.36,25.12,-0.36,-0.42,-0.43,-0.34,1.01,13.55,24.69,37.41,50.27,62.69,67.12,74.06,84.94,97.01,102.91,98.15,102.72,112.54,121.56,120.33,140.1,149.75,154.54,158.42,166.8,178.96,192.08,205.72,219.66,234.64,249.24,272.66,318.17,357.18,386.35,409.62,427.66,443.08,455.7,466.41,475.65,483.77,490.67,497.0,503.26,509.25,514.81,520.06,524.82,529.23,533.17,536.86,540.08,542.69,544.91,546.4,547.61,548.44,548.6,548.11,546.45,543.26,539.21,534.23,528.72,522.53,515.89,509.13,502.22,495.37,488.86,482.3,475.99,469.68,463.53,456.87,450.2,443.46,436.83,429.98,423.19,416.7,410.75,405.12,400.22,395.88,392.08,391.01,392.82,395.39,398.35,401.59,400.4,389.68,386.42,384.42,382.84,381.09,379.32,377.44,375.72,373.97,372.31,370.56,368.9,367.26,365.72,364.07,362.46,360.97,359.45,357.9,356.48,354.96,353.65,352.24,350.92,349.6,348.29,346.96,345.81,344.41,343.35,342.06,341.09,339.82,338.76,337.65
21112,23,114.4,34.81,53.89,69.95,609.15,1032.15,968.01,934.06,948.44,972.8,993.39,940.83,924.37,939.55,960.47,937.05,856.17,840.28,851.63,847.11,794.2,799.82,773.11,740.28,707.84,698.59,699.05,699.61,699.58,700.21,698.3,698.48,699.38,697.05,698.38,698.56,695.91,699.85,698.94,700.17,698.96,699.13,699.39,700.15,699.94,699.85,699.74,699.78,699.85,700.01,699.67,699.98,699.76,699.43,699.66,699.95,699.13,699.72,699.51,699.93,699.89,699.9,699.96,700.05,699.93,699.95,700.02,699.88,700.07,700.04,699.93,700.03,699.86,699.83,700.15,699.72,699.73,700.27,699.94,699.54,699.32,698.93,699.96,700.98,700.71,700.46,700.12,679.76,552.53,417.84,286.92,157.36,41.81,25.71,28.52,46.16,36.84,27.89,26.76,26.19,25.37,25.18,25.22,25.23,25.32,25.3,25.11,25.0,25.23,25.07,25.24,24.97,25.07,25.35,24.88,25.31,25.18,25.1,25.04,25.51,25.03,24.81,25.44,25.43,25.28,25.14,25.13,25.01,25.32,-0.36,-0.27,-0.34,-0.43,1.51,15.09,26.22,38.54,51.37,63.67,67.91,74.69,85.69,97.74,103.71,98.72,103.21,112.87,121.66,119.48,138.3,149.22,153.83,157.65,166.12,178.57,190.89,204.78,219.37,234.56,251.29,273.5,319.1,358.39,387.87,410.89,429.17,444.46,457.05,467.73,476.98,484.53,491.58,498.02,504.03,509.82,515.28,520.57,525.43,529.78,533.99,537.6,540.71,543.27,545.49,547.21,548.46,549.24,549.33,548.85,547.37,544.57,540.54,535.7,530.27,524.14,517.75,510.78,503.95,497.18,490.52,484.11,477.82,471.49,465.13,458.64,451.96,445.39,438.46,431.64,424.95,418.49,412.33,406.78,401.72,397.21,393.25,392.24,393.91,396.49,399.39,402.43,401.15,390.47,387.29,385.29,383.71,381.89,380.12,378.28,376.51,374.76,373.15,371.46,369.82,368.06,366.32,364.76,363.19,361.65,359.97,358.46,357.03,355.59,354.38,352.85,351.36,350.17,348.86,347.57,346.36,345.2,343.99,342.81,341.66,340.51,339.39,338.28
21113,23,114.434,34.89,54.17,70.81,612.95,1032.67,967.41,932.48,946.75,970.87,991.59,939.6,923.25,938.65,959.31,935.41,854.84,839.24,850.57,845.5,793.87,799.45,772.48,739.65,708.07,698.67,699.01,699.72,699.63,699.92,697.38,698.39,699.6,696.8,698.54,698.33,696.11,699.78,699.69,699.7,699.0,699.57,698.81,699.98,699.93,699.91,699.85,699.72,699.91,699.64,700.05,699.4,699.91,699.57,699.79,699.63,699.52,699.84,699.78,700.04,699.89,700.05,699.95,700.14,699.88,699.98,700.07,699.89,699.97,700.05,699.92,700.13,699.88,699.99,700.09,699.9,700.11,700.05,699.59,699.4,699.91,700.37,700.26,699.95,699.62,699.54,699.29,679.9,553.13,417.55,286.28,156.61,41.63,25.39,28.45,46.06,36.73,28.06,27.04,26.35,25.13,25.17,25.33,25.15,25.18,25.13,25.56,24.48,25.2,25.07,25.19,25.21,25.07,25.6,24.26,25.17,25.38,25.05,25.24,25.08,25.11,25.2,25.24,25.12,24.96,25.28,25.46,25.08,25.09,-0.38,-0.39,-0.34,-0.39,0.86,13.9,25.22,37.66,50.44,62.9,67.14,74.22,85.1,97.27,102.97,98.03,102.74,112.59,121.44,120.09,139.92,149.75,154.76,158.77,167.32,179.21,191.76,205.6,220.26,235.51,252.58,278.01,325.16,363.0,391.73,413.94,431.69,446.69,458.95,469.38,478.27,485.83,492.74,499.06,504.98,510.73,516.08,521.15,526.03,530.5,534.49,537.95,541.09,543.75,545.81,547.22,548.37,549.12,549.26,548.48,547.12,544.38,540.38,535.51,529.96,523.93,517.33,510.47,503.67,496.98,490.52,484.04,477.74,471.36,465.1,458.65,452.0,445.25,438.49,431.7,425.12,418.74,412.81,407.18,402.24,397.91,394.29,393.3,395.05,397.49,400.51,403.65,402.2,391.55,388.55,386.55,384.84,383.18,381.45,379.56,377.7,376.01,374.31,372.59,370.96,369.31,367.84,366.08,364.44,362.88,361.38,359.86,358.36,356.87,355.48,354.26,352.85,351.47,350.18,348.96,347.67,346.49,345.37,344.14,343.09,342.06,340.79,339.75
21114,23,114.437,34.6,53.5,68.52,599.55,1029.86,964.51,931.43,945.64,969.61,990.5,938.07,921.94,937.51,958.03,934.36,853.82,837.94,849.22,844.54,792.34,798.43,771.84,739.55,707.8,698.33,698.68,699.73,699.62,699.69,698.03,698.1,700.14,696.99,697.86,699.23,696.29,699.58,699.46,699.72,699.64,698.87,699.77,699.85,699.51,699.87,700.09,699.97,699.58,700.0,699.88,699.99,699.89,699.57,699.87,699.39,699.78,699.91,699.64,699.94,699.99,699.88,700.0,699.83,699.74,699.87,699.8,700.1,700.04,699.89,699.91,699.88,700.05,699.95,700.06,700.05,700.11,699.76,699.47,700.3,700.29,699.92,699.54,699.32,699.1,699.07,700.87,681.0,552.93,418.12,286.75,156.84,41.5,26.16,28.76,45.99,36.95,28.07,26.69,26.21,25.38,25.22,25.24,25.14,25.22,25.1,25.52,24.62,24.98,25.19,25.04,25.12,24.97,25.02,25.1,24.99,25.1,25.11,25.08,25.2,25.23,24.95,25.12,25.33,25.37,25.27,25.48,24.95,25.22,-0.49,-0.56,-0.48,-0.55,0.67,13.14,24.17,36.86,49.71,62.18,66.55,73.57,84.37,96.38,102.41,97.6,102.1,111.81,120.81,119.25,138.77,148.8,153.71,157.65,165.99,178.4,191.43,205.26,219.61,234.35,250.67,272.56,318.25,358.34,388.24,410.73,429.69,444.72,457.58,468.14,476.9,485.0,491.88,498.27,504.35,510.06,515.82,520.93,525.79,530.35,534.54,538.06,541.37,543.92,546.25,547.93,549.2,549.98,550.25,549.84,548.59,546.06,542.21,537.54,532.26,526.26,519.79,513.11,506.29,499.46,492.88,486.62,480.22,473.98,467.55,461.15,454.7,447.8,440.96,434.06,427.36,420.94,414.86,409.29,404.24,399.76,395.96,394.78,396.59,399.2,402.2,405.29,404.04,393.29,390.19,388.21,386.45,384.69,382.82,381.07,379.27,377.66,375.81,374.1,372.42,370.76,369.13,367.48,365.94,364.35,362.67,361.38,359.76,358.33,356.9,355.55,354.15,352.85,351.53,350.25,348.95,347.84,346.62,345.39,344.29,343.29,342.12,341.0
21115,23,114.405,34.61,53.67,70.43,607.19,1030.31,964.87,930.86,944.79,969.25,990.15,938.01,922.16,937.94,958.81,934.95,854.59,839.38,851.19,846.18,794.25,799.77,773.02,739.19,707.65,697.68,698.73,699.94,699.69,699.98,697.53,698.36,699.52,697.0,698.19,698.98,695.63,700.02,699.07,699.98,699.48,698.62,699.66,699.84,700.03,699.99,699.72,699.78,699.8,700.06,699.89,699.74,699.79,699.84,699.36,699.7,699.76,699.31,699.83,699.6,699.97,700.05,699.92,699.95,700.08,699.84,699.91,699.98,700.04,699.93,699.92,699.95,700.01,699.93,699.86,700.05,699.75,699.9,699.92,700.17,699.86,699.54,699.31,700.24,700.28,699.95,699.67,680.35,552.71,417.51,286.09,156.43,41.88,25.55,28.95,46.27,36.28,27.8,26.8,26.01,25.25,25.28,25.24,25.08,25.21,25.2,25.6,24.8,24.97,25.28,25.12,25.18,24.99,24.99,25.07,25.08,25.14,25.08,25.11,25.59,24.82,24.9,25.33,25.36,25.18,25.19,25.49,24.71,24.91,-0.49,-0.44,-0.45,-0.46,1.06,14.34,25.6,38.17,50.86,63.13,67.43,74.25,85.33,97.16,103.12,98.24,102.78,112.54,121.34,119.64,138.96,149.03,153.46,157.71,165.69,178.46,191.72,205.29,219.83,234.8,251.34,274.29,320.68,359.84,389.13,411.74,430.03,444.95,457.64,468.1,477.2,484.79,491.91,498.38,504.31,510.0,515.37,520.5,525.32,529.69,533.84,537.37,540.56,543.12,545.23,546.87,547.84,548.59,548.77,548.14,546.64,543.72,539.62,534.83,529.28,522.97,516.51,509.61,502.79,496.06,489.4,482.92,476.56,470.22,463.84,457.38,450.8,444.06,437.26,430.47,423.88,417.44,411.41,405.79,400.71,396.27,392.36,391.22,392.98,395.49,398.41,401.43,400.03,389.25,386.16,384.23,382.42,380.66,378.93,377.08,375.28,373.67,371.8,370.2,368.48,366.87,365.21,363.58,361.99,360.31,358.75,357.37,355.84,354.46,352.9,351.67,350.28,348.84,347.67,346.3,345.11,343.92,342.77,341.43,340.36,339.25,338.08,337.11
21116,23,114.391,34.61,53.6,69.73,605.07,1030.54,967.14,933.25,947.54,972.41,992.97,940.48,924.41,940.09,960.89,936.97,856.47,840.63,852.45,847.79,795.87,801.15,773.8,740.32,707.46,698.57,698.13,700.05,699.63,700.19,698.24,698.72,698.87,697.81,698.24,698.31,696.09,700.01,699.07,700.1,699.36,698.65,699.75,699.79,699.94,699.95,699.77,699.69,699.7,699.77,699.72,700.07,698.88,699.94,699.7,699.63,699.87,699.4,699.86,700.04,699.99,700.01,700.03,700.01,699.98,699.97,700.15,699.88,700.01,699.96,699.92,699.99,699.91,700.02,700.1,700.13,699.85,699.56,700.12,700.1,699.83,699.52,699.32,699.32,700.83,700.77,700.45,679.7,551.95,417.28,286.08,156.41,41.74,25.4,28.74,45.97,36.73,28.05,26.72,26.59,24.83,24.93,25.41,25.5,25.31,25.28,25.17,25.29,25.08,25.03,25.02,25.09,25.31,25.16,24.48,25.13,25.51,25.23,25.21,25.19,25.48,24.54,25.28,25.47,25.23,25.26,25.49,25.03,24.97,-0.38,-0.43,-0.44,-0.41,0.72,12.9,23.99,36.52,49.34,61.89,66.24,73.49,84.38,96.44,102.44,97.73,102.3,112.04,120.95,120.09,139.67,149.27,153.63,157.43,165.66,177.42,190.5,204.16,218.52,233.38,249.49,268.11,311.09,352.33,383.02,406.97,425.78,441.52,454.51,465.5,475.05,483.01,490.35,496.88,503.04,508.87,514.29,519.59,524.36,528.83,532.81,536.55,539.66,542.4,544.78,546.45,547.77,548.69,549.01,548.51,546.69,543.66,539.74,534.86,529.36,523.45,516.64,509.91,502.91,496.19,489.5,482.99,476.62,470.27,463.97,457.51,450.99,444.33,437.61,430.77,424.1,417.7,411.59,405.88,400.78,396.27,392.27,391.1,392.8,395.3,398.21,401.34,399.8,389.06,386.06,384.09,382.35,380.56,378.77,377.05,375.29,373.5,371.79,370.2,368.51,366.77,365.28,363.57,361.94,360.5,358.85,357.35,355.77,354.35,353.07,351.62,350.26,348.91,347.63,346.35,344.98,343.8,342.53,341.45,340.28,339.06,337.98,336.93
21117,23,114.388,34.02,53.1,67.66,598.27,1030.52,968.08,934.35,948.85,973.2,994.05,941.62,924.98,940.51,961.27,937.67,856.85,841.21,852.52,848.03,795.35,800.4,773.31,740.54,707.88,698.12,698.72,700.15,699.73,699.89,699.35,699.17,698.4,699.15,698.39,699.01,695.57,699.84,699.12,699.81,699.84,698.65,699.71,699.66,699.83,699.84,699.97,699.78,699.73,700.06,699.88,699.7,699.4,699.77,699.69,699.89,699.98,699.54,699.77,699.86,699.95,699.98,699.96,699.93,699.96,699.98,699.91,699.98,699.96,699.98,700.04,700.08,699.82,700.07,699.63,700.12,699.92,699.53,699.88,700.22,699.69,699.4,699.25,699.74,700.56,700.26,700.05,680.89,553.41,418.28,286.85,157.01,41.39,26.15,28.56,45.78,37.38,28.04,26.82,25.93,25.49,25.16,25.25,25.32,25.24,25.19,25.09,25.09,25.14,24.94,25.02,24.98,25.17,25.29,24.82,25.08,25.08,25.22,25.09,25.12,25.13,25.09,25.2,25.12,25.11,25.17,25.59,24.71,24.88,-0.47,-0.39,-0.39,-0.45,0.82,13.7,24.93,37.65,50.4,62.86,67.19,74.21,85.17,97.1,103.03,98.22,102.76,112.37,121.22,119.06,137.64,148.78,153.47,156.64,163.84,175.95,189.4,203.31,217.72,232.81,248.41,266.36,305.45,348.48,379.87,404.26,423.92,439.76,453.02,464.21,473.61,482.06,489.45,495.85,501.97,507.9,513.46,518.71,523.64,528.25,532.31,536.0,539.08,541.97,544.21,545.96,547.27,548.05,548.38,547.79,545.99,542.99,539.0,534.14,528.71,522.53,515.99,509.14,502.12,495.37,488.59,482.07,475.61,469.27,462.88,456.41,449.84,443.2,436.3,429.56,422.88,416.35,410.25,404.59,399.48,394.85,390.95,389.81,391.46,394.13,397.13,400.28,398.89,388.26,385.17,383.25,381.5,379.66,377.96,376.17,374.44,372.79,371.02,369.38,367.7,366.1,364.42,362.9,361.27,359.66,358.15,356.64,355.13,353.75,352.35,350.92,349.57,348.26,346.89,345.59,344.35,343.11,341.87,340.75,339.5,338.45,337.34,336.24
21118,23,114.402,34.57,53.48,68.01,600.86,1030.53,968.15,934.94,949.11,973.46,994.7,942.74,926.48,942.15,963.29,940.36,859.1,843.21,854.75,850.68,797.18,802.16,775.03,741.23,708.08,698.51,698.43,700.0,699.64,700.13,697.76,698.7,699.06,697.99,698.39,698.9,695.63,699.96,698.65,700.17,699.58,698.5,699.88,700.1,700.01,699.43,699.95,699.97,699.99,699.93,699.98,699.7,699.91,699.34,699.86,699.43,699.9,699.92,699.62,699.95,699.98,700.01,699.94,699.88,700.03,700.01,699.94,699.95,699.99,699.96,700.06,699.89,700.12,699.88,699.79,700.0,699.6,700.17,700.15,699.72,699.43,699.24,699.62,700.67,700.46,700.18,699.94,681.15,554.25,418.85,287.46,157.72,42.36,25.83,28.63,46.09,36.81,27.97,26.81,26.09,25.19,25.38,25.31,25.09,25.26,25.11,25.24,25.2,25.08,25.06,24.96,25.12,25.16,24.91,25.11,25.22,25.12,25.1,25.21,25.3,24.72,25.27,25.48,25.48,25.17,25.19,25.04,25.22,25.15,-0.46,-0.52,-0.53,-0.57,0.57,12.93,24.05,36.73,49.67,62.01,66.54,73.63,84.58,96.59,102.71,97.83,102.3,112.03,121.06,119.32,138.71,148.82,153.21,156.83,165.02,177.08,189.8,203.23,217.45,232.05,247.97,266.0,306.5,348.96,380.17,404.34,423.88,439.75,452.97,464.04,473.53,481.84,489.27,495.8,501.9,507.71,513.41,518.62,523.54,528.19,532.32,536.0,539.17,541.86,544.13,545.85,547.13,548.08,548.52,548.02,546.13,543.12,539.27,534.37,528.94,522.77,516.25,509.39,502.46,495.61,488.93,482.38,475.93,469.67,463.22,456.91,450.44,443.75,437.03,430.36,423.68,417.25,411.07,405.33,400.23,395.61,391.6,390.28,391.98,394.54,397.46,400.45,399.27,388.67,385.41,383.56,381.73,380.0,378.28,376.56,374.79,373.08,371.35,369.71,368.02,366.43,364.79,363.24,361.66,360.03,358.51,356.93,355.48,353.97,352.61,351.13,349.84,348.49,347.16,345.91,344.61,343.37,342.12,340.99,339.81,338.68,337.58,336.52
21119,23,114.403,35.55,54.55,70.36,610.55,1033.11,970.06,935.89,949.61,973.89,995.04,943.08,926.49,941.94,962.79,939.67,858.88,843.04,854.12,851.37,798.0,803.0,775.3,741.24,708.36,698.38,698.48,700.13,699.54,700.27,698.29,698.67,698.88,697.92,698.42,697.65,696.03,699.64,699.56,699.92,698.93,699.4,698.99,700.07,699.78,699.97,699.51,699.94,699.92,699.64,699.59,700.02,699.53,699.84,699.91,699.37,699.62,699.66,699.54,699.99,699.91,699.93,700.06,699.78,699.98,700.0,700.03,699.87,699.92,699.88,699.95,699.98,700.03,700.06,699.85,700.3,699.85,699.45,699.37,700.4,700.23,699.9,699.68,699.46,699.23,699.07,700.13,681.59,553.68,418.65,287.51,157.69,42.23,25.62,28.5,46.09,36.93,27.94,26.94,25.71,25.33,25.41,25.35,25.15,25.08,25.65,24.4,25.14,25.28,25.33,25.21,25.08,25.14,25.05,25.09,25.12,25.04,24.97,25.31,25.11,25.22,25.17,25.14,25.37,25.37,25.22,25.27,25.31,25.27,-0.43,-0.43,-0.38,-0.45,0.62,12.88,24.08,36.68,49.5,62.11,66.63,73.77,84.68,96.76,102.76,97.99,102.56,112.38,121.42,120.43,140.25,149.71,154.28,158.14,166.22,178.41,191.29,204.88,219.08,233.88,250.19,270.38,314.96,355.19,385.05,408.56,427.0,442.7,455.5,466.21,475.44,483.42,490.57,497.1,503.17,508.9,514.42,519.6,524.4,528.83,532.84,536.6,539.81,542.39,544.72,546.36,547.47,548.22,548.44,547.88,546.11,543.03,539.0,534.08,528.62,522.37,515.74,508.92,502.09,495.25,488.58,482.16,475.67,469.38,463.13,456.75,450.2,443.7,436.91,430.27,423.56,417.24,411.12,405.58,400.51,395.99,392.0,390.86,392.41,395.06,397.97,401.04,399.77,389.07,385.92,384.04,382.26,380.49,378.68,377.05,375.22,373.52,371.88,370.22,368.54,366.9,365.29,363.69,362.14,360.6,358.98,357.46,356.02,354.63,353.15,351.86,350.54,349.17,347.87,346.62,345.36,344.13,342.87,341.73,340.56,339.49,338.37,337.29
21120,23,114.406,34.52,53.28,69.15,606.74,1030.76,967.47,934.25,948.79,973.29,994.15,941.67,925.26,940.44,960.9,936.81,856.12,840.25,851.5,846.69,793.89,799.57,772.95,740.16,708.04,698.54,698.64,699.95,699.69,699.91,697.84,698.53,699.86,697.16,698.24,699.18,695.55,699.98,699.35,700.0,699.82,698.29,699.85,699.93,700.11,699.3,699.94,699.94,699.79,699.47,699.99,699.85,699.27,699.85,699.51,699.36,699.46,699.78,699.66,700.05,700.03,699.99,699.91,700.04,699.88,699.99,700.1,699.59,699.94,699.95,700.01,700.1,699.68,700.0,699.95,699.98,699.89,700.11,699.73,699.57,700.15,700.09,699.78,699.41,699.24,698.99,700.68,680.99,553.04,418.03,286.81,156.97,41.37,25.88,28.78,46.35,36.53,28.05,26.83,25.9,25.43,25.37,25.19,25.28,25.04,25.58,24.8,25.02,25.18,24.97,25.03,25.16,25.36,24.73,24.98,25.06,25.21,25.11,25.21,25.17,25.03,25.18,25.14,25.15,25.4,25.59,24.75,24.89,25.01,-0.46,-0.46,-0.5,-0.51,1.06,13.78,25.02,37.48,50.27,62.69,66.95,73.98,84.91,96.86,102.71,97.91,102.52,112.2,120.97,119.0,138.45,149.17,154.12,158.17,166.71,178.91,192.02,205.9,220.05,234.8,251.32,272.95,318.48,358.32,387.87,410.66,429.31,444.49,457.23,467.83,476.9,484.92,491.92,498.32,504.31,510.03,515.43,520.54,525.36,529.84,533.9,537.53,540.65,543.29,545.47,547.17,548.27,549.22,549.38,548.87,547.41,544.46,540.47,535.62,530.22,524.01,517.51,510.74,503.97,497.15,490.49,484.03,477.7,471.39,465.16,458.7,452.21,445.47,438.74,431.95,425.28,418.9,412.91,407.29,402.2,397.77,393.83,392.74,394.49,397.0,400.04,403.12,401.91,391.26,388.17,386.36,384.52,382.83,380.97,379.23,377.44,375.74,374.06,372.4,370.66,369.03,367.43,365.82,364.22,362.61,361.13,359.6,358.2,356.71,355.27,353.89,352.5,351.21,349.88,348.58,347.4,346.14,344.92,343.76,342.67,341.52,340.42,339.4
21121,23,114.397,34.7,54.1,70.85,612.54,1032.28,967.98,933.73,947.58,972.31,993.33,940.66,924.73,940.14,961.29,937.87,857.28,842.44,854.55,848.55,795.49,800.85,773.44,740.54,708.06,698.1,698.9,699.56,699.46,699.94,697.72,698.5,699.05,697.37,698.56,698.09,696.53,699.56,699.79,699.53,699.17,699.56,698.77,700.05,699.52,700.13,699.95,699.94,700.03,699.88,699.98,699.56,699.88,699.92,699.8,699.7,699.41,699.77,699.88,699.9,699.96,699.89,699.92,700.03,699.96,699.93,699.92,699.93,699.97,699.93,699.84,699.98,699.94,700.05,699.84,699.92,699.98,700.11,700.06,699.75,699.46,699.26,700.01,700.15,699.88,699.64,699.27,680.29,553.56,418.19,286.83,157.07,41.6,25.81,28.89,46.24,36.45,27.95,26.71,26.09,25.41,25.31,25.21,25.36,25.57,25.01,24.86,25.15,25.18,25.05,24.99,25.23,25.05,25.17,24.96,25.18,25.07,25.17,25.36,24.85,25.1,25.28,25.08,25.26,25.41,25.22,25.1,25.17,25.17,-0.46,-0.5,-0.5,-0.46,1.08,14.09,25.04,37.56,50.34,62.82,67.06,74.18,85.22,97.12,103.03,98.26,102.81,112.6,121.59,120.1,139.66,149.94,154.8,158.77,166.97,179.34,192.23,205.84,220.14,235.01,251.55,274.14,320.74,359.42,388.71,411.5,429.49,444.67,457.02,467.64,476.75,484.47,491.41,497.76,503.76,509.41,514.87,520.05,524.92,529.38,533.3,536.91,540.1,542.87,544.89,546.64,547.85,548.69,548.96,548.47,546.88,544.03,540.04,535.25,529.74,523.58,517.12,510.3,503.52,496.81,490.14,483.74,477.36,471.13,464.81,458.48,451.81,445.18,438.49,431.82,425.24,418.91,412.93,407.28,402.28,397.78,393.9,392.71,394.37,396.94,399.89,403.04,401.65,391.01,387.76,385.92,384.18,382.33,380.6,378.81,377.12,375.39,373.7,372.07,370.43,368.69,367.1,365.54,363.94,362.33,360.87,359.3,357.81,356.38,355.03,353.62,352.31,351.0,349.59,348.37,347.19,345.92,344.75,343.57,342.38,341.25,340.19,339.11
21122,23,114.389,34.79,53.74,68.8,601.77,1030.91,968.23,935.17,948.94,972.5,993.17,940.98,924.57,940.1,960.75,937.99,858.71,841.39,852.58,848.33,795.24,800.77,773.85,740.56,708.36,698.71,698.52,700.05,699.62,700.1,698.15,698.24,699.17,697.6,698.35,699.39,695.93,699.86,699.1,700.02,699.92,698.67,699.92,700.01,699.71,700.08,700.02,699.79,700.02,699.87,699.64,699.8,699.88,699.57,699.81,699.56,699.44,699.89,699.69,699.8,699.94,699.92,700.01,699.99,699.93,699.96,699.98,699.91,700.08,699.88,699.97,699.95,699.98,699.93,699.98,699.87,700.15,699.66,699.4,700.13,700.3,700.09,699.75,699.44,699.31,699.01,699.41,681.81,553.81,418.83,287.2,157.56,42.15,25.9,28.76,46.29,36.53,27.81,26.76,25.93,25.33,25.17,25.19,25.19,25.45,24.89,24.94,25.3,25.23,25.02,25.1,25.09,24.95,25.02,25.1,25.09,25.09,25.41,25.33,24.66,25.29,25.36,25.19,25.13,25.4,25.81,24.24,25.18,25.49,-0.41,-0.45,-0.41,-0.52,0.5,12.46,23.7,36.33,49.15,61.66,66.11,73.26,84.13,95.99,101.95,97.27,101.88,111.58,120.67,119.28,138.92,148.52,153.17,157.2,165.37,177.51,190.36,203.94,218.06,232.71,248.69,267.99,311.59,352.91,383.78,407.45,426.74,442.16,455.21,466.1,475.4,483.55,490.59,497.0,503.24,508.89,514.46,519.65,524.52,529.13,533.17,536.86,540.13,542.9,545.12,546.84,548.19,549.05,549.39,548.94,547.44,544.58,540.65,535.81,530.35,524.26,517.71,510.97,504.06,497.22,490.61,484.14,477.7,471.48,465.18,458.76,452.22,445.69,438.93,432.3,425.62,419.26,413.12,407.54,402.45,397.87,393.8,392.67,394.39,396.88,399.84,403.06,401.86,391.14,387.85,386.06,384.32,382.57,380.76,379.07,377.31,375.45,373.85,372.19,370.46,368.9,367.22,365.62,364.02,362.38,360.84,359.35,357.91,356.45,355.0,353.62,352.31,350.83,349.58,348.35,347.05,345.85,344.72,343.39,342.34,341.19,340.06,339.0
21123,23,114.42,34.69,53.99,70.92,614.14,1032.38,969.15,934.65,948.3,972.97,994.06,942.19,925.49,940.73,961.42,938.33,857.14,841.7,852.18,847.99,794.99,800.46,773.87,740.38,708.25,698.32,698.57,699.77,699.45,700.02,697.98,698.58,699.36,696.74,698.41,698.25,696.2,699.65,699.32,700.03,699.2,699.29,699.03,699.99,699.94,700.14,699.88,699.79,699.62,700.01,699.88,699.76,699.78,699.73,699.83,699.84,699.63,699.6,699.99,699.45,699.92,699.89,699.87,700.1,699.91,700.0,699.96,699.97,699.92,699.93,700.04,699.85,700.01,699.83,700.04,699.89,699.8,700.23,699.99,699.55,699.3,699.19,700.36,700.41,700.17,699.91,699.66,680.8,554.05,418.91,287.64,157.87,42.05,25.64,28.85,46.46,36.36,27.85,26.76,25.74,25.51,25.24,25.22,25.27,25.19,25.01,24.99,25.18,25.21,25.1,24.96,25.83,24.2,24.75,25.19,25.22,25.17,25.17,25.48,24.84,25.12,25.04,25.13,25.35,25.31,25.13,25.2,25.19,25.37,-0.41,-0.39,-0.4,-0.44,0.89,14.01,25.21,37.73,50.57,63.03,67.38,74.34,85.29,97.27,103.31,98.42,102.87,112.71,121.88,120.06,139.42,149.84,154.54,158.44,166.77,179.04,192.13,205.91,220.1,235.11,251.74,275.24,321.97,360.45,389.48,412.19,430.18,445.26,457.76,468.19,477.29,484.98,491.87,498.18,504.12,509.83,515.24,520.42,525.34,529.61,533.62,537.15,540.3,542.89,545.09,546.82,548.01,548.72,548.96,548.41,546.8,543.92,539.91,534.9,529.48,523.25,516.74,509.96,503.03,496.27,489.66,483.19,476.81,470.58,464.28,457.82,451.29,444.6,437.84,431.2,424.59,418.17,412.09,406.51,401.34,396.76,392.86,391.59,393.14,395.7,398.56,401.53,400.33,389.54,386.24,384.42,382.72,380.83,379.14,377.29,375.56,373.8,372.14,370.38,368.8,367.09,365.48,363.91,362.29,360.63,359.1,357.56,356.16,354.75,353.27,351.93,350.61,349.2,348.01,346.67,345.39,344.23,343.01,341.73,340.6,339.53,338.47,337.32
21124,23,114.423,34.81,53.94,69.91,607.33,1031.27,968.54,934.02,948.02,972.23,993.4,941.49,924.94,940.31,961.15,937.72,856.67,840.48,851.74,847.53,794.17,800.02,773.33,740.6,708.27,698.58,698.33,700.26,699.78,699.79,699.14,699.07,699.25,698.21,698.41,698.97,695.48,700.07,699.16,700.05,699.71,698.14,699.9,699.69,699.99,699.31,700.07,699.47,699.49,699.83,700.05,699.56,699.83,699.65,699.58,699.59,699.22,699.76,699.84,699.85,699.98,699.86,700.08,700.02,700.01,699.95,699.94,700.0,699.93,699.99,699.97,699.75,699.98,699.92,700.11,699.67,699.43,700.18,699.97,699.61,699.34,699.39,700.25,700.2,699.95,699.6,699.39,680.99,554.29,418.7,287.56,157.74,42.22,25.78,28.72,46.14,36.68,28.05,26.55,26.05,25.4,25.18,25.14,25.27,25.5,25.0,24.96,25.16,24.96,24.95,25.07,25.09,25.0,25.04,25.06,25.16,25.24,25.22,25.07,25.07,25.19,25.21,25.12,25.28,25.3,25.27,24.98,25.16,25.24,-0.47,-0.47,-0.5,-0.51,0.52,12.69,23.83,36.27,49.22,61.78,66.34,73.39,84.27,96.19,102.33,97.4,102.09,111.85,120.85,119.91,139.73,148.9,153.7,157.64,165.87,177.97,190.86,204.52,218.92,233.88,250.0,270.47,315.08,355.7,385.89,409.2,428.01,443.38,456.13,466.9,476.15,484.12,491.12,497.47,503.51,509.28,514.74,519.96,524.77,529.33,533.34,537.13,540.3,543.0,545.29,546.98,548.33,549.16,549.51,549.01,547.47,544.54,540.72,535.87,530.42,524.39,517.77,511.04,504.25,497.39,490.76,484.31,477.97,471.63,465.33,459.04,452.42,445.74,439.06,432.28,425.61,419.24,413.05,407.43,402.38,397.72,393.81,392.6,394.22,396.79,399.67,402.69,401.53,390.74,387.61,385.7,383.93,382.05,380.28,378.6,376.77,375.0,373.35,371.67,369.97,368.33,366.69,365.02,363.49,361.83,360.29,358.8,357.26,355.86,354.43,353.04,351.69,350.35,349.09,347.75,346.56,345.27,344.11,342.98,341.78,340.71,339.58,338.54
21125,23,114.415,35.59,54.39,71.15,612.5,1031.57,967.63,933.26,947.26,971.86,992.43,940.25,923.82,939.06,959.74,936.27,855.22,839.33,850.95,846.23,794.23,799.96,773.02,739.86,708.14,698.44,698.47,700.1,699.66,700.22,697.84,698.71,699.5,696.99,698.41,698.33,695.81,699.8,699.73,700.11,698.89,699.21,699.11,700.05,699.64,700.02,699.61,699.91,700.05,699.69,699.52,699.94,699.11,699.77,699.96,699.33,699.82,699.7,699.68,699.97,700.02,699.99,700.03,699.98,700.02,700.04,699.9,699.91,699.95,699.92,700.01,700.04,699.89,700.09,700.04,699.76,700.15,699.79,699.89,700.31,700.08,699.7,699.44,699.27,699.08,699.67,701.13,680.64,552.72,418.08,287.03,157.23,41.58,25.91,28.82,46.49,36.4,27.86,26.87,25.7,25.56,25.14,25.19,25.21,25.16,25.05,25.05,25.2,25.03,25.04,25.11,24.9,24.96,25.12,24.99,25.18,25.06,24.95,25.29,25.04,25.29,25.08,25.2,25.18,25.67,24.61,24.98,25.31,25.38,-0.56,-0.47,-0.53,-0.59,0.58,12.75,23.74,36.23,49.22,61.68,66.13,73.15,84.1,96.03,102.03,97.34,101.86,111.65,120.63,119.93,139.98,149.38,154.07,158.29,166.65,178.6,191.8,205.46,219.74,234.63,251.3,274.2,320.95,359.77,388.96,411.87,430.17,445.16,457.64,468.08,477.31,484.88,491.82,498.17,504.23,509.96,515.41,520.69,525.58,530.03,534.01,537.52,540.71,543.49,545.75,547.51,548.84,549.65,550.03,549.62,548.25,545.36,541.44,536.69,531.2,525.17,518.63,511.92,505.01,498.32,491.84,485.29,479.02,472.89,466.49,460.17,453.6,447.04,440.23,433.49,426.99,420.47,414.52,408.85,403.81,399.29,395.18,394.18,395.68,398.27,401.05,404.27,402.91,392.15,389.02,387.04,385.32,383.56,381.77,379.92,378.23,376.39,374.78,373.03,371.45,369.72,368.06,366.5,364.95,363.26,361.7,360.24,358.68,357.28,355.87,354.49,353.12,351.83,350.46,349.23,347.92,346.75,345.52,344.37,343.21,342.12,341.07,339.97
21126,23,114.407,34.66,53.66,71.15,613.86,1031.96,967.34,933.51,946.83,971.13,992.38,940.19,923.42,938.78,960.38,936.91,855.61,839.91,851.4,847.48,794.65,800.32,773.37,740.33,707.93,698.6,698.78,699.95,699.47,699.84,698.04,698.54,699.45,697.06,698.43,698.14,696.32,699.7,699.64,699.89,698.89,699.68,698.94,699.99,700.01,700.12,699.88,699.58,699.87,699.76,699.95,699.39,699.88,699.34,699.66,699.69,699.43,699.76,699.87,699.71,699.96,699.97,699.98,700.03,700.01,699.99,700.04,700.04,699.74,699.87,699.96,700.08,699.97,699.99,700.14,699.66,699.34,700.01,699.79,700.03,700.0,699.86,700.19,700.01,699.66,699.44,700.21,681.12,553.96,418.94,287.65,157.77,41.99,25.56,28.88,46.86,36.2,27.98,26.45,25.93,25.53,25.27,25.07,25.36,25.03,25.04,25.12,25.18,25.18,25.2,25.2,25.05,24.79,24.96,25.08,25.2,25.27,25.24,25.2,25.08,25.12,25.05,25.14,25.15,25.67,25.01,25.19,25.12,25.27,-0.39,-0.37,-0.42,-0.44,0.79,12.88,23.96,36.53,49.32,61.95,66.45,73.57,84.36,96.33,102.39,97.37,102.18,111.99,121.05,120.25,140.17,149.74,154.74,158.58,167.16,179.23,192.29,205.82,220.29,235.2,251.58,275.49,322.51,360.99,389.92,412.73,430.66,445.7,458.21,468.62,477.7,485.39,492.12,498.58,504.55,510.34,515.66,520.95,525.72,530.18,534.24,537.75,541.06,543.57,545.84,547.55,548.82,549.5,549.89,549.31,547.88,544.97,541.05,536.19,530.76,524.54,518.03,511.36,504.53,497.81,491.25,484.79,478.52,472.24,465.96,459.55,453.01,446.4,439.63,433.07,426.39,419.99,413.93,408.38,403.32,398.83,394.82,393.71,395.42,397.91,400.88,403.94,402.77,392.02,388.82,386.89,385.16,383.43,381.47,379.77,378.01,376.38,374.55,372.97,371.2,369.59,367.97,366.39,364.77,363.25,361.57,360.17,358.58,357.24,355.79,354.39,353.1,351.83,350.5,349.3,348.01,346.76,345.56,344.4,343.24,342.11,341.13,339.89
21127,23,114.424,35.03,53.84,69.08,604.95,1030.4,967.13,933.37,946.92,971.3,991.98,939.43,923.47,939.12,959.7,935.39,854.74,838.85,850.36,845.45,793.55,799.3,772.66,739.73,707.79,698.5,698.81,699.91,699.85,699.89,697.8,698.2,699.99,696.92,698.15,699.53,696.07,699.85,699.22,699.88,699.91,698.67,700.02,699.72,700.02,700.07,699.29,699.94,699.89,699.59,699.89,699.68,699.83,699.71,699.41,699.69,699.79,699.48,699.95,699.91,699.95,700.04,699.85,699.95,700.01,699.99,699.95,699.92,699.98,699.96,699.99,700.02,699.96,699.94,700.01,699.91,699.95,699.97,699.94,700.15,699.93,699.75,700.4,700.26,699.93,699.59,699.41,680.15,552.64,417.4,286.06,156.39,41.76,25.7,28.88,46.24,36.33,27.74,26.48,26.12,25.39,25.17,25.27,25.25,25.22,25.23,25.09,25.12,25.02,25.21,25.12,25.08,24.92,25.09,24.95,25.2,25.08,25.27,25.17,25.09,25.21,25.0,25.18,25.26,25.42,24.71,25.19,25.18,25.3,-0.37,-0.42,-0.36,-0.5,1.14,13.86,24.8,37.26,50.02,62.48,66.73,73.84,84.66,96.71,102.59,97.77,102.31,112.01,120.83,119.29,138.99,149.23,154.11,158.28,166.76,179.11,192.25,205.93,220.31,235.26,251.63,274.69,321.2,360.41,389.88,412.22,430.77,445.7,458.18,468.64,477.68,485.52,492.39,498.64,504.68,510.34,515.78,521.01,525.58,530.2,534.19,537.86,541.02,543.79,545.69,547.6,548.62,549.45,549.66,549.08,547.64,544.88,540.86,536.06,530.58,524.52,517.93,511.23,504.43,497.69,491.2,484.72,478.36,472.14,465.81,459.35,452.75,446.09,439.22,432.47,425.87,419.5,413.45,407.89,402.88,398.42,394.58,393.43,395.29,397.82,400.88,403.94,402.61,391.87,388.86,386.93,385.19,383.49,381.66,379.9,378.15,376.45,374.71,373.05,371.42,369.68,368.13,366.53,364.92,363.31,361.75,360.29,358.72,357.4,355.97,354.57,353.3,351.97,350.7,349.35,348.11,346.97,345.7,344.54,343.42,342.25,341.27,340.08
21128,23,114.436,34.66,53.73,67.73,597.34,1029.02,965.66,932.21,946.04,970.24,991.04,938.85,922.36,938.25,958.25,934.21,853.54,837.69,848.87,844.27,791.94,797.71,771.95,739.47,707.8,697.17,699.8,699.84,700.27,697.99,698.69,699.83,697.67,700.24,696.28,698.8,697.45,698.66,699.43,699.18,698.88,699.63,699.29,699.95,699.47,699.9,699.81,699.9,699.45,699.93,699.74,699.66,699.93,699.79,699.8,699.47,699.79,699.87,699.49,700.01,699.92,699.97,699.95,699.98,699.83,699.92,699.97,700.01,700.04,699.86,699.97,699.98,699.9,700.12,699.6,699.84,700.23,699.91,699.62,699.22,698.99,699.78,700.84,700.72,700.41,700.19,699.91,680.72,553.39,418.23,286.72,156.81,41.46,26.22,28.65,46.32,36.7,27.88,26.68,25.99,25.57,25.09,25.22,25.3,25.07,25.12,25.14,25.12,25.01,25.08,25.12,25.06,25.2,24.99,25.03,24.97,25.03,25.24,25.1,25.19,25.24,25.09,25.21,25.2,25.07,24.99,25.32,25.13,25.21,-0.52,-0.47,-0.43,-0.56,0.95,14.16,25.32,38.0,50.7,62.96,67.12,74.19,84.95,96.87,102.62,97.81,102.38,112.01,120.71,118.44,136.39,148.49,153.6,157.8,165.73,178.99,191.77,205.61,219.74,235.41,251.52,273.83,320.14,359.67,389.44,411.77,430.63,445.32,458.03,468.53,477.53,485.36,492.4,498.68,504.68,510.5,515.85,521.08,525.79,530.39,534.32,537.95,541.14,543.76,546.02,547.72,548.88,549.61,549.86,549.31,547.86,545.18,541.14,536.42,530.98,524.74,518.3,511.45,504.68,497.84,491.25,484.88,478.46,472.22,465.89,459.48,452.93,446.13,439.42,432.69,426.11,419.68,413.51,408.08,402.95,398.62,394.6,393.56,395.35,397.93,401.04,404.15,402.97,392.37,389.16,387.32,385.54,383.68,381.94,380.12,378.41,376.69,375.0,373.34,371.56,369.93,368.31,366.64,365.12,363.52,361.9,360.46,358.91,357.51,356.19,354.68,353.35,352.04,350.7,349.51,348.26,346.93,345.82,344.57,343.43,342.4,341.26,340.14
21129,23,114.441,36.22,55.44,71.04,609.81,1029.99,964.7,930.74,944.98,969.54,990.44,938.82,923.41,937.68,958.22,933.25,853.41,838.43,849.73,844.22,792.81,798.57,771.83,739.38,707.26,698.25,698.62,699.84,699.65,699.9,697.99,698.21,700.3,696.27,698.19,699.43,695.46,699.91,699.25,699.94,699.72,698.43,699.72,699.78,700.1,700.01,699.64,699.93,699.86,699.72,699.77,699.49,699.96,699.64,699.6,699.9,699.91,699.68,699.76,699.97,700.02,699.95,699.87,699.98,699.98,699.95,699.97,699.84,700.0,699.77,699.85,699.91,700.08,699.96,699.75,699.99,699.91,700.04,699.75,699.87,700.21,699.95,699.58,699.32,699.52,700.47,700.29,679.83,551.58,416.47,285.48,155.8,41.15,25.68,28.7,45.88,36.86,27.74,26.93,25.97,25.45,25.18,25.3,25.05,25.01,25.28,25.22,25.19,24.96,25.23,24.92,25.05,24.87,25.07,25.1,25.23,25.54,24.8,25.16,25.07,25.23,25.21,25.33,25.58,24.46,25.02,25.32,25.4,25.06,-0.53,-0.45,-0.57,-0.5,0.73,13.22,24.56,37.02,49.86,62.18,66.48,73.57,84.53,96.41,101.92,97.15,101.86,111.69,120.35,119.0,138.63,148.74,153.77,157.74,166.18,178.83,191.91,205.84,220.23,235.35,252.29,278.32,325.74,363.89,392.48,414.4,432.26,447.01,459.22,469.52,478.38,485.93,492.9,499.24,505.24,510.96,516.18,521.51,526.28,530.62,534.68,538.13,541.48,544.09,546.38,548.18,549.31,550.16,550.39,549.95,548.75,546.11,542.33,537.44,532.09,525.98,519.52,512.77,506.14,499.35,492.85,486.44,480.07,473.84,467.53,461.09,454.66,447.97,441.19,434.55,427.86,421.48,415.47,409.88,404.84,400.29,396.27,395.26,396.92,399.5,402.43,405.49,404.11,393.32,390.17,388.27,386.53,384.77,382.9,381.1,379.48,377.63,375.96,374.34,372.55,370.83,369.32,367.64,366.06,364.49,362.88,361.41,359.94,358.53,357.01,355.66,354.41,352.94,351.6,350.49,349.24,347.87,346.75,345.66,344.42,343.4,342.35,341.22
21130,23,114.442,34.69,53.65,70.1,607.19,1029.22,963.87,929.91,944.06,968.61,989.38,937.41,921.69,937.15,957.41,932.67,852.4,837.05,848.56,842.96,791.59,797.56,771.38,739.23,707.5,697.6,699.75,699.84,699.98,699.55,698.44,697.89,700.69,696.31,697.64,699.5,696.36,699.63,699.29,699.74,699.91,698.22,700.0,699.92,699.97,700.01,699.79,699.89,699.76,700.02,699.69,699.91,699.83,699.58,699.77,699.99,700.02,699.21,699.92,699.69,699.96,699.97,700.02,700.07,699.97,700.0,699.95,699.98,699.99,699.9,700.19,699.88,699.4,699.81,699.91,699.45,700.08,699.87,700.02,700.12,699.62,699.51,700.01,700.44,700.12,699.77,699.64,680.01,552.06,416.69,285.5,155.84,41.08,25.8,28.73,45.93,37.08,27.37,26.91,26.15,25.43,25.28,25.33,25.35,25.22,25.09,25.24,25.14,24.94,25.18,24.95,25.1,24.95,25.01,25.09,25.14,25.78,24.52,25.14,25.28,25.14,25.04,25.19,25.55,24.99,25.14,25.28,25.29,25.21,-0.38,-0.42,-0.54,-0.31,0.98,14.19,25.36,37.97,50.55,62.95,66.98,74.12,85.08,96.97,102.63,97.83,102.37,111.98,120.8,119.24,138.27,149.18,154.23,158.35,166.62,179.45,192.53,206.45,221.13,236.1,253.22,281.35,328.7,366.26,394.42,416.09,433.8,448.12,460.34,470.48,479.2,486.64,493.44,499.69,505.6,511.33,516.62,521.77,526.48,530.9,534.87,538.3,541.37,543.93,545.87,547.62,548.73,549.37,549.65,548.86,547.42,544.99,540.91,536.13,530.64,524.58,517.88,511.19,504.37,497.7,490.98,484.62,478.39,472.16,465.88,459.47,453.04,446.43,439.44,432.81,426.45,419.92,414.0,408.51,403.33,399.07,395.08,393.84,395.77,398.28,401.09,404.41,402.76,392.17,389.2,387.35,385.6,383.52,381.78,380.05,378.32,376.5,374.86,373.24,371.45,369.73,368.24,366.59,364.93,363.3,361.83,360.31,358.71,357.33,355.92,354.53,353.2,351.93,350.67,349.42,348.11,347.01,345.75,344.53,343.44,342.36,341.26,340.17
21131,23,114.453,35.5,54.97,71.12,609.52,1030.48,965.23,930.6,943.82,967.86,988.64,937.55,921.44,935.35,955.61,931.84,851.51,835.65,846.82,842.47,790.37,796.92,771.18,739.07,707.6,698.08,699.44,699.95,699.77,699.95,697.87,698.0,700.26,696.35,697.77,699.57,695.88,699.84,699.24,699.87,699.59,698.11,699.82,699.77,700.12,699.25,700.08,699.82,699.36,699.92,699.74,699.84,699.68,699.72,699.72,699.63,699.4,699.84,699.79,699.93,699.97,699.94,699.96,699.98,699.86,700.0,699.86,699.94,700.01,699.97,699.45,699.86,700.04,700.01,700.38,699.92,699.47,700.09,699.9,699.93,700.26,700.13,699.69,699.4,699.27,699.01,699.66,681.28,553.29,418.09,286.62,156.94,41.12,25.96,28.66,46.56,36.43,27.88,26.83,25.9,25.27,25.1,25.27,25.17,25.35,25.06,25.09,25.02,24.85,25.35,24.38,25.0,25.09,25.1,24.97,25.3,25.01,25.17,25.07,25.11,25.29,25.08,25.0,25.27,25.17,25.19,25.28,25.26,25.08,-0.33,-0.45,-0.48,-0.57,0.53,13.04,24.01,36.63,49.3,61.82,66.42,73.38,84.34,96.1,102.02,97.4,101.77,111.63,120.51,119.24,139.35,149.18,154.19,158.48,166.91,179.6,192.68,206.51,221.28,236.11,252.92,279.68,327.3,365.22,393.61,415.48,433.51,448.11,460.28,470.56,479.29,486.82,493.71,500.04,505.82,511.53,516.91,522.16,527.04,531.44,535.53,538.93,542.13,544.83,546.96,548.72,550.05,550.82,550.92,550.55,549.1,546.68,542.99,538.12,532.78,526.59,520.21,513.41,506.6,499.94,493.42,486.95,480.65,474.38,468.04,461.62,455.24,448.46,441.75,435.19,428.57,422.15,416.23,410.61,405.47,401.05,397.05,395.98,397.61,400.13,403.28,406.04,404.81,394.11,390.92,389.0,387.17,385.4,383.56,381.81,380.16,378.34,376.56,374.82,373.34,371.6,369.92,368.28,366.56,364.96,363.35,361.88,360.48,359.09,357.61,356.05,354.75,353.54,352.16,350.89,349.6,348.58,347.31,346.15,344.84,343.8,342.71,341.67
21132,23,114.455,34.53,53.43,68.65,602.42,1028.19,962.56,929.28,943.06,967.13,989.63,937.39,920.95,936.19,956.94,932.55,852.44,837.12,848.61,843.83,792.34,798.27,771.73,739.33,707.78,698.48,698.98,699.67,699.6,699.61,698.23,698.08,700.28,696.39,697.89,699.51,696.4,699.93,699.27,699.65,699.76,698.59,699.68,699.67,699.73,699.69,700.04,699.9,699.74,699.73,699.76,699.54,699.85,699.38,699.72,699.79,699.98,699.78,699.95,699.96,700.09,700.01,699.97,699.97,700.05,700.08,700.0,699.97,699.93,700.04,699.96,699.96,700.13,699.69,700.13,699.69,699.99,700.08,699.78,699.89,700.36,700.07,699.77,699.62,699.13,699.44,700.48,680.81,552.34,417.52,285.89,156.19,41.78,25.57,28.71,46.69,36.04,28.03,26.73,25.99,25.43,25.08,25.83,24.4,25.08,25.45,25.19,25.16,24.94,25.25,24.9,25.18,25.16,25.15,25.1,25.61,24.7,24.64,25.3,25.08,25.18,25.17,26.29,23.94,25.11,25.42,25.28,25.17,25.27,-0.41,-0.51,-0.47,-0.51,0.78,13.38,24.3,36.85,49.53,61.89,66.53,73.38,84.28,96.23,101.96,97.23,101.86,111.52,120.39,118.81,138.26,148.91,153.63,157.93,166.54,178.88,192.01,205.54,219.9,234.96,251.34,275.65,322.47,361.51,390.75,413.08,431.38,446.33,458.71,469.08,478.0,485.8,492.52,499.01,504.98,510.56,516.14,521.23,525.99,530.41,534.54,538.03,541.35,543.97,545.94,547.77,549.26,550.05,550.24,549.8,548.6,546.12,542.18,537.47,532.09,526.02,519.39,512.69,505.98,499.19,492.57,486.24,479.88,473.65,467.4,461.09,454.45,447.99,441.19,434.35,427.72,421.39,415.35,409.59,404.6,400.1,396.03,394.85,396.53,399.23,401.97,405.1,403.83,393.04,389.93,388.08,386.22,384.51,382.87,380.91,379.15,377.42,375.8,374.01,372.29,370.67,369.13,367.38,365.74,364.17,362.61,361.22,359.72,358.34,356.8,355.45,354.1,352.79,351.41,350.23,348.89,347.65,346.45,345.38,344.17,343.02,341.87,340.88
21133,23,114.458,34.44,53.22,68.65,600.91,1028.32,962.28,929.09,943.34,969.19,988.99,935.95,919.9,935.26,955.49,931.21,851.21,835.58,846.7,841.44,789.88,796.46,770.99,738.8,707.78,697.96,699.63,699.2,699.16,699.33,698.63,698.3,700.51,696.55,697.39,698.91,696.7,699.24,699.62,699.63,699.63,699.05,699.59,700.03,699.35,699.9,700.16,699.63,700.06,699.97,700.05,699.92,699.16,699.76,699.83,699.48,699.49,699.89,699.6,699.96,699.98,699.92,699.97,700.0,699.98,699.95,700.0,699.98,700.0,699.98,699.9,699.94,699.95,700.11,699.99,699.99,699.78,700.25,699.84,699.46,699.46,700.36,700.23,699.95,699.59,699.46,699.36,679.99,552.96,417.42,286.03,156.09,41.52,25.85,28.94,46.02,36.23,28.03,26.94,25.84,25.5,25.36,25.23,25.24,25.3,25.11,25.18,25.09,25.03,25.05,25.11,24.93,25.03,25.16,25.08,25.01,24.97,25.1,25.03,25.2,25.06,25.28,25.21,25.0,25.11,25.29,25.19,25.26,25.47,-0.45,-0.45,-0.4,-0.46,0.67,12.89,23.9,36.36,49.02,61.71,65.98,72.88,83.95,95.64,101.63,96.9,101.45,111.09,119.82,118.74,138.4,148.66,153.52,157.91,166.37,178.91,191.76,205.25,219.83,235.06,251.77,276.78,323.82,362.64,391.83,413.79,432.33,446.87,459.48,469.73,478.5,486.31,492.89,499.13,505.19,510.82,516.2,521.38,526.16,530.54,534.67,538.28,541.36,544.05,546.31,547.95,549.08,549.97,550.13,549.67,548.33,545.7,541.95,537.11,531.7,525.49,519.03,512.33,505.55,498.87,492.26,485.91,479.62,473.43,467.12,460.79,454.34,447.72,440.95,434.31,427.72,421.33,415.31,409.76,404.74,400.19,396.44,395.17,396.79,399.59,402.47,405.36,403.95,393.49,390.32,388.43,386.59,384.87,383.14,381.38,379.56,377.72,376.12,374.47,372.81,371.07,369.49,367.91,366.2,364.53,363.04,361.59,360.13,358.65,357.19,355.96,354.55,353.19,351.84,350.63,349.4,348.17,346.95,345.74,344.64,343.68,342.51,341.38
21134,23,114.438,34.84,53.95,68.81,599.16,1027.4,961.69,928.24,943.28,967.1,987.47,935.05,919.3,934.88,955.59,930.96,850.84,835.91,847.64,842.52,790.82,796.91,771.25,738.8,707.53,698.07,699.61,699.44,699.1,699.41,698.78,698.12,700.64,696.95,697.22,698.79,697.19,699.14,699.26,699.32,699.33,699.4,699.41,700.2,699.8,699.91,699.98,699.8,699.92,699.89,699.53,699.68,699.75,699.75,699.57,699.79,699.57,699.62,699.92,700.08,699.98,699.99,699.95,700.01,699.96,700.14,699.88,699.93,700.03,699.96,699.97,699.96,700.03,699.83,699.99,700.04,700.04,699.76,700.17,700.05,699.71,699.49,699.4,700.56,700.39,700.2,699.91,680.28,552.48,417.55,286.07,156.07,41.63,25.8,28.6,45.42,37.17,28.03,26.88,25.84,25.28,25.79,24.71,25.21,25.5,25.2,25.19,24.97,25.08,25.05,25.11,25.03,25.14,25.05,25.13,25.22,25.12,25.15,25.12,25.14,25.2,25.36,24.97,25.3,25.42,25.19,25.05,25.03,25.3,-0.37,-0.31,-0.4,-0.38,0.82,13.84,24.94,37.21,49.9,62.12,66.46,73.54,84.38,96.26,102.13,97.08,101.74,111.5,120.25,118.45,137.75,148.43,153.36,157.5,165.88,178.5,191.4,205.12,219.51,235.0,251.6,276.38,323.37,362.25,391.53,413.37,432.01,446.61,459.08,469.47,478.35,486.02,492.72,499.1,505.11,510.79,516.21,521.35,526.03,530.48,534.64,538.15,541.16,543.96,546.09,547.69,549.09,549.91,550.17,549.56,548.35,545.96,542.16,537.54,532.1,526.17,519.77,513.0,506.21,499.57,493.04,486.55,480.24,474.14,467.74,461.29,454.84,448.32,441.48,434.73,428.2,421.91,415.75,410.06,405.04,400.56,396.4,395.15,396.88,399.47,402.48,405.42,404.16,393.55,390.13,388.17,386.58,384.81,383.1,381.3,379.38,377.67,376.05,374.42,372.56,370.81,369.27,367.75,366.04,364.51,362.85,361.36,359.92,358.47,357.13,355.58,354.24,353.0,351.84,350.42,349.18,347.94,346.86,345.67,344.55,343.35,342.26,341.22
21135,23,114.439,33.69,52.02,66.71,594.65,1025.92,960.7,928.21,941.86,965.17,985.58,933.49,917.83,933.16,953.2,928.76,848.99,833.82,845.35,839.71,788.78,795.26,769.81,738.13,707.5,697.46,699.89,699.64,699.37,699.49,698.71,698.3,700.62,697.3,696.61,698.33,698.26,698.24,699.8,699.74,698.39,699.91,700.07,699.73,699.93,699.94,699.99,699.69,699.7,699.8,699.81,699.7,699.53,699.93,699.89,700.08,700.14,699.83,699.78,700.08,699.96,699.87,699.94,699.98,700.02,700.04,700.11,699.92,700.05,699.92,699.93,699.96,699.97,699.99,700.05,700.06,699.94,699.96,700.1,699.76,699.62,700.11,699.93,699.66,699.71,700.33,700.1,679.99,551.71,417.03,285.38,155.44,41.11,26.2,28.76,46.34,36.32,27.79,26.67,25.89,25.52,25.27,25.19,25.25,25.18,25.11,25.05,25.07,25.04,25.03,25.21,25.1,25.09,25.0,25.12,25.14,25.01,25.05,25.08,25.18,25.29,25.05,25.0,25.14,25.06,25.1,25.04,25.17,25.13,-0.59,-0.39,-0.29,-0.41,0.55,12.35,23.23,35.76,48.49,60.94,65.24,72.49,83.28,95.28,100.92,96.18,100.89,110.67,119.17,117.8,137.48,147.78,153.03,157.46,165.77,178.55,191.33,204.82,219.39,234.29,250.69,274.52,321.24,360.84,390.45,412.86,431.5,446.24,458.73,469.09,478.0,485.97,492.66,498.96,504.86,510.64,516.09,521.07,525.86,530.36,534.38,537.98,541.24,543.84,546.17,548.05,549.39,550.2,550.52,550.2,548.89,546.44,542.69,538.08,532.67,526.73,520.27,513.48,506.82,500.22,493.49,486.96,480.83,474.62,468.24,461.88,455.42,448.78,441.97,435.19,428.77,422.37,416.24,410.59,405.69,401.09,396.91,395.9,397.69,400.23,403.15,406.24,404.93,394.31,391.16,389.25,387.49,385.53,383.84,382.13,380.34,378.58,376.88,375.15,373.55,371.89,370.24,368.57,366.85,365.32,363.79,362.31,360.77,359.44,357.85,356.58,355.3,354.02,352.76,351.44,350.19,348.99,347.68,346.46,345.33,344.2,343.2,342.01
21136,23,114.541,33.74,51.78,66.01,591.15,1024.8,959.57,927.0,940.9,965.16,985.31,933.08,917.77,932.9,953.52,928.34,848.59,833.72,844.87,838.58,788.6,795.11,769.33,737.59,706.31,697.18,700.01,699.64,700.43,698.75,698.49,700.11,697.38,700.83,695.6,697.17,699.39,697.47,699.93,699.77,699.22,699.94,700.13,699.65,699.84,700.21,699.72,699.83,699.87,699.69,699.62,699.81,699.72,699.55,699.89,699.37,699.37,699.87,699.91,699.85,699.92,699.92,699.98,699.89,699.91,699.9,699.97,699.97,700.12,699.95,699.93,699.99,700.02,700.07,699.99,699.83,699.59,700.22,699.9,699.46,699.6,700.37,700.12,699.72,699.58,699.34,699.0,679.17,551.47,416.44,284.84,154.83,40.24,26.07,28.55,46.25,36.57,27.93,26.88,25.98,25.79,24.65,25.33,25.51,25.36,24.99,25.51,24.98,25.19,25.01,25.03,25.01,25.04,25.16,24.85,25.05,25.35,25.43,25.26,25.06,25.43,24.72,25.08,25.32,25.25,25.29,25.42,25.08,25.11,-0.47,-0.43,-0.34,-0.47,0.52,12.43,23.44,35.93,48.7,60.9,65.45,72.54,83.33,95.34,100.89,96.34,100.91,110.73,119.26,117.71,137.31,147.7,152.72,157.3,165.66,178.46,191.5,205.11,219.19,234.69,250.73,273.75,321.73,360.7,390.34,412.68,430.94,445.87,458.44,468.72,477.87,485.72,492.43,498.7,504.81,510.55,515.8,521.14,525.93,530.39,534.48,538.27,541.54,544.27,546.55,548.22,549.52,550.22,550.66,550.42,549.19,546.72,543.08,538.34,533.05,527.04,520.37,513.62,506.69,499.85,493.07,486.51,480.11,473.75,467.34,460.86,454.29,447.62,440.87,433.92,427.26,420.79,414.63,408.77,403.62,398.99,394.94,393.67,395.25,397.73,400.69,403.78,402.17,391.51,388.39,386.45,384.62,382.75,380.77,379.0,377.16,375.46,373.65,371.88,369.98,368.28,366.7,364.94,363.36,361.49,359.97,358.27,356.91,355.25,353.8,352.35,350.76,349.32,348.01,346.76,345.38,344.08,342.6,341.46,340.21,338.95,337.89,336.71
21137,23,114.974,34.1,52.42,65.54,588.61,1023.43,956.36,922.85,936.89,961.42,981.97,929.93,915.04,931.52,952.98,928.4,849.21,834.98,846.62,841.01,790.08,795.98,768.81,738.39,706.8,697.18,699.77,699.8,699.51,698.49,698.95,700.12,697.46,700.01,698.0,696.4,697.33,699.13,698.23,700.05,699.96,698.52,699.93,699.87,699.98,699.53,700.02,699.92,699.76,699.93,700.01,699.48,699.73,699.67,699.72,699.52,699.95,699.78,699.87,700.1,700.01,700.07,700.11,700.1,699.95,700.02,700.01,700.06,700.06,700.1,699.86,699.96,700.08,699.84,699.96,699.81,700.09,699.95,700.06,700.09,699.77,699.44,700.15,700.35,699.92,699.65,699.38,679.81,552.09,416.83,285.33,155.78,40.81,25.8,27.93,45.67,37.59,28.16,26.96,25.95,25.46,25.31,25.23,25.11,25.21,25.7,24.97,24.89,25.01,25.1,25.03,24.95,25.29,24.53,25.1,25.01,25.13,25.01,25.28,25.51,24.64,25.17,25.14,25.26,25.03,25.13,25.33,25.02,25.16,-0.52,-0.51,-0.48,-0.58,0.97,13.75,24.47,36.6,49.21,61.62,66.14,73.29,84.43,96.64,102.46,97.84,102.83,112.7,121.56,119.13,135.43,147.0,152.01,156.33,163.64,176.72,189.35,202.2,215.68,229.64,244.4,259.07,279.43,321.72,359.66,389.05,411.33,429.96,445.05,457.81,468.39,477.78,486.31,493.92,500.72,506.88,512.84,518.3,523.02,527.43,531.29,534.82,537.6,539.71,541.46,542.43,542.6,541.74,540.12,537.33,533.43,528.42,522.35,515.69,508.32,500.46,492.4,484.23,476.45,468.72,461.13,453.9,446.85,439.75,432.43,425.15,417.87,410.46,403.12,395.87,389.21,383.11,377.57,372.67,368.43,364.47,361.21,360.26,361.56,363.35,365.27,367.1,364.75,353.82,350.66,348.66,346.86,344.86,342.9,340.99,339.06,337.21,335.41,333.76,331.95,330.1,328.49,326.67,325.1,323.39,321.88,320.23,318.7,317.07,315.5,314.22,312.7,311.33,310.12,308.67,307.31,306.13,304.84,303.7,302.61,301.6,300.32,299.16
21138,23,114.984,33.71,52.05,67.08,586.91,1023.04,955.87,922.61,936.9,961.88,982.75,931.1,916.48,932.83,954.63,930.91,852.65,837.56,849.33,844.12,792.29,797.36,770.91,739.16,706.91,697.37,699.77,699.72,700.08,699.6,698.97,698.3,700.29,697.07,700.04,695.91,697.88,698.87,697.18,699.87,699.76,698.92,700.06,700.01,699.22,699.8,700.12,699.84,699.68,700.01,699.87,699.36,699.97,699.47,699.86,699.73,699.38,699.58,699.76,699.96,699.97,699.98,700.13,699.84,699.89,700.04,699.91,700.09,699.86,699.86,699.98,700.04,699.92,700.05,699.97,700.1,699.88,699.46,699.38,700.26,700.2,699.72,699.53,699.3,699.13,699.13,701.34,680.1,551.0,416.57,285.08,155.36,40.93,25.87,28.76,46.12,36.58,27.93,26.9,25.87,25.45,25.32,25.19,25.36,25.29,25.18,25.13,25.07,25.29,24.98,25.07,25.37,24.57,25.08,25.17,25.1,25.01,25.03,25.09,25.14,25.2,25.1,25.15,25.37,25.27,25.2,24.9,25.22,25.45,-0.39,-0.46,-0.58,-0.56,0.93,12.93,23.44,35.88,48.7,61.15,65.73,73.18,84.64,97.05,103.42,98.94,104.21,114.19,123.32,120.87,137.73,150.02,154.88,158.25,165.12,178.05,190.61,203.35,216.59,229.96,244.1,258.58,273.36,299.58,340.93,373.77,398.92,419.53,436.24,450.68,462.52,472.85,482.06,490.03,497.32,503.97,510.11,515.64,520.6,525.21,529.1,532.49,535.36,537.48,538.94,539.46,538.98,537.42,534.89,531.12,525.97,520.02,513.18,505.4,497.27,488.89,480.19,471.88,463.78,455.98,448.65,441.19,433.88,426.46,419.08,411.7,404.11,396.89,389.8,382.98,376.9,371.6,366.99,362.82,359.38,355.97,352.98,352.09,353.3,354.96,356.56,358.02,355.39,344.44,341.25,339.17,337.32,335.28,333.55,331.68,329.95,328.13,326.11,324.34,322.55,320.76,319.12,317.32,315.78,314.29,312.67,311.24,309.61,308.17,306.75,305.35,303.98,302.75,301.39,300.25,299.09,297.92,296.78,295.61,294.54,293.4,292.35,291.39
21139,23,114.94,34.5,53.2,66.94,590.64,1023.98,956.41,923.01,937.97,962.9,983.61,931.88,917.61,934.17,956.26,931.93,852.93,838.65,851.04,846.16,795.24,799.29,772.13,739.91,707.67,698.27,698.92,699.86,699.56,699.77,698.04,698.34,700.02,696.8,699.35,696.97,699.02,696.79,698.57,699.32,699.76,698.97,699.95,699.73,699.96,699.98,699.96,699.83,699.93,699.82,699.84,699.4,699.8,699.47,699.55,699.83,699.76,699.34,699.96,700.0,699.99,700.01,699.97,699.89,699.93,699.95,699.97,699.99,699.93,699.87,700.12,699.81,699.91,699.91,700.02,699.91,700.07,699.92,700.13,699.94,699.58,699.82,700.35,700.07,699.83,699.47,699.39,679.21,551.33,416.09,284.81,154.93,40.49,25.89,29.07,46.36,36.13,27.4,27.03,25.9,25.47,25.24,25.05,25.3,25.39,25.27,25.17,25.01,25.01,24.97,25.02,25.09,25.0,25.02,25.0,25.08,25.53,24.61,24.91,25.45,25.03,25.19,25.22,25.25,24.98,25.32,25.19,25.25,25.33,-0.61,-0.49,-0.44,-0.45,0.74,12.86,23.64,36.09,48.78,61.42,66.28,73.73,85.24,97.65,103.89,99.69,105.03,115.29,124.58,122.3,139.74,151.41,156.34,159.87,166.87,179.4,191.93,204.84,218.14,231.22,245.37,259.69,274.43,296.98,337.58,370.73,396.21,417.48,434.22,448.81,460.85,471.33,480.68,489.06,496.27,502.98,509.22,514.9,519.92,524.44,528.31,531.55,534.05,535.92,537.01,537.24,536.44,534.41,531.25,526.83,521.2,514.59,507.09,498.9,490.55,481.84,473.32,464.93,457.01,449.22,441.67,434.26,426.86,419.42,411.91,404.31,396.85,389.61,382.81,376.62,371.05,366.16,361.81,357.94,354.71,351.81,349.08,348.3,349.41,350.9,352.4,353.67,350.99,339.93,336.61,334.66,332.92,331.0,329.06,327.23,325.41,323.52,321.82,320.07,318.38,316.73,315.05,313.52,311.95,310.42,308.87,307.3,305.9,304.53,303.04,301.64,300.35,299.11,297.88,296.71,295.49,294.34,293.3,292.28,291.09,290.13,288.96,287.99
21140,23,114.929,34.07,52.39,67.98,598.6,1025.93,957.79,923.78,938.55,964.93,985.18,933.39,918.74,935.48,957.37,933.38,854.28,839.79,852.3,847.04,795.56,800.24,772.97,739.77,707.37,698.33,699.0,699.59,699.57,699.97,698.01,698.43,699.14,697.64,699.04,698.29,698.63,695.65,699.98,699.0,699.6,699.7,698.87,700.02,699.94,699.84,699.78,699.97,699.77,699.9,699.8,699.84,699.72,699.77,699.86,699.68,699.61,699.85,699.9,700.0,700.01,699.97,700.02,699.94,700.02,699.91,700.05,700.06,699.9,699.98,699.99,699.8,700.17,699.87,699.6,699.25,700.22,700.05,699.74,699.36,699.2,699.99,700.03,699.68,699.48,699.24,699.86,679.6,550.87,416.1,285.04,155.06,40.14,25.66,28.77,46.56,36.52,27.98,26.67,26.02,25.37,25.23,25.21,25.33,25.18,25.19,25.1,25.04,25.28,24.5,25.14,25.23,25.09,25.18,25.15,25.11,24.92,25.17,25.22,25.24,25.1,25.1,25.35,25.29,25.24,25.22,24.98,25.29,25.43,-0.6,-0.48,-0.37,-0.58,0.65,12.47,23.15,35.66,48.72,61.46,66.24,73.85,85.35,97.8,104.16,100.18,105.39,115.86,125.15,122.93,142.0,152.86,157.16,160.58,168.0,180.64,193.11,205.81,219.04,232.53,246.71,260.71,275.73,298.79,339.41,371.93,397.56,418.52,435.67,450.05,462.2,472.4,481.64,489.99,497.35,504.03,510.19,515.78,520.77,525.21,528.89,532.11,534.72,536.38,537.39,537.38,536.27,534.12,530.64,526.05,520.28,513.45,505.8,497.54,489.16,480.44,471.88,463.5,455.39,447.77,440.25,432.88,425.42,418.01,410.45,402.88,395.33,388.23,381.53,375.39,369.93,365.18,360.93,357.27,354.1,351.25,348.54,347.74,348.74,350.14,351.57,352.88,350.1,339.07,335.8,333.89,332.0,330.11,328.31,326.46,324.71,322.89,321.07,319.45,317.74,316.08,314.46,312.79,311.35,309.69,308.25,306.78,305.4,303.94,302.68,301.29,299.97,298.76,297.5,296.33,295.19,294.05,292.85,291.73,290.58,289.52,288.56,287.55
21141,23,114.899,34.13,52.61,68.61,597.52,1025.24,957.88,924.82,939.65,964.5,985.0,932.97,918.51,935.27,957.16,932.81,854.01,839.82,852.52,847.0,796.26,800.45,773.04,739.81,707.34,698.52,698.89,699.97,699.46,699.78,697.77,698.48,699.36,697.6,698.81,698.48,698.53,695.56,699.98,698.75,699.73,699.84,698.59,700.08,699.87,699.48,699.93,699.79,700.01,699.69,699.84,699.47,699.83,699.67,699.68,699.26,699.55,699.9,700.02,700.05,699.99,699.97,699.92,699.98,700.01,699.94,699.97,700.12,699.87,699.92,699.83,699.91,699.99,700.02,700.04,699.99,699.84,700.06,699.82,699.56,700.02,700.36,700.04,699.73,699.54,699.3,699.08,678.58,550.92,415.54,284.42,154.49,39.61,25.86,28.62,46.79,36.32,27.86,26.81,25.87,26.34,24.29,24.81,25.38,25.5,25.25,25.09,25.83,23.96,25.03,25.45,25.09,25.05,25.04,25.07,25.04,24.98,25.21,25.16,25.27,25.12,25.19,25.17,24.98,25.12,25.23,25.19,25.17,25.33,-0.4,-0.28,-0.38,-0.45,0.73,12.49,23.37,35.83,48.71,61.28,66.18,73.85,85.42,98.08,104.45,100.39,105.7,116.16,125.47,123.4,142.29,153.27,157.97,161.41,168.77,181.39,193.95,206.71,220.12,233.24,247.36,261.46,276.63,297.99,338.09,370.71,396.57,417.8,434.94,449.48,461.73,471.97,481.23,489.55,496.92,503.69,509.83,515.44,520.33,524.81,528.65,531.77,534.27,535.86,536.73,536.58,535.36,533.11,529.58,524.74,518.84,511.91,504.16,495.83,487.31,478.62,470.09,461.79,453.82,446.1,438.65,431.35,423.9,416.44,408.89,401.39,393.96,386.81,380.28,374.31,369.02,364.4,360.27,356.76,353.63,350.87,348.26,347.51,348.48,349.86,351.24,352.64,349.9,338.77,335.56,333.62,331.74,329.81,327.93,326.13,324.32,322.58,320.85,319.19,317.46,315.78,314.13,312.58,310.99,309.52,308.05,306.62,305.21,303.85,302.41,301.17,299.82,298.53,297.36,296.22,294.99,293.87,292.74,291.57,290.54,289.42,288.44,287.44
21142,23,114.873,33.47,52.13,67.14,589.58,1023.05,955.07,922.03,937.08,962.54,983.26,931.43,917.49,934.16,955.82,931.45,852.57,838.5,850.9,845.88,794.28,799.42,772.55,739.52,707.48,698.27,699.12,699.65,699.6,700.18,697.7,698.44,699.59,697.55,698.76,698.06,699.06,695.93,699.52,698.96,699.41,699.53,699.26,699.63,700.01,700.02,699.45,700.01,699.68,699.87,699.85,699.91,699.72,699.8,699.59,699.79,699.5,699.59,699.77,699.96,699.84,700.05,699.94,699.97,699.91,700.05,700.02,699.79,699.96,699.93,699.95,699.98,700.07,699.89,700.07,699.83,700.08,700.03,699.72,699.45,700.21,700.36,699.99,699.73,699.51,699.31,699.15,679.07,551.31,416.03,284.88,155.06,40.24,25.6,28.9,46.73,36.19,27.77,26.91,25.86,25.11,25.07,25.23,25.2,25.24,25.1,25.57,24.6,25.17,25.1,24.97,24.97,25.14,25.04,25.06,25.08,25.01,25.18,25.05,25.74,24.5,25.11,25.41,25.31,25.13,25.18,25.39,25.0,25.2,-0.39,-0.49,-0.41,-0.47,0.62,12.06,23.02,35.37,48.41,61.09,66.01,73.92,85.52,98.19,104.44,100.28,105.54,116.07,125.54,123.43,141.95,153.07,157.65,161.22,168.47,180.98,193.5,206.4,219.82,232.95,246.97,261.11,275.77,294.58,333.17,367.08,393.63,415.22,432.66,447.62,459.94,470.44,479.92,488.3,495.89,502.94,509.21,514.99,519.9,524.31,528.06,531.25,533.79,535.5,536.32,536.15,535.01,532.64,529.14,524.42,518.45,511.46,503.7,495.37,486.82,478.1,469.47,461.04,453.06,445.42,437.79,430.48,423.0,415.58,407.93,400.43,393.06,386.11,379.61,373.67,368.34,363.75,359.7,356.21,353.04,350.25,347.63,346.82,347.75,349.03,350.38,351.58,348.88,337.78,334.51,332.54,330.68,328.87,326.98,325.12,323.39,321.58,319.82,318.13,316.36,314.66,313.09,311.43,309.89,308.36,306.92,305.49,304.05,302.58,301.22,299.94,298.7,297.34,296.21,294.9,293.74,292.57,291.37,290.28,289.25,288.08,287.13,286.02
21143,23,114.843,33.72,52.36,66.51,589.9,1023.15,954.9,922.19,937.46,962.73,984.0,932.83,918.8,935.56,957.5,933.77,854.66,840.71,853.72,849.68,797.82,801.23,773.35,740.62,707.5,697.46,699.34,699.85,699.41,699.83,697.98,698.5,699.4,697.29,698.8,698.48,698.88,695.7,699.73,698.71,699.65,699.68,699.12,699.99,700.05,699.41,699.9,700.02,699.5,700.05,699.82,699.8,699.61,699.56,699.52,699.28,699.6,699.69,699.98,700.01,699.93,699.92,699.91,699.96,700.0,699.91,699.99,699.77,699.92,700.05,699.75,699.54,699.92,699.92,699.98,699.72,700.2,700.14,699.63,699.46,699.13,699.78,700.9,700.73,700.47,700.15,700.01,678.9,550.76,415.84,284.72,155.21,40.26,25.69,28.56,47.12,35.97,27.83,27.31,25.3,25.27,25.38,25.2,25.29,25.25,25.19,25.2,25.14,25.04,25.16,25.06,25.13,25.11,25.25,25.03,25.14,25.03,25.04,25.21,24.93,25.1,25.17,25.06,25.11,25.2,25.55,24.93,25.28,25.25,-0.39,-0.44,-0.5,-0.51,0.88,13.36,24.23,36.46,49.28,61.97,66.8,74.56,86.24,98.86,105.22,100.77,106.1,116.69,126.2,124.18,140.91,153.38,158.11,161.66,168.54,181.48,194.24,206.84,220.05,233.29,247.41,261.66,276.2,294.34,331.82,365.77,392.43,414.26,431.83,446.75,459.19,469.84,479.43,488.07,495.65,502.45,508.81,514.55,519.54,524.05,527.86,531.03,533.46,535.0,535.69,535.52,534.18,531.66,527.99,523.02,517.0,509.91,502.03,493.6,484.96,476.14,467.67,459.31,451.3,443.7,436.13,428.74,421.28,413.75,406.14,398.62,391.4,384.43,378.03,372.28,367.15,362.58,358.66,355.28,352.26,349.59,347.03,346.32,347.29,348.52,349.9,351.12,348.38,337.2,333.85,331.83,330.14,328.26,326.42,324.58,322.77,321.01,319.27,317.48,315.88,314.13,312.48,311.01,309.51,307.97,306.53,305.08,303.66,302.27,300.91,299.57,298.35,297.06,295.82,294.66,293.4,292.21,291.09,289.97,288.91,287.84,286.77,285.86
21144,23,114.816,33.13,51.93,67.95,593.25,1023.7,955.63,922.43,937.36,963.06,983.84,931.86,917.98,935.44,958.55,933.46,853.85,839.73,852.67,846.69,795.94,799.92,772.21,739.56,707.31,698.03,699.15,699.46,699.37,699.87,697.8,698.69,699.06,697.47,698.7,698.91,698.03,695.57,699.88,699.12,700.01,699.92,698.69,699.91,699.48,700.05,699.27,699.84,699.86,699.99,699.86,699.79,699.62,699.64,699.86,699.64,699.37,699.88,699.95,700.0,699.96,699.91,700.04,699.93,699.93,699.96,700.05,699.93,699.97,699.98,699.97,700.08,699.78,699.86,699.91,700.06,700.12,699.69,699.45,699.15,700.05,700.75,700.5,700.19,699.89,699.66,699.5,678.05,550.2,414.81,283.53,153.71,39.94,25.52,29.11,46.94,35.49,27.68,26.65,25.92,25.36,25.2,25.15,25.2,25.32,25.09,25.05,25.19,25.19,25.04,25.33,24.97,24.9,25.1,25.18,25.03,25.13,25.38,24.81,25.02,25.19,25.08,25.18,25.13,25.29,25.11,25.05,25.23,25.22,-0.58,-0.47,-0.57,-0.52,0.65,12.71,23.82,36.42,49.41,62.09,66.95,74.68,86.22,98.95,105.25,101.0,106.5,117.04,126.44,124.17,141.9,153.85,158.76,162.4,169.37,182.28,195.0,207.71,221.02,234.55,248.72,262.87,277.65,297.21,335.83,368.74,395.16,416.36,433.85,448.44,460.58,471.0,480.36,488.8,496.29,503.05,509.16,514.64,519.61,523.88,527.74,530.78,533.15,534.82,535.31,534.98,533.41,530.79,526.8,521.74,515.4,508.17,500.18,491.67,483.02,474.22,465.63,457.41,449.53,441.78,434.38,426.91,419.5,412.05,404.47,396.84,389.62,382.75,376.52,370.8,365.81,361.31,357.4,353.99,351.02,348.28,345.66,344.99,346.02,347.26,348.71,349.85,346.93,335.99,332.71,330.86,329.01,327.22,325.41,323.57,321.76,320.01,318.29,316.63,314.96,313.34,311.8,310.2,308.68,307.14,305.69,304.37,302.85,301.55,300.25,298.86,297.58,296.32,295.09,293.82,292.65,291.52,290.3,289.3,288.15,287.11,286.1,285.03
21145,23,114.785,33.99,52.53,67.32,589.45,1022.36,954.28,921.9,936.4,961.76,983.19,932.19,919.08,934.88,955.92,931.59,852.89,839.03,851.82,846.84,795.25,799.86,772.66,740.0,707.6,698.12,699.23,699.95,699.57,699.99,697.89,698.59,699.5,697.5,698.62,698.37,698.77,695.86,699.79,698.82,699.45,699.72,699.08,699.91,699.83,699.86,699.49,699.87,699.84,699.83,699.9,699.69,700.08,699.48,699.39,699.64,699.48,699.37,699.93,699.93,700.04,699.92,699.89,699.88,699.9,700.03,699.94,699.84,700.03,699.92,699.98,699.95,699.93,700.03,700.03,699.63,700.25,700.03,699.74,699.43,699.15,700.06,700.61,700.18,699.95,699.76,699.55,679.11,551.29,416.25,284.98,155.3,40.35,25.54,29.07,46.99,36.5,26.94,26.92,25.89,25.52,25.17,25.35,25.27,25.23,25.17,24.93,25.07,25.07,25.19,24.87,25.15,25.0,24.99,24.98,25.13,25.36,24.86,24.95,25.22,25.31,25.02,25.29,25.54,24.78,25.22,25.33,25.25,25.33,-0.47,-0.46,-0.46,-0.57,0.5,12.54,23.62,36.17,49.15,61.82,66.71,74.45,86.11,98.74,105.07,100.91,106.3,116.93,126.36,124.14,142.0,153.65,158.43,162.07,169.27,181.85,194.56,207.25,220.82,234.2,248.27,262.52,277.43,296.31,334.71,368.29,394.65,416.21,433.47,448.16,460.46,470.99,480.42,488.73,496.43,503.3,509.5,515.13,519.97,524.39,528.1,531.14,533.44,534.92,535.48,534.95,533.51,530.67,526.74,521.56,515.2,507.94,499.86,491.3,482.6,473.8,465.22,457.02,449.0,441.28,433.7,426.31,418.89,411.37,403.8,396.29,389.08,382.18,375.91,370.19,365.12,360.65,356.74,353.41,350.4,347.59,345.13,344.39,345.33,346.56,347.91,349.04,346.34,335.27,331.99,330.01,328.3,326.46,324.62,322.77,321.1,319.32,317.47,315.83,314.23,312.51,310.92,309.4,307.88,306.37,304.95,303.51,302.08,300.68,299.35,298.07,296.75,295.52,294.22,292.99,291.82,290.69,289.53,288.4,287.29,286.25,285.23,284.23
21146,23,114.769,33.41,51.81,66.25,586.42,1021.82,953.42,920.65,935.7,961.69,984.69,931.29,917.24,934.31,956.57,931.93,853.65,839.95,852.47,847.13,795.72,800.25,772.95,739.85,707.57,698.37,698.77,700.04,699.64,700.15,697.62,698.57,699.31,697.56,698.67,698.8,698.4,695.77,699.92,698.26,699.86,699.74,698.92,699.86,699.96,699.84,699.75,699.85,699.84,699.89,699.94,699.51,699.99,699.25,699.05,699.62,699.61,699.27,699.9,699.97,699.98,700.06,699.92,700.02,699.94,699.94,699.98,699.99,699.93,699.87,700.09,699.72,699.93,699.86,699.89,700.07,699.66,699.5,700.16,700.13,699.93,699.49,699.3,699.04,699.64,700.89,700.78,678.32,549.86,415.33,284.38,154.05,39.58,25.89,28.85,47.31,35.53,28.01,26.69,25.93,25.32,25.3,25.52,24.88,25.15,25.37,25.14,24.92,25.13,25.26,24.63,25.16,25.13,25.0,24.86,25.79,24.45,25.08,25.35,25.25,25.01,25.17,25.26,24.93,25.11,25.23,25.22,25.37,25.01,-0.63,-0.5,-0.54,-0.51,0.58,12.38,23.15,35.56,48.63,61.35,66.4,74.27,85.88,98.54,104.73,100.63,106.05,116.7,126.11,124.04,142.47,153.95,158.67,162.44,169.82,182.4,195.12,208.0,221.49,234.62,248.79,262.93,277.52,294.41,330.03,364.72,391.93,413.76,431.48,446.63,459.25,469.81,479.55,488.26,496.1,503.01,509.48,515.11,520.26,524.65,528.49,531.66,534.05,535.7,536.48,536.22,534.84,532.22,528.41,523.31,517.0,509.87,501.93,493.45,484.64,475.89,467.31,459.07,451.08,443.44,435.92,428.6,421.12,413.51,405.94,398.33,391.17,384.36,377.94,372.18,367.12,362.64,358.79,355.43,352.35,349.59,347.18,346.45,347.4,348.65,349.92,351.19,348.39,337.21,333.99,332.0,330.27,328.36,326.54,324.67,322.96,321.18,319.45,317.68,316.06,314.33,312.72,311.22,309.62,308.13,306.63,305.19,303.88,302.33,301.01,299.74,298.49,297.16,295.96,294.64,293.52,292.44,291.23,290.12,289.01,288.07,287.04,286.06
21147,23,114.732,34.16,52.77,67.28,587.23,1022.34,954.41,922.36,938.67,962.32,983.26,931.69,917.52,934.46,956.42,932.31,853.64,839.54,852.43,847.72,795.87,800.5,773.39,739.61,707.65,698.1,699.44,699.8,699.32,699.44,698.23,698.58,698.83,697.77,698.74,698.97,698.1,695.79,699.91,698.37,699.74,699.73,698.93,700.15,699.94,700.1,699.52,699.96,700.04,699.8,699.55,699.82,699.88,699.62,699.81,699.8,699.03,699.89,700.01,699.94,699.99,699.94,700.03,699.91,699.96,699.89,700.24,699.41,699.34,700.03,699.71,700.07,699.69,700.13,699.89,699.56,699.35,700.1,700.04,699.72,699.45,699.87,700.32,700.06,699.85,699.54,699.37,678.99,551.47,416.27,284.98,155.35,40.35,25.69,28.69,47.03,35.96,27.74,26.89,25.95,25.45,25.32,25.2,25.32,25.1,25.28,25.12,25.3,24.84,25.1,25.08,24.99,25.02,25.2,25.35,24.8,25.14,25.19,25.14,25.13,25.16,25.54,24.69,25.18,25.32,25.41,25.12,25.35,25.18,-0.63,-0.54,-0.52,-0.52,0.62,12.29,23.13,35.57,48.63,61.38,66.38,74.19,85.8,98.63,104.97,100.93,106.28,116.82,126.37,124.2,142.88,154.01,158.71,162.43,169.61,182.53,195.07,207.93,221.04,234.48,248.69,262.7,277.32,294.22,329.75,364.29,391.76,413.74,431.6,446.56,459.25,469.93,479.64,488.19,495.89,502.94,509.25,514.97,519.9,524.37,528.16,531.39,533.9,535.43,536.1,535.83,534.25,531.66,527.72,522.61,516.27,509.05,501.01,492.44,483.65,474.85,466.21,458.0,450.0,442.36,434.91,427.52,420.1,412.53,405.02,397.57,390.41,383.54,377.31,371.58,366.58,362.06,358.31,354.91,351.93,349.32,346.86,346.17,347.03,348.33,349.65,350.73,347.91,336.84,333.66,331.69,329.77,327.9,326.0,324.27,322.49,320.72,318.97,317.22,315.54,313.93,312.4,310.73,309.28,307.7,306.22,304.83,303.46,302.11,300.7,299.52,298.2,296.88,295.66,294.46,293.23,292.15,290.92,289.88,288.7,287.73,286.67,285.63
21148,23,114.73,33.52,51.66,66.4,585.52,1021.84,953.24,921.71,934.94,960.5,981.13,929.41,915.86,933.05,955.13,930.19,851.95,838.32,851.3,845.59,794.88,799.66,772.49,739.33,707.41,698.58,698.7,699.99,699.61,699.87,697.88,698.47,698.72,697.58,698.39,698.84,698.36,695.42,699.98,698.24,699.7,699.8,698.73,699.91,699.91,699.91,699.11,699.87,700.03,699.68,699.77,699.68,699.89,699.34,699.79,699.67,699.17,699.93,700.02,699.94,699.94,699.97,700.04,699.95,700.0,700.04,699.97,700.08,700.02,699.98,699.87,699.88,700.02,700.02,700.04,699.59,700.34,700.09,699.69,699.47,699.26,698.97,699.97,700.79,700.71,700.41,700.08,677.49,549.13,414.47,283.47,153.65,39.86,25.79,28.77,47.13,35.42,27.7,26.66,25.91,25.62,24.81,25.21,25.39,25.18,25.28,25.05,25.13,25.08,25.07,24.98,25.0,24.9,25.03,25.02,25.09,25.17,24.97,25.02,25.19,25.33,25.11,25.2,25.16,25.17,25.06,25.39,25.56,25.13,-0.56,-0.5,-0.51,-0.52,0.47,12.16,23.18,35.71,48.73,61.56,66.41,74.25,85.89,98.58,104.98,100.88,106.33,117.14,126.56,124.62,143.35,154.41,159.08,162.64,170.05,182.68,195.53,208.53,221.88,235.02,249.13,263.14,278.01,294.76,330.49,365.02,392.3,414.18,432.01,447.01,459.58,470.17,479.63,488.07,495.81,502.68,508.93,514.64,519.61,524.1,527.76,530.8,533.24,534.72,535.28,534.89,533.45,530.78,526.79,521.51,515.18,507.89,499.81,491.21,482.49,473.75,465.14,456.84,448.91,441.27,433.78,426.36,418.92,411.31,403.66,396.21,389.06,382.19,376.05,370.46,365.51,361.21,357.49,354.25,351.4,348.81,346.3,345.65,346.59,347.9,349.13,350.34,347.34,336.37,333.19,331.28,329.58,327.65,325.87,324.08,322.35,320.55,318.82,317.2,315.48,313.86,312.24,310.71,309.17,307.66,306.24,304.77,303.37,302.0,300.7,299.32,298.08,296.77,295.53,294.37,293.16,291.98,290.94,289.84,288.74,287.73,286.65,285.64
21149,23,114.698,34.26,52.75,68.92,596.04,1023.88,954.6,920.79,935.32,960.75,981.73,930.22,916.87,934.11,956.7,932.78,854.08,840.02,852.68,847.65,796.65,800.94,773.42,739.64,707.26,697.64,698.98,699.73,699.46,699.49,698.01,698.94,698.19,698.33,698.55,699.54,696.74,697.1,699.4,699.62,700.14,699.11,699.13,699.27,699.96,699.68,699.93,699.86,699.51,699.83,699.63,699.83,699.92,699.41,699.39,699.95,699.92,699.06,699.81,699.96,700.03,700.0,699.96,699.99,699.9,699.97,699.95,699.98,700.01,699.94,699.92,699.82,699.95,699.88,700.33,699.93,699.63,699.38,699.02,699.76,700.98,700.68,700.36,700.03,699.85,699.61,699.48,678.61,550.72,415.68,284.13,153.94,39.58,26.15,29.19,47.58,35.3,27.71,26.92,25.74,25.31,25.3,25.12,25.2,25.16,25.27,25.12,24.93,25.18,25.18,25.01,25.1,25.33,24.8,25.04,25.04,25.11,25.05,25.13,25.45,24.94,25.09,25.16,25.15,25.14,25.32,25.28,24.88,25.21,-0.5,-0.55,-0.6,-0.6,0.47,12.3,23.41,35.9,48.96,61.79,66.67,74.5,86.19,98.99,105.4,101.21,106.71,117.42,127.07,125.15,144.04,154.73,159.43,162.87,169.94,183.09,196.16,209.15,222.43,236.17,250.32,264.19,279.23,297.27,334.97,368.28,395.0,415.95,433.82,448.46,460.7,471.26,480.36,488.77,496.31,503.21,509.56,515.06,520.16,524.53,528.19,531.16,533.4,534.76,535.17,534.63,532.98,529.98,525.83,520.46,513.99,506.57,498.43,489.76,481.01,472.18,463.67,455.48,447.51,439.9,432.53,425.08,417.64,410.1,402.49,395.08,387.95,381.16,375.1,369.56,364.7,360.42,356.77,353.54,350.62,348.13,345.65,344.96,345.91,347.25,348.53,349.74,346.94,335.87,332.68,330.66,328.87,327.08,325.24,323.45,321.8,319.97,318.33,316.58,314.91,313.33,311.76,310.17,308.67,307.07,305.7,304.29,302.87,301.54,300.17,298.87,297.48,296.29,295.08,293.77,292.63,291.53,290.38,289.27,288.19,287.09,286.03,285.06
21150,23,114.701,33.07,51.46,66.23,584.48,1020.81,952.38,920.48,935.22,960.36,981.38,929.72,916.1,933.09,955.41,931.02,853.17,841.17,853.31,846.43,795.94,800.08,772.09,739.67,707.09,697.85,699.48,699.67,699.27,699.74,698.01,698.81,698.82,697.82,698.58,699.01,697.86,695.99,699.97,698.27,699.75,699.83,699.0,700.01,699.97,699.91,699.77,699.95,699.97,699.77,699.67,699.75,699.68,699.7,699.78,699.67,699.41,699.78,699.99,700.07,699.96,699.92,699.86,699.97,700.01,699.88,699.93,699.96,699.79,699.84,699.98,699.83,700.03,699.85,700.03,699.65,700.16,700.08,699.78,699.32,700.03,700.45,700.17,699.87,699.69,699.44,699.19,677.98,550.19,414.76,283.69,153.54,39.96,25.6,28.83,47.1,35.65,27.69,26.7,25.98,25.49,25.2,25.1,25.25,25.46,25.06,24.93,25.26,25.19,25.09,25.05,25.5,24.29,25.05,25.17,25.13,25.14,25.16,25.19,25.09,25.07,25.11,25.12,25.19,25.35,25.51,24.73,25.11,25.27,-0.58,-0.58,-0.41,-0.54,0.6,12.69,23.8,36.38,49.45,62.17,66.92,74.62,86.33,99.0,105.41,101.25,106.76,117.49,126.9,124.81,142.82,154.52,159.41,162.85,170.01,182.89,195.87,208.68,222.16,235.55,249.76,263.73,278.61,294.7,328.79,363.53,390.99,413.07,431.01,446.14,458.85,469.76,479.3,488.07,495.79,502.74,509.03,514.65,519.5,523.86,527.58,530.55,532.98,534.34,534.91,534.41,532.73,529.76,525.57,520.17,513.62,506.14,497.91,489.3,480.48,471.54,462.99,454.71,446.81,439.15,431.73,424.29,416.77,409.27,401.61,394.09,387.04,380.2,374.03,368.55,363.61,359.36,355.72,352.57,349.67,347.14,344.72,344.07,344.99,346.28,347.48,348.59,345.53,334.47,331.29,329.31,327.62,325.76,323.93,322.18,320.38,318.59,316.79,315.12,313.48,311.81,310.22,308.76,307.23,305.59,304.18,302.8,301.31,299.97,298.62,297.27,295.92,294.7,293.45,292.2,291.01,289.88,288.72,287.63,286.51,285.49,284.47,283.53
21151,23,114.688,33.64,52.22,65.22,578.13,1018.87,951.18,919.81,934.85,960.46,981.38,929.85,916.59,933.77,958.13,930.92,852.47,838.99,851.83,846.01,795.17,799.45,771.99,739.42,706.83,697.24,699.72,699.79,699.36,699.83,697.76,698.69,698.8,697.65,698.6,698.91,698.53,695.75,699.88,698.63,699.59,699.49,699.16,700.2,699.68,699.43,699.96,700.06,699.4,700.12,699.74,699.8,699.71,699.67,699.96,699.1,699.67,699.8,699.94,699.96,700.06,699.93,700.04,699.98,700.03,700.05,700.04,699.91,699.95,700.01,699.96,700.13,699.85,699.86,700.1,699.71,699.36,699.67,700.49,700.18,699.99,699.64,699.55,699.2,699.06,700.0,701.24,678.12,548.85,414.44,283.41,153.7,40.04,25.51,29.14,46.76,35.7,28.04,26.08,26.24,25.58,25.21,25.13,25.46,25.04,25.24,25.16,25.03,25.16,25.22,24.86,25.09,25.25,25.12,25.0,25.0,25.06,25.28,25.07,25.22,25.14,25.07,25.29,25.33,25.16,25.17,25.26,25.17,25.16,-0.45,-0.58,-0.53,-0.53,0.56,12.51,23.34,35.94,48.96,61.74,66.71,74.51,86.15,98.91,105.22,101.3,106.9,117.6,127.03,124.83,142.0,154.57,159.65,163.42,170.55,183.78,196.52,209.2,222.64,235.85,250.12,263.96,278.61,293.94,324.54,360.32,388.62,411.38,429.68,445.29,458.38,469.37,479.42,488.09,495.93,503.07,509.53,515.26,520.45,524.85,528.73,531.79,534.28,535.94,536.6,536.15,534.67,531.86,527.85,522.63,516.23,508.84,500.65,492.03,483.37,474.43,465.78,457.44,449.41,441.68,434.16,426.77,419.32,411.68,404.25,396.79,389.75,383.15,376.95,371.36,366.33,362.09,358.26,354.94,352.02,349.47,347.02,346.35,347.35,348.58,349.79,350.83,347.83,336.83,333.69,331.8,329.89,328.09,326.3,324.49,322.69,320.99,319.22,317.53,315.92,314.23,312.62,310.96,309.56,308.0,306.57,305.12,303.66,302.32,300.97,299.66,298.31,296.98,295.81,294.54,293.31,292.15,291.09,289.89,288.87,287.86,286.75,285.8
21152,23,114.652,33.58,52.04,65.91,580.63,1020.27,952.25,920.9,935.71,961.07,981.85,930.38,917.68,933.75,956.23,931.39,853.13,839.57,852.38,847.05,795.76,800.13,772.61,739.76,707.27,697.81,699.37,699.79,699.44,699.93,697.78,698.63,698.8,697.93,698.42,699.26,698.05,695.76,699.95,698.12,699.68,699.79,698.63,699.77,699.85,699.94,699.55,699.89,699.99,699.88,699.69,699.77,699.93,699.3,699.48,699.78,699.22,699.84,699.92,700.03,699.87,699.91,699.97,700.02,699.93,700.05,699.94,699.96,700.02,699.77,700.01,699.91,699.95,700.01,700.06,699.84,699.87,700.15,699.95,699.59,699.43,700.22,700.42,700.12,699.87,699.66,699.39,678.62,550.63,415.45,284.33,154.47,39.67,25.84,28.98,47.15,35.72,27.67,26.9,25.91,25.25,25.44,25.53,24.95,25.29,25.19,25.08,24.98,24.99,25.56,24.48,25.03,25.14,25.02,25.04,25.19,25.58,24.55,25.16,25.18,25.25,25.14,25.22,25.4,25.0,25.28,25.38,25.13,25.07,-0.52,-0.53,-0.66,-0.54,0.45,12.33,23.27,35.75,48.76,61.61,66.58,74.39,86.03,98.85,105.2,101.1,106.68,117.45,127.01,124.98,143.04,154.71,159.54,163.01,170.25,183.29,195.97,208.9,222.35,235.61,249.71,263.64,278.48,293.94,325.14,360.71,388.64,411.07,429.44,444.86,457.87,468.8,478.61,487.22,495.17,502.22,508.59,514.39,519.48,523.92,527.73,530.9,533.38,534.87,535.41,535.0,533.34,530.51,526.36,521.02,514.58,507.06,498.79,490.12,481.3,472.37,463.77,455.46,447.52,439.8,432.45,425.02,417.55,409.89,402.44,395.05,387.93,381.27,375.09,369.57,364.81,360.58,356.88,353.73,350.84,348.33,345.88,345.18,346.02,347.26,348.42,349.54,346.71,335.61,332.47,330.46,328.72,326.81,325.04,323.22,321.49,319.68,317.95,316.26,314.56,312.97,311.38,309.83,308.31,306.77,305.36,303.88,302.45,301.14,299.71,298.38,297.09,295.83,294.58,293.38,292.19,291.01,289.92,288.75,287.71,286.63,285.65,284.69
21153,23,114.647,33.65,52.23,66.34,581.53,1019.22,950.75,918.96,933.76,959.43,980.05,928.38,915.24,932.83,955.2,930.59,852.2,838.73,851.72,846.13,795.65,799.57,771.94,739.49,707.12,697.57,699.56,699.75,699.3,699.84,697.84,698.82,698.79,697.84,698.39,699.22,698.27,695.74,699.96,698.27,699.82,699.94,699.16,700.12,699.63,699.82,699.37,699.86,699.92,699.87,699.76,699.43,699.84,699.43,699.53,699.96,698.93,699.72,699.78,699.99,700.03,699.9,700.03,699.92,700.0,700.01,699.93,699.95,699.97,700.02,699.77,699.89,700.03,700.1,699.98,699.95,700.2,699.88,699.49,699.46,700.56,700.49,700.3,700.03,699.81,699.54,699.4,678.12,549.86,414.73,283.63,153.84,39.97,25.61,29.24,47.0,35.14,27.69,26.85,26.0,25.44,25.55,24.83,24.99,25.33,25.23,25.29,25.08,25.47,24.43,25.03,25.19,24.94,25.11,24.97,25.19,24.8,25.2,25.12,25.03,25.07,25.22,25.09,25.08,25.29,25.29,25.3,25.12,25.55,-0.52,-0.54,-0.57,-0.52,0.55,12.24,23.23,35.83,48.86,61.56,66.48,74.33,86.0,98.89,105.28,101.2,106.84,117.61,126.9,124.98,142.47,154.58,159.52,163.32,170.51,183.77,196.37,209.3,222.59,236.1,250.42,264.48,278.96,294.42,325.58,361.4,389.5,411.87,430.17,445.47,458.45,469.36,479.24,488.09,495.95,502.84,509.27,515.1,520.23,524.68,528.4,531.46,533.97,535.49,536.1,535.72,534.13,531.33,527.23,521.89,515.51,507.96,499.75,491.06,482.44,473.48,464.89,456.6,448.67,440.92,433.57,426.07,418.53,411.02,403.49,396.19,389.01,382.39,376.28,370.85,365.86,361.68,358.1,354.89,352.1,349.56,347.21,346.48,347.36,348.56,349.83,350.75,347.88,336.76,333.5,331.62,329.75,327.89,326.11,324.26,322.56,320.73,319.05,317.32,315.58,314.0,312.41,310.9,309.3,307.81,306.35,304.86,303.53,302.19,300.85,299.51,298.27,296.98,295.69,294.48,293.3,292.05,290.98,289.85,288.63,287.63,286.63,285.66
21154,23,114.629,33.32,51.62,65.71,579.89,1019.23,950.44,918.57,934.04,959.89,980.17,928.73,915.93,933.05,955.54,929.8,851.88,838.78,851.93,846.02,795.64,799.9,772.25,739.41,707.23,698.77,698.28,700.02,699.45,699.91,697.72,698.88,698.7,698.06,698.21,699.4,697.28,696.54,699.91,698.56,699.76,699.78,698.73,700.08,699.95,700.04,699.8,699.91,699.96,699.53,700.04,699.85,699.37,699.84,699.52,699.38,699.84,699.78,699.93,699.99,699.93,700.02,700.07,699.91,700.02,699.89,699.95,699.95,700.12,699.47,699.79,699.68,700.03,699.75,700.05,699.92,699.56,699.23,700.02,700.13,699.81,699.41,699.19,699.73,701.02,700.79,700.44,676.64,548.32,413.65,282.73,152.94,39.25,25.65,29.1,47.04,35.5,27.78,26.88,26.02,25.46,24.99,25.34,25.24,25.12,25.11,25.25,25.46,24.54,25.23,25.21,24.99,25.04,25.22,24.97,25.03,25.17,25.11,25.13,25.24,25.33,24.42,25.11,25.19,25.29,25.16,25.12,25.04,25.11,-0.56,-0.54,-0.56,-0.52,0.47,12.17,23.02,35.5,48.51,61.26,66.18,74.18,85.97,98.76,105.0,101.03,106.58,117.52,126.9,124.9,143.77,154.88,159.75,163.5,171.01,183.7,196.34,209.34,222.7,236.03,250.2,264.22,278.7,293.45,322.16,358.24,387.11,409.74,428.59,444.09,457.0,467.99,477.82,486.68,494.49,501.67,508.13,513.93,519.16,523.65,527.31,530.43,532.99,534.59,535.15,534.74,533.32,530.44,526.35,521.03,514.57,507.15,498.94,490.27,481.6,472.78,464.03,455.74,447.74,440.1,432.56,425.17,417.63,410.11,402.64,395.35,388.34,381.76,375.65,370.11,365.38,361.15,357.57,354.41,351.54,349.04,346.59,346.02,346.89,348.14,349.36,350.5,347.38,336.45,333.34,331.34,329.61,327.81,325.96,324.21,322.46,320.61,318.94,317.28,315.62,313.93,312.37,310.76,309.29,307.82,306.31,304.86,303.48,302.14,300.75,299.52,298.2,297.02,295.7,294.5,293.24,292.1,290.92,289.79,288.69,287.63,286.65,285.66
21155,23,114.617,33.37,51.6,65.88,580.73,1020.35,951.87,920.17,935.35,961.02,982.06,930.35,916.5,933.72,956.11,931.46,853.13,839.92,852.99,848.07,797.3,801.67,773.65,740.16,706.5,698.33,698.3,699.98,699.51,699.6,697.78,699.06,698.21,698.52,698.16,699.31,696.89,696.75,699.87,698.1,699.85,699.79,698.66,700.13,699.92,700.12,699.69,699.82,699.91,699.84,700.04,699.47,699.89,699.84,699.47,699.18,699.78,699.58,700.08,699.85,700.04,699.88,700.08,699.89,700.06,700.0,699.94,699.95,699.83,699.94,700.04,700.02,700.02,700.08,699.88,700.04,700.34,699.91,699.48,699.27,699.12,699.04,700.81,701.0,700.68,700.39,700.34,677.26,549.41,414.92,284.33,154.24,39.57,25.88,29.03,46.99,35.98,27.84,26.82,25.88,25.39,25.4,25.31,25.26,25.09,25.11,25.04,25.09,25.24,25.01,25.0,25.04,25.61,24.28,24.86,25.22,25.04,25.09,25.05,25.27,25.19,25.18,25.2,25.07,25.22,25.29,25.12,25.36,25.28,-0.5,-0.49,-0.54,-0.51,0.32,11.79,22.88,35.4,48.39,61.26,66.27,74.14,85.86,98.71,105.1,101.19,106.68,117.48,127.14,125.17,143.83,154.4,159.48,162.96,170.57,183.32,196.13,209.06,222.12,235.64,249.72,263.38,278.37,293.09,319.6,356.19,385.45,408.4,427.23,442.97,456.18,467.57,477.46,486.47,494.46,501.64,508.1,513.97,519.2,523.69,527.55,530.79,533.16,534.79,535.38,534.83,533.38,530.53,526.31,520.95,514.45,507.0,498.78,490.11,481.2,472.31,463.63,455.39,447.4,439.8,432.37,424.96,417.45,409.87,402.39,395.02,387.97,381.29,375.15,369.74,364.97,360.79,357.3,354.1,351.36,348.81,346.56,345.8,346.72,347.84,349.1,350.12,347.2,336.08,332.85,330.93,329.32,327.49,325.62,323.86,322.09,320.31,318.56,316.86,315.2,313.61,312.07,310.63,309.0,307.42,305.99,304.48,303.07,301.78,300.46,299.15,297.76,296.44,295.23,294.03,292.86,291.82,290.72,289.58,288.37,287.4,286.37,285.38
21156,23,114.63,33.72,52.09,67.14,585.74,1020.38,951.84,919.43,934.35,959.78,980.42,929.05,915.74,932.93,955.89,932.38,854.4,839.73,851.75,846.24,795.71,799.56,771.99,739.67,707.12,697.78,699.17,699.72,699.27,699.56,697.73,698.9,698.58,698.14,698.41,699.43,697.08,696.39,699.6,699.01,700.16,699.78,698.71,699.77,699.84,700.1,699.97,699.84,699.82,699.88,699.87,699.47,699.9,699.58,699.98,699.15,699.89,699.49,699.92,699.96,699.96,699.92,700.02,699.95,699.94,700.04,700.02,699.95,699.98,700.03,700.01,699.93,699.98,699.73,700.23,699.8,699.45,699.26,700.44,700.37,700.11,699.7,699.53,699.33,699.09,699.07,701.37,678.33,549.31,414.89,283.49,153.39,39.77,25.54,29.11,47.16,35.52,27.72,26.88,25.88,25.39,25.28,25.09,25.19,25.2,25.28,25.3,25.08,25.15,25.09,25.05,25.56,24.36,25.08,25.12,25.1,25.14,24.99,25.47,24.84,25.13,25.17,25.11,25.12,25.25,25.22,25.15,25.39,25.21,-0.38,-0.37,-0.37,-0.39,0.6,12.71,23.98,36.54,49.53,62.27,67.12,75.0,86.78,99.5,106.04,101.88,107.42,118.17,127.67,125.74,143.44,155.68,160.77,164.37,171.63,184.72,197.55,210.38,223.92,237.48,251.67,265.58,280.46,296.26,329.3,364.16,391.81,413.49,431.75,446.73,459.47,470.29,479.73,488.37,496.22,503.23,509.59,515.24,520.3,524.74,528.36,531.35,533.66,535.03,535.56,534.92,533.13,529.99,525.65,520.12,513.45,505.76,497.47,488.7,479.99,471.15,462.51,454.28,446.33,438.69,431.13,423.76,416.29,408.77,401.3,394.02,387.23,380.68,374.76,369.34,364.6,360.61,356.97,353.86,351.17,348.58,346.31,345.67,346.52,347.74,348.95,349.94,346.88,335.75,332.42,330.71,329.0,327.23,325.33,323.57,321.84,319.97,318.38,316.67,315.05,313.47,311.93,310.37,308.75,307.3,305.79,304.32,302.97,301.65,300.45,299.02,297.74,296.46,295.16,294.0,292.88,291.76,290.63,289.52,288.45,287.39,286.35,285.4
21157,23,114.594,33.13,52.0,68.05,589.68,1021.28,952.18,920.1,935.03,960.46,980.95,929.08,916.35,934.3,959.13,930.58,852.35,839.2,852.0,845.85,795.56,800.16,772.82,738.65,707.1,698.06,698.55,700.03,699.35,699.8,697.49,699.09,698.35,698.65,698.35,699.58,696.03,697.66,699.13,699.67,700.04,699.15,699.41,699.34,700.1,699.88,699.74,699.27,699.82,699.98,699.86,700.04,699.27,699.75,699.79,699.72,699.57,699.95,699.98,699.96,699.92,699.96,700.0,699.95,699.97,699.99,700.01,699.82,700.02,699.96,700.01,700.04,699.89,699.96,700.04,699.82,699.71,700.3,699.98,699.62,699.26,699.1,700.87,701.1,700.78,700.48,700.33,676.67,547.81,414.05,282.77,152.61,39.34,25.79,29.7,47.62,34.62,27.61,26.79,25.97,25.39,25.19,25.29,25.4,24.94,25.21,25.27,25.1,25.04,24.93,25.13,25.08,25.1,25.08,24.95,24.98,25.05,25.26,24.77,25.16,25.25,25.14,25.16,25.3,24.9,25.08,25.3,25.21,25.27,-0.43,-0.49,-0.48,-0.5,0.33,11.96,22.99,35.51,48.64,61.48,66.42,74.38,86.15,98.97,105.26,101.21,107.01,117.83,127.47,125.86,145.43,156.05,160.71,164.56,172.3,185.29,197.91,211.01,224.49,237.89,252.06,266.03,280.94,297.15,331.68,366.11,393.6,414.96,433.18,448.03,460.53,471.32,480.56,489.2,496.84,503.84,510.05,515.65,520.75,525.06,528.75,531.82,534.0,535.53,535.94,535.42,533.59,530.45,526.06,520.36,513.57,505.99,497.65,488.93,480.35,471.53,462.96,454.73,446.82,439.19,431.74,424.28,416.73,409.24,401.77,394.52,387.59,381.08,375.1,369.79,365.19,361.19,357.63,354.66,352.01,349.57,347.23,346.67,347.4,348.54,349.71,350.76,347.66,336.73,333.69,331.69,329.83,328.08,326.31,324.57,322.81,321.0,319.26,317.66,316.02,314.42,312.88,311.31,309.7,308.26,306.89,305.53,304.08,302.73,301.35,299.98,298.76,297.49,296.23,294.98,293.82,292.68,291.67,290.49,289.4,288.32,287.37,286.4
21158,23,114.6,34.33,52.92,67.62,585.26,1019.82,950.67,919.07,934.02,959.79,982.1,932.32,917.38,934.26,956.98,930.92,853.12,840.15,853.33,847.26,797.44,801.13,773.22,739.37,707.15,698.11,698.27,700.11,699.51,700.36,697.17,699.16,698.4,698.79,698.46,699.28,696.49,697.31,699.29,699.12,700.05,699.72,698.98,699.57,699.95,699.79,699.86,699.8,700.01,699.93,699.82,699.66,699.72,699.6,699.8,699.85,699.74,700.07,700.0,700.02,699.97,700.07,700.01,699.98,700.0,699.87,700.06,699.96,700.0,700.03,699.94,699.5,699.97,699.91,700.05,700.05,699.68,699.75,700.7,700.38,700.11,699.74,699.59,699.3,699.2,698.94,701.06,678.22,548.38,414.04,282.85,152.67,39.33,25.58,29.45,47.47,34.89,27.5,26.91,25.86,25.38,25.19,25.24,25.21,25.22,25.22,25.2,24.94,25.21,25.24,24.81,24.96,25.14,25.02,25.08,25.32,25.04,25.03,25.16,25.11,25.24,25.14,25.74,24.67,24.99,25.21,25.27,25.28,25.17,-0.52,-0.49,-0.49,-0.56,0.44,11.92,22.93,35.63,48.78,61.48,66.55,74.61,86.39,99.35,105.66,101.63,107.42,118.17,127.78,126.12,145.14,156.26,160.85,164.35,171.93,184.84,197.59,210.55,223.97,236.99,251.32,265.3,280.24,295.77,326.65,361.92,390.24,412.12,430.67,445.89,458.73,469.85,479.44,488.09,495.95,503.15,509.47,515.26,520.36,524.84,528.6,531.69,534.09,535.57,536.27,535.79,534.03,531.04,526.73,521.17,514.51,506.96,498.76,489.97,481.22,472.33,463.68,455.39,447.54,439.87,432.4,425.04,417.52,409.84,402.34,395.04,388.08,381.56,375.52,370.27,365.56,361.45,357.89,354.76,351.98,349.46,347.14,346.47,347.34,348.43,349.51,350.48,347.5,336.56,333.41,331.55,329.64,327.75,326.02,324.28,322.66,320.89,319.0,317.32,315.7,314.12,312.56,310.98,309.43,307.92,306.59,305.2,303.73,302.3,301.06,299.7,298.42,297.13,295.77,294.58,293.42,292.33,291.28,290.2,289.0,287.95,286.96,286.03
21159,23,114.569,33.67,52.26,67.63,590.1,1021.4,952.4,919.95,935.64,963.06,982.01,929.66,916.51,933.86,956.3,931.16,852.53,839.06,851.99,846.32,796.17,800.49,772.68,739.17,707.35,698.41,698.01,700.11,699.54,700.26,697.43,699.1,698.1,698.77,698.13,699.79,695.81,697.98,699.08,699.17,700.07,699.19,699.64,699.36,699.98,699.62,699.94,699.95,699.7,699.98,699.86,699.78,699.64,699.79,699.88,699.54,699.91,699.95,699.95,699.87,699.91,700.02,700.03,700.02,699.95,700.01,699.93,699.96,699.9,700.02,699.88,700.03,700.05,699.87,699.91,700.01,699.64,700.06,700.09,699.77,699.42,699.2,699.83,701.12,700.82,700.59,700.33,677.15,548.59,414.49,283.48,153.25,40.01,25.72,29.34,47.07,35.36,27.7,26.96,25.75,25.56,25.16,25.25,25.17,25.38,25.21,25.03,25.18,25.42,24.62,25.19,25.04,25.1,25.05,25.1,25.19,24.98,25.05,25.23,25.21,25.28,25.49,24.97,25.28,25.21,25.18,25.27,25.28,25.05,-0.61,-0.51,-0.6,-0.54,0.59,12.55,23.6,36.1,49.26,62.07,67.01,74.97,86.81,99.56,105.99,101.86,107.53,118.35,128.01,126.3,145.31,156.3,161.06,164.86,172.5,185.08,197.92,211.19,224.69,238.03,252.17,266.18,281.5,297.19,331.08,365.59,393.13,414.46,432.55,447.47,460.1,470.81,480.3,488.8,496.5,503.56,509.88,515.76,520.88,525.21,528.84,531.92,534.18,535.52,536.03,535.43,533.57,530.54,526.08,520.35,513.59,505.85,497.55,488.7,480.15,471.19,462.68,454.43,446.59,438.96,431.59,424.25,416.76,409.17,401.72,394.35,387.36,380.88,374.88,369.55,364.87,360.8,357.25,354.13,351.3,348.7,346.33,345.68,346.47,347.64,348.82,349.7,346.66,335.55,332.33,330.44,328.69,326.84,324.97,323.24,321.44,319.67,318.01,316.28,314.6,312.88,311.39,309.86,308.39,306.92,305.4,303.9,302.55,301.17,299.87,298.51,297.25,295.93,294.64,293.54,292.39,291.2,290.02,288.83,287.81,286.85,285.83,284.72
21160,23,114.591,33.7,52.75,67.96,586.69,1020.61,951.65,921.0,935.3,960.5,981.23,929.73,916.85,934.2,956.75,930.73,852.74,839.62,852.83,846.65,797.19,801.13,773.11,739.32,707.06,698.68,697.87,699.82,699.53,699.64,697.57,699.2,697.91,698.88,697.86,699.59,696.03,698.06,699.01,699.16,699.94,699.41,699.41,699.09,699.95,699.57,700.02,699.93,699.86,699.75,699.97,699.99,699.36,699.69,699.99,699.91,699.86,699.86,699.98,700.07,699.99,700.01,699.93,700.12,699.97,700.05,700.01,700.01,700.02,699.91,699.88,699.96,700.04,699.98,699.99,699.77,700.17,699.84,699.43,700.41,700.8,700.44,700.07,699.9,699.71,699.31,699.23,677.21,548.66,413.73,282.25,152.09,38.76,26.18,29.38,47.18,35.28,27.72,26.86,25.82,25.26,25.15,25.25,25.31,25.15,25.14,25.24,26.01,24.12,24.83,25.33,24.99,24.98,25.06,25.0,25.18,25.12,24.99,25.16,25.01,25.17,25.39,24.61,25.37,25.3,25.26,25.25,25.26,25.26,-0.45,-0.49,-0.49,-0.48,0.58,12.34,23.2,35.81,48.77,61.6,66.63,74.62,86.53,99.41,105.69,101.65,107.42,118.35,127.75,126.84,146.7,156.7,161.18,164.86,172.66,185.29,198.02,211.01,224.3,237.81,251.93,265.6,280.83,295.85,326.54,361.88,390.06,411.6,429.97,444.74,457.57,468.52,477.84,486.5,494.44,501.61,508.01,513.71,518.9,523.43,527.32,530.47,532.94,534.45,535.05,534.58,532.84,529.87,525.53,520.06,513.39,505.85,497.45,488.66,479.79,470.93,462.36,454.15,446.21,438.51,430.98,423.59,415.97,408.54,401.12,393.91,386.91,380.35,374.25,368.92,364.14,360.2,356.67,353.63,350.86,348.21,345.9,345.24,346.13,347.18,348.26,349.18,346.09,335.02,331.84,329.98,328.06,326.24,324.4,322.74,320.96,319.11,317.42,315.63,314.07,312.47,310.84,309.25,307.69,306.21,304.8,303.39,301.93,300.49,299.12,297.9,296.6,295.27,293.98,292.71,291.62,290.45,289.33,288.18,287.11,286.11,285.09,284.01
21161,23,114.572,33.63,51.93,66.95,585.78,1020.56,952.27,919.24,934.27,959.97,980.96,929.38,916.06,933.48,955.98,931.58,853.57,840.36,853.6,848.22,796.9,801.24,773.28,739.75,707.46,698.49,698.3,699.98,699.41,699.66,697.82,699.27,697.96,698.91,697.84,699.45,696.09,697.83,698.9,699.34,700.11,699.32,699.16,699.19,700.08,699.62,699.95,699.91,699.68,699.78,699.91,699.88,699.44,699.74,699.92,699.68,699.84,699.89,699.95,699.97,699.94,699.96,699.96,699.9,699.93,700.05,699.98,700.05,699.82,699.96,700.01,700.05,699.66,700.1,700.15,699.66,699.41,699.15,699.95,700.72,700.41,700.18,699.98,699.66,699.42,699.24,699.09,678.79,550.73,415.44,284.24,153.95,39.34,26.12,28.75,47.21,35.98,27.93,26.91,26.09,25.33,25.18,25.49,25.27,25.18,25.11,25.21,24.84,25.17,24.96,25.13,24.95,25.16,25.01,25.14,25.12,25.0,25.01,25.12,25.12,25.16,25.18,25.16,25.11,25.14,25.48,25.22,25.04,25.14,-0.36,-0.37,-0.32,-0.4,0.81,13.1,23.95,36.44,49.37,62.2,67.04,74.85,86.62,99.62,105.97,101.89,107.58,118.39,128.15,126.13,144.61,156.2,161.06,164.76,172.35,185.27,198.11,211.25,224.57,238.04,252.05,265.84,280.78,295.77,323.81,359.55,388.2,410.31,429.35,444.73,457.68,468.91,478.26,487.25,495.06,502.21,508.76,514.71,519.79,524.34,528.16,531.24,533.51,535.06,535.73,535.07,533.35,530.11,525.82,520.26,513.57,505.86,497.48,488.68,479.93,471.0,462.35,453.97,446.05,438.37,430.87,423.53,415.97,408.47,400.96,393.66,386.71,380.17,374.23,368.85,364.15,360.07,356.51,353.48,350.65,348.22,345.79,345.24,345.91,347.04,348.07,349.11,346.34,335.22,332.03,330.05,328.24,326.42,324.67,322.88,320.97,319.34,317.62,315.97,314.24,312.62,311.0,309.49,308.06,306.56,305.03,303.53,302.21,300.87,299.54,298.17,296.84,295.57,294.36,293.09,291.87,290.7,289.58,288.53,287.53,286.4,285.32,284.3
21162,23,114.577,34.13,52.86,69.21,594.46,1021.75,952.61,919.66,934.45,959.72,980.44,929.21,915.58,932.8,955.38,931.02,852.46,838.77,851.78,846.12,795.73,800.04,772.32,738.86,707.41,698.24,698.18,700.11,699.63,699.43,697.85,699.43,697.6,699.39,697.99,699.19,695.97,698.79,697.98,699.5,700.04,699.71,699.68,699.02,700.11,699.74,699.84,699.62,699.93,699.67,699.85,699.76,699.86,699.94,699.7,699.31,699.94,699.82,700.05,699.93,699.99,700.01,699.92,699.92,699.93,699.88,700.08,700.01,699.88,699.95,699.93,700.07,699.96,700.05,699.83,699.98,699.99,699.77,699.48,700.03,700.2,699.82,699.54,699.25,699.02,700.69,701.25,678.28,548.83,414.71,283.38,153.28,39.94,25.76,29.61,47.56,35.02,27.61,26.9,25.83,25.34,25.39,25.36,25.1,25.24,25.09,25.18,25.02,25.18,25.04,25.01,25.02,25.43,24.61,25.17,25.08,25.2,25.27,25.31,25.03,25.0,25.14,25.12,25.09,25.35,25.65,25.02,24.91,25.21,-0.32,-0.41,-0.45,-0.44,0.56,12.24,23.28,35.95,48.99,61.86,66.9,74.79,86.55,99.35,105.93,101.9,107.44,118.28,127.98,126.22,145.33,156.29,161.2,165.23,172.8,185.55,198.35,211.72,225.06,238.52,252.65,266.43,281.33,297.04,330.3,365.41,392.93,414.22,432.53,447.46,460.18,470.89,480.34,488.87,496.57,503.59,509.83,515.24,520.27,524.62,528.2,531.24,533.39,534.84,535.13,534.33,532.38,529.2,524.72,518.93,511.92,504.13,495.69,486.9,478.11,469.19,460.61,452.51,444.62,436.97,429.5,421.93,414.38,406.76,399.28,391.93,384.88,378.41,372.59,367.42,362.91,358.98,355.45,352.59,349.89,347.45,345.0,344.27,345.08,346.25,347.3,348.22,345.07,334.02,330.93,329.08,327.16,325.36,323.59,321.78,320.05,318.2,316.58,314.89,313.27,311.57,310.04,308.57,307.05,305.52,303.93,302.54,301.27,299.91,298.49,297.15,295.92,294.75,293.42,292.15,291.05,289.94,288.74,287.6,286.63,285.68,284.52,283.6
21163,23,114.618,34.27,53.21,70.02,594.56,1022.07,951.9,919.6,934.43,959.89,980.44,929.17,915.62,932.77,955.35,930.7,852.41,839.21,851.84,846.23,795.76,800.13,772.56,739.82,707.08,698.78,698.03,700.18,699.51,700.26,697.89,699.36,698.03,698.96,698.3,699.4,695.59,698.59,698.43,699.32,699.93,699.48,699.72,698.77,699.95,699.85,699.76,699.94,699.98,699.54,699.77,699.69,699.34,699.91,699.59,699.62,699.95,699.79,699.97,699.98,699.97,699.91,699.95,700.03,700.02,699.97,700.01,699.92,699.97,699.93,700.07,699.82,699.54,700.03,699.94,699.97,699.79,700.14,700.02,699.67,699.46,699.74,700.53,700.26,699.98,699.76,699.45,678.6,549.59,414.78,283.4,153.07,39.85,25.73,29.37,47.07,35.37,27.82,26.78,25.58,25.6,25.38,25.21,25.05,24.99,25.26,24.97,25.05,25.3,25.09,24.84,25.08,24.84,24.89,25.2,24.96,25.02,25.2,25.46,24.78,25.22,25.31,25.16,25.21,25.49,25.72,24.24,25.24,25.45,-0.35,-0.39,-0.41,-0.51,0.6,12.78,23.85,36.47,49.56,62.36,67.3,75.19,86.87,99.79,106.31,102.24,107.78,118.72,128.3,126.55,145.66,156.84,161.79,165.49,173.27,186.02,198.87,212.06,225.67,239.25,253.41,267.31,282.42,298.81,333.53,367.66,394.79,415.75,433.57,448.18,460.68,471.45,480.52,489.02,496.7,503.6,509.74,515.28,520.32,524.73,528.19,531.04,533.08,534.5,534.93,534.1,532.05,528.64,524.11,518.34,511.47,503.62,495.17,486.37,477.58,468.65,460.09,452.06,444.17,436.46,428.85,421.49,413.94,406.38,398.84,391.5,384.51,378.13,372.35,367.12,362.52,358.47,355.22,352.2,349.52,347.06,344.55,344.05,344.83,345.89,346.83,347.81,344.69,333.79,330.5,328.62,326.86,325.04,323.19,321.5,319.71,318.01,316.31,314.61,312.95,311.36,309.82,308.29,306.78,305.32,303.86,302.46,301.01,299.78,298.34,296.99,295.73,294.57,293.25,292.0,290.82,289.78,288.53,287.47,286.51,285.38,284.33,283.38
21164,23,114.569,33.93,52.54,69.73,591.55,1021.12,951.95,919.1,934.09,959.56,980.48,929.17,916.15,933.25,956.06,931.4,852.85,839.54,852.8,846.76,796.85,800.77,772.96,739.62,707.12,698.42,698.26,700.0,699.32,699.69,697.85,699.24,698.08,699.2,697.99,699.55,696.0,698.62,698.62,699.33,699.9,699.3,699.76,698.98,700.07,699.59,699.92,699.97,699.93,699.68,699.79,700.13,699.48,699.78,700.09,699.96,699.82,699.92,700.08,700.05,699.89,700.03,700.07,700.08,700.02,699.85,699.94,699.99,700.08,699.86,699.91,700.11,699.94,699.67,700.15,699.8,699.43,699.29,700.62,700.34,700.07,699.84,699.62,699.34,699.2,698.94,700.75,678.59,548.23,414.2,282.85,152.47,39.19,25.98,29.65,47.37,35.11,27.67,26.71,25.71,25.42,25.11,25.24,25.16,25.75,24.62,25.15,25.3,25.08,24.96,25.05,25.23,24.84,25.1,25.16,25.11,25.28,25.26,25.11,25.11,25.07,25.04,25.13,25.19,25.25,25.17,25.18,25.24,25.25,-0.54,-0.47,-0.41,-0.39,0.47,12.13,23.23,35.86,48.87,61.82,66.76,74.67,86.54,99.32,105.67,101.81,107.4,118.39,127.91,126.29,145.61,156.61,161.43,165.21,172.94,185.59,198.32,211.45,224.71,238.22,252.43,266.52,281.5,296.78,329.43,364.36,392.07,413.5,431.75,446.65,459.34,470.01,479.52,488.26,495.81,502.84,509.29,515.07,520.07,524.45,528.2,531.2,533.46,534.95,535.47,534.64,532.83,529.54,524.98,519.14,512.2,504.56,496.12,487.37,478.43,469.75,461.27,452.92,444.99,437.31,429.91,422.55,414.93,407.31,399.82,392.69,385.93,379.5,373.69,368.43,364.03,360.08,356.71,353.66,351.03,348.61,346.22,345.56,346.41,347.51,348.58,349.47,346.55,335.46,332.16,330.23,328.59,326.57,324.72,323.16,321.4,319.57,317.9,316.28,314.68,312.93,311.38,309.99,308.36,306.74,305.42,304.09,302.63,301.36,300.1,298.63,297.39,296.07,294.86,293.68,292.47,291.37,290.17,289.07,288.01,286.98,286.02,285.06
21165,23,114.541,34.01,52.68,69.44,593.51,1021.77,951.79,918.86,933.86,959.4,980.31,929.16,916.02,933.28,955.47,930.21,851.94,838.45,851.76,845.52,794.85,799.44,771.9,739.51,707.06,698.62,697.89,700.08,699.59,699.96,697.48,699.27,698.16,699.1,698.26,699.28,696.02,698.73,698.48,699.15,699.81,699.59,699.78,699.05,700.08,699.35,699.77,699.79,699.78,700.1,699.8,699.58,699.84,699.88,699.82,699.59,699.85,700.06,699.94,699.95,699.89,699.95,699.92,699.99,699.96,699.73,699.96,699.97,699.98,699.95,699.71,699.92,700.02,700.02,699.7,699.45,700.26,700.17,699.76,699.51,699.25,698.96,700.42,701.13,700.81,700.5,700.34,677.01,547.99,413.88,282.6,152.55,39.22,25.97,29.53,47.39,34.93,27.68,26.83,25.78,25.51,25.32,25.18,25.2,25.19,25.28,25.18,25.13,24.97,25.15,25.08,24.61,25.17,25.38,25.16,25.13,25.1,25.07,25.26,25.16,25.16,25.32,25.26,25.18,24.94,25.27,25.07,25.32,25.18,-0.48,-0.46,-0.53,-0.46,0.61,12.5,23.73,36.26,49.29,62.08,67.1,75.08,86.95,99.83,106.16,102.0,107.6,118.62,128.27,126.29,145.17,156.62,161.7,165.33,173.41,186.14,199.04,212.26,225.65,239.24,253.7,267.41,282.49,298.85,333.12,367.44,394.5,415.5,433.47,448.19,460.75,471.25,480.51,489.01,496.68,503.76,509.98,515.48,520.49,524.85,528.33,531.27,533.5,534.97,535.54,534.72,532.65,529.36,524.8,518.88,511.98,504.18,495.67,486.82,478.02,469.23,460.67,452.42,444.82,437.28,429.65,422.17,414.69,407.18,399.73,392.52,385.67,379.33,373.54,368.35,363.8,359.86,356.34,353.42,350.83,348.32,345.92,345.32,346.16,347.17,348.26,349.27,346.12,335.05,332.06,330.1,328.29,326.49,324.7,322.75,321.19,319.37,317.57,315.92,314.4,312.78,311.13,309.69,308.22,306.6,305.06,303.77,302.36,300.96,299.69,298.38,296.94,295.65,294.49,293.26,292.08,291.02,289.87,288.66,287.74,286.63,285.65,284.67
21166,23,114.554,34.27,54.23,70.48,598.3,1022.82,952.33,919.81,934.67,960.31,981.45,929.71,916.99,937.04,956.47,930.45,852.53,839.32,852.32,846.52,796.57,800.69,772.99,739.32,706.79,698.57,698.17,700.07,699.47,699.67,697.95,699.66,697.88,699.4,697.77,699.09,695.76,699.4,697.3,699.73,699.08,699.91,699.71,699.32,699.72,700.02,700.02,699.82,699.94,699.77,700.01,699.66,699.88,699.33,699.69,699.98,699.09,699.82,699.96,700.05,700.01,699.95,700.05,699.93,700.04,699.98,699.91,700.02,700.09,699.93,700.07,699.97,699.94,699.86,699.96,699.81,700.17,700.02,699.74,699.46,699.1,700.15,700.52,700.26,699.88,699.64,699.56,678.21,549.13,414.25,282.6,152.63,39.29,26.01,29.37,47.51,35.36,27.41,26.94,25.84,25.39,25.23,25.2,25.81,24.29,25.0,25.41,25.22,25.29,25.02,25.12,24.9,25.12,25.22,25.1,25.11,25.26,25.28,25.01,25.23,25.17,24.97,25.28,25.35,24.97,25.15,25.39,25.28,25.18,-0.54,-0.45,-0.45,-0.46,1.0,13.04,23.96,36.52,49.62,62.58,67.5,75.35,87.18,100.09,106.43,102.29,108.11,118.97,128.57,127.23,146.98,157.67,162.33,166.1,174.14,187.04,199.98,213.14,226.46,240.09,254.32,268.27,283.27,300.06,335.85,369.85,396.3,417.08,434.68,449.34,461.5,472.15,481.54,490.05,497.64,504.7,511.08,516.66,521.66,525.79,529.55,532.69,535.04,536.31,536.7,536.05,534.22,530.89,526.36,520.72,513.95,506.1,497.58,488.79,480.01,471.28,462.85,454.56,446.71,439.11,431.72,424.16,416.44,408.96,401.48,394.24,387.28,381.01,375.25,369.95,365.48,361.69,358.21,355.2,352.49,350.04,347.74,346.9,347.79,348.92,349.93,350.71,347.64,336.73,333.49,331.6,329.83,327.92,326.24,324.4,322.59,320.98,319.23,317.47,315.86,314.28,312.71,311.26,309.69,308.16,306.82,305.34,303.88,302.58,301.26,299.82,298.66,297.37,296.08,294.94,293.82,292.62,291.49,290.38,289.34,288.32,287.18,286.22
21167,23,114.531,34.64,54.19,70.54,593.92,1021.72,951.9,919.29,934.23,959.94,980.88,929.36,916.58,933.82,956.31,930.38,852.51,839.84,853.53,847.99,797.97,801.71,773.5,739.74,707.02,698.55,698.56,699.83,699.54,699.35,698.46,699.8,697.81,699.39,698.4,698.68,696.06,699.34,697.65,699.7,699.58,699.94,699.91,699.46,699.95,700.05,699.93,700.1,699.53,699.63,699.85,699.77,699.63,699.7,699.98,699.26,699.66,699.85,700.0,699.78,699.89,699.95,699.94,699.98,700.02,699.89,699.99,699.84,700.04,700.11,699.95,700.02,699.88,700.07,699.76,700.15,699.86,699.56,699.4,700.63,700.6,700.19,700.02,699.87,699.51,699.31,699.15,678.17,549.35,414.16,282.68,152.55,39.4,25.95,29.74,47.53,34.81,27.36,26.97,25.84,25.31,25.25,25.4,25.16,24.99,25.13,25.29,25.06,25.08,25.58,24.52,24.95,25.06,25.08,25.15,25.11,25.33,24.91,25.33,25.19,25.05,25.37,25.29,25.18,24.99,25.08,25.17,25.37,25.18,-0.51,-0.43,-0.38,-0.36,0.74,12.34,23.25,35.76,48.95,61.87,66.86,74.64,86.63,99.54,105.78,101.69,107.48,118.47,128.16,127.08,147.08,157.0,161.85,165.23,173.16,186.05,198.84,211.93,225.11,238.69,253.07,266.98,281.71,297.6,329.95,364.87,392.2,413.56,431.73,446.54,459.18,470.19,479.8,488.31,496.06,503.24,509.54,515.21,520.19,524.63,528.24,531.2,533.49,534.96,535.3,534.62,532.83,529.47,524.78,519.18,512.42,504.5,496.04,487.32,478.36,469.63,461.05,452.85,444.89,437.47,429.95,422.53,415.14,407.71,400.13,393.08,386.19,379.7,373.88,368.71,363.99,360.03,356.75,353.71,351.04,348.6,346.29,345.42,346.31,347.36,348.48,349.4,346.3,335.31,332.19,330.42,328.5,326.78,324.88,323.15,321.51,319.65,317.86,316.33,314.62,313.03,311.48,309.87,308.38,306.84,305.22,304.04,302.58,301.07,299.78,298.54,297.19,295.96,294.78,293.5,292.37,291.2,290.04,288.96,287.84,286.87,285.87,284.73
21168,23,114.565,35.0,53.78,71.1,599.36,1022.38,951.49,919.28,934.75,960.48,981.22,930.69,917.01,934.34,957.0,931.49,853.32,840.14,853.49,847.68,797.67,801.48,773.54,739.39,707.22,698.24,698.42,700.06,699.75,699.29,698.07,699.86,697.65,699.71,697.32,698.97,696.15,699.56,696.96,699.44,699.54,699.86,699.78,699.83,699.34,699.92,699.77,700.03,699.63,700.07,699.28,699.74,699.73,699.67,699.59,699.54,699.97,699.93,699.91,699.98,699.97,699.91,699.91,700.0,700.09,699.93,699.95,700.01,699.89,699.78,700.04,699.96,699.93,699.93,699.98,700.04,699.88,700.3,700.31,700.02,699.74,699.3,699.18,699.0,700.01,701.31,701.22,677.5,547.68,413.89,282.62,152.69,39.42,26.07,29.5,47.22,35.09,27.47,26.73,26.06,25.42,25.27,25.08,25.37,25.35,25.23,25.18,25.1,24.97,25.31,24.89,24.99,25.09,25.09,24.99,25.2,25.32,24.8,25.19,25.21,25.01,25.3,25.29,25.3,25.2,25.24,25.04,25.2,25.07,-0.49,-0.49,-0.45,-0.47,0.65,12.46,23.55,36.29,49.34,62.16,67.1,75.13,87.1,99.85,106.19,102.14,107.84,118.73,128.42,127.2,146.89,157.49,162.1,165.85,173.76,186.53,199.3,212.71,226.01,239.79,254.05,267.99,283.1,299.17,333.8,368.09,394.75,415.64,433.37,447.97,460.44,471.12,480.5,488.93,496.5,503.44,509.95,515.6,520.53,524.94,528.52,531.56,533.84,535.3,535.71,535.06,532.99,529.53,524.93,519.04,512.15,504.19,495.73,486.94,478.03,469.14,460.51,452.39,444.59,436.82,429.42,421.88,414.23,406.71,399.4,392.08,385.07,378.85,373.01,367.86,363.44,359.46,356.15,353.22,350.55,348.03,345.77,344.94,345.72,346.73,347.7,348.71,345.6,334.51,331.35,329.27,327.62,325.65,323.97,322.27,320.44,318.72,316.95,315.38,313.73,312.01,310.5,309.04,307.53,305.99,304.45,303.12,301.65,300.29,298.98,297.54,296.33,295.2,293.85,292.69,291.59,290.29,289.25,288.16,287.0,285.92,284.89,284.03
21169,23,114.575,35.1,53.9,70.98,596.11,1022.81,952.33,919.93,935.2,960.87,983.2,931.48,916.35,933.33,955.74,930.16,851.76,838.49,851.74,846.14,795.79,800.31,772.77,739.3,707.41,698.6,698.51,700.07,699.37,699.4,698.22,699.47,697.91,699.42,698.16,699.21,695.65,699.25,697.92,699.74,699.3,699.87,699.61,698.96,699.86,699.84,700.02,699.84,699.71,700.06,699.28,699.65,699.84,699.73,699.67,699.77,699.75,699.89,700.04,700.05,700.08,700.01,699.94,700.07,699.95,699.98,699.77,700.06,700.03,699.63,699.83,699.93,700.01,699.95,700.1,699.97,699.62,700.23,700.06,699.8,699.28,699.57,700.5,700.41,700.2,699.87,699.46,678.64,549.6,415.07,283.24,153.23,40.0,26.05,29.6,47.55,34.99,27.72,26.75,25.91,25.39,25.29,25.46,24.79,25.06,25.28,25.24,25.31,25.46,24.79,24.75,25.03,25.1,25.06,25.0,25.12,25.1,25.18,25.19,25.16,25.08,25.08,25.42,25.18,25.19,25.18,25.23,25.21,25.13,-0.52,-0.52,-0.49,-0.51,0.59,12.09,23.12,35.93,49.2,62.1,67.04,75.02,86.97,99.74,106.15,102.2,107.72,118.77,128.58,127.34,147.21,157.77,162.69,166.61,174.38,187.24,200.27,213.5,226.68,240.46,254.97,268.99,283.96,300.91,336.24,370.09,396.87,417.54,435.11,449.67,461.82,472.22,481.73,490.09,497.74,504.81,511.04,516.77,521.6,525.98,529.46,532.49,534.53,535.75,536.2,535.36,533.32,529.82,525.24,519.18,512.2,504.5,495.89,487.02,478.3,469.36,461.02,452.82,444.97,437.55,429.91,422.4,414.94,407.29,399.78,392.66,385.71,379.53,373.77,368.64,364.17,360.28,356.93,353.94,351.4,348.9,346.5,345.92,346.66,347.58,348.77,349.57,346.48,335.57,332.27,330.33,328.59,326.81,325.03,323.19,321.5,319.77,317.91,316.37,314.7,313.04,311.57,309.93,308.53,306.94,305.6,304.15,302.69,301.33,299.98,298.63,297.46,296.08,294.94,293.7,292.57,291.36,290.25,289.21,288.13,287.06,286.05,285.0
21170,23,114.513,34.81,53.2,70.26,595.55,1021.53,950.98,918.24,933.29,959.06,980.69,929.17,915.58,932.81,955.44,930.36,852.56,839.68,853.36,847.38,796.77,801.24,773.19,739.82,706.87,698.39,698.32,700.03,699.62,700.0,698.05,699.82,697.78,699.61,697.93,698.53,695.93,699.56,697.38,699.67,699.36,699.94,699.59,699.05,699.73,700.11,699.77,699.8,699.97,699.84,699.7,699.83,699.95,699.36,699.49,699.82,699.74,699.86,699.93,699.95,700.08,699.84,699.98,700.03,699.95,700.01,699.85,699.96,700.03,699.84,700.12,699.71,699.57,700.02,700.01,700.02,700.16,700.15,699.83,699.43,699.43,700.22,699.97,699.8,699.54,699.27,699.16,678.14,548.95,414.26,282.57,152.65,39.36,26.09,29.67,47.9,34.56,27.63,26.63,25.97,25.32,25.38,26.0,24.44,25.1,25.28,25.13,25.17,25.21,25.22,24.71,25.18,25.1,24.99,25.03,25.17,25.27,24.9,25.27,25.11,25.21,25.11,25.19,25.03,25.13,25.21,25.14,25.19,25.32,-0.3,-0.41,-0.52,-0.58,0.5,12.13,23.02,35.61,48.92,61.75,66.64,74.69,86.69,99.47,105.89,101.79,107.47,118.49,128.13,127.24,147.37,157.2,161.87,165.64,173.5,186.12,199.1,212.38,225.75,239.23,253.43,267.38,282.22,297.85,330.15,364.96,392.18,413.8,431.84,446.67,459.37,470.1,479.73,488.11,496.08,503.12,509.4,515.34,520.57,524.84,528.67,531.86,534.09,535.56,536.29,535.58,533.72,530.55,526.05,520.41,513.68,505.93,497.61,488.8,479.98,471.26,462.63,454.47,446.66,439.02,431.54,424.09,416.45,408.95,401.57,394.32,387.45,381.08,375.17,370.05,365.56,361.65,358.27,355.26,352.51,350.18,347.8,347.02,347.84,348.82,349.88,350.91,347.73,336.69,333.52,331.68,329.88,327.97,326.24,324.43,322.62,320.94,319.27,317.51,315.97,314.26,312.64,311.21,309.57,308.14,306.72,305.24,303.87,302.4,301.1,299.77,298.5,297.15,295.94,294.78,293.61,292.4,291.29,290.23,289.15,288.01,287.0,286.0
21171,23,114.489,35.49,54.47,69.37,584.03,1020.28,951.29,919.12,934.25,959.89,980.24,928.84,915.7,932.94,955.57,929.76,852.02,839.41,853.05,847.19,797.03,801.39,773.5,739.1,707.2,698.55,698.52,699.79,699.51,699.34,698.44,699.71,697.95,699.55,697.79,699.03,696.11,698.78,698.04,699.6,699.76,699.45,699.63,699.14,699.87,699.57,700.05,699.83,699.94,699.39,699.83,699.3,699.79,699.92,699.81,699.7,699.73,700.02,699.99,699.88,700.03,699.93,699.96,699.97,700.03,699.98,700.02,700.03,700.12,699.97,700.1,699.97,699.48,700.11,699.79,699.82,700.1,699.82,699.79,700.54,700.4,699.89,699.69,699.46,699.38,699.09,699.0,678.99,548.42,414.3,282.77,152.66,39.5,25.95,29.78,47.43,34.93,27.63,26.6,25.85,25.27,25.43,25.3,24.97,25.2,25.36,25.2,25.0,25.05,25.09,25.23,25.15,25.02,25.0,25.05,25.54,24.64,25.13,25.19,25.25,25.1,25.07,25.45,25.16,25.25,25.32,25.1,25.21,25.17,-0.47,-0.41,-0.34,-0.44,0.44,11.75,22.85,35.31,48.5,61.37,66.49,74.42,86.29,99.19,105.41,101.47,107.32,118.3,127.91,126.7,146.46,156.75,161.12,165.06,172.81,185.84,198.33,211.53,224.72,238.36,252.65,266.35,281.19,295.52,320.53,356.6,385.91,408.31,427.47,442.96,456.24,467.44,477.26,486.26,494.31,501.56,508.2,514.1,519.18,523.76,527.52,530.66,533.28,534.9,535.53,534.95,533.05,529.86,525.49,519.83,512.93,505.43,496.77,487.89,479.19,470.3,461.78,453.43,445.46,438.01,430.47,422.98,415.58,408.08,400.54,393.45,386.53,380.07,374.33,369.08,364.46,360.65,357.26,354.2,351.57,349.14,346.64,346.08,346.83,347.73,348.97,349.89,346.7,335.74,332.38,330.42,328.74,326.94,325.22,323.33,321.69,319.96,318.27,316.59,315.01,313.27,311.71,310.24,308.58,307.19,305.68,304.21,302.83,301.39,300.01,298.71,297.41,296.11,294.83,293.66,292.45,291.2,290.15,289.01,287.89,286.91,285.81,284.87
21172,23,114.451,34.96,54.27,71.39,595.09,1022.88,954.01,921.66,936.63,963.38,985.53,932.53,920.13,937.99,960.67,935.82,858.08,845.23,858.94,853.38,802.34,805.17,775.94,740.52,706.81,698.12,698.66,699.76,700.04,698.66,698.04,700.13,697.1,700.03,696.37,697.92,698.57,698.13,696.85,699.81,699.74,699.36,699.62,700.21,699.44,700.1,699.28,700.0,700.15,699.21,699.85,700.05,699.19,699.82,699.78,699.94,699.63,699.96,700.03,700.05,700.01,700.02,699.9,699.93,699.97,699.86,700.06,699.93,699.95,699.99,700.14,699.73,699.41,700.21,700.04,699.7,699.36,699.05,699.31,700.81,700.61,700.36,700.09,699.95,699.7,699.46,699.36,677.99,549.36,414.05,282.43,152.85,39.11,26.05,29.54,47.39,35.08,27.89,26.69,25.88,25.33,25.32,25.4,25.12,25.31,25.22,25.07,25.19,25.23,25.0,24.95,25.17,25.1,24.98,25.1,25.66,24.42,25.17,25.28,25.12,25.16,25.1,25.34,24.63,25.27,25.38,25.27,25.13,25.19,-0.43,-0.44,-0.38,-0.4,0.7,12.64,23.82,36.39,49.57,62.46,67.57,75.62,87.51,100.61,107.05,102.96,108.74,119.8,129.57,128.08,147.38,157.84,162.14,165.63,173.32,186.27,198.85,212.15,225.25,238.84,252.83,266.78,281.22,295.68,316.05,350.84,380.04,403.81,422.82,439.0,452.48,464.08,474.33,483.42,491.57,499.02,505.71,511.64,516.94,521.53,525.45,528.55,530.83,532.22,532.89,532.22,530.32,527.15,522.41,516.61,509.76,501.78,493.3,484.31,475.43,466.3,457.84,449.51,441.55,433.95,426.54,419.21,411.82,404.54,397.32,390.28,383.53,377.16,371.41,366.0,361.47,357.48,353.95,351.01,348.21,345.64,343.28,342.49,343.3,344.39,345.34,346.38,343.21,332.24,329.13,327.18,325.42,323.57,321.83,320.04,318.44,316.58,314.88,313.24,311.61,309.97,308.31,306.75,305.29,303.67,302.29,300.75,299.33,297.95,296.51,295.29,293.93,292.68,291.31,290.21,288.89,287.75,286.61,285.52,284.43,283.4,282.41,281.27
21173,23,114.431,34.88,54.16,70.87,600.56,1026.26,959.19,926.72,941.59,969.1,989.35,937.53,923.52,941.11,963.74,940.38,861.61,847.56,860.89,856.55,803.77,806.97,777.5,741.94,706.42,697.53,699.16,699.53,700.3,697.79,698.47,699.6,697.52,699.37,696.98,698.22,699.24,696.56,698.29,699.62,699.65,699.02,699.75,699.9,699.44,699.9,700.13,699.58,699.81,700.0,699.72,699.68,699.68,699.87,699.97,699.16,699.88,699.73,699.98,700.05,700.0,699.77,699.96,700.05,699.85,699.8,699.89,700.09,699.99,699.89,700.0,699.84,700.01,699.9,699.81,700.03,699.71,700.01,700.03,699.8,699.37,699.45,700.63,700.59,700.27,700.05,700.06,679.38,551.44,415.9,284.42,155.05,40.31,25.82,29.43,46.9,35.7,27.68,26.8,25.94,25.47,25.42,25.23,24.99,25.29,25.18,25.18,24.91,25.62,24.56,25.0,25.16,25.16,24.97,25.08,25.78,24.28,25.14,25.35,25.19,25.27,25.22,25.55,24.7,25.27,25.12,25.32,25.0,25.1,-0.51,-0.32,-0.36,-0.49,0.53,12.34,23.66,36.26,49.53,62.48,67.71,75.78,87.62,100.89,107.62,103.29,109.11,120.3,130.34,128.81,148.89,158.82,163.05,166.01,173.59,186.66,198.8,212.21,225.28,239.1,252.53,266.55,280.82,295.57,313.87,347.48,377.16,401.7,421.05,437.56,451.4,463.23,473.56,482.82,491.05,498.5,505.35,511.5,516.81,521.34,525.37,528.37,530.77,532.35,532.86,532.0,530.21,526.66,522.05,516.22,509.19,501.29,492.77,483.78,475.01,465.89,457.2,448.99,441.0,433.42,426.03,418.6,411.18,403.94,396.71,389.54,382.9,376.47,370.69,365.53,360.99,357.03,353.58,350.59,347.91,345.27,342.93,342.14,342.88,344.06,345.26,346.06,343.3,332.33,328.97,327.28,325.37,323.65,321.76,320.15,318.24,316.45,314.9,313.1,311.51,309.86,308.35,306.94,305.21,303.78,302.26,300.77,299.34,297.99,296.67,295.38,293.92,292.69,291.39,290.22,289.11,287.95,286.89,285.57,284.67,283.51,282.56,281.54
21174,23,114.419,34.56,53.5,69.94,598.27,1025.99,959.16,927.83,945.6,971.01,991.06,939.48,925.4,942.51,965.19,942.17,862.81,848.41,861.62,857.44,804.43,807.5,777.8,742.52,706.82,697.73,699.07,699.5,699.96,697.92,698.63,699.81,697.31,699.23,697.58,698.58,699.43,696.31,698.58,699.02,699.59,698.65,699.85,699.5,699.34,699.74,700.23,699.9,699.74,699.77,699.76,699.49,699.89,699.83,699.62,699.28,699.89,699.65,699.97,699.94,699.95,699.96,699.99,699.98,700.12,700.01,699.97,700.12,700.02,699.84,700.04,699.97,700.06,699.96,699.9,699.97,699.99,699.68,700.31,700.19,699.75,699.62,699.35,699.11,699.31,701.25,701.15,678.98,550.33,415.65,284.56,154.85,40.33,25.91,29.22,46.86,35.87,27.79,26.75,25.91,25.37,25.3,25.26,25.28,25.18,25.13,25.11,25.38,24.84,25.07,25.01,25.18,25.15,25.07,25.53,24.67,24.81,25.19,25.16,25.02,25.33,25.2,24.95,25.18,25.31,25.16,25.18,25.27,25.84,-0.56,-0.35,-0.32,-0.47,0.69,12.67,23.66,36.46,49.84,62.88,68.01,75.94,87.89,100.97,107.88,103.78,109.44,120.45,130.29,128.92,148.63,158.5,162.91,165.98,173.27,186.24,198.52,211.69,224.76,238.38,251.99,266.08,280.28,295.09,312.0,344.34,374.73,399.58,419.06,435.96,449.98,461.86,472.19,481.58,489.92,497.6,504.43,510.51,515.7,520.57,524.41,527.55,530.08,531.66,532.27,531.61,529.74,526.44,521.96,516.07,509.15,501.34,492.68,483.75,474.72,465.79,457.09,448.81,440.79,433.34,425.81,418.45,411.18,403.79,396.58,389.53,382.73,376.47,370.58,365.24,360.78,356.67,353.36,350.33,347.57,345.11,342.61,341.91,342.73,343.69,344.85,345.86,342.89,331.93,328.62,326.74,324.95,323.14,321.51,319.62,317.96,316.2,314.38,312.87,311.17,309.52,308.07,306.39,304.95,303.28,301.9,300.57,298.96,297.57,296.14,294.88,293.57,292.2,291.1,289.82,288.61,287.43,286.39,285.21,284.07,283.22,282.04,281.15
21175,23,114.416,34.08,53.33,69.01,595.12,1025.44,959.48,928.82,943.85,968.99,990.45,939.21,925.0,941.96,964.35,940.69,861.63,847.24,860.64,856.42,803.52,806.52,777.19,741.87,706.91,697.86,699.34,699.54,700.07,697.92,698.58,699.7,697.22,699.65,696.99,698.08,699.09,697.22,697.43,699.67,699.45,698.87,699.7,700.14,698.9,700.03,699.53,699.93,699.82,699.91,699.96,699.69,699.57,699.76,700.03,699.16,699.81,699.65,700.01,699.98,700.14,699.98,700.04,699.97,700.03,699.92,699.97,700.04,699.93,699.93,699.96,700.07,700.06,699.93,699.75,700.01,700.04,699.8,700.03,700.02,700.11,700.06,699.76,699.59,700.41,700.32,700.23,679.49,550.81,415.98,284.58,154.65,40.12,25.97,29.26,46.39,36.08,27.74,26.98,26.06,25.32,25.24,25.32,25.29,25.21,25.07,25.03,25.1,25.1,25.08,25.02,25.1,24.96,25.05,25.32,24.94,25.17,25.08,25.23,25.17,25.16,25.02,25.16,25.21,25.24,25.24,25.29,25.32,25.36,-0.44,-0.44,-0.53,-0.41,0.58,12.39,23.57,36.56,49.83,62.94,68.1,75.99,87.96,101.06,107.65,103.6,109.36,120.29,130.24,128.82,148.53,158.47,162.76,165.9,173.27,186.45,198.8,211.83,224.82,238.42,252.14,266.17,280.5,295.15,312.9,346.13,376.19,400.73,420.25,436.92,450.68,462.81,473.16,482.22,490.66,498.11,504.89,510.91,516.26,521.0,524.98,528.01,530.55,532.11,532.67,532.0,529.93,526.62,521.91,515.95,509.05,501.21,492.56,483.48,474.61,465.47,456.8,448.52,440.63,433.01,425.57,418.33,410.97,403.51,396.4,389.39,382.58,376.26,370.28,365.28,360.67,356.66,353.39,350.23,347.49,345.05,342.55,341.82,342.55,343.72,344.78,345.71,342.97,331.82,328.54,326.65,324.98,323.11,321.33,319.56,317.83,316.15,314.37,312.8,311.17,309.46,307.87,306.27,304.77,303.19,301.8,300.25,298.89,297.53,296.13,294.69,293.41,292.15,290.81,289.64,288.41,287.33,286.16,285.12,284.03,282.9,281.86,280.81
21176,23,114.441,33.88,52.63,69.06,597.67,1025.3,957.85,926.64,941.7,967.26,988.59,937.41,923.54,940.5,963.02,937.99,859.4,845.78,859.17,853.8,801.66,804.79,775.62,741.5,707.08,697.84,698.75,699.58,699.94,698.52,698.34,700.15,696.74,700.06,696.24,698.4,698.5,697.97,697.32,699.7,699.77,698.94,699.71,700.03,698.77,699.73,699.83,699.82,699.88,699.9,699.49,699.42,699.74,699.56,699.97,699.98,699.95,699.98,699.92,699.97,700.02,700.02,699.98,699.82,699.99,700.04,699.97,699.96,700.01,699.95,699.87,699.95,699.98,699.64,700.16,699.84,699.57,699.29,700.35,700.22,700.05,699.61,699.47,699.18,699.06,699.39,701.07,679.18,549.84,415.17,283.72,154.26,39.76,25.92,29.36,47.23,35.17,27.73,26.82,25.85,25.46,25.41,25.17,25.24,25.3,25.1,25.1,25.17,25.1,25.26,25.12,25.02,25.01,25.13,25.64,24.48,25.0,25.2,25.26,24.97,25.25,25.2,25.3,25.36,25.19,25.27,25.12,25.12,25.14,-0.48,-0.47,-0.48,-0.59,1.01,13.96,25.23,38.07,51.36,64.04,69.03,77.12,88.96,101.99,108.57,104.33,109.91,121.03,130.81,128.57,147.46,158.76,163.35,166.62,173.98,187.06,199.89,213.32,226.34,240.23,254.29,268.13,282.86,297.37,321.09,356.81,384.75,407.7,426.24,441.8,454.84,466.28,476.24,484.94,492.98,500.26,506.68,512.76,517.9,522.28,526.22,529.26,531.61,533.2,533.65,533.0,531.15,527.64,523.05,517.17,510.04,502.19,493.6,484.51,475.6,466.6,458.11,449.71,441.91,434.32,426.81,419.45,411.97,404.54,397.19,389.96,383.19,376.8,370.96,365.91,361.3,357.44,354.14,351.09,348.59,345.96,343.67,342.96,343.61,344.8,345.7,346.83,343.95,332.82,329.6,327.66,325.9,324.15,322.31,320.64,318.91,317.08,315.54,313.7,312.21,310.44,308.87,307.41,305.68,304.31,302.8,301.36,299.82,298.6,297.13,295.98,294.54,293.39,292.0,290.96,289.59,288.5,287.34,286.33,285.27,284.16,283.06,282.1
21177,23,114.429,35.06,53.87,70.22,601.02,1026.09,958.46,926.79,940.91,966.77,988.15,936.87,922.99,939.75,962.34,938.39,859.31,845.64,859.18,855.19,803.21,806.18,776.96,742.38,706.99,697.74,698.98,699.46,700.14,698.0,698.43,699.85,697.21,699.63,697.34,698.23,699.23,696.97,698.22,699.47,699.27,698.9,699.98,699.91,699.49,699.7,700.05,699.96,699.94,699.55,699.69,700.02,699.06,699.51,699.59,699.79,699.73,699.91,699.97,699.97,699.96,699.93,699.95,699.98,700.04,699.9,699.88,699.97,699.93,700.05,699.87,699.99,699.79,700.17,699.87,699.98,699.87,700.16,699.87,699.57,700.01,700.22,699.92,699.68,699.34,699.22,699.0,679.67,551.32,416.11,284.66,155.18,40.41,26.24,29.05,46.76,35.61,27.69,26.82,25.88,26.09,24.46,24.83,25.43,25.51,25.17,25.07,25.26,24.83,25.02,25.05,24.99,24.95,25.23,25.1,25.16,25.1,25.08,25.19,25.14,25.12,25.28,24.94,25.14,25.35,25.19,25.31,25.49,25.09,-0.59,-0.58,-0.4,-0.57,0.51,12.2,23.1,35.76,49.12,62.14,67.23,75.5,87.4,100.33,107.09,102.96,108.67,119.87,129.92,129.87,150.14,158.48,162.97,166.08,173.4,186.37,198.86,212.14,224.97,238.77,252.41,266.63,280.73,295.69,317.51,352.79,381.52,405.32,423.95,439.81,453.03,464.47,474.55,483.54,491.6,499.02,505.7,511.55,516.93,521.53,525.43,528.63,530.83,532.67,533.29,532.76,531.09,527.82,523.47,517.7,510.93,503.3,494.7,485.88,476.95,468.23,459.54,451.26,443.43,435.84,428.38,420.95,413.49,406.19,398.76,391.64,384.78,378.35,372.62,367.35,362.89,358.99,355.59,352.76,349.98,347.55,345.19,344.32,345.17,346.08,347.22,348.13,345.36,334.19,331.01,329.16,327.42,325.46,323.7,321.96,320.23,318.45,316.71,315.14,313.38,311.86,310.1,308.64,307.03,305.57,304.06,302.56,301.15,299.7,298.36,297.06,295.68,294.44,293.23,291.96,290.78,289.63,288.49,287.45,286.18,285.18,284.18,283.22
21178,23,114.435,34.66,53.42,69.63,597.3,1025.07,957.75,925.19,940.46,965.83,986.69,935.14,921.23,938.54,961.41,937.13,858.27,844.62,858.03,853.18,801.74,804.99,775.82,741.05,707.15,698.2,698.77,699.57,700.02,698.52,698.41,700.21,697.04,699.86,696.72,698.41,698.55,697.97,697.0,699.65,699.4,699.34,699.85,700.25,699.22,699.84,699.27,699.87,699.78,699.83,699.76,699.7,699.67,699.8,699.68,699.34,699.8,699.46,700.01,700.06,699.93,700.08,699.94,700.02,699.91,699.92,699.92,699.96,699.83,699.95,700.1,699.93,700.03,699.88,700.05,699.82,700.2,699.97,699.63,699.46,699.99,700.51,700.01,699.97,699.63,699.32,699.34,679.05,550.77,415.59,283.94,154.03,39.81,26.31,29.45,47.24,35.4,27.69,26.75,25.79,25.28,25.42,25.32,25.32,25.25,25.26,25.23,25.14,24.7,24.99,25.03,25.09,25.11,25.19,24.88,25.09,25.17,25.16,25.2,25.13,25.64,24.68,25.15,25.36,25.29,25.24,25.22,25.56,24.72,-0.43,-0.46,-0.45,-0.51,0.55,12.42,23.63,36.33,49.67,62.62,67.54,75.67,87.61,100.52,107.18,103.02,108.75,119.72,129.67,128.39,148.21,158.08,162.52,166.05,173.46,186.27,198.75,212.05,225.26,239.07,252.79,266.83,280.97,295.58,317.78,353.4,382.09,405.5,424.26,440.24,453.49,465.14,475.29,484.38,492.5,499.92,506.51,512.46,517.75,522.4,526.31,529.38,531.79,533.41,534.07,533.27,531.42,527.95,523.4,517.48,510.44,502.64,494.08,485.14,476.2,467.3,458.53,450.37,442.5,434.86,427.53,419.83,412.51,405.01,397.65,390.47,383.61,377.24,371.4,366.36,361.84,357.99,354.71,351.66,349.02,346.48,344.14,343.37,344.1,345.24,346.17,347.13,344.3,333.17,330.03,328.05,326.27,324.53,322.67,320.97,319.17,317.45,315.73,314.02,312.46,310.78,309.24,307.59,306.25,304.56,303.24,301.64,300.23,298.85,297.51,296.16,294.85,293.59,292.34,291.13,289.88,288.79,287.58,286.58,285.5,284.45,283.4,282.51
21179,23,114.438,34.17,52.74,68.62,594.91,1023.45,955.55,923.56,939.0,964.61,985.47,934.05,920.66,937.7,960.3,936.02,857.32,843.68,857.0,851.83,801.07,804.22,775.25,740.61,707.54,698.01,698.57,699.85,699.87,698.71,697.69,699.89,697.74,699.5,697.36,697.94,698.42,698.35,696.89,699.66,699.68,699.47,699.44,699.98,699.09,699.99,699.8,699.84,700.09,699.56,699.74,699.92,699.4,699.74,700.01,699.79,699.74,699.92,699.98,699.95,699.96,700.01,699.92,700.03,700.01,699.92,699.98,700.02,699.94,699.86,699.98,700.01,699.86,699.97,700.16,700.16,699.73,699.45,699.47,700.65,700.52,700.08,699.82,699.54,699.42,699.24,699.1,678.92,549.92,414.86,283.1,153.51,40.09,25.87,29.74,47.03,35.13,27.69,26.64,25.83,25.38,25.3,25.29,25.27,25.18,25.16,25.04,25.18,25.11,25.1,25.0,24.83,24.94,25.24,25.16,25.16,24.9,24.93,25.17,24.97,25.7,24.7,25.17,25.34,25.16,25.24,25.42,24.91,24.88,-0.54,-0.44,-0.47,-0.5,0.63,12.78,23.7,36.44,49.89,62.73,67.7,75.76,87.73,100.85,107.17,103.23,108.88,119.8,129.8,128.58,148.7,158.49,162.82,166.43,173.88,186.9,199.3,212.44,225.66,239.1,252.43,266.79,280.95,295.98,317.97,353.5,382.32,405.73,424.48,440.45,453.8,465.46,475.43,484.65,492.85,500.34,507.11,512.99,518.4,522.8,526.7,529.85,532.35,533.82,534.37,533.68,531.71,528.56,523.76,518.02,510.96,503.17,494.63,485.6,476.61,467.74,459.17,450.96,443.06,435.38,427.93,420.49,413.05,405.43,398.23,391.17,384.29,378.03,372.22,367.19,362.68,358.9,355.52,352.63,349.95,347.56,345.13,344.39,345.15,346.17,347.23,348.06,345.18,334.14,331.05,329.18,327.27,325.55,323.67,322.06,320.27,318.52,316.7,315.21,313.45,311.89,310.21,308.8,307.13,305.62,304.06,302.81,301.32,300.02,298.51,297.25,295.83,294.62,293.44,292.14,291.09,289.76,288.78,287.55,286.53,285.51,284.55,283.38
21180,23,114.454,34.33,53.09,68.44,589.56,1022.8,956.09,923.9,939.22,964.56,985.79,934.39,920.53,937.48,959.86,935.43,856.72,843.27,856.71,851.48,800.95,804.25,775.42,740.37,706.87,698.3,698.5,699.73,699.88,698.91,698.3,700.09,697.1,700.33,696.47,697.51,698.15,699.11,696.1,699.83,699.57,700.13,699.14,699.16,699.51,699.87,699.41,699.82,699.96,699.89,699.96,699.53,699.98,699.62,699.91,699.45,699.86,699.65,699.98,699.94,699.97,700.02,699.94,700.05,700.01,699.85,699.99,700.05,699.86,699.84,699.86,699.92,700.08,699.92,699.74,700.03,699.97,699.79,699.46,699.87,700.2,699.99,699.59,699.38,699.25,700.26,700.65,678.79,549.15,414.77,283.36,153.26,40.06,25.83,29.26,47.01,35.51,27.79,26.73,26.28,24.96,25.23,25.38,25.39,25.28,24.95,25.42,24.86,24.94,25.08,25.09,25.01,25.21,25.18,25.06,25.22,25.01,25.14,24.98,25.35,25.16,25.1,25.16,25.17,25.35,25.22,25.78,24.59,25.14,-0.55,-0.48,-0.54,-0.49,0.44,11.89,22.95,35.88,49.09,62.08,67.19,75.27,87.26,100.17,106.71,102.9,108.43,119.39,129.37,128.45,148.36,157.88,162.09,165.3,172.5,185.34,197.85,211.27,224.59,238.3,252.4,266.16,280.84,295.07,315.11,349.89,379.5,403.53,423.07,439.28,452.84,464.56,474.7,483.62,491.91,499.4,506.06,512.15,517.73,522.43,526.26,529.6,532.05,533.7,534.33,533.76,531.72,528.5,523.87,518.1,511.09,503.32,494.71,485.8,476.86,467.95,459.25,451.04,443.11,435.52,428.11,420.69,413.28,405.71,398.56,391.36,384.57,378.1,372.36,367.2,362.81,358.92,355.66,352.6,350.02,347.61,345.18,344.39,345.17,346.21,347.25,348.22,345.16,334.06,330.97,329.08,327.27,325.5,323.7,321.87,320.22,318.48,316.79,315.15,313.34,311.76,310.14,308.64,307.09,305.65,304.17,302.71,301.31,299.95,298.47,297.21,295.94,294.62,293.38,292.09,291.05,289.74,288.67,287.53,286.53,285.51,284.41,283.53
21181,23,114.456,34.22,53.09,69.23,594.59,1023.48,955.21,922.6,937.28,963.01,984.23,932.54,919.12,936.41,959.27,934.96,856.61,843.36,856.76,851.35,799.8,803.66,774.95,739.87,707.38,698.11,698.32,699.75,699.94,698.44,698.3,700.05,696.94,700.28,696.78,697.68,698.12,698.97,696.6,699.77,699.59,699.89,699.58,699.95,699.56,700.09,699.48,700.02,700.15,699.39,699.95,700.02,699.31,699.53,699.72,699.8,699.89,699.87,699.79,700.07,699.87,699.96,699.95,699.93,700.0,700.01,700.1,700.0,699.89,700.03,699.95,700.02,699.92,699.85,700.05,700.08,700.39,700.09,699.6,699.38,699.17,699.28,700.43,700.43,700.1,699.88,699.77,678.53,549.7,414.69,283.28,153.48,39.99,26.04,29.37,47.18,35.26,27.65,26.61,26.26,24.9,25.26,25.37,25.32,25.19,25.58,24.79,24.71,25.19,25.26,25.04,24.98,25.04,24.93,25.03,25.11,25.06,25.29,25.15,25.03,25.15,25.21,25.18,25.24,25.25,25.23,25.06,25.3,25.17,-0.34,-0.47,-0.44,-0.32,0.38,12.14,23.32,36.0,49.4,62.26,67.45,75.33,87.22,100.31,106.88,102.82,108.59,119.49,129.46,128.04,147.82,158.11,162.55,166.21,173.89,186.67,199.42,212.72,225.87,239.5,253.34,267.28,282.04,296.62,319.72,355.6,384.2,407.3,425.94,441.84,454.85,466.36,476.34,485.29,493.37,500.78,507.21,513.21,518.43,522.87,526.56,529.77,531.98,533.49,533.89,533.23,531.16,527.8,523.1,517.27,510.26,502.44,493.82,484.88,476.04,467.16,458.5,450.38,442.53,435.01,427.31,420.05,412.4,404.94,397.56,390.41,383.42,377.14,371.34,366.34,361.98,358.21,354.94,352.01,349.36,346.95,344.59,343.81,344.59,345.62,346.66,347.52,344.46,333.45,330.17,328.35,326.68,324.82,323.07,321.33,319.5,317.76,316.05,314.43,312.72,311.19,309.5,308.02,306.49,304.91,303.48,302.01,300.63,299.18,297.8,296.54,295.14,293.92,292.68,291.48,290.34,289.09,288.03,286.85,285.82,284.68,283.75,282.72
21182,23,114.44,34.82,53.84,70.77,598.54,1025.03,955.52,923.09,938.08,963.66,984.79,933.23,919.81,936.92,959.9,935.48,857.04,844.18,857.71,854.56,802.68,806.06,776.58,741.19,707.37,698.22,698.23,699.62,699.93,698.15,698.14,700.1,696.94,700.23,696.62,697.94,698.14,698.42,697.26,699.8,699.82,698.99,699.6,700.02,699.25,699.89,699.75,699.77,699.88,699.99,699.94,699.7,699.79,699.44,699.95,699.8,699.91,699.9,699.91,700.04,699.87,699.99,699.97,699.98,700.09,699.74,699.92,700.03,699.93,699.95,699.86,700.05,699.82,699.38,700.16,699.85,699.56,699.4,699.72,700.6,700.35,700.21,699.95,699.75,699.48,699.2,699.15,678.46,549.96,414.66,283.29,153.67,40.0,25.83,29.45,47.12,35.21,27.57,27.0,25.57,25.36,25.32,25.21,25.3,25.18,25.25,25.08,25.15,25.14,25.24,24.95,25.03,25.02,25.06,25.08,25.21,25.05,25.1,25.49,24.89,25.15,25.35,25.27,25.24,25.07,25.29,25.16,25.24,25.38,-0.52,-0.51,-0.43,-0.54,0.61,12.49,23.63,36.31,49.6,62.5,67.57,75.6,87.53,100.39,107.01,102.89,108.68,119.72,129.49,128.33,148.75,158.39,162.62,166.13,173.47,186.21,198.87,212.32,225.31,239.11,253.04,267.14,281.87,296.52,321.77,357.63,385.51,408.37,426.82,442.29,455.34,466.65,476.62,485.44,493.38,500.52,507.05,512.98,518.39,522.89,526.69,529.65,532.02,533.45,534.03,533.21,531.24,527.78,523.05,517.2,510.16,502.35,493.7,484.83,475.91,467.0,458.52,450.18,442.44,434.73,427.37,419.93,412.49,405.02,397.84,390.66,383.88,377.67,371.88,366.83,362.32,358.55,355.22,352.29,349.64,347.21,344.75,344.0,344.81,345.75,346.86,347.66,344.58,333.65,330.59,328.56,326.79,325.1,323.26,321.48,319.69,317.98,316.33,314.66,312.98,311.39,309.71,308.23,306.66,305.15,303.82,302.25,300.88,299.41,298.02,296.67,295.39,294.19,292.94,291.73,290.41,289.3,288.2,287.04,286.01,284.99,283.93,282.9
21183,23,114.382,34.64,53.75,69.75,593.57,1023.91,954.19,922.7,938.02,963.57,984.79,933.47,920.1,937.02,959.38,934.91,856.27,843.26,857.14,851.44,800.18,803.63,775.13,741.12,706.44,698.2,698.36,699.6,699.66,698.22,698.19,700.11,697.06,700.18,696.59,697.64,698.44,698.74,696.61,699.8,699.67,699.52,699.46,699.91,699.71,699.97,700.1,699.95,699.96,699.89,699.65,699.86,699.49,699.79,699.77,699.27,699.84,699.79,699.97,699.98,700.04,700.03,700.02,699.94,700.02,699.83,699.9,700.03,700.01,700.03,699.89,699.91,699.98,699.97,699.91,700.17,699.86,699.65,700.11,700.34,700.07,699.78,699.36,699.29,699.01,699.51,701.46,678.79,548.84,414.44,283.16,153.47,39.9,25.83,29.27,47.12,35.59,27.85,26.71,25.85,25.52,25.27,25.14,25.28,25.21,25.35,24.74,25.12,25.12,25.04,25.0,25.16,24.92,25.1,25.11,25.16,24.99,25.28,25.15,25.14,25.18,25.09,25.28,25.18,25.31,25.6,24.79,25.22,25.17,-0.4,-0.52,-0.48,-0.52,0.71,12.63,23.68,36.56,49.8,62.8,67.62,75.69,87.62,100.62,107.23,103.2,108.82,119.83,129.62,128.25,147.77,158.4,163.01,166.5,174.1,187.07,199.73,213.26,226.4,240.46,254.51,268.4,283.05,297.63,319.52,355.17,384.19,407.55,426.39,442.43,455.84,467.43,477.57,486.56,494.61,501.98,508.45,514.24,519.14,523.45,527.06,529.91,531.86,532.93,533.13,531.95,529.73,526.01,521.08,514.86,507.52,499.43,490.51,481.52,472.45,463.26,454.63,446.26,438.27,430.68,423.03,415.57,408.15,400.63,393.34,386.15,379.37,373.08,367.41,362.31,357.96,354.16,350.79,347.88,345.18,342.72,340.34,339.58,340.25,341.18,342.17,343.09,339.95,328.93,325.76,323.83,322.08,320.3,318.4,316.67,314.96,313.17,311.45,309.77,308.16,306.52,304.92,303.46,301.88,300.38,298.89,297.42,296.02,294.61,293.29,291.89,290.59,289.35,288.19,286.88,285.67,284.56,283.36,282.3,281.34,280.24,279.26,278.24
21184,23,114.4,35.18,53.94,71.9,603.56,1024.65,955.09,922.31,937.74,963.79,984.71,932.91,919.83,937.53,960.07,934.75,856.24,842.97,856.42,851.0,800.22,803.64,774.66,740.36,706.95,698.41,698.49,699.68,699.87,698.46,698.24,700.02,697.19,700.17,696.2,698.48,698.95,697.46,698.31,699.57,699.09,698.68,700.08,699.95,699.44,699.87,700.13,699.82,700.06,699.92,699.95,699.47,699.86,699.31,699.62,699.83,699.5,699.98,700.01,700.04,699.97,700.03,699.92,699.95,699.96,699.97,699.96,700.07,699.77,699.84,700.04,700.05,700.1,699.64,700.03,700.08,699.57,700.01,699.96,699.65,700.2,700.54,700.12,699.95,699.62,699.5,699.32,677.95,549.26,414.06,282.79,153.09,39.51,25.79,29.62,47.13,35.27,27.54,26.84,25.58,25.48,25.5,25.36,25.2,25.13,25.08,25.08,25.22,25.21,25.12,25.05,25.49,24.56,24.97,25.23,25.09,25.15,25.21,25.1,24.98,25.26,25.16,25.3,25.1,25.22,25.19,24.86,25.31,25.2,-0.55,-0.46,-0.5,-0.45,0.58,12.63,23.79,36.53,49.77,62.77,67.63,75.72,87.69,100.73,107.22,103.07,109.05,119.92,129.89,128.83,148.97,158.94,163.57,167.17,175.23,188.11,200.75,214.21,227.46,241.49,255.5,269.66,284.5,299.43,326.98,362.63,389.82,412.58,430.55,445.84,458.8,469.81,479.73,488.5,496.19,503.23,509.52,515.09,519.93,523.97,527.47,529.96,531.91,532.84,532.57,531.4,528.7,524.96,519.65,513.34,505.96,497.56,488.75,479.61,470.5,461.62,452.98,444.66,436.84,429.21,421.64,414.12,406.61,399.2,391.84,384.7,378.08,371.68,366.16,361.01,356.63,352.84,349.57,346.63,343.98,341.43,339.04,338.2,338.79,339.81,340.58,341.54,338.46,327.22,324.15,322.18,320.44,318.62,316.86,314.97,313.24,311.56,309.78,308.11,306.46,304.8,303.32,301.74,300.04,298.68,297.14,295.68,294.18,292.86,291.46,290.08,288.83,287.45,286.26,285.04,283.84,282.7,281.62,280.48,279.33,278.38,277.35,276.25
21185,23,114.359,35.11,54.14,69.3,592.63,1023.33,954.83,922.45,937.3,963.14,984.35,933.08,919.46,937.14,961.19,937.07,857.0,843.66,857.07,852.01,801.4,804.55,775.49,740.69,707.09,698.2,698.37,699.72,699.91,698.22,698.27,700.17,697.12,700.27,696.78,697.87,698.39,698.87,696.7,699.63,699.51,699.39,699.58,700.0,699.73,699.96,700.0,699.79,699.74,699.55,699.83,699.64,699.81,699.63,699.53,699.81,699.68,699.83,699.99,699.96,700.05,700.03,700.03,699.93,700.01,700.03,699.81,699.43,699.89,700.02,699.78,700.02,699.91,700.04,700.0,700.02,699.79,699.46,700.0,700.36,700.1,699.84,699.59,699.39,699.24,698.93,700.58,679.05,549.21,414.48,283.28,153.41,39.91,25.86,29.39,46.81,35.45,28.13,26.29,26.05,25.49,25.13,25.09,25.6,24.9,24.86,25.2,25.38,25.21,25.07,24.99,24.89,24.89,25.12,25.19,25.14,25.14,25.48,24.85,24.93,25.21,25.17,25.1,25.39,25.54,24.76,25.23,25.16,25.15,-0.45,-0.54,-0.45,-0.5,0.52,12.34,23.6,36.25,49.57,62.52,67.54,75.48,87.42,100.42,106.98,103.0,108.7,119.85,129.61,128.98,148.67,158.23,162.69,166.14,173.75,186.59,199.33,212.48,225.69,239.46,253.54,267.59,282.42,297.02,319.32,355.39,384.16,407.52,426.32,442.19,455.65,467.17,477.23,486.04,494.14,501.35,507.83,513.47,518.48,522.67,526.27,529.01,530.96,532.0,531.98,530.8,528.47,524.76,519.65,513.45,506.05,497.85,488.96,479.69,470.63,461.62,452.83,444.6,436.64,428.94,421.42,413.93,406.49,399.19,391.86,384.85,378.04,371.72,366.08,360.91,356.62,352.7,349.46,346.43,343.76,341.31,338.84,338.02,338.66,339.6,340.61,341.56,338.28,327.4,324.28,322.38,320.67,318.82,317.05,315.25,313.52,311.77,310.15,308.45,306.69,305.12,303.55,301.96,300.49,298.99,297.41,295.97,294.67,293.15,291.83,290.47,289.08,287.82,286.68,285.4,284.24,283.19,282.0,280.85,279.83,278.74,277.72,276.75
21186,23,114.363,34.22,52.85,68.87,592.16,1022.75,954.16,921.46,936.6,962.36,983.36,931.96,918.82,937.75,962.07,934.63,855.92,842.44,855.78,850.69,799.69,803.39,774.71,740.34,706.84,698.11,698.67,699.51,699.8,698.32,698.24,700.14,696.87,700.23,696.51,698.26,698.21,698.71,696.52,699.78,699.53,699.67,699.53,700.11,699.53,699.95,699.98,699.7,699.96,699.91,699.84,699.65,699.79,699.78,699.66,699.72,699.8,699.83,699.96,699.96,699.99,699.97,699.95,699.99,700.01,699.94,699.86,699.97,699.98,700.0,700.02,699.94,700.06,699.89,700.03,699.86,699.78,700.05,699.9,699.58,700.19,700.25,700.0,699.72,699.43,699.24,699.06,678.97,549.64,414.66,283.25,153.56,40.05,25.7,29.8,47.17,34.89,27.64,26.67,25.85,25.23,25.45,25.17,25.32,25.23,25.17,24.9,25.2,25.03,24.99,25.0,24.87,24.93,25.1,24.89,25.04,25.16,25.1,25.04,25.21,25.19,24.87,25.23,25.35,25.34,24.87,25.36,25.24,25.15,-0.5,-0.52,-0.56,-0.51,0.54,12.38,23.44,36.17,49.31,62.4,67.39,75.36,87.3,100.26,106.94,102.62,108.54,119.53,129.29,128.38,148.41,158.07,162.62,166.09,174.02,186.86,199.56,212.87,226.12,240.02,253.94,267.88,282.78,297.24,318.86,354.76,383.67,407.27,426.25,442.25,455.81,467.37,477.67,486.62,494.59,501.89,508.3,514.0,519.03,523.27,526.81,529.63,531.5,532.67,532.71,531.5,529.13,525.29,520.21,514.07,506.62,498.41,489.63,480.35,471.36,462.27,453.61,445.23,437.36,429.66,422.17,414.71,407.17,399.79,392.46,385.45,378.69,372.33,366.65,361.65,357.19,353.3,349.95,347.14,344.29,341.87,339.53,338.59,339.34,340.33,341.32,342.18,339.12,328.12,324.87,323.0,321.3,319.5,317.76,315.88,314.14,312.38,310.72,309.06,307.36,305.81,304.06,302.58,301.05,299.49,298.03,296.62,295.11,293.79,292.34,291.05,289.78,288.4,287.22,285.98,284.77,283.68,282.56,281.48,280.31,279.3,278.31,277.26
21187,23,114.358,34.37,54.53,69.23,586.08,1021.22,953.96,922.75,938.58,964.63,986.03,935.03,922.59,939.9,962.32,937.53,859.21,845.78,859.3,853.95,802.39,805.32,776.15,741.29,707.46,698.11,698.88,699.69,699.77,698.55,698.44,700.13,697.35,699.75,696.99,697.97,698.75,698.11,696.85,699.83,699.65,699.84,699.31,699.87,699.54,699.98,699.49,699.96,699.98,699.45,699.97,699.59,699.72,700.03,699.09,699.79,700.01,699.59,699.95,699.97,699.95,699.92,699.81,699.91,699.94,700.07,699.94,699.93,699.94,699.94,699.93,699.95,700.07,699.79,699.67,700.14,699.8,699.67,700.21,699.95,699.64,699.21,699.76,700.32,700.32,699.99,699.76,678.73,549.83,414.83,283.09,153.5,40.05,25.84,29.7,47.03,35.28,27.09,26.75,25.91,25.59,25.22,25.14,25.67,24.51,25.38,25.17,25.15,25.05,25.14,25.27,24.81,24.97,25.05,24.96,25.14,25.27,25.05,25.16,25.11,24.98,25.13,25.21,25.16,25.0,25.2,25.17,25.07,25.24,-0.41,-0.46,-0.44,-0.41,0.5,12.33,23.54,36.38,49.63,62.56,67.66,75.69,87.84,100.76,107.41,103.31,109.04,120.25,130.06,128.43,147.42,158.23,162.83,166.24,173.76,186.77,199.45,212.62,226.02,239.94,253.46,267.61,282.15,296.63,312.95,343.44,374.37,399.65,419.9,436.9,451.11,463.24,473.88,483.19,491.64,499.03,505.93,511.72,517.01,521.38,525.0,527.86,529.91,531.0,531.05,529.9,527.53,523.77,518.66,512.36,504.86,496.69,487.79,478.41,469.25,460.12,451.33,442.9,434.91,427.37,419.78,412.43,405.15,397.82,390.7,383.7,376.9,370.68,364.96,359.9,355.41,351.59,348.28,345.28,342.57,339.98,337.56,336.82,337.5,338.46,339.58,340.44,337.38,326.24,323.09,321.23,319.48,317.58,315.87,314.1,312.31,310.58,308.81,307.22,305.58,303.89,302.3,300.83,299.19,297.64,296.29,294.8,293.37,291.93,290.59,289.16,287.89,286.61,285.45,284.18,282.9,281.74,280.74,279.67,278.47,277.5,276.48,275.43
21188,23,114.313,34.0,52.68,68.36,590.85,1023.79,957.4,926.01,941.23,966.89,989.64,939.64,925.43,942.48,965.57,941.3,863.09,849.6,863.22,858.3,805.63,807.81,777.9,742.0,706.95,697.88,698.88,699.48,699.89,698.33,698.59,699.76,697.23,699.11,697.75,698.52,698.93,695.89,698.61,698.99,699.13,699.26,699.85,699.85,699.5,699.86,699.98,700.02,699.73,700.05,699.53,699.9,699.74,699.63,699.4,699.78,699.89,699.92,699.99,699.96,699.93,699.99,700.0,700.0,699.87,699.99,699.97,700.01,700.03,699.96,699.89,700.0,699.93,700.04,699.91,700.07,699.74,699.58,699.97,700.12,699.74,699.58,699.38,700.26,700.72,700.33,700.08,678.7,550.02,415.24,284.01,154.37,39.9,25.96,28.94,46.95,35.98,27.7,26.75,25.95,25.51,25.31,25.16,25.32,25.23,25.24,25.13,25.13,25.03,25.29,24.69,25.2,25.01,25.09,25.11,25.22,25.11,25.12,25.17,25.17,25.2,25.05,25.28,25.39,25.34,25.2,25.19,25.36,25.24,-0.49,-0.36,-0.4,-0.51,0.75,13.28,24.5,37.38,50.64,63.67,68.68,76.89,88.76,101.89,108.49,104.39,110.16,121.32,131.4,129.37,148.4,158.97,163.26,166.38,173.53,186.73,199.39,212.36,225.78,239.66,253.18,267.35,281.44,296.32,311.8,340.23,371.68,397.39,417.6,434.92,449.25,461.58,472.29,481.71,490.22,497.94,504.73,510.67,516.09,520.45,524.24,527.1,529.25,530.43,530.56,529.58,527.14,523.37,518.43,512.17,504.81,496.55,487.62,478.31,469.13,459.94,451.14,442.82,434.71,427.1,419.65,412.32,405.03,397.76,390.58,383.55,376.79,370.46,364.77,359.54,354.92,350.93,347.56,344.48,341.68,339.21,336.81,335.97,336.71,337.78,338.76,339.73,336.78,325.71,322.44,320.59,318.84,317.08,315.31,313.61,311.82,310.05,308.37,306.62,304.99,303.33,301.73,300.19,298.64,297.09,295.55,294.07,292.65,291.27,289.87,288.56,287.17,285.88,284.65,283.38,282.28,281.05,279.87,278.79,277.71,276.65,275.63,274.63
21189,23,114.35,34.29,53.17,69.37,597.91,1026.65,960.66,928.69,943.63,969.31,994.77,941.26,924.95,941.79,964.57,941.23,862.1,847.83,860.94,857.4,804.81,807.42,777.77,742.33,707.58,697.9,699.13,699.52,700.04,697.87,698.61,699.89,697.16,699.27,697.64,698.5,699.45,696.42,698.67,699.33,699.25,699.11,699.85,699.54,699.47,699.75,699.98,699.84,699.89,700.05,699.78,699.53,699.71,699.62,699.47,699.35,699.91,699.35,699.95,700.05,699.96,699.95,700.07,700.02,700.02,700.01,699.99,699.97,700.01,699.96,700.06,699.92,700.03,699.93,700.11,699.97,699.64,699.94,700.21,700.06,699.74,699.53,699.27,698.94,699.98,701.18,700.98,679.22,551.05,416.34,285.37,155.72,40.9,25.74,28.74,47.0,35.75,27.85,26.91,25.96,25.4,25.29,25.42,25.16,25.3,25.28,24.98,25.21,25.03,25.59,24.28,25.2,25.23,25.11,25.1,25.36,24.97,25.07,25.31,25.21,25.11,25.12,25.31,25.27,25.48,25.21,25.29,25.1,25.0,-0.46,-0.53,-0.51,-0.5,0.58,12.8,24.12,36.89,50.31,63.33,68.43,76.54,88.39,101.38,108.12,104.05,109.62,120.65,130.92,129.51,148.92,159.37,163.69,166.88,174.19,187.43,200.06,213.26,226.45,240.42,254.06,268.19,282.68,297.47,315.64,349.03,378.86,403.32,422.62,439.01,452.74,464.42,474.77,483.98,492.01,499.47,505.98,511.8,516.73,521.15,524.84,527.59,529.44,530.6,530.73,529.54,527.13,523.37,518.37,512.16,504.78,496.4,487.66,478.46,469.23,460.03,451.28,442.94,434.96,427.25,419.78,412.41,405.02,397.7,390.44,383.46,376.68,370.33,364.47,359.22,354.72,350.69,347.27,344.16,341.38,338.87,336.38,335.51,336.12,337.07,338.18,339.02,336.14,324.98,321.69,319.8,318.11,316.25,314.49,312.69,310.98,309.24,307.42,305.78,304.15,302.54,300.87,299.3,297.82,296.26,294.73,293.27,291.84,290.48,289.04,287.72,286.42,285.12,283.87,282.65,281.35,280.31,279.11,278.07,276.98,275.94,274.87,273.84
21190,23,114.396,34.41,53.32,70.14,599.72,1026.24,959.9,927.82,942.59,968.95,990.15,937.97,924.16,941.55,964.0,939.27,860.36,846.76,859.98,855.0,803.84,806.46,776.68,741.48,706.45,697.76,699.07,699.63,700.18,697.85,698.61,699.81,697.35,699.49,697.45,698.36,699.42,696.4,698.91,699.08,698.95,699.22,699.84,699.5,699.66,699.78,700.14,699.63,700.03,699.82,699.59,699.96,699.39,699.39,699.73,699.8,699.35,699.89,699.92,699.96,699.97,699.99,700.01,700.0,700.04,699.99,699.96,699.95,699.94,700.07,699.65,699.75,700.07,699.81,699.26,699.97,700.02,699.7,699.25,699.2,700.44,700.55,700.15,699.96,699.73,699.53,699.35,678.45,550.07,414.8,283.55,153.85,40.15,25.45,28.85,47.1,35.7,27.86,26.79,26.17,25.19,25.22,25.29,25.23,24.92,25.03,25.07,25.06,25.36,24.91,24.89,25.05,25.03,24.98,24.98,25.76,24.14,25.17,25.42,25.16,25.16,25.0,25.42,25.09,25.16,25.13,25.34,25.23,25.16,-0.44,-0.53,-0.47,-0.45,0.52,12.43,23.64,36.51,49.87,62.91,68.24,76.19,88.11,101.24,107.76,103.73,109.49,120.6,130.51,129.8,149.89,159.31,163.89,167.08,174.84,188.07,200.64,213.94,227.23,241.05,254.72,269.09,283.57,298.47,318.85,353.86,382.95,406.95,425.71,441.74,455.23,466.83,477.18,486.38,494.4,501.5,508.05,513.9,518.91,523.25,526.8,529.58,531.48,532.54,532.6,531.35,528.85,525.0,519.9,513.56,506.08,497.84,488.97,479.66,470.54,461.51,452.77,444.49,436.52,428.82,421.36,413.9,406.52,399.2,392.02,385.07,378.38,372.23,366.45,361.39,356.99,353.23,349.89,346.92,344.3,341.72,339.35,338.51,339.27,340.16,341.12,342.14,338.95,327.84,324.71,322.81,321.16,319.3,317.55,315.79,314.08,312.32,310.73,308.98,307.34,305.61,304.17,302.6,300.99,299.59,298.1,296.59,295.24,293.81,292.42,291.09,289.78,288.51,287.27,286.04,284.87,283.79,282.56,281.49,280.4,279.34,278.26,277.31
21191,23,114.352,33.64,52.4,67.51,588.21,1023.05,956.07,925.18,941.66,966.62,987.45,935.99,922.41,939.78,962.23,938.34,859.45,845.67,858.93,854.2,802.34,805.48,776.57,741.14,707.75,698.07,698.64,699.61,699.92,698.43,698.36,700.06,697.33,699.6,697.4,697.81,698.88,697.92,696.98,699.83,699.6,699.3,699.76,700.03,699.62,699.83,700.02,699.96,699.95,699.67,699.78,699.65,699.57,699.73,699.69,699.47,699.76,699.82,699.92,699.94,700.01,699.91,700.01,700.02,699.91,699.96,700.03,699.92,700.06,699.74,700.01,699.85,699.97,700.05,699.74,699.85,700.25,699.89,699.56,699.31,699.15,700.59,700.75,700.57,700.16,699.93,699.79,678.97,550.53,415.37,283.98,154.1,39.6,26.11,28.96,46.76,36.18,28.01,26.92,25.85,25.41,25.41,24.98,25.4,25.28,25.16,25.28,25.22,25.03,24.99,25.04,25.11,25.01,25.05,25.11,25.18,24.87,25.21,25.1,25.19,25.12,25.35,24.62,25.01,25.3,25.35,25.18,25.08,25.37,-0.42,-0.39,-0.45,-0.47,0.51,12.37,23.6,36.46,49.81,62.73,67.9,75.95,87.77,100.94,107.54,103.51,109.11,120.11,130.28,128.66,148.11,158.43,163.01,166.38,173.88,186.93,199.43,212.72,225.87,239.79,253.68,267.71,282.1,296.93,314.54,347.53,377.84,402.43,422.11,438.89,452.81,464.74,475.27,484.65,493.04,500.31,506.98,513.0,518.21,522.68,526.42,529.39,531.46,532.74,533.08,532.15,529.81,526.33,521.53,515.39,508.16,500.02,491.2,481.93,472.91,463.73,454.88,446.56,438.55,430.85,423.29,415.91,408.49,401.16,393.93,386.88,380.12,373.77,367.91,362.72,358.19,354.17,350.77,347.63,344.88,342.3,339.83,339.02,339.64,340.67,341.71,342.59,339.71,328.61,325.39,323.47,321.66,319.85,318.03,316.26,314.49,312.67,311.02,309.27,307.61,306.02,304.35,302.86,301.3,299.67,298.27,296.74,295.26,293.91,292.55,291.14,289.78,288.58,287.31,286.03,284.95,283.68,282.57,281.47,280.37,279.38,278.29,277.3
21192,23,114.373,34.17,52.22,67.56,589.46,1022.97,955.11,925.06,940.18,964.47,985.24,933.47,919.68,936.71,959.23,934.56,856.0,842.49,856.04,851.54,800.06,803.77,775.15,740.65,707.08,698.08,698.56,699.88,699.85,698.9,698.2,700.15,697.28,700.11,696.61,698.25,698.1,699.1,696.36,699.69,699.75,699.49,699.04,699.67,699.57,700.1,699.45,699.88,699.83,699.16,699.82,700.08,699.56,700.0,699.15,699.77,699.88,699.84,700.01,699.86,700.0,699.91,700.02,700.02,699.93,700.01,699.99,699.88,700.01,700.06,699.91,699.59,699.64,700.22,699.73,699.37,699.72,700.38,699.93,699.64,699.45,699.16,698.89,700.15,701.01,700.78,700.53,678.39,549.34,415.01,283.73,154.17,39.57,26.17,28.76,46.19,36.63,28.0,27.05,25.84,25.45,25.2,25.27,25.3,25.16,25.17,25.16,25.17,25.08,24.94,25.03,25.1,25.02,25.1,25.99,23.95,24.96,25.27,25.12,25.16,25.02,25.18,25.05,25.22,25.27,25.11,25.26,25.36,25.14,-0.43,-0.38,-0.36,-0.42,0.83,12.85,23.94,36.55,49.72,62.6,67.63,75.7,87.62,100.61,107.19,103.08,108.75,119.83,129.8,128.66,148.65,158.42,163.01,166.45,174.24,187.22,199.9,213.29,226.68,240.29,254.2,268.24,282.88,297.43,317.86,353.24,382.69,406.5,425.78,441.99,455.42,467.08,477.4,486.24,494.5,501.8,508.29,514.07,519.1,523.4,527.03,529.86,531.91,533.05,533.15,531.94,529.69,525.96,520.94,514.75,507.4,499.11,490.28,481.07,471.91,462.69,453.98,445.61,437.63,429.93,422.36,414.89,407.47,400.16,392.84,385.77,378.99,372.62,366.93,361.78,357.3,353.32,350.07,346.98,344.24,341.69,339.23,338.51,339.18,340.07,341.19,342.12,339.23,328.11,324.87,322.9,321.15,319.31,317.49,315.76,313.96,312.16,310.55,308.83,307.16,305.64,303.99,302.43,300.92,299.49,297.93,296.37,295.07,293.64,292.2,290.94,289.6,288.31,287.05,285.88,284.67,283.53,282.42,281.29,280.22,279.18,278.16,277.07
21193,23,114.378,33.91,52.53,68.13,589.78,1021.72,953.59,923.78,936.41,962.17,983.04,931.5,918.2,935.46,957.94,933.24,855.04,841.64,855.05,850.07,799.57,803.29,774.58,740.19,706.79,698.02,698.83,700.2,699.2,698.99,699.79,697.46,700.23,696.83,698.99,697.42,698.01,699.05,696.6,699.77,699.76,699.65,699.56,699.9,699.35,700.09,699.73,699.61,700.09,699.29,699.78,700.04,699.54,699.88,699.63,699.65,699.43,699.97,699.9,700.01,699.91,699.92,699.98,700.01,700.03,700.05,700.1,699.96,700.05,699.81,700.04,699.98,700.0,699.91,700.22,700.26,699.76,699.51,699.25,699.06,699.46,700.9,700.7,700.44,700.18,699.93,699.82,678.61,549.79,414.67,283.32,153.5,39.78,25.83,28.74,47.0,35.87,27.78,26.78,25.9,25.46,25.08,25.31,25.38,25.21,25.16,25.14,25.1,25.15,25.17,24.94,25.01,25.09,25.22,25.01,25.11,25.17,25.18,25.12,25.04,25.16,24.89,25.22,25.33,25.45,25.22,25.34,25.07,25.08,-0.48,-0.44,-0.52,-0.5,0.43,11.94,23.0,35.62,48.81,61.82,66.81,74.79,86.81,99.78,106.39,102.3,108.1,119.11,129.02,128.71,148.88,158.21,162.93,166.34,174.17,187.21,199.89,213.0,226.69,240.05,253.94,268.8,282.5,297.83,320.15,356.15,385.05,408.36,427.56,443.47,456.84,468.47,478.46,487.29,495.34,502.42,509.05,514.79,519.91,524.18,528.0,530.93,533.05,534.22,534.44,533.47,531.23,527.63,522.74,516.53,509.42,501.24,492.51,483.4,474.41,465.35,456.65,448.28,440.36,432.64,425.08,417.59,410.06,402.68,395.32,388.21,381.4,375.11,369.27,364.14,359.7,355.69,352.29,349.27,346.58,344.02,341.62,340.7,341.4,342.34,343.31,344.12,340.97,329.77,326.54,324.68,322.98,321.13,319.34,317.48,315.75,314.03,312.23,310.62,308.97,307.3,305.72,304.13,302.57,301.04,299.56,298.06,296.63,295.2,293.9,292.55,291.21,289.92,288.68,287.34,286.18,285.03,283.97,282.82,281.78,280.78,279.68,278.63
21194,23,114.399,33.67,52.16,67.48,584.61,1020.01,951.61,919.18,934.25,959.73,980.23,928.55,915.46,932.87,955.17,930.0,852.27,838.96,852.56,846.96,797.19,801.19,772.97,739.56,707.16,698.62,698.5,699.83,699.51,699.05,698.58,700.05,697.59,699.79,697.48,698.32,696.48,699.6,696.93,699.88,699.53,699.77,699.4,698.83,699.82,699.99,699.65,700.07,699.59,699.97,699.58,699.94,699.53,699.82,699.65,699.54,699.93,699.39,699.97,699.9,700.07,699.95,699.96,700.03,700.02,699.88,700.08,699.78,700.04,700.03,699.97,699.95,699.91,699.97,699.97,700.17,699.92,699.99,700.2,699.95,699.62,699.4,699.17,699.03,699.94,700.8,700.54,677.81,548.15,414.12,282.55,152.71,39.24,26.15,29.3,47.25,35.4,27.8,26.77,25.83,25.33,25.17,25.2,25.3,25.15,25.05,25.45,24.54,25.19,25.14,25.17,25.02,25.11,25.02,25.13,25.09,25.09,25.16,25.08,25.1,25.21,25.04,25.08,25.17,25.32,25.24,25.76,24.51,25.0,-0.47,-0.47,-0.39,-0.47,0.54,12.37,23.51,36.13,49.25,62.17,67.12,75.11,87.0,100.03,106.41,102.41,108.04,119.09,128.75,127.76,147.41,157.73,162.47,166.4,173.87,186.62,199.4,212.94,226.32,240.31,254.75,268.74,283.75,298.37,322.98,359.02,387.67,410.08,429.06,444.72,457.89,469.26,479.09,487.94,495.91,503.13,509.47,515.23,520.15,524.44,528.02,530.88,532.79,533.85,533.94,532.8,530.35,526.63,521.61,515.3,508.02,499.81,490.95,481.68,472.66,463.59,454.83,446.52,438.54,430.88,423.38,415.86,408.49,400.99,393.71,386.6,379.76,373.46,367.66,362.5,358.03,354.08,350.63,347.66,344.95,342.42,340.0,339.22,339.83,340.86,341.74,342.75,339.55,328.59,325.37,323.49,321.73,319.87,318.03,316.33,314.62,312.79,311.15,309.43,307.79,306.17,304.58,302.98,301.41,299.91,298.4,297.04,295.53,294.13,292.77,291.39,290.16,288.82,287.6,286.37,285.17,284.02,282.82,281.79,280.63,279.67,278.59,277.56
21195,23,114.408,33.07,51.36,66.34,583.23,1018.31,949.02,917.47,932.72,958.35,978.96,927.53,914.57,932.04,954.59,929.51,852.22,839.26,851.61,846.6,796.99,801.1,772.92,739.84,707.06,698.63,698.29,699.75,699.63,699.1,698.5,699.94,697.6,699.75,697.46,698.13,696.74,699.58,697.28,699.46,699.73,699.83,699.87,698.65,699.94,699.54,700.04,700.01,699.6,699.57,699.95,700.12,699.03,699.64,699.97,699.97,699.62,700.04,699.92,699.95,699.86,699.99,700.0,700.01,700.05,700.07,699.89,700.04,699.91,699.88,700.05,699.75,699.82,700.06,699.57,699.95,699.87,699.93,700.36,700.11,699.77,699.44,699.32,698.97,699.29,701.05,701.03,677.76,548.06,413.94,282.58,152.61,39.3,25.91,29.28,47.25,35.26,27.87,26.72,25.81,25.41,25.13,25.21,25.18,25.22,26.43,23.91,24.9,25.46,25.19,25.07,24.95,25.54,24.32,25.11,24.99,25.16,25.11,25.61,24.8,24.84,25.35,25.19,25.22,25.15,25.48,24.97,25.18,25.47,-0.42,-0.41,-0.42,-0.38,0.56,12.31,23.38,36.03,49.06,62.07,66.95,75.03,86.93,100.04,106.38,102.31,108.1,119.22,128.82,127.74,146.99,157.69,162.96,166.66,174.71,187.56,200.51,213.91,227.03,240.89,255.3,269.2,284.2,298.72,321.89,357.84,386.99,409.8,429.09,444.83,458.25,469.58,479.55,488.42,496.44,503.56,509.98,515.54,520.64,524.85,528.48,531.31,533.08,534.13,534.16,533.11,530.6,526.85,521.75,515.41,508.02,499.71,490.89,481.63,472.64,463.54,454.94,446.59,438.62,430.98,423.44,415.97,408.51,401.11,393.87,386.79,380.03,373.73,367.94,362.83,358.37,354.43,351.08,348.05,345.23,342.73,340.31,339.5,340.16,341.08,342.01,342.88,339.71,328.76,325.56,323.63,321.9,320.01,318.24,316.44,314.68,312.92,311.19,309.54,307.88,306.18,304.67,303.09,301.54,300.02,298.54,297.14,295.6,294.24,292.94,291.55,290.26,288.96,287.61,286.49,285.22,284.16,282.98,281.85,280.79,279.76,278.7,277.73
21196,23,114.38,33.4,51.37,66.27,581.91,1017.95,947.79,916.83,932.24,957.73,978.62,927.43,914.71,932.51,955.24,930.31,853.33,841.91,853.34,847.34,796.87,801.15,773.11,739.51,706.93,698.44,698.36,699.85,699.58,699.1,698.6,700.07,697.43,699.77,697.48,697.88,697.09,699.49,696.69,699.5,699.46,699.75,699.75,698.74,700.02,700.1,699.22,699.57,699.41,699.96,700.0,699.88,699.35,699.97,699.37,699.87,699.57,699.86,699.92,700.04,699.89,699.96,699.94,700.07,700.06,699.98,699.96,700.01,699.86,700.07,699.95,699.92,700.02,700.0,699.6,699.84,700.12,699.8,699.52,699.71,700.45,700.29,700.01,699.7,699.51,699.31,699.18,678.26,549.23,414.33,282.68,152.49,39.21,26.08,29.0,47.2,35.58,27.97,26.5,25.74,25.53,25.27,25.23,25.35,25.26,25.09,25.16,25.12,25.13,25.04,25.08,25.03,25.0,25.02,25.01,25.16,25.01,25.11,25.08,25.26,25.07,25.16,25.08,25.14,25.28,25.28,24.92,25.26,25.14,-0.47,-0.55,-0.5,-0.46,0.38,11.8,22.96,35.62,48.84,61.75,66.65,74.75,86.62,99.66,105.98,102.05,107.83,118.95,128.69,127.78,147.45,157.3,162.09,165.81,173.58,186.55,199.23,212.73,225.99,239.89,254.04,267.9,282.96,297.39,318.87,354.62,384.33,407.32,426.85,442.71,456.26,467.83,477.94,486.75,494.98,502.21,508.54,514.14,519.25,523.63,527.24,530.01,531.96,533.13,533.14,532.04,529.67,525.94,520.95,514.65,507.36,499.11,490.25,481.02,472.0,462.92,454.11,445.87,437.96,430.34,422.74,415.34,407.87,400.63,393.39,386.28,379.56,373.36,367.47,362.49,357.85,353.97,350.6,347.54,344.79,342.25,339.83,339.04,339.73,340.64,341.56,342.42,339.26,328.36,325.17,323.22,321.45,319.62,317.83,316.04,314.25,312.48,310.76,309.06,307.47,305.83,304.15,302.65,301.07,299.58,298.04,296.64,295.13,293.78,292.41,291.03,289.71,288.47,287.21,285.98,284.75,283.58,282.49,281.38,280.3,279.31,278.25,277.24
21197,23,114.377,32.96,51.25,65.89,580.34,1017.89,948.11,916.98,931.82,957.46,978.07,926.78,913.84,931.52,955.39,929.05,851.06,837.77,851.19,845.6,795.67,800.09,772.36,739.06,707.13,698.3,698.24,700.23,699.58,700.09,698.18,699.82,697.82,699.53,698.0,698.53,696.59,698.85,697.57,699.44,699.7,699.52,699.83,699.0,699.96,699.91,699.88,699.34,700.05,699.67,699.78,699.77,699.83,699.77,699.86,699.53,699.64,699.73,699.98,700.01,700.02,699.97,700.01,700.05,699.96,699.95,699.96,700.07,699.92,700.1,700.05,699.56,699.88,699.91,699.99,700.13,699.59,699.43,700.09,700.33,700.01,699.77,699.42,699.32,699.07,699.64,701.78,677.98,548.02,414.01,282.72,152.5,39.17,26.03,29.29,47.05,35.72,27.49,26.83,26.04,25.36,25.15,25.17,25.5,24.98,24.94,25.21,25.2,25.13,24.97,25.07,24.99,25.11,25.04,25.06,25.08,25.14,25.51,24.72,25.12,25.21,25.08,25.19,25.69,25.13,24.19,25.43,25.46,25.28,-0.42,-0.43,-0.45,-0.52,0.37,11.83,22.95,35.58,48.76,61.69,66.68,74.71,86.55,99.55,105.98,101.98,107.73,118.85,128.54,127.39,147.12,157.39,162.3,166.14,174.0,186.89,199.84,213.21,226.88,240.61,254.84,268.66,283.77,298.34,321.91,358.03,387.18,409.7,428.97,444.49,457.9,469.3,479.06,487.95,495.91,503.09,509.45,514.93,519.98,524.25,527.77,530.54,532.47,533.42,533.55,532.22,529.73,525.86,520.76,514.41,507.04,498.77,489.88,480.69,471.53,462.41,453.72,445.27,437.4,429.7,422.12,414.66,407.1,399.8,392.46,385.43,378.68,372.32,366.51,361.38,356.79,352.85,349.51,346.34,343.68,341.18,338.7,337.96,338.56,339.46,340.43,341.25,338.17,327.12,323.89,322.02,320.18,318.35,316.61,314.85,313.09,311.35,309.62,307.89,306.38,304.69,303.08,301.54,300.03,298.46,297.02,295.48,294.09,292.66,291.29,289.95,288.65,287.45,286.12,284.91,283.71,282.57,281.43,280.39,279.28,278.25,277.18,276.19
21198,23,114.381,33.14,51.48,66.38,580.95,1017.3,947.1,915.6,930.9,956.62,977.39,926.05,915.73,931.71,954.3,928.12,851.01,838.24,851.91,845.35,796.6,800.49,772.49,738.78,706.98,698.46,698.41,699.95,699.44,699.26,698.33,699.76,697.91,699.44,697.54,698.66,696.2,699.2,697.86,699.32,699.86,699.65,699.89,698.89,700.03,700.0,699.57,699.84,699.79,699.56,699.98,699.87,699.05,699.83,699.26,699.86,699.61,699.91,699.92,699.99,699.98,699.99,699.85,699.95,699.99,700.04,700.03,700.11,699.95,700.09,700.07,699.86,699.73,700.07,699.56,699.26,700.2,700.32,699.87,699.71,699.28,699.16,698.94,700.45,701.28,700.92,700.8,676.15,546.33,412.58,281.25,151.15,38.14,26.31,29.14,47.21,35.26,27.88,26.88,25.86,25.42,25.17,25.68,24.99,24.91,25.3,25.36,25.03,25.03,25.18,24.9,25.05,25.16,25.12,25.06,25.08,25.48,24.69,25.22,25.21,25.22,25.16,25.24,25.38,25.09,25.3,25.29,25.21,25.18,-0.49,-0.47,-0.49,-0.55,0.51,12.07,23.28,35.9,49.05,61.92,66.86,74.95,86.82,99.73,105.98,102.11,107.96,118.91,128.47,127.67,147.5,157.7,162.45,166.25,174.15,187.43,200.26,213.58,226.92,240.84,255.3,269.43,284.3,298.71,324.28,360.06,388.73,411.18,430.12,445.72,458.95,470.21,479.91,488.7,496.7,503.57,510.02,515.53,520.63,524.92,528.42,531.18,533.12,534.28,534.35,533.28,530.83,527.11,522.22,515.98,508.72,500.52,491.72,482.57,473.56,464.51,455.79,447.49,439.52,431.86,424.28,416.77,409.26,401.87,394.57,387.48,380.66,374.35,368.52,363.41,358.9,354.98,351.58,348.47,345.77,343.18,340.78,339.98,340.65,341.53,342.54,343.37,340.18,329.17,326.02,324.06,322.27,320.45,318.61,316.9,315.07,313.24,311.56,309.9,308.29,306.55,305.02,303.45,301.92,300.47,298.87,297.42,296.0,294.63,293.23,291.87,290.58,289.27,288.07,286.77,285.6,284.42,283.33,282.15,281.09,280.06,279.03,277.99
21199,23,114.375,33.1,51.51,67.05,583.72,1017.89,946.89,915.23,930.65,956.54,977.63,925.9,913.53,931.49,954.18,928.5,850.7,837.83,851.22,845.08,795.57,799.94,772.07,739.19,707.05,698.41,698.35,700.18,699.58,700.04,697.66,699.66,697.84,699.55,697.7,698.48,696.37,699.39,697.28,699.49,699.97,699.87,699.95,698.94,699.99,699.6,700.0,699.86,699.54,699.88,699.75,699.82,699.46,699.75,699.87,699.52,699.81,699.93,699.98,700.05,699.98,699.99,699.94,699.97,699.89,699.91,699.99,699.92,699.86,700.01,700.06,700.05,699.96,699.93,699.92,700.22,699.82,699.5,699.59,700.27,699.99,699.65,699.39,699.16,700.64,700.97,700.7,677.24,547.35,413.24,281.9,151.95,38.7,26.19,29.13,47.0,35.49,27.93,26.86,25.9,25.5,25.46,25.56,24.79,25.33,25.31,25.13,24.97,25.11,25.08,24.85,25.13,25.09,24.95,25.05,25.0,25.07,25.01,25.19,25.13,25.04,25.32,25.28,24.85,25.37,25.27,25.14,25.1,25.42,-0.51,-0.48,-0.53,-0.58,0.57,12.33,23.35,35.86,48.96,61.75,66.64,74.77,86.71,99.6,105.89,101.9,107.75,118.7,128.21,127.06,146.75,157.52,162.39,166.34,174.38,187.39,200.41,213.54,227.38,241.01,255.3,269.32,284.31,298.9,325.47,361.4,389.68,411.85,430.65,445.94,459.04,470.22,479.82,488.74,496.7,503.56,509.87,515.43,520.33,524.52,528.01,530.81,532.62,533.58,533.68,532.42,529.95,526.1,520.9,514.57,507.24,498.9,490.03,480.83,471.7,462.73,454.04,445.77,437.8,430.19,422.58,415.19,407.64,400.21,392.9,385.8,379.09,372.72,366.94,361.87,357.31,353.57,350.13,347.1,344.38,341.8,339.36,338.65,339.27,340.18,341.02,341.92,338.78,327.72,324.47,322.49,320.82,318.93,317.16,315.34,313.67,311.84,310.18,308.51,306.82,305.27,303.66,302.11,300.52,299.04,297.55,296.07,294.67,293.24,291.87,290.58,289.28,287.98,286.78,285.5,284.34,283.18,282.07,280.92,279.82,278.81,277.78,276.76
21200,23,114.397,33.49,52.17,67.71,585.21,1019.05,948.46,916.46,933.08,957.77,978.36,926.64,914.34,932.17,954.56,929.16,851.65,838.85,852.08,846.38,796.15,800.38,772.67,738.79,707.41,698.49,698.41,700.08,699.59,699.49,698.27,699.69,697.81,699.51,697.99,698.6,695.98,699.35,697.42,699.64,699.58,699.76,699.79,698.91,700.05,699.56,699.86,699.66,699.78,699.91,699.67,699.36,699.6,699.67,700.04,699.46,699.77,699.51,699.99,699.94,699.89,700.0,700.02,699.97,699.88,699.94,700.02,699.97,699.98,700.02,700.01,700.09,699.78,699.98,700.07,699.85,699.39,699.58,700.24,699.94,699.68,699.45,699.15,699.1,700.78,700.95,700.76,677.51,548.05,413.81,282.52,152.52,39.27,26.0,29.66,46.71,35.67,27.78,26.92,25.77,25.36,25.16,25.29,25.24,25.28,25.08,25.17,25.8,24.32,24.66,25.35,25.17,25.13,25.01,25.62,24.46,25.07,25.25,25.13,25.13,25.07,25.56,24.47,25.19,25.42,25.29,25.2,25.16,25.12,-0.5,-0.5,-0.49,-0.59,0.52,12.62,23.83,36.57,49.74,62.53,67.36,75.37,87.26,100.33,106.6,102.55,108.3,119.31,129.09,127.59,146.82,157.88,162.82,166.67,174.47,187.44,200.53,213.86,227.29,241.16,255.57,269.85,284.85,299.68,327.32,363.04,390.94,412.84,431.6,447.02,459.97,470.96,480.75,489.32,497.08,504.1,510.39,516.06,520.88,525.06,528.55,531.27,533.1,534.24,534.25,533.09,530.62,526.81,521.69,515.39,508.01,499.7,490.9,481.58,472.63,463.58,454.84,446.62,438.61,430.92,423.32,415.8,408.27,400.8,393.41,386.19,379.4,373.04,367.24,362.14,357.64,353.8,350.37,347.38,344.68,342.19,339.69,338.99,339.6,340.54,341.46,342.35,339.2,328.14,324.93,322.98,321.25,319.41,317.62,315.84,314.07,312.38,310.68,309.02,307.43,305.7,304.19,302.6,301.09,299.65,298.14,296.66,295.34,293.85,292.49,291.2,289.89,288.59,287.38,286.16,285.0,283.84,282.67,281.64,280.6,279.46,278.48,277.45
21201,23,114.412,33.06,51.48,66.51,581.52,1017.28,948.31,916.8,931.69,957.28,977.65,926.14,913.9,931.53,954.15,928.56,850.97,838.04,851.42,845.07,795.43,799.93,772.4,739.36,706.41,698.48,698.39,699.93,699.64,699.27,698.33,699.8,697.39,699.61,697.46,698.35,696.58,699.19,697.09,699.74,699.57,699.65,699.99,698.86,700.02,699.92,699.92,700.02,699.97,699.82,699.91,699.7,699.54,699.97,699.47,699.44,699.89,699.77,700.06,700.0,699.94,699.99,699.97,699.88,699.98,699.98,700.05,699.9,699.92,700.04,699.94,699.98,700.07,700.09,699.92,700.05,700.08,699.6,699.79,700.36,700.11,699.94,699.59,699.3,699.18,699.07,700.9,678.13,547.43,413.35,281.89,151.8,38.73,26.17,29.17,47.22,35.42,27.89,26.84,25.89,25.89,24.72,25.21,25.39,25.35,25.17,25.06,25.34,24.8,25.1,25.11,24.98,25.11,25.47,24.54,24.85,25.17,25.05,25.16,25.16,25.75,24.25,25.18,25.37,25.28,25.26,25.18,25.64,24.81,-0.51,-0.47,-0.52,-0.53,0.61,12.45,23.3,35.94,49.09,61.87,66.76,74.94,86.8,99.78,106.17,102.17,107.88,118.97,128.56,127.84,147.89,157.69,162.57,166.42,174.69,187.72,200.54,214.08,227.43,241.38,255.51,269.39,284.22,298.53,321.72,357.97,387.33,409.84,429.31,445.08,458.49,469.88,479.8,488.74,496.75,504.09,510.48,516.3,521.25,525.61,529.22,531.98,534.04,535.21,535.37,534.26,531.96,528.3,523.25,517.08,509.91,501.69,492.93,483.73,474.72,465.68,456.88,448.57,440.63,432.9,425.27,417.76,410.24,402.82,395.55,388.45,381.63,375.4,369.71,364.57,360.15,356.33,352.94,349.92,347.27,344.74,342.33,341.58,342.3,343.2,344.18,345.09,341.9,330.79,327.57,325.71,323.87,322.1,320.36,318.54,316.8,315.07,313.32,311.65,310.01,308.35,306.8,305.24,303.71,302.21,300.69,299.25,297.84,296.49,295.08,293.74,292.49,291.2,290.0,288.74,287.54,286.42,285.29,284.15,283.07,281.98,281.01,279.98
21202,23,114.416,32.85,50.93,65.3,573.64,1015.46,945.39,915.07,930.38,955.89,976.41,924.79,912.02,929.5,952.03,925.68,848.38,835.89,849.18,842.97,793.83,798.66,771.5,738.37,707.28,698.81,698.63,699.62,699.66,698.77,698.59,699.61,697.78,699.32,697.94,698.39,696.61,698.52,698.11,699.38,700.0,699.47,699.32,699.15,700.11,699.52,700.05,699.47,700.01,699.28,699.8,699.98,699.3,699.47,700.03,699.93,699.87,699.93,699.98,699.98,699.98,699.97,700.05,699.95,699.87,699.93,699.63,699.96,699.99,700.06,699.87,699.46,700.15,699.93,699.51,699.21,700.47,700.59,700.26,699.97,699.71,699.39,699.25,699.09,699.48,702.08,700.88,676.09,548.97,413.49,282.2,151.98,38.58,26.26,28.78,47.05,35.69,28.02,26.99,25.8,25.39,25.21,25.28,25.36,25.16,25.29,25.09,25.0,25.16,25.17,25.1,24.94,25.51,24.85,24.74,25.18,25.28,25.04,25.18,25.42,24.84,25.04,25.18,25.16,25.21,25.27,25.52,24.82,25.06,-0.4,-0.46,-0.45,-0.39,0.42,11.62,22.61,35.32,48.4,61.21,66.22,74.4,86.3,99.18,105.39,101.6,107.4,118.44,127.95,127.24,147.23,157.37,162.28,165.82,172.87,185.48,198.72,212.98,226.41,240.52,254.85,268.81,283.55,298.02,318.37,353.66,384.05,407.33,427.26,443.42,457.15,468.89,478.64,487.78,495.91,503.39,509.84,515.75,520.82,525.28,528.96,531.97,534.11,535.29,535.69,534.69,532.56,529.03,524.21,518.14,510.97,502.93,494.13,485.11,476.12,467.03,458.37,450.05,442.04,434.38,426.83,419.4,411.93,404.49,397.26,390.23,383.36,376.98,371.17,366.1,361.51,357.63,354.19,351.19,348.46,345.83,343.45,342.62,343.32,344.23,345.23,346.14,342.94,331.93,328.74,326.76,324.97,323.15,321.33,319.55,317.79,316.0,314.33,312.58,310.94,309.32,307.65,306.1,304.65,303.11,301.57,300.15,298.74,297.3,295.92,294.65,293.32,291.97,290.75,289.51,288.36,287.17,286.01,284.87,283.88,282.8,281.77,280.74
21203,23,114.4,32.09,50.48,64.49,574.4,1015.24,945.36,913.84,928.88,954.24,974.82,923.41,911.3,929.29,951.95,926.51,849.18,836.35,849.81,845.65,795.55,799.83,772.24,739.57,707.14,698.98,697.94,699.94,699.46,699.75,698.08,699.29,697.93,699.07,697.7,698.98,696.44,698.08,698.8,699.38,700.08,699.5,698.96,699.41,699.95,699.96,699.94,699.45,699.87,699.9,700.02,699.95,699.64,699.91,699.53,699.86,699.92,699.85,700.02,699.93,700.01,700.06,699.91,699.92,699.93,700.01,699.96,699.99,699.9,699.96,700.04,699.98,699.93,699.92,700.01,699.68,700.16,699.88,699.66,699.37,700.34,700.39,699.99,699.67,699.46,699.35,699.03,677.77,549.19,414.2,283.0,152.61,39.26,25.93,29.5,47.5,34.91,27.71,26.93,25.81,25.27,25.41,25.3,25.21,25.26,25.32,24.91,25.07,25.23,24.94,25.06,25.23,24.98,24.66,25.05,24.98,25.08,25.16,25.09,25.14,25.04,25.12,25.1,25.11,25.1,25.24,25.18,25.23,25.35,-0.44,-0.41,-0.45,-0.46,0.41,11.88,23.03,35.53,48.76,61.55,66.48,74.61,86.5,99.43,105.72,101.76,107.6,118.59,128.17,126.88,146.5,157.32,162.31,166.01,174.0,186.84,199.86,213.31,226.83,240.55,254.83,268.68,283.81,298.15,320.11,355.84,385.63,408.71,428.38,444.28,457.67,469.23,479.07,488.13,496.2,503.42,509.81,515.62,520.64,524.99,528.76,531.59,533.48,534.72,534.91,533.88,531.55,527.81,522.84,516.57,509.3,501.15,492.3,483.02,473.92,464.89,456.23,447.77,439.8,432.14,424.54,417.04,409.54,402.15,394.8,387.73,380.86,374.48,368.74,363.54,359.0,355.11,351.68,348.65,345.9,343.36,340.96,340.17,340.82,341.73,342.65,343.56,340.44,329.39,326.23,324.34,322.5,320.66,318.93,317.08,315.38,313.59,311.88,310.23,308.44,306.91,305.24,303.71,302.17,300.64,299.15,297.74,296.26,294.91,293.51,292.25,290.83,289.58,288.32,287.09,285.95,284.75,283.57,282.47,281.44,280.38,279.33,278.38
21204,23,114.419,33.46,51.82,67.1,577.19,1016.38,945.49,914.14,929.91,955.66,975.87,924.07,911.76,929.29,954.03,929.19,850.07,836.79,850.42,843.82,795.22,799.13,771.59,738.4,706.62,698.56,698.17,700.05,699.54,699.51,697.73,699.23,697.94,698.87,698.06,699.02,695.96,698.41,698.54,699.48,699.89,699.17,699.53,699.0,699.9,699.5,700.04,699.82,699.77,699.95,699.54,699.84,699.8,699.59,699.41,699.74,699.85,699.77,699.98,699.96,700.1,699.92,699.95,699.9,700.09,699.99,699.92,700.1,699.83,699.85,700.06,699.91,699.95,700.04,700.03,699.91,699.91,700.1,699.63,700.05,700.08,699.71,699.83,700.36,700.18,699.87,699.6,677.27,547.46,412.95,281.56,151.19,38.04,26.26,29.41,47.06,35.3,27.97,26.54,25.94,25.47,25.14,25.35,25.2,25.3,25.19,25.13,25.23,25.22,24.95,25.05,25.0,25.04,24.97,25.05,25.14,24.97,25.48,24.74,24.96,25.36,25.21,25.09,25.17,25.12,25.29,25.19,25.38,25.35,-0.47,-0.42,-0.37,-0.39,0.48,12.06,23.31,36.01,49.0,61.89,66.71,74.82,86.77,99.58,105.9,101.91,107.74,118.81,128.26,126.98,146.05,157.14,162.24,166.36,174.39,187.47,200.46,213.85,227.33,240.95,255.51,269.65,284.87,299.41,325.82,361.53,390.25,412.42,431.35,446.79,459.8,470.89,480.59,489.34,497.22,504.34,510.76,516.28,521.18,525.37,528.91,531.72,533.62,534.65,534.71,533.64,531.38,527.69,522.71,516.6,509.31,501.21,492.36,483.3,474.32,465.24,456.6,448.39,440.34,432.66,425.1,417.63,410.08,402.67,395.43,388.28,381.55,375.2,369.51,364.37,359.85,356.0,352.57,349.58,346.88,344.26,341.89,341.14,341.77,342.7,343.69,344.51,341.4,330.29,327.09,325.07,323.27,321.5,319.62,317.84,316.05,314.3,312.6,310.95,309.24,307.65,305.96,304.37,302.86,301.39,299.89,298.48,297.04,295.63,294.23,292.95,291.61,290.34,289.09,287.89,286.67,285.54,284.35,283.3,282.22,281.17,280.13,279.06
21205,23,114.382,33.31,51.68,66.17,578.82,1016.7,945.37,913.87,929.34,955.16,975.79,924.85,914.77,932.88,953.57,926.47,849.27,836.79,850.47,844.4,795.12,799.39,771.76,739.0,707.26,698.61,698.12,699.99,699.51,699.5,697.88,699.39,697.94,699.03,697.99,699.09,696.16,698.42,698.56,699.06,699.85,699.45,699.84,698.98,699.95,699.58,699.98,699.99,699.89,699.87,699.81,699.98,699.61,699.71,700.06,699.86,699.84,699.95,700.02,699.92,700.07,700.01,699.84,699.98,700.12,700.02,699.95,699.97,699.97,699.98,700.13,699.79,700.14,699.74,699.34,700.04,700.05,699.67,699.35,699.61,700.59,700.34,700.06,699.88,699.58,699.34,699.2,677.52,548.38,413.53,282.08,151.96,38.73,26.22,29.19,47.54,35.45,27.52,26.8,25.83,25.43,25.1,25.16,25.95,24.51,25.06,25.27,25.07,25.0,25.26,24.98,24.85,25.11,25.01,25.03,24.93,25.14,25.13,25.16,25.08,25.17,25.14,25.09,25.48,24.93,25.28,25.3,25.17,24.98,-0.43,-0.46,-0.33,-0.43,0.37,11.94,23.14,35.79,48.88,61.81,66.7,74.75,86.61,99.59,105.94,102.0,107.85,118.86,128.5,127.13,146.52,157.42,162.56,166.56,174.49,187.42,200.35,213.81,227.31,241.17,255.67,269.62,284.79,299.33,325.74,361.51,390.32,412.51,431.36,446.61,459.84,470.99,480.65,489.36,497.13,504.27,510.71,516.4,521.18,525.27,528.84,531.53,533.49,534.56,534.63,533.49,531.06,527.21,522.03,515.65,508.3,500.0,491.11,481.81,472.7,463.72,455.01,446.87,438.88,431.11,423.56,416.15,408.61,401.16,393.93,386.83,380.07,373.79,368.13,363.06,358.66,354.82,351.47,348.45,345.8,343.26,340.84,340.09,340.72,341.68,342.57,343.46,340.26,329.18,326.03,324.06,322.29,320.46,318.61,316.86,315.17,313.48,311.63,309.98,308.34,306.68,305.09,303.49,302.0,300.43,298.99,297.55,296.14,294.75,293.43,292.08,290.83,289.5,288.25,287.0,285.84,284.7,283.55,282.47,281.36,280.35,279.3,278.25
21206,23,114.413,34.05,52.1,66.1,574.19,1015.67,945.35,914.55,929.45,954.72,976.01,927.55,911.83,929.18,952.19,926.11,848.61,835.64,849.16,842.94,793.41,798.4,771.2,738.48,706.93,698.67,698.56,700.14,699.56,700.07,697.58,699.08,698.41,698.69,698.48,699.09,696.79,697.43,699.43,699.24,700.22,699.76,698.68,699.65,700.01,699.99,699.8,699.76,699.76,699.58,699.73,699.86,699.77,699.87,699.41,699.69,699.89,699.73,700.02,699.96,699.95,700.0,699.88,699.99,699.93,699.68,699.91,700.04,699.93,700.03,699.88,700.06,699.68,699.97,700.0,700.01,699.86,700.07,700.03,699.79,699.44,700.46,700.43,700.05,699.85,699.63,699.46,677.43,548.56,413.53,282.23,152.0,38.57,26.13,29.47,47.26,35.18,27.73,26.89,25.79,25.42,25.24,25.35,25.21,25.27,25.26,24.98,25.05,25.39,24.88,24.94,25.14,25.18,25.06,25.04,25.56,24.55,24.78,25.29,25.09,25.26,25.21,25.45,24.78,25.2,25.41,25.13,25.14,25.39,-0.43,-0.41,-0.44,-0.43,0.99,13.37,24.29,36.89,50.01,62.93,67.62,75.68,87.54,100.45,106.63,102.7,108.56,119.6,129.1,127.61,146.86,157.78,162.82,166.72,174.51,187.59,200.85,214.18,227.93,241.5,255.99,270.33,285.31,300.24,325.99,361.67,390.75,413.04,431.76,447.2,460.24,471.54,481.08,489.99,497.9,505.02,511.31,516.87,521.74,526.01,529.57,532.4,534.34,535.31,535.42,534.28,531.84,528.09,523.02,516.76,509.45,501.24,492.39,483.21,474.12,465.05,456.35,447.98,440.06,432.33,424.78,417.24,409.72,402.16,394.8,387.65,380.75,374.4,368.56,363.44,358.88,355.02,351.54,348.53,345.87,343.33,340.91,340.1,340.76,341.72,342.65,343.56,340.4,329.41,326.27,324.37,322.55,320.76,318.91,317.08,315.38,313.63,311.91,310.18,308.56,306.88,305.25,303.74,302.23,300.71,299.25,297.69,296.33,294.89,293.58,292.21,290.96,289.63,288.29,287.16,285.96,284.79,283.62,282.52,281.46,280.41,279.32,278.33
21207,23,114.39,33.55,52.01,66.03,575.28,1015.34,944.17,914.03,929.15,955.26,975.59,924.19,912.09,929.93,952.53,926.25,849.0,836.61,850.49,844.14,794.52,799.04,771.41,739.12,707.22,698.8,698.29,700.01,699.51,699.67,697.68,699.26,698.09,698.97,698.36,698.76,696.84,698.04,698.81,699.24,700.03,699.46,698.98,699.35,700.11,699.85,699.96,699.87,699.91,699.98,699.68,699.92,699.56,699.8,699.78,699.46,699.66,700.0,700.01,699.99,699.95,699.91,699.98,699.96,700.02,699.98,699.85,700.02,699.85,699.93,699.94,699.95,700.0,699.98,699.92,700.1,699.94,700.25,699.79,699.51,699.27,699.25,700.78,700.87,700.59,700.37,700.13,676.5,547.45,413.28,282.1,151.86,38.64,26.06,29.68,47.16,35.03,27.7,26.8,25.84,25.44,25.23,25.36,25.26,25.36,25.0,25.11,25.21,25.28,24.86,25.01,25.12,25.01,25.1,25.29,25.06,25.01,25.27,25.1,25.13,25.01,25.5,24.75,25.17,25.39,25.17,25.22,25.17,25.6,-0.46,-0.47,-0.52,-0.49,0.62,12.34,23.57,36.17,49.22,61.96,66.93,74.84,86.84,99.75,106.08,101.89,107.75,118.71,128.39,126.92,146.18,157.21,162.42,166.29,174.26,187.23,200.4,213.72,227.29,241.0,255.38,269.51,284.57,299.26,323.46,359.42,388.58,410.99,430.02,445.64,458.71,469.98,479.67,488.67,496.51,503.75,510.2,515.89,520.75,524.96,528.46,531.33,533.2,534.42,534.41,533.29,530.84,527.04,522.05,515.8,508.37,500.1,491.19,482.1,472.91,463.78,455.04,446.74,438.74,431.12,423.55,415.98,408.46,401.0,393.58,386.44,379.62,373.27,367.47,362.37,357.85,353.93,350.56,347.59,344.78,342.19,339.8,339.04,339.64,340.57,341.52,342.31,339.22,328.0,324.82,322.85,321.08,319.23,317.44,315.66,313.91,312.15,310.38,308.81,307.1,305.48,303.89,302.29,300.73,299.23,297.75,296.35,294.93,293.56,292.12,290.81,289.5,288.23,286.96,285.77,284.52,283.4,282.25,281.14,280.02,278.94,277.99,276.88
21208,23,114.399,33.45,52.05,68.18,585.64,1018.17,946.54,916.29,932.92,956.5,976.84,925.05,912.55,930.06,952.61,926.22,849.16,836.74,850.3,843.7,795.45,799.55,771.88,738.46,706.82,698.9,698.28,699.97,699.48,699.53,697.69,699.56,697.93,699.4,697.77,698.48,695.94,699.43,697.63,699.57,699.51,699.7,699.54,698.73,699.95,699.68,700.03,700.12,699.88,700.06,699.44,699.92,699.99,699.68,699.61,699.8,699.86,699.82,699.94,700.03,700.03,700.04,699.89,699.92,699.95,699.92,700.06,699.97,699.99,700.07,699.69,700.02,699.86,700.01,700.02,700.0,700.14,699.83,699.72,700.06,699.86,699.86,700.18,700.01,699.68,699.4,699.47,677.93,547.29,412.73,281.03,151.32,38.39,26.31,29.87,46.76,35.47,27.72,26.89,25.9,25.79,25.03,24.78,25.29,25.5,25.07,25.01,25.44,24.79,24.88,25.14,25.07,25.0,25.01,25.24,24.98,25.08,25.23,25.16,25.1,25.13,25.04,24.94,25.41,25.11,25.2,25.35,25.29,25.24,-0.5,-0.46,-0.44,-0.52,0.81,13.3,24.26,36.86,50.01,62.73,67.69,75.74,87.59,100.63,106.73,102.64,108.6,119.69,129.24,128.25,148.06,158.69,163.72,167.81,176.09,189.04,202.29,215.73,229.27,242.9,257.59,271.75,287.04,301.66,329.97,365.5,393.21,414.91,433.59,448.87,461.73,472.66,482.36,490.91,498.75,505.8,512.08,517.7,522.47,526.61,530.04,532.81,534.66,535.63,535.52,534.31,531.71,527.9,522.67,516.25,508.89,500.55,491.7,482.41,473.35,464.23,455.54,447.33,439.41,431.68,424.04,416.51,409.0,401.52,394.19,387.0,380.15,373.89,368.14,363.12,358.59,354.85,351.44,348.4,345.77,343.2,340.83,339.95,340.67,341.53,342.43,343.21,340.08,329.0,325.77,323.86,322.04,320.27,318.52,316.72,314.93,313.2,311.53,309.86,308.22,306.5,304.94,303.4,301.86,300.31,298.82,297.38,295.97,294.6,293.16,291.91,290.57,289.3,288.08,286.89,285.64,284.54,283.47,282.28,281.26,280.2,279.2,278.14
21209,23,114.376,32.8,51.31,65.34,574.07,1016.08,946.96,915.86,930.52,955.66,976.38,924.84,912.19,929.7,952.18,926.78,849.4,836.61,850.06,844.66,794.88,799.48,772.19,739.04,707.11,698.67,698.23,700.13,699.5,699.39,697.97,699.55,697.96,699.38,697.91,698.95,696.49,698.46,698.23,699.47,699.96,699.51,699.22,699.11,699.96,700.01,699.72,699.31,699.83,700.02,699.58,699.93,699.41,699.8,699.83,699.73,699.66,699.96,700.02,699.98,700.01,699.95,699.92,699.95,699.97,699.89,700.05,699.96,699.93,699.98,700.1,699.71,700.14,699.92,699.48,699.66,700.27,700.02,699.57,699.38,699.11,698.9,701.29,701.65,700.82,696.88,701.86,677.87,548.21,414.03,282.76,152.31,39.32,25.83,29.38,47.29,35.21,27.75,26.92,25.73,25.43,25.37,25.17,25.16,25.19,25.13,25.13,25.05,25.16,25.1,25.07,24.97,24.98,25.49,24.59,25.15,25.06,25.07,25.16,25.22,25.12,25.25,25.14,25.18,25.26,25.18,25.2,25.17,24.85,-0.41,-0.5,-0.45,-0.39,0.39,11.98,22.91,35.54,48.73,61.46,66.63,74.62,86.47,99.44,105.84,101.85,107.74,118.7,128.36,127.98,147.65,157.43,162.29,166.12,174.11,187.03,200.04,213.31,226.55,239.92,254.29,268.47,283.53,298.0,318.7,353.92,384.27,407.39,427.01,443.08,456.69,468.3,478.21,487.2,495.29,502.56,509.07,514.73,519.96,524.33,527.88,530.69,532.75,534.0,534.12,533.27,530.82,527.15,522.21,515.98,508.62,500.55,491.58,482.34,473.23,464.18,455.5,447.04,439.09,431.41,423.87,416.4,409.07,401.61,394.34,387.23,380.43,374.09,368.26,363.1,358.53,354.55,351.07,348.05,345.27,342.67,340.26,339.49,340.17,341.08,342.12,342.88,339.71,328.63,325.42,323.4,321.63,319.85,318.16,316.25,314.42,312.73,311.01,309.37,307.68,305.98,304.41,302.81,301.33,299.77,298.2,296.79,295.33,294.0,292.6,291.24,289.94,288.63,287.44,286.13,284.96,283.76,282.69,281.58,280.48,279.51,278.42,277.4
21210,23,114.375,32.82,51.25,65.67,578.01,1015.98,945.58,914.25,930.1,956.21,976.53,924.81,912.22,929.97,952.46,926.24,849.07,836.3,849.99,843.74,794.36,798.94,770.71,738.66,706.04,698.32,698.52,700.07,699.69,699.27,698.3,699.86,697.92,699.61,697.65,698.38,696.38,699.1,697.41,699.42,699.65,699.6,699.87,698.77,699.94,699.58,700.07,699.85,699.81,699.4,700.1,699.61,699.82,699.57,699.86,699.88,699.79,699.95,700.06,700.07,699.99,699.93,699.96,699.99,700.02,700.08,699.97,699.99,699.92,699.94,700.03,699.96,699.86,700.1,699.82,699.67,700.53,700.38,699.87,699.61,699.35,699.19,699.06,700.2,701.84,701.07,696.78,678.99,547.76,413.34,281.96,151.83,38.62,26.02,28.9,47.08,35.68,27.86,27.18,25.74,25.03,25.51,25.35,25.33,25.19,25.25,25.11,24.99,25.05,25.03,24.85,25.04,25.11,24.91,25.19,25.05,24.99,25.11,25.22,25.17,25.17,25.21,25.14,25.21,25.19,25.13,25.23,25.32,25.28,-0.41,-0.44,-0.34,-0.41,0.57,12.05,23.06,35.57,48.72,61.64,66.7,74.65,86.78,99.68,105.98,102.12,107.88,119.0,128.6,127.67,147.29,156.68,162.16,166.42,174.69,187.95,200.74,214.03,227.23,241.12,255.57,269.42,284.29,298.69,320.0,355.76,385.54,408.45,428.15,444.07,457.75,469.4,479.21,488.34,496.34,503.67,510.26,516.07,521.03,525.28,529.05,531.93,534.04,535.26,535.5,534.52,532.29,528.6,523.73,517.61,510.43,502.26,493.47,484.23,475.17,466.04,457.39,449.0,441.05,433.31,425.69,418.22,410.91,403.42,396.2,389.14,382.31,375.96,370.19,365.09,360.5,356.55,353.12,350.01,347.24,344.76,342.32,341.49,342.11,343.05,344.07,345.0,341.81,330.7,327.59,325.64,323.83,322.02,320.23,318.52,316.65,314.88,313.21,311.5,309.75,308.14,306.61,304.96,303.39,301.95,300.39,298.92,297.5,296.12,294.62,293.38,292.09,290.75,289.46,288.28,287.15,285.9,284.71,283.63,282.58,281.45,280.42,279.44
21211,23,114.387,33.23,51.83,66.83,578.22,1016.19,944.57,913.5,929.21,954.6,975.09,923.94,911.92,929.48,952.16,925.76,850.97,837.55,849.89,843.27,794.87,799.26,771.67,738.32,706.97,698.79,698.13,700.07,699.48,699.87,697.77,699.47,697.79,699.3,697.89,698.87,696.17,698.68,698.4,699.21,699.95,698.94,699.67,698.99,700.05,699.46,699.9,699.95,699.84,700.04,700.05,699.3,699.95,699.29,699.76,699.89,699.94,699.77,699.96,699.99,699.93,699.91,699.94,699.93,699.96,699.93,699.98,699.94,699.91,699.96,700.06,699.6,700.05,699.82,699.58,699.95,700.04,700.08,699.9,700.1,699.91,700.08,700.14,699.9,699.64,699.28,699.18,677.97,547.55,412.85,281.48,151.23,38.25,26.25,29.42,47.48,35.07,27.68,26.74,25.9,25.41,25.2,25.21,25.21,26.18,24.09,25.04,25.16,25.22,25.08,25.02,25.67,24.17,24.92,25.13,25.05,25.12,25.23,25.46,24.7,25.33,25.18,25.11,25.34,25.34,25.11,24.92,25.37,25.26,-0.38,-0.35,-0.39,-0.38,0.74,12.33,23.21,35.85,48.89,61.74,66.61,74.79,86.63,99.61,105.89,101.94,107.83,118.94,128.52,127.95,148.12,158.03,162.93,167.05,175.2,188.17,201.14,214.39,227.83,241.67,256.05,269.94,285.09,299.79,323.05,358.9,388.14,410.81,429.93,445.68,458.9,470.26,479.96,489.03,496.88,504.15,510.56,516.43,521.42,525.79,529.41,532.19,534.25,535.36,535.65,534.59,532.4,528.71,523.75,517.76,510.36,502.38,493.58,484.42,475.48,466.47,457.7,449.42,441.43,433.7,426.17,418.56,411.08,403.56,396.23,389.01,382.2,375.84,370.04,364.85,360.41,356.57,353.18,350.12,347.52,344.9,342.4,341.68,342.23,343.14,344.07,344.89,341.76,330.68,327.47,325.62,323.76,321.91,320.12,318.33,316.51,314.86,313.05,311.36,309.67,308.01,306.44,304.86,303.27,301.86,300.23,298.75,297.37,295.96,294.5,293.32,291.88,290.67,289.41,288.12,286.88,285.79,284.6,283.5,282.53,281.38,280.38,279.33
21212,23,114.399,33.8,52.46,66.56,577.73,1016.92,945.78,914.32,929.53,955.03,975.38,924.05,911.66,930.32,953.66,926.33,848.66,835.82,849.39,843.32,794.43,798.74,771.19,738.79,707.19,698.33,698.67,700.0,699.5,700.18,697.57,699.12,698.31,698.73,698.15,699.48,696.39,697.66,699.07,699.68,700.02,699.26,699.38,699.39,700.06,699.83,699.82,699.79,699.96,699.73,699.78,699.79,699.72,699.92,700.01,699.38,699.8,699.72,700.04,699.99,699.94,700.01,699.86,700.03,699.9,699.96,700.03,699.98,699.89,700.02,700.07,699.76,699.9,700.13,699.74,699.41,699.3,700.22,700.18,699.97,699.61,699.34,699.18,698.98,700.68,701.75,701.31,676.04,547.9,413.29,282.04,152.0,38.82,26.13,29.48,47.56,35.18,27.49,26.73,25.93,25.46,25.09,25.26,25.56,24.98,24.88,25.5,25.13,25.18,25.09,25.34,24.62,25.07,25.01,25.12,25.13,25.17,25.5,24.41,25.14,25.13,25.21,25.38,25.26,25.33,25.08,25.34,25.05,25.13,-0.52,-0.44,-0.53,-0.46,0.57,12.69,23.76,36.37,49.54,62.3,67.23,75.18,87.08,100.02,106.36,102.22,108.04,119.02,128.6,127.34,146.61,157.65,162.82,166.83,174.67,187.87,200.93,214.25,228.18,241.63,256.19,270.72,285.82,300.47,327.81,363.19,391.66,413.62,432.48,447.81,460.74,471.89,481.38,490.18,498.0,504.93,511.1,516.79,521.66,525.76,529.31,531.99,533.92,534.88,534.86,533.56,531.03,527.17,521.99,515.76,508.16,499.91,491.03,481.77,472.75,463.72,455.06,446.86,438.86,431.18,423.61,416.13,408.56,401.11,393.81,386.67,380.05,373.85,368.04,363.04,358.61,354.87,351.55,348.55,345.92,343.37,341.05,340.24,340.95,341.87,342.75,343.64,340.52,329.29,326.07,324.19,322.48,320.74,318.88,317.1,315.4,313.6,311.89,310.29,308.53,306.95,305.39,303.87,302.28,300.81,299.37,297.76,296.46,295.08,293.69,292.43,291.16,289.85,288.62,287.45,286.22,285.04,283.95,282.83,281.75,280.77,279.68,278.77
21213,23,114.416,33.7,52.09,67.69,584.7,1017.35,945.63,913.73,929.1,955.05,976.13,924.97,913.79,929.94,952.17,925.37,848.57,835.98,849.48,843.12,795.13,799.41,771.8,738.73,706.55,698.68,698.29,700.07,699.35,699.48,698.22,699.64,698.05,699.38,697.91,698.8,695.79,699.13,697.62,699.64,699.59,699.76,699.79,698.78,699.94,700.12,699.83,699.53,700.04,699.63,699.7,699.7,699.93,699.93,699.73,699.6,699.87,700.01,700.03,699.9,699.94,699.98,699.98,699.99,699.98,700.0,700.07,699.96,699.99,700.11,699.93,699.65,700.04,699.88,699.99,699.95,700.04,699.88,699.85,700.2,699.98,699.67,699.35,700.02,700.42,700.24,700.0,677.53,547.34,412.66,281.15,151.43,38.38,26.29,29.61,47.49,35.18,27.12,26.88,25.86,25.42,25.14,25.55,25.16,24.77,25.27,25.4,25.09,24.99,25.17,24.97,25.04,25.18,25.0,25.08,25.03,25.08,25.1,25.13,25.16,25.17,25.23,25.23,25.31,25.21,25.29,25.2,25.09,25.01,-0.43,-0.55,-0.43,-0.59,0.41,11.62,22.73,35.27,48.55,61.49,66.44,74.51,86.47,99.36,105.54,101.66,107.59,118.92,128.33,128.33,148.54,158.21,163.09,167.04,175.32,188.44,201.32,214.83,227.97,242.08,256.75,271.05,286.03,300.98,330.43,365.92,393.6,415.25,433.57,448.79,461.54,472.54,482.04,490.74,498.64,505.73,511.83,517.39,522.28,526.53,530.01,532.73,534.67,535.71,535.73,534.42,532.15,528.35,523.32,517.09,509.77,501.62,492.77,483.73,474.76,465.73,457.12,448.86,440.95,433.31,425.64,418.24,410.6,403.21,395.76,388.73,381.96,375.76,370.13,365.02,360.76,356.89,353.58,350.65,348.0,345.49,343.02,342.27,342.81,343.81,344.72,345.56,342.37,331.25,328.11,326.1,324.29,322.51,320.72,318.88,317.12,315.4,313.68,311.97,310.28,308.7,307.04,305.53,303.91,302.41,300.96,299.49,298.07,296.61,295.27,293.94,292.68,291.34,290.14,288.89,287.71,286.57,285.38,284.29,283.29,282.16,281.16,280.18
21214,23,114.386,32.69,51.32,65.12,570.55,1014.37,944.54,913.92,928.94,954.06,977.14,923.32,911.2,928.62,951.19,924.59,847.84,835.42,849.02,842.13,794.23,798.45,771.14,737.64,706.74,698.91,698.21,700.07,699.59,700.18,697.39,699.0,698.16,698.8,698.45,699.51,696.72,697.21,699.44,699.13,700.11,699.77,698.75,699.74,699.73,699.82,699.84,699.69,699.94,699.91,699.47,699.52,699.92,699.42,699.88,699.66,699.35,699.79,699.93,700.01,700.01,699.99,699.97,699.96,700.07,699.79,699.95,699.97,700.0,700.08,699.92,700.18,699.86,699.43,699.96,700.5,700.08,699.79,699.55,699.27,699.03,699.41,701.78,701.66,697.18,701.49,701.23,675.15,547.4,412.02,280.75,150.74,38.39,25.72,29.52,47.67,34.62,27.66,26.86,25.87,25.28,25.14,25.35,25.22,25.27,25.19,25.18,25.27,25.12,25.17,25.2,24.98,24.97,25.02,25.13,25.47,24.8,25.07,25.03,25.19,24.98,25.1,25.22,25.34,25.18,25.27,25.13,25.21,25.19,-0.61,-0.44,-0.48,-0.53,0.51,11.85,22.93,35.51,48.61,61.43,66.4,74.4,86.44,99.34,105.51,101.54,107.53,118.63,128.08,127.98,147.66,157.4,162.17,166.05,174.13,186.92,200.1,213.23,227.13,240.41,254.9,269.03,284.11,298.76,322.36,358.17,387.58,410.22,429.44,445.33,458.55,469.84,479.66,488.76,496.66,503.85,510.37,515.98,521.03,525.22,528.89,531.66,533.82,534.96,535.11,534.18,531.77,528.14,523.12,516.93,509.64,501.48,492.63,483.48,474.45,465.34,456.61,448.32,440.3,432.64,424.99,417.47,409.92,402.48,395.14,387.95,381.15,374.73,368.86,363.6,359.16,355.2,351.69,348.61,345.85,343.31,340.85,340.1,340.75,341.58,342.61,343.41,339.95,329.05,325.87,324.04,322.23,320.35,318.55,316.73,315.03,313.22,311.55,309.83,308.09,306.59,304.9,303.35,301.79,300.32,298.76,297.31,295.85,294.53,293.01,291.85,290.4,289.15,287.98,286.66,285.48,284.36,283.13,282.05,281.06,279.94,278.9,277.93
21215,23,114.367,33.43,51.5,66.39,580.02,1016.4,945.76,914.6,929.98,956.54,976.82,925.3,912.51,930.13,952.45,926.62,849.24,836.21,849.9,844.37,794.73,799.45,772.16,738.72,706.6,698.58,698.11,699.96,699.4,699.4,698.25,699.73,697.82,699.39,697.81,698.39,696.31,698.95,697.73,699.55,699.68,699.5,699.85,699.06,699.97,699.56,699.92,699.91,700.05,699.5,699.85,699.74,699.63,699.91,699.92,699.64,699.82,699.96,700.0,699.97,700.04,700.03,700.02,700.02,699.9,700.01,699.95,699.98,699.87,700.02,699.93,700.13,699.77,699.43,700.11,699.92,699.58,699.38,700.39,700.42,700.06,699.77,699.6,699.28,699.14,699.21,701.36,678.24,548.31,413.86,282.66,152.36,39.29,26.02,29.48,47.18,35.13,27.85,26.75,25.94,25.42,25.45,25.02,25.14,25.31,25.11,25.17,25.16,25.93,23.98,25.15,25.46,25.28,25.15,25.14,25.2,25.0,25.22,25.02,25.23,25.06,25.34,25.18,24.8,25.28,25.25,25.23,25.18,25.76,-0.41,-0.55,-0.54,-0.56,0.34,11.58,22.58,35.07,48.27,61.14,66.27,74.31,86.32,99.1,105.54,101.6,107.47,118.54,128.35,128.1,148.22,157.68,162.63,166.52,174.92,187.7,200.64,214.05,227.48,241.27,255.71,269.68,284.84,299.5,323.66,359.7,388.54,410.86,429.97,445.58,458.91,469.97,479.98,488.8,496.83,504.12,510.5,516.29,521.2,525.55,529.07,531.92,533.93,534.92,535.09,533.85,531.46,527.71,522.58,516.37,508.92,500.74,491.82,482.63,473.64,464.61,455.89,447.68,439.66,432.07,424.46,416.97,409.49,402.03,394.73,387.63,380.83,374.57,368.82,363.86,359.4,355.57,352.21,349.24,346.58,343.95,341.6,340.83,341.38,342.36,343.26,344.11,341.0,329.92,326.82,324.82,323.08,321.23,319.46,317.61,315.95,314.13,312.41,310.8,309.03,307.49,305.85,304.36,302.85,301.24,299.76,298.39,296.91,295.51,294.23,292.87,291.52,290.32,289.07,287.87,286.69,285.45,284.33,283.25,282.19,281.14,280.1,279.03
21216,23,114.374,33.1,51.46,67.3,583.09,1017.4,945.7,914.2,930.6,955.41,975.63,924.03,911.5,928.93,951.73,925.43,848.48,836.05,849.72,843.73,794.43,799.22,771.72,738.48,707.12,698.36,698.32,700.1,699.45,699.49,698.23,699.64,697.82,699.4,697.36,698.67,696.09,699.25,697.38,699.34,699.92,699.61,699.96,698.52,700.09,699.9,699.85,699.89,699.99,699.46,699.86,699.79,699.78,699.79,699.91,699.21,699.51,699.94,699.98,699.92,699.98,699.95,699.92,699.98,699.96,699.99,699.99,699.93,700.03,699.73,699.96,699.89,700.02,699.85,699.99,699.88,700.13,699.93,700.13,699.96,699.72,699.37,699.72,700.79,700.61,700.32,700.11,677.55,547.76,413.41,281.85,151.93,38.85,26.14,29.45,47.45,35.0,27.71,26.76,25.85,25.49,25.1,25.16,25.4,25.31,25.28,25.2,25.14,25.02,24.99,24.97,24.94,25.1,25.21,25.4,24.62,24.94,25.41,25.14,25.14,25.07,25.68,24.41,25.19,25.27,25.19,25.14,25.23,25.69,-0.5,-0.47,-0.54,-0.57,0.77,12.66,23.61,36.16,49.36,62.1,67.14,75.15,87.09,99.94,106.21,102.22,108.14,119.2,128.74,127.95,147.86,158.15,163.16,167.05,175.14,188.26,201.38,214.84,228.27,242.26,256.89,271.1,285.97,300.58,327.62,363.51,391.76,413.64,432.41,447.7,460.87,471.95,481.49,490.31,498.23,505.25,511.65,517.36,522.31,526.61,530.18,532.97,535.01,536.09,536.31,535.18,532.86,529.14,524.09,517.81,510.58,502.34,493.52,484.34,475.3,466.18,457.59,449.21,441.29,433.66,426.05,418.57,411.02,403.6,396.21,389.1,382.33,376.04,370.32,365.07,360.7,356.83,353.32,350.39,347.63,345.15,342.65,341.94,342.52,343.35,344.33,345.13,341.96,330.84,327.65,325.74,323.89,322.04,320.28,318.51,316.63,314.96,313.24,311.52,309.96,308.33,306.7,305.2,303.52,302.08,300.66,299.07,297.74,296.36,294.98,293.68,292.27,291.01,289.83,288.54,287.37,286.25,285.07,283.97,282.94,281.9,280.83,279.84
21217,23,114.393,34.54,53.19,68.31,583.0,1017.84,946.8,915.59,930.55,956.18,976.25,924.59,912.4,930.16,953.12,926.92,849.76,836.94,850.56,844.03,795.21,799.54,771.82,738.5,706.9,698.52,698.17,700.07,699.53,699.48,698.08,699.77,697.82,699.47,697.76,698.7,696.07,699.18,697.19,699.37,699.92,699.82,700.02,699.29,700.1,699.54,699.92,699.77,699.85,699.87,699.81,699.74,699.84,699.64,699.8,699.09,699.69,699.94,699.96,699.87,699.9,699.92,700.01,699.95,699.88,699.94,700.02,700.04,699.96,700.05,699.85,699.97,699.91,700.07,699.91,699.9,700.41,700.07,699.63,699.51,699.21,699.04,699.56,701.2,701.06,700.77,700.5,675.92,546.38,412.33,281.2,151.34,38.16,26.31,29.55,47.38,35.1,27.81,26.88,25.89,25.3,25.19,25.31,25.18,25.23,25.03,25.09,25.05,25.26,25.09,24.98,25.03,24.95,25.02,25.19,24.83,25.12,25.13,25.09,25.19,25.0,25.23,25.18,25.09,25.01,25.22,25.17,25.18,25.35,-0.53,-0.45,-0.46,-0.5,0.45,12.02,23.01,35.57,48.73,61.54,66.63,74.75,86.56,99.58,105.84,102.01,107.89,118.88,128.49,128.25,148.15,157.96,162.82,166.55,175.06,187.78,200.79,214.1,227.85,241.68,256.37,270.37,285.46,300.21,326.63,362.49,390.88,412.77,431.61,447.07,460.19,471.37,481.06,489.73,497.55,504.59,510.7,516.45,521.36,525.47,529.01,531.65,533.7,534.67,534.63,533.45,530.86,527.0,521.89,515.56,508.26,499.94,491.12,481.93,472.87,463.8,455.23,446.9,439.04,431.34,423.72,416.27,408.71,401.26,393.98,386.93,380.17,373.9,368.24,363.19,358.8,354.99,351.61,348.68,345.97,343.41,341.13,340.34,340.95,341.95,342.83,343.69,340.51,329.44,326.3,324.38,322.54,320.76,318.96,317.22,315.48,313.72,312.0,310.44,308.73,307.07,305.49,303.98,302.39,300.88,299.45,298.05,296.59,295.21,293.92,292.41,291.2,289.99,288.63,287.49,286.3,285.12,284.04,282.97,281.95,280.79,279.83,278.8
21218,23,114.376,34.71,53.24,70.17,592.2,1019.9,947.8,915.57,930.59,956.52,976.92,925.12,912.97,930.75,953.66,926.95,850.43,838.16,851.93,845.15,796.62,800.49,772.33,738.67,705.63,698.31,698.53,699.86,699.68,699.68,698.37,700.17,696.86,700.19,696.45,697.99,697.88,699.16,696.74,699.73,699.46,699.32,699.41,699.97,699.59,699.93,700.04,699.75,699.89,699.62,700.08,699.74,699.31,699.67,699.96,699.9,700.08,699.94,700.07,700.04,699.95,700.0,699.88,699.85,699.93,699.99,699.91,700.04,700.01,699.94,700.0,699.91,700.06,699.69,699.5,700.18,700.1,699.81,699.49,699.11,699.22,700.79,700.84,700.49,700.25,700.05,699.89,676.93,546.71,411.66,280.51,150.81,38.64,25.85,29.87,47.28,34.73,27.55,26.74,25.87,25.25,25.21,25.22,25.42,25.21,25.27,25.45,24.65,25.07,25.32,25.01,25.08,25.24,25.3,24.71,25.18,25.01,25.1,25.15,25.52,25.24,24.19,25.25,25.32,25.38,25.15,25.25,25.22,25.08,-0.43,-0.5,-0.45,-0.45,0.8,12.67,23.75,36.41,49.58,62.41,67.27,75.31,87.34,100.35,106.35,102.53,108.48,119.66,129.22,128.97,149.05,158.65,163.35,166.81,174.99,187.61,200.55,214.38,228.37,242.35,256.84,271.07,286.12,300.54,326.24,362.21,390.21,412.71,431.27,446.62,459.67,470.95,480.8,489.64,497.37,504.61,510.96,516.62,521.53,525.77,529.36,532.08,533.96,535.08,535.07,534.07,531.69,527.84,522.8,516.48,509.14,500.93,492.05,482.96,474.02,464.95,456.25,448.06,440.05,432.47,424.75,417.26,409.77,402.25,394.98,387.84,381.08,374.86,369.2,364.14,359.88,355.92,352.68,349.7,347.02,344.55,342.13,341.3,342.05,342.83,343.78,344.67,341.23,330.23,327.04,325.18,323.41,321.62,319.9,318.03,316.34,314.62,312.86,311.22,309.56,307.86,306.31,304.78,303.23,301.73,300.33,298.81,297.37,295.93,294.67,293.3,291.98,290.79,289.43,288.23,287.05,285.89,284.76,283.66,282.58,281.56,280.52,279.52
21219,23,114.361,34.41,53.3,70.11,593.34,1020.71,948.54,917.1,932.45,958.01,979.08,928.03,914.83,932.5,955.45,930.61,852.91,839.6,853.06,847.71,797.0,801.66,773.07,739.43,706.4,697.82,698.71,699.62,699.84,698.32,698.18,700.02,696.82,700.31,696.34,697.82,698.45,698.08,696.86,699.7,699.6,699.38,699.64,700.1,699.03,699.85,699.91,699.7,699.97,699.78,700.03,699.29,699.86,699.72,700.02,700.04,699.86,699.97,699.89,699.93,700.01,699.9,699.97,699.98,699.91,700.05,699.87,700.0,699.92,699.93,699.98,699.98,699.87,700.16,699.92,699.44,699.99,700.37,699.99,699.74,699.39,699.24,698.98,700.29,701.5,701.27,700.5,677.62,550.23,414.58,283.22,153.58,40.1,25.83,29.35,47.55,34.85,27.6,26.98,26.19,24.7,25.46,25.34,25.19,25.2,25.12,25.11,25.07,25.17,25.3,24.94,25.01,25.22,25.13,25.08,25.11,24.98,25.08,25.17,25.05,25.24,25.14,25.29,25.33,25.24,25.22,25.28,25.15,25.1,-0.43,-0.37,-0.43,-0.45,0.6,12.14,23.1,35.82,48.88,61.93,67.02,74.98,87.01,100.05,106.37,102.52,108.2,119.53,129.35,129.35,149.34,157.83,162.5,166.63,174.62,188.03,200.91,214.34,227.62,241.51,255.69,270.11,285.07,299.43,321.15,356.8,385.51,409.14,427.85,443.91,457.21,468.8,478.99,487.81,495.79,503.14,509.5,515.38,520.57,524.71,528.29,531.0,532.99,534.18,534.31,533.21,530.89,527.1,522.06,515.69,508.43,500.17,491.32,482.09,473.06,463.98,455.28,447.04,439.02,431.32,423.79,416.25,408.75,401.44,394.07,386.9,380.07,373.71,367.95,362.87,358.42,354.5,351.09,348.2,345.45,342.92,340.52,339.64,340.22,341.23,342.06,342.85,339.74,328.67,325.42,323.52,321.84,319.99,318.13,316.37,314.65,312.88,311.11,309.44,307.75,306.13,304.57,302.95,301.4,299.86,298.33,296.93,295.48,294.11,292.67,291.31,290.0,288.71,287.49,286.21,285.04,283.92,282.84,281.66,280.51,279.48,278.49,277.55
21220,23,114.344,34.29,53.23,70.63,597.07,1021.93,951.12,918.96,934.46,960.66,981.24,929.65,917.22,934.88,957.42,931.29,854.2,841.61,855.32,849.36,799.62,802.88,774.15,740.31,705.02,697.36,699.34,699.54,699.59,698.7,698.42,699.88,696.97,699.82,697.01,698.25,699.07,697.07,698.03,699.51,699.54,698.39,699.85,699.76,699.43,699.87,699.97,699.92,699.93,699.51,699.88,699.43,699.78,699.88,699.64,699.3,699.92,699.34,700.07,699.98,700.06,699.94,700.05,699.93,700.03,699.89,700.03,699.93,699.93,700.1,699.96,700.25,699.82,699.38,699.88,699.89,700.07,699.97,700.13,700.04,699.73,699.59,700.34,700.27,699.92,699.83,699.37,677.66,548.4,413.36,282.13,152.13,38.63,25.88,29.76,47.79,34.79,27.44,26.96,25.88,25.52,25.33,25.08,25.27,25.22,25.29,24.93,25.16,25.23,25.17,24.99,24.9,25.47,24.65,25.02,25.15,25.25,25.09,25.13,25.26,25.08,25.02,25.14,25.07,25.26,25.31,25.63,24.53,25.09,-0.43,-0.32,-0.41,-0.44,0.8,12.74,23.9,36.56,49.71,62.66,67.64,75.77,87.85,100.87,107.17,103.23,109.1,120.38,130.04,130.08,150.25,159.42,163.79,166.58,173.78,187.38,200.68,214.27,228.3,242.19,256.31,270.63,285.27,300.32,321.98,357.47,385.95,409.4,427.87,443.81,457.2,468.64,478.56,487.53,495.55,502.8,509.3,514.99,519.92,524.12,527.63,530.33,532.27,533.35,533.31,532.0,529.4,525.36,520.21,513.68,506.16,497.89,488.89,479.55,470.49,461.34,452.79,444.43,436.57,428.89,421.39,413.83,406.4,399.03,391.66,384.65,377.93,371.65,366.13,361.22,356.88,353.18,349.93,347.05,344.36,341.89,339.49,338.7,339.39,340.24,341.14,341.95,338.8,327.83,324.62,322.81,320.9,319.19,317.34,315.61,313.75,312.1,310.29,308.68,306.99,305.42,303.69,302.2,300.67,299.08,297.61,296.24,294.76,293.33,291.98,290.59,289.3,288.05,286.76,285.6,284.35,283.21,282.0,280.91,279.91,278.77,277.81,276.76
21221,23,114.349,34.28,53.1,69.85,594.85,1021.96,952.6,920.56,935.83,961.98,983.11,931.4,918.51,936.05,959.13,934.22,856.22,842.86,856.81,852.43,801.76,804.87,775.71,741.22,706.52,698.13,698.61,699.42,699.93,698.53,698.21,700.02,696.84,699.97,696.29,698.16,698.9,697.09,697.53,699.64,699.5,698.83,699.93,699.96,699.35,699.8,700.05,699.95,699.95,699.48,699.79,699.85,699.8,699.38,699.34,699.87,699.83,699.75,699.87,700.13,699.93,700.03,699.96,700.03,699.76,699.92,700.09,699.84,699.95,699.94,699.8,700.13,699.76,699.36,700.03,700.19,699.78,699.58,699.17,698.99,699.47,700.87,700.69,700.43,700.2,699.99,699.67,678.24,548.91,413.85,282.76,153.09,39.49,25.71,29.94,47.4,34.83,27.59,26.82,25.93,25.32,25.26,25.32,25.2,25.21,25.33,24.76,25.11,25.12,25.16,25.01,24.92,25.58,24.5,24.91,25.18,25.2,25.16,25.32,25.19,25.09,25.18,25.08,25.27,25.22,25.51,24.93,25.11,25.23,-0.52,-0.45,-0.5,-0.58,0.47,12.19,23.37,35.98,49.3,62.22,67.31,75.5,87.45,100.61,107.03,103.08,108.94,120.07,129.97,130.17,150.35,159.49,164.04,167.28,175.31,188.23,200.94,214.49,227.68,241.64,255.59,269.86,284.65,299.31,320.02,355.2,383.89,407.57,426.31,442.3,455.73,467.28,477.45,486.43,494.42,501.79,508.21,514.12,519.03,523.41,526.9,529.75,531.63,532.58,532.5,531.25,528.73,524.74,519.69,513.35,505.84,497.61,488.62,479.45,470.28,461.36,452.6,444.29,436.46,428.8,421.27,413.79,406.33,398.87,391.63,384.51,377.8,371.65,366.04,361.06,356.84,353.04,349.91,347.01,344.5,341.93,339.54,338.79,339.4,340.35,341.27,342.21,338.98,327.98,324.79,323.02,321.2,319.35,317.53,315.81,314.03,312.22,310.6,308.92,307.23,305.59,304.0,302.47,301.0,299.39,298.0,296.48,295.1,293.58,292.36,291.0,289.72,288.4,287.14,285.95,284.74,283.59,282.47,281.39,280.27,279.18,278.25,277.19
21222,23,114.305,34.75,54.06,69.6,595.15,1022.52,954.44,921.97,937.27,962.99,984.3,933.46,920.18,937.85,960.95,936.39,857.72,844.47,857.56,852.26,801.7,803.88,775.3,740.88,706.94,697.97,699.2,699.57,699.98,697.79,698.5,700.04,696.85,699.54,697.06,698.01,699.1,696.6,698.01,699.2,699.64,698.65,699.79,699.76,699.43,699.71,700.01,699.92,699.75,700.08,699.71,699.89,699.43,699.44,700.01,699.97,699.93,699.96,699.92,699.97,700.02,700.04,700.02,699.9,700.1,699.98,699.94,700.03,699.96,699.99,700.01,699.97,699.9,699.96,700.02,700.02,699.81,699.91,700.53,700.16,699.9,699.76,699.46,699.35,699.33,699.45,701.34,678.7,548.88,414.26,283.33,153.67,40.06,25.77,30.0,47.47,34.74,27.25,26.74,25.64,25.4,25.38,25.37,25.09,25.1,25.37,24.85,24.97,25.06,25.12,24.99,25.12,25.17,24.81,25.17,25.18,25.07,25.05,25.18,25.14,25.21,25.31,25.16,25.05,25.08,25.4,25.13,25.04,25.47,-0.44,-0.41,-0.38,-0.52,0.7,12.63,23.79,36.47,49.82,62.68,67.86,75.95,87.87,100.91,107.68,103.55,109.34,120.5,130.38,129.32,148.76,159.03,163.7,167.06,174.69,188.14,200.72,213.88,227.21,241.18,255.25,269.37,283.82,298.66,316.31,349.27,379.25,403.82,423.12,439.87,453.74,465.39,475.76,484.89,493.04,500.41,507.2,513.0,518.13,522.53,526.06,528.8,530.8,531.8,531.98,530.76,528.31,524.44,519.29,512.84,505.37,497.02,488.02,478.73,469.57,460.48,451.78,443.48,435.5,427.92,420.51,412.95,405.66,398.36,391.02,383.86,377.29,371.02,365.42,360.46,356.13,352.5,349.14,346.26,343.69,341.19,338.67,337.83,338.59,339.48,340.51,341.24,338.16,327.21,323.91,321.97,320.16,318.51,316.81,314.97,313.13,311.38,309.75,308.11,306.37,304.82,303.26,301.62,300.07,298.69,297.09,295.64,294.26,292.86,291.52,290.12,288.83,287.56,286.24,285.2,283.9,282.69,281.49,280.61,279.48,278.34,277.21,276.35
21223,23,114.315,34.07,53.2,69.28,596.32,1024.1,955.37,923.54,939.15,964.37,985.41,934.19,920.61,937.98,960.44,935.81,857.2,843.71,861.1,859.05,806.91,809.21,778.6,742.96,707.48,698.03,698.27,699.77,699.77,698.53,698.26,700.2,697.43,699.4,696.96,697.94,698.73,697.71,697.22,699.64,699.68,698.69,699.76,700.12,698.92,699.64,700.19,699.27,699.94,699.62,699.88,699.87,699.62,699.7,699.63,699.96,699.92,700.06,700.06,699.95,699.87,700.06,699.97,699.98,699.88,699.84,699.95,699.88,699.88,699.53,699.88,699.97,700.06,699.96,699.43,699.77,700.03,699.79,699.54,699.26,699.14,700.63,700.74,700.4,700.04,699.69,699.46,678.74,550.38,415.1,283.85,154.4,39.78,25.94,29.67,47.24,34.93,27.9,26.71,25.93,25.39,25.42,25.2,25.25,25.09,25.27,24.81,25.11,25.24,25.02,25.06,25.03,25.03,24.8,25.14,25.11,25.23,25.22,25.45,24.95,25.28,25.05,25.18,25.03,25.02,25.12,25.07,25.11,25.06,-0.53,-0.34,-0.44,-0.37,0.65,12.59,23.6,36.32,49.55,62.61,67.71,75.61,87.7,100.7,107.26,103.17,108.84,119.92,129.97,130.34,150.88,160.17,164.7,167.59,175.3,188.29,200.87,214.26,227.59,241.6,255.75,270.14,284.69,299.35,321.6,357.04,385.27,408.73,427.12,442.87,456.07,467.57,477.79,486.54,494.56,501.72,508.06,513.81,518.81,522.96,526.66,529.22,531.09,532.11,531.91,530.57,527.96,524.11,518.75,512.18,504.53,496.23,487.23,478.03,469.01,459.92,451.22,442.99,435.11,427.61,420.04,412.46,404.97,397.61,390.27,383.21,376.44,370.15,364.75,359.9,355.54,351.95,348.72,345.85,343.24,340.67,338.18,337.44,338.22,339.1,339.96,340.84,337.77,326.5,323.18,321.37,319.55,317.83,316.07,314.32,312.56,310.84,309.04,307.58,305.98,304.44,302.91,301.2,299.7,298.29,296.66,295.3,293.83,292.45,291.01,289.58,288.36,287.19,285.92,284.69,283.43,282.28,281.14,280.11,279.04,277.88,276.84,275.9
21224,23,114.313,34.63,53.49,70.78,597.69,1023.64,954.76,922.17,937.07,963.21,984.51,933.12,920.09,937.59,960.27,935.85,858.46,845.44,857.38,852.16,801.42,804.53,775.25,740.38,707.0,698.22,698.8,699.48,699.99,697.67,698.34,699.97,697.13,699.4,696.71,698.19,699.11,696.62,698.08,699.4,699.46,698.54,700.21,699.89,699.27,699.55,700.18,699.96,699.8,699.86,699.78,699.67,699.31,699.51,699.64,699.65,699.67,699.74,699.93,700.09,699.87,699.95,699.94,700.12,700.02,699.96,699.86,700.07,699.9,700.02,700.16,699.86,699.58,699.95,700.09,700.06,700.32,700.04,699.55,699.32,699.17,699.69,700.72,700.67,700.14,699.93,699.82,678.72,549.73,414.5,283.65,153.69,39.96,25.5,29.85,47.18,34.76,27.59,26.79,25.89,25.44,25.39,25.26,25.31,25.04,25.22,25.18,25.22,24.93,25.0,25.08,25.32,24.56,25.04,25.24,25.21,25.16,25.2,25.17,25.05,25.03,25.06,25.16,25.28,25.11,25.31,25.2,25.23,25.3,-0.45,-0.4,-0.35,-0.49,0.52,12.06,22.96,35.76,49.09,62.07,67.24,75.53,87.52,100.45,107.03,102.91,108.8,120.22,130.2,130.46,150.44,159.05,163.55,167.18,174.82,187.79,200.45,213.98,227.1,241.04,255.04,269.33,283.9,298.69,319.03,354.26,383.39,406.98,425.83,442.06,455.64,467.1,477.19,486.35,494.41,501.5,508.12,514.03,519.08,523.42,526.89,529.76,531.67,532.82,532.8,531.61,529.12,525.35,520.17,514.02,506.27,498.16,489.19,479.98,470.93,461.93,453.25,444.98,437.06,429.49,421.94,414.47,407.03,399.67,392.32,385.22,378.47,372.04,366.64,361.66,357.24,353.64,350.39,347.45,344.84,342.33,339.94,339.27,339.84,340.7,341.67,342.43,339.29,328.3,325.03,323.19,321.41,319.64,317.82,316.18,314.31,312.53,310.79,309.27,307.53,305.9,304.23,302.73,301.25,299.7,298.22,296.79,295.31,293.91,292.53,291.34,289.93,288.64,287.35,286.18,284.95,283.83,282.7,281.54,280.48,279.4,278.36,277.28
21225,23,114.307,34.37,53.11,71.24,600.44,1023.82,953.57,922.09,937.46,963.1,984.41,933.46,920.47,938.26,960.71,935.77,857.38,844.44,858.3,853.27,802.59,805.35,776.09,741.42,706.02,697.72,699.02,699.53,700.12,697.6,698.54,699.79,697.12,699.2,697.25,698.37,699.35,695.88,699.01,698.71,699.02,699.11,699.5,699.62,699.83,699.59,699.7,699.8,699.79,699.34,699.87,699.49,699.48,699.72,700.16,699.39,699.86,699.98,700.02,700.03,700.05,700.0,699.96,699.95,700.03,699.99,699.92,699.98,700.01,699.84,699.96,699.8,700.28,699.74,699.91,699.86,700.08,700.2,699.76,699.43,699.24,699.57,700.46,700.17,699.89,699.65,699.47,678.49,549.67,414.52,283.62,153.95,39.82,25.59,29.36,47.01,35.37,27.7,26.63,25.88,25.16,25.18,25.1,25.33,25.23,25.05,25.05,25.2,25.09,25.05,24.92,24.91,24.81,25.22,24.98,25.24,25.36,25.45,25.04,24.76,25.2,25.31,25.26,25.22,25.34,25.31,25.31,24.94,25.09,-0.48,-0.38,-0.41,-0.48,0.75,12.72,23.77,36.41,49.66,62.8,67.68,75.73,87.83,100.94,107.41,103.41,109.23,120.56,130.61,130.59,150.45,159.59,163.92,167.33,174.92,188.23,200.85,214.44,227.46,241.43,255.44,269.71,284.0,298.96,319.54,354.19,382.99,406.82,425.6,441.56,455.02,466.55,476.84,485.77,493.64,501.04,507.47,513.24,518.19,522.51,526.19,528.7,530.65,531.82,531.75,530.5,527.75,523.71,518.47,512.05,504.48,496.03,486.99,477.82,468.55,459.48,450.83,442.64,434.66,427.04,419.52,411.95,404.52,397.13,389.91,382.78,376.06,370.0,364.4,359.33,354.93,351.23,347.89,345.07,342.46,339.89,337.55,336.71,337.32,338.19,339.07,340.0,336.75,325.83,322.82,320.81,318.98,317.21,315.37,313.6,311.74,310.03,308.28,306.6,304.94,303.4,301.79,300.12,298.7,297.13,295.6,294.12,292.66,291.3,289.88,288.48,287.23,285.99,284.76,283.55,282.34,281.11,280.28,279.16,277.88,276.83,275.85,274.97
21226,23,114.332,35.55,54.68,72.49,602.7,1024.94,955.91,923.28,938.86,964.37,985.55,934.21,920.77,938.18,962.02,938.44,858.11,844.6,858.13,852.95,802.0,805.02,775.79,740.74,707.0,698.06,698.94,699.54,700.11,698.04,698.41,699.76,697.5,698.88,697.39,698.4,699.46,695.73,698.99,698.98,699.06,699.08,699.66,699.85,699.81,699.87,699.54,699.7,700.04,699.38,699.89,700.05,699.76,699.47,699.22,699.83,700.08,699.87,700.03,700.12,699.75,700.04,699.97,699.98,700.01,699.98,699.99,699.67,700.06,700.02,700.05,699.89,700.22,699.83,699.53,700.15,699.89,699.57,699.87,700.39,700.18,699.8,699.6,699.32,699.11,699.14,700.69,678.7,549.36,414.63,283.58,153.89,39.89,25.52,29.48,47.03,35.21,27.53,26.79,25.88,25.31,25.28,25.12,25.24,25.51,24.65,24.88,25.14,25.15,25.17,25.02,25.18,24.9,25.03,25.1,25.02,24.99,25.29,25.12,25.15,25.23,25.07,25.32,25.31,25.4,25.49,25.28,25.1,25.08,-0.46,-0.52,-0.44,-0.56,0.92,13.48,24.44,37.13,50.44,63.6,68.6,76.51,88.38,101.53,108.04,103.93,109.54,120.86,130.82,129.82,149.82,159.78,164.35,167.64,175.54,188.78,201.39,215.07,228.27,242.17,256.28,270.81,285.17,299.87,321.44,356.73,385.02,408.25,426.96,442.97,456.11,467.51,477.76,486.54,494.55,501.71,508.15,513.88,518.69,522.99,526.32,529.01,530.86,531.8,531.7,530.3,527.67,523.55,518.25,511.74,504.15,495.53,486.58,477.43,468.27,459.36,450.59,442.37,434.46,426.93,419.39,411.79,404.39,396.79,389.58,382.39,375.8,369.46,364.03,359.12,354.94,351.32,348.23,345.34,342.7,340.18,337.87,337.16,337.62,338.5,339.4,340.17,337.0,325.91,322.69,320.81,319.14,317.37,315.4,313.57,311.88,310.26,308.56,306.88,305.08,303.46,301.99,300.49,298.78,297.35,295.86,294.43,293.16,291.74,290.42,288.98,287.5,286.32,285.11,283.99,282.76,281.65,280.51,279.34,278.25,277.28,276.25,275.22
21227,23,114.324,34.79,53.81,69.45,593.46,1022.58,953.59,922.33,937.85,963.59,984.71,933.37,920.2,939.02,960.13,935.42,856.96,843.45,857.24,852.3,801.46,804.53,775.55,741.29,706.15,697.77,698.79,699.44,700.16,698.1,698.48,699.9,696.9,699.56,696.9,698.03,698.96,697.12,697.22,699.35,699.58,698.79,699.71,699.94,699.65,699.88,700.08,699.74,699.91,699.95,699.57,699.89,699.76,699.93,699.16,699.84,699.93,699.97,700.0,700.04,699.95,699.96,699.96,699.99,699.92,700.05,699.93,700.03,699.95,699.95,700.04,699.99,699.86,699.88,700.06,699.72,699.6,700.14,700.04,699.68,699.35,699.36,700.07,700.36,700.07,699.92,699.54,678.69,549.56,414.56,283.2,153.85,40.2,25.73,29.48,47.02,35.18,27.59,26.8,26.01,25.43,25.16,25.22,25.46,25.0,25.29,25.07,25.09,25.27,25.18,25.21,24.75,25.07,25.3,25.22,25.14,25.17,25.18,25.22,25.16,25.38,25.38,25.28,25.13,25.1,25.22,25.25,25.03,25.11,-0.42,-0.38,-0.48,-0.45,0.58,12.43,23.53,36.19,49.61,62.65,67.79,75.91,87.9,100.93,107.46,103.49,109.24,120.37,130.29,129.99,150.03,159.14,163.84,167.13,174.93,187.88,200.47,213.71,227.13,241.15,255.25,269.65,284.19,298.81,317.75,351.86,381.34,405.57,424.47,440.96,454.55,466.17,476.35,485.6,493.84,501.29,507.69,513.62,518.79,523.1,526.48,529.35,531.39,532.53,532.51,531.39,529.01,525.24,520.19,513.97,506.47,498.18,489.25,480.04,470.96,461.91,453.17,444.75,436.88,429.05,421.62,414.14,406.68,399.28,391.79,384.74,378.08,371.58,366.11,361.07,356.86,353.01,349.88,346.85,344.3,341.93,339.39,338.67,339.26,340.15,341.11,341.87,338.8,327.68,324.29,322.49,320.77,318.96,317.18,315.37,313.59,311.82,310.16,308.52,306.73,305.08,303.49,301.93,300.32,298.89,297.32,295.94,294.54,293.2,291.78,290.28,289.06,287.9,286.54,285.38,284.15,282.91,281.84,280.8,279.74,278.63,277.6,276.55
21228,23,114.324,34.63,53.61,69.92,597.84,1023.55,953.9,921.96,937.31,962.99,983.98,932.79,919.57,936.75,960.45,936.01,856.8,843.44,856.8,852.34,800.92,804.52,775.56,740.73,707.35,698.21,698.97,699.46,699.99,698.16,698.29,700.07,696.99,699.58,696.58,698.1,698.95,696.82,697.76,699.45,699.46,699.02,700.11,699.68,699.38,699.63,700.14,699.8,699.43,700.06,699.47,699.84,699.45,699.6,699.55,699.56,699.91,700.03,699.96,699.99,699.99,700.01,699.97,699.9,700.11,700.03,699.94,699.96,699.85,700.04,699.92,699.95,700.12,699.75,700.05,700.16,700.02,699.54,699.24,699.15,698.95,700.45,700.8,700.41,700.22,699.98,699.89,679.02,550.46,415.27,284.1,154.53,39.87,26.0,28.95,46.92,36.1,27.94,26.44,26.18,25.4,25.44,25.09,25.44,25.16,24.73,25.15,25.4,25.11,25.22,25.32,24.92,24.83,25.1,25.18,25.05,25.2,25.65,24.6,25.0,25.24,25.16,25.11,25.18,25.32,25.22,25.07,25.19,25.47,-0.46,-0.49,-0.49,-0.59,0.58,12.22,23.09,35.99,49.3,62.26,67.51,75.62,87.5,100.24,107.06,102.96,108.8,119.99,130.15,129.39,149.61,159.26,163.69,167.19,175.06,188.1,200.79,214.16,227.3,241.34,255.43,269.72,284.21,298.92,320.86,356.39,384.6,408.07,426.55,442.72,455.94,467.46,477.53,486.36,494.35,501.76,508.28,513.96,518.89,523.3,526.92,529.64,531.63,532.8,532.91,531.79,529.2,525.51,520.46,514.03,506.78,498.55,489.58,480.45,471.52,462.47,453.88,445.6,437.72,430.21,422.38,415.01,407.52,400.14,392.77,385.76,378.92,372.7,367.22,362.33,358.07,354.33,351.22,348.36,345.68,343.21,340.82,339.98,340.61,341.43,342.33,343.2,340.27,329.12,325.89,323.97,322.12,320.37,318.51,316.72,314.99,313.19,311.51,309.83,308.11,306.5,304.79,303.29,301.79,300.21,298.82,297.42,295.77,294.56,293.21,291.83,290.53,289.27,288.03,286.74,285.55,284.47,283.22,282.2,281.12,279.97,279.04,278.09
21229,23,114.318,35.03,53.87,69.02,592.92,1022.31,954.04,922.62,937.7,963.47,984.63,933.12,919.72,937.18,961.9,935.46,856.83,843.27,856.69,851.56,801.18,804.36,775.27,740.61,707.2,698.11,698.68,699.64,699.71,698.12,698.29,700.03,696.83,699.79,696.46,698.02,698.63,697.53,697.0,699.68,699.35,699.3,699.63,700.15,699.42,699.92,700.03,699.7,700.1,699.89,699.86,699.64,699.62,699.77,699.6,699.62,699.78,699.96,699.93,699.87,699.96,699.98,699.85,699.96,699.91,699.86,700.15,699.96,700.0,699.97,699.97,699.95,700.0,700.11,699.85,699.71,700.2,700.08,699.58,699.45,699.2,699.74,700.52,700.32,700.11,699.68,699.54,678.5,549.89,414.59,283.19,153.93,40.12,25.76,29.75,47.09,35.57,26.9,26.79,25.94,25.3,25.12,25.29,25.14,25.16,25.31,25.14,25.23,25.11,25.12,25.54,24.28,25.06,25.19,25.11,25.18,25.16,25.6,24.76,25.2,25.09,25.18,25.22,25.31,24.95,24.98,25.24,25.17,25.16,-0.43,-0.46,-0.35,-0.46,0.69,12.63,23.63,36.5,49.67,62.86,67.76,75.96,87.82,100.76,107.46,103.38,109.15,120.32,130.28,129.51,149.46,159.2,163.85,167.29,175.25,188.34,200.84,214.25,227.57,241.54,255.82,269.96,284.54,299.21,319.2,354.25,383.19,407.11,425.98,442.06,455.73,467.42,477.55,486.56,494.69,502.05,508.47,514.28,519.29,523.77,527.34,530.22,532.11,533.23,533.27,532.17,529.6,525.95,520.75,514.43,507.1,498.87,489.94,480.69,471.69,462.66,453.86,445.64,437.75,430.08,422.39,414.94,407.42,399.98,392.72,385.5,378.78,372.46,366.83,361.91,357.69,354.02,350.72,347.88,345.21,342.69,340.39,339.58,340.11,341.08,342.02,342.89,339.71,328.52,325.34,323.55,321.81,319.95,318.22,316.32,314.64,312.9,311.13,309.49,307.86,306.13,304.62,303.05,301.63,299.97,298.56,297.23,295.76,294.34,292.94,291.71,290.3,289.1,287.8,286.56,285.49,284.33,283.21,282.04,281.01,279.85,278.93,277.91
21230,23,114.34,33.61,52.58,67.37,586.45,1020.49,952.12,920.72,936.0,961.85,982.79,931.11,918.72,938.89,959.31,933.52,856.03,842.97,856.67,850.7,800.29,803.44,774.76,739.92,707.22,698.21,698.14,699.72,699.64,698.22,698.35,700.18,696.94,699.89,696.31,697.67,698.32,698.54,696.41,699.82,699.66,699.85,699.83,699.93,699.7,699.71,699.96,699.88,699.96,699.12,699.73,699.8,699.74,699.85,700.02,699.44,699.91,699.98,699.91,700.02,700.01,699.95,699.95,699.95,699.98,699.92,699.96,700.1,699.87,699.56,700.02,700.05,699.96,699.91,699.95,699.95,699.72,700.11,699.82,699.63,699.71,700.25,700.05,699.75,699.51,699.26,699.11,678.23,548.05,413.24,281.93,152.2,38.95,26.12,29.69,47.13,35.38,27.6,26.62,25.97,25.48,25.37,25.14,26.03,24.21,25.0,25.3,25.32,25.11,25.18,25.17,24.83,25.07,25.19,25.14,25.03,25.29,25.3,24.65,25.26,25.26,25.31,25.19,25.41,24.92,25.16,25.1,25.26,25.07,-0.47,-0.52,-0.48,-0.5,0.65,12.58,23.79,36.65,49.81,62.83,67.64,75.72,87.68,100.78,107.01,103.11,108.86,119.98,129.65,128.24,147.6,158.3,162.9,166.29,174.14,187.2,199.94,213.26,226.4,240.54,254.95,269.0,283.87,298.09,317.3,351.66,381.17,405.2,424.41,440.55,454.15,465.97,476.1,485.33,493.38,500.71,507.23,512.89,518.1,522.23,525.87,528.8,530.69,531.94,531.86,530.61,528.09,524.26,519.09,512.69,505.16,496.84,487.84,478.53,469.51,460.37,451.63,443.45,435.47,427.83,420.32,412.83,405.42,397.96,390.59,383.56,376.75,370.62,364.98,360.04,355.79,352.14,348.91,346.12,343.51,341.09,338.6,337.8,338.5,339.4,340.33,341.16,338.01,326.9,323.59,321.82,319.99,318.32,316.42,314.75,312.91,311.22,309.57,307.89,306.18,304.64,302.89,301.44,299.88,298.33,296.84,295.41,294.01,292.6,291.27,289.91,288.55,287.36,286.03,284.89,283.65,282.5,281.26,280.23,279.16,278.02,277.06,276.1
21231,23,114.345,34.12,53.2,69.62,595.47,1022.37,953.04,920.98,936.43,962.1,982.96,931.26,918.13,936.82,957.98,932.03,854.31,841.38,855.15,849.67,799.49,803.0,774.35,740.54,706.97,698.32,698.53,699.54,699.84,698.14,698.15,700.11,696.93,699.83,696.45,697.82,698.67,697.36,697.32,699.55,699.81,698.97,699.88,700.07,699.13,699.74,699.94,699.91,699.97,699.4,699.7,699.79,699.43,699.78,699.8,699.47,699.55,699.86,699.99,699.93,700.07,699.99,699.98,699.97,700.05,699.89,700.01,699.91,700.01,700.04,699.93,700.04,699.87,699.98,699.84,700.03,700.16,699.72,699.46,699.87,700.48,700.23,699.95,699.66,699.43,699.3,699.05,677.99,549.26,413.99,282.59,153.13,39.52,25.78,29.46,46.71,35.8,27.5,26.84,25.93,25.39,25.11,25.06,25.73,24.62,25.19,25.09,25.26,25.07,25.13,25.18,24.75,25.05,25.23,25.02,25.06,25.23,25.14,25.17,25.18,25.09,25.03,24.99,25.65,24.72,25.18,25.17,25.19,25.12,-0.47,-0.36,-0.46,-0.44,0.71,12.52,23.52,36.32,49.58,62.49,67.64,75.77,87.75,100.69,107.06,103.05,109.03,120.19,130.08,129.81,150.04,159.44,164.05,167.6,175.75,188.63,201.36,214.67,228.06,242.05,256.3,270.6,285.31,299.92,323.11,358.84,386.91,410.25,428.6,444.42,457.66,469.05,479.09,487.96,495.87,503.12,509.57,515.38,520.44,524.52,528.14,530.79,532.71,533.83,533.65,532.43,529.95,526.1,520.86,514.47,507.05,498.68,489.79,480.61,471.56,462.57,453.93,445.63,437.71,430.04,422.51,415.0,407.48,400.06,392.66,385.54,378.79,372.48,366.92,361.88,357.6,353.86,350.65,347.79,345.05,342.49,340.18,339.3,339.94,340.88,341.69,342.62,339.31,328.36,325.18,323.27,321.41,319.65,317.8,316.07,314.28,312.49,310.85,309.04,307.47,305.72,304.24,302.57,301.11,299.53,298.09,296.65,295.23,293.85,292.47,291.14,289.87,288.49,287.3,286.14,284.86,283.79,282.59,281.58,280.46,279.48,278.37,277.33
21232,23,114.344,33.87,52.91,68.0,588.79,1021.01,951.66,919.45,934.57,960.05,981.19,929.78,918.8,934.14,956.57,930.81,853.02,840.26,853.9,848.56,798.09,801.98,773.77,739.87,706.94,698.42,698.33,699.7,699.54,698.58,698.13,700.09,696.92,700.18,696.45,697.43,697.65,699.18,696.16,699.85,699.62,699.75,699.49,699.91,699.56,700.1,699.47,699.82,699.59,699.95,699.91,699.62,699.9,699.38,699.8,699.66,699.61,699.97,700.03,699.95,699.99,699.9,699.91,699.98,699.97,700.02,699.99,700.0,699.97,699.92,699.93,699.92,700.02,699.98,699.93,700.14,699.82,699.7,700.06,700.03,699.63,699.47,700.75,700.62,700.31,700.06,699.79,678.42,549.01,413.89,282.49,152.87,39.53,25.95,29.52,47.18,35.35,27.72,26.8,25.91,25.4,25.47,25.39,25.09,24.81,25.21,25.36,25.26,24.93,25.07,25.02,25.21,24.97,24.86,24.96,25.12,25.41,24.95,25.05,25.27,25.16,25.01,25.25,25.29,25.0,25.33,25.11,25.02,25.21,-0.5,-0.39,-0.38,-0.49,0.67,12.51,23.58,36.24,49.52,62.44,67.4,75.55,87.47,100.49,106.99,102.82,108.67,119.85,129.49,128.63,148.33,158.76,163.55,167.1,175.29,188.27,201.0,214.43,227.69,241.76,256.13,270.22,284.94,299.5,321.22,356.75,385.45,408.75,427.8,443.67,457.06,468.71,478.86,487.8,495.89,503.05,509.53,515.22,520.24,524.62,528.26,531.11,533.28,534.4,534.46,533.5,530.98,527.31,522.39,516.06,508.76,500.67,491.71,482.56,473.56,464.51,455.81,447.48,439.56,431.85,424.31,416.72,409.18,401.69,394.22,387.14,380.28,374.04,368.28,363.35,359.14,355.39,352.13,349.3,346.57,344.12,341.72,340.88,341.61,342.48,343.4,344.16,341.01,329.92,326.7,324.82,323.11,321.25,319.45,317.78,315.92,314.21,312.61,310.93,309.19,307.61,305.97,304.42,302.93,301.37,299.91,298.46,297.0,295.65,294.26,292.9,291.58,290.27,289.1,287.85,286.7,285.53,284.42,283.24,282.2,281.22,280.12,279.17
21233,23,114.346,34.88,53.43,69.17,589.43,1020.57,949.62,918.7,934.51,960.43,982.1,931.12,917.54,935.01,957.45,932.24,854.3,841.29,854.85,849.62,799.3,802.81,774.31,740.01,706.84,698.34,698.3,699.59,699.58,698.18,698.36,700.13,696.85,699.89,696.4,697.28,697.78,699.01,696.06,699.84,699.68,700.06,699.45,699.88,699.72,700.04,699.73,699.69,700.01,699.79,699.8,699.83,699.24,699.6,699.76,699.41,699.76,699.87,699.98,699.97,699.96,699.99,700.02,699.99,699.94,700.05,699.97,699.9,700.02,699.84,700.13,699.79,699.92,700.03,700.12,699.78,700.17,700.01,699.7,699.53,699.55,700.49,700.28,700.07,699.81,699.5,699.4,678.31,549.0,414.11,282.56,153.35,39.53,25.93,29.51,47.5,35.11,27.72,26.76,25.9,25.31,25.29,25.76,24.58,24.99,25.29,25.26,25.17,25.04,25.23,24.64,25.1,25.19,25.08,25.09,25.19,24.95,25.14,25.24,25.24,24.99,25.12,25.32,25.14,25.2,25.31,25.2,25.09,25.43,-0.49,-0.49,-0.53,-0.47,0.54,12.51,23.58,36.19,49.41,62.42,67.44,75.56,87.49,100.39,106.94,102.76,108.63,119.76,129.63,128.45,147.93,158.65,163.33,167.0,174.78,187.86,200.79,214.27,227.5,241.48,255.82,270.04,284.92,299.2,321.01,356.43,385.02,408.19,427.21,443.09,456.48,467.93,477.98,486.82,494.84,502.15,508.6,514.44,519.61,523.94,527.58,530.45,532.32,533.45,533.51,532.42,529.97,526.23,521.15,514.85,507.5,499.29,490.39,481.16,472.09,463.03,454.35,446.09,438.21,430.54,422.97,415.41,407.94,400.37,393.0,385.88,378.99,372.76,367.18,362.22,357.98,354.26,350.94,348.1,345.45,342.97,340.58,339.73,340.35,341.19,342.07,342.95,339.68,328.69,325.4,323.57,321.74,319.88,318.16,316.29,314.57,312.79,311.0,309.41,307.66,306.14,304.45,302.96,301.4,299.84,298.4,296.89,295.49,294.12,292.76,291.44,290.01,288.77,287.52,286.33,285.12,284.01,282.8,281.72,280.69,279.59,278.57,277.67
21234,23,114.353,34.16,53.14,68.36,588.8,1020.8,951.39,919.15,934.57,960.5,981.64,929.7,916.71,934.38,957.25,931.6,853.6,840.75,854.67,849.01,798.57,802.43,774.04,739.94,706.54,698.38,698.07,699.65,699.72,698.28,698.19,700.1,696.91,699.9,696.56,697.66,698.01,698.68,696.4,699.92,699.64,700.0,699.95,699.74,699.73,700.01,699.96,699.97,699.66,699.53,699.86,699.89,699.32,699.81,700.04,699.55,699.72,699.9,699.98,700.01,700.05,700.03,700.01,700.0,700.02,700.0,699.94,699.99,700.01,699.99,700.01,699.86,700.25,699.79,699.49,699.68,700.32,700.1,699.75,699.38,699.15,699.06,699.99,701.13,700.86,700.59,700.35,677.16,547.94,413.56,282.51,152.96,39.6,26.02,29.67,47.52,34.79,27.77,26.78,26.0,25.26,25.3,25.17,25.22,25.13,25.28,25.1,25.21,25.0,25.1,24.89,25.22,25.29,25.13,25.14,25.68,24.44,25.13,25.12,25.14,25.22,25.21,25.28,25.03,25.25,25.28,25.15,25.46,25.22,-0.39,-0.42,-0.42,-0.43,0.54,12.24,23.2,35.91,49.04,62.04,67.2,75.26,87.23,100.13,106.67,102.73,108.45,119.54,129.39,128.53,148.58,158.49,163.38,167.11,175.34,188.09,200.85,214.33,227.42,241.51,255.79,269.8,284.54,299.13,319.32,354.34,383.36,407.22,426.32,442.39,456.06,467.72,477.91,486.88,495.05,502.44,509.11,514.73,519.91,524.21,527.89,530.72,532.67,533.91,533.96,532.8,530.26,526.63,521.59,515.32,507.94,499.71,490.84,481.66,472.65,463.56,454.91,446.69,438.74,431.09,423.47,416.06,408.23,400.81,393.51,386.29,379.46,373.24,367.58,362.69,358.43,354.69,351.5,348.61,345.98,343.58,341.08,340.32,340.89,341.85,342.7,343.53,340.33,329.21,325.91,324.11,322.43,320.49,318.76,316.88,315.19,313.38,311.81,310.08,308.36,306.79,305.18,303.57,302.0,300.55,299.08,297.54,296.14,294.74,293.38,292.06,290.73,289.46,288.21,286.97,285.79,284.62,283.45,282.41,281.24,280.24,279.18,278.32
21235,23,114.346,35.08,53.84,70.25,597.29,1022.21,951.85,919.04,934.09,960.36,981.0,929.21,916.1,933.79,956.44,931.4,853.29,840.46,854.19,849.22,798.39,802.33,774.26,739.59,706.86,698.38,698.11,699.52,699.68,698.18,698.26,700.07,696.88,699.8,696.37,697.63,698.28,697.49,697.06,699.68,699.64,699.19,699.8,700.24,699.07,699.75,700.07,699.85,699.44,700.09,699.86,699.79,699.84,699.74,699.22,699.75,699.51,699.65,699.94,699.92,699.95,699.99,700.02,700.02,699.84,699.91,700.13,699.98,699.91,700.06,699.72,700.04,700.06,699.57,699.61,700.34,700.14,699.73,699.42,699.09,698.97,700.05,701.17,700.96,700.62,700.41,700.36,677.07,548.39,414.15,283.27,153.88,40.13,25.67,29.49,46.31,35.99,27.76,26.73,25.88,25.49,25.2,25.02,25.21,25.2,25.17,25.04,25.04,25.03,24.86,25.09,25.09,25.16,25.03,25.42,24.88,24.7,25.24,25.31,25.1,25.1,25.56,24.98,25.06,25.32,25.18,25.2,25.17,25.28,-0.39,-0.42,-0.46,-0.43,0.73,12.67,23.72,36.35,49.52,62.49,67.57,75.74,87.69,100.6,107.09,103.12,108.88,120.0,129.88,129.05,149.1,159.29,163.89,167.72,175.66,188.68,201.28,214.68,228.15,242.18,256.6,270.78,285.53,300.21,323.34,359.0,386.85,410.31,428.75,444.62,457.77,469.25,479.23,488.09,496.12,503.21,509.67,515.43,520.48,524.8,528.27,531.12,533.03,534.15,534.3,533.14,530.75,526.88,521.77,515.47,508.06,499.66,490.79,481.6,472.57,463.52,454.87,446.59,438.72,431.04,423.43,416.01,408.53,401.0,393.74,386.5,379.74,373.48,367.86,362.86,358.53,354.79,351.51,348.58,345.89,343.42,341.02,340.2,340.77,341.67,342.48,343.37,340.09,329.05,325.98,324.0,322.2,320.36,318.54,316.81,315.01,313.21,311.52,309.86,308.2,306.54,304.97,303.36,301.85,300.25,298.79,297.35,295.89,294.44,293.17,291.77,290.52,289.16,287.94,286.71,285.58,284.37,283.21,282.15,281.07,280.11,278.95,278.01
