cycle_counter,experiment,weight,inj_000,inj_001,inj_002,inj_003,inj_004,inj_005,inj_006,inj_007,inj_008,inj_009,inj_010,inj_011,inj_012,inj_013,inj_014,inj_015,inj_016,inj_017,inj_018,inj_019,inj_020,inj_021,inj_022,inj_023,inj_024,inj_025,inj_026,inj_027,inj_028,inj_029,inj_030,inj_031,inj_032,inj_033,inj_034,inj_035,inj_036,inj_037,inj_038,inj_039,inj_040,inj_041,inj_042,inj_043,inj_044,inj_045,inj_046,inj_047,inj_048,inj_049,inj_050,inj_051,inj_052,inj_053,inj_054,inj_055,inj_056,inj_057,inj_058,inj_059,inj_060,inj_061,inj_062,inj_063,inj_064,inj_065,inj_066,inj_067,inj_068,inj_069,inj_070,inj_071,inj_072,inj_073,inj_074,inj_075,inj_076,inj_077,inj_078,inj_079,inj_080,inj_081,inj_082,inj_083,inj_084,inj_085,inj_086,inj_087,inj_088,inj_089,inj_090,inj_091,inj_092,inj_093,inj_094,inj_095,inj_096,inj_097,inj_098,inj_099,inj_100,inj_101,inj_102,inj_103,inj_104,inj_105,inj_106,inj_107,inj_108,inj_109,inj_110,inj_111,inj_112,inj_113,inj_114,inj_115,inj_116,inj_117,inj_118,inj_119,inj_120,inj_121,inj_122,inj_123,inj_124,inj_125,inj_126,inj_127,cav_000,cav_001,cav_002,cav_003,cav_004,cav_005,cav_006,cav_007,cav_008,cav_009,cav_010,cav_011,cav_012,cav_013,cav_014,cav_015,cav_016,cav_017,cav_018,cav_019,cav_020,cav_021,cav_022,cav_023,cav_024,cav_025,cav_026,cav_027,cav_028,cav_029,cav_030,cav_031,cav_032,cav_033,cav_034,cav_035,cav_036,cav_037,cav_038,cav_039,cav_040,cav_041,cav_042,cav_043,cav_044,cav_045,cav_046,cav_047,cav_048,cav_049,cav_050,cav_051,cav_052,cav_053,cav_054,cav_055,cav_056,cav_057,cav_058,cav_059,cav_060,cav_061,cav_062,cav_063,cav_064,cav_065,cav_066,cav_067,cav_068,cav_069,cav_070,cav_071,cav_072,cav_073,cav_074,cav_075,cav_076,cav_077,cav_078,cav_079,cav_080,cav_081,cav_082,cav_083,cav_084,cav_085,cav_086,cav_087,cav_088,cav_089,cav_090,cav_091,cav_092,cav_093,cav_094,cav_095,cav_096,cav_097,cav_098,cav_099,cav_100,cav_101,cav_102,cav_103,cav_104,cav_105,cav_106,cav_107,cav_108,cav_109,cav_110,cav_111,cav_112,cav_113,cav_114,cav_115,cav_116,cav_117,cav_118,cav_119,cav_120,cav_121,cav_122,cav_123,cav_124,cav_125,cav_126,cav_127
20191,15,115.021,-3.52,14.65,44.6,630.64,998.85,896.23,858.02,870.2,894.77,909.82,856.23,847.03,863.55,884.17,848.57,777.25,767.75,781.18,768.16,739.27,753.86,739.74,720.61,702.31,699.3,699.86,698.75,699.98,700.49,699.42,699.19,699.85,695.09,699.38,698.73,699.29,699.32,699.96,699.62,698.39,699.8,699.91,700.04,700.13,698.99,700.03,700.02,699.69,699.84,700.03,699.68,699.33,699.92,699.65,699.92,699.73,699.72,699.81,699.97,699.91,699.99,699.95,699.98,699.91,699.97,700.1,700.01,699.99,700.04,699.74,700.13,699.7,699.36,699.83,699.99,699.6,699.34,699.25,700.4,700.25,700.1,699.78,699.51,699.25,699.05,699.79,671.58,537.35,402.72,271.84,142.08,32.92,17.17,17.39,17.95,18.33,18.35,18.62,18.85,18.95,19.15,19.11,19.28,19.48,19.41,19.42,19.65,19.75,19.83,19.79,19.94,20.0,20.04,20.09,20.21,20.17,20.37,20.37,20.47,20.49,20.56,20.64,20.65,20.77,20.8,20.88,20.94,20.83,-0.6,-0.61,-0.49,-0.57,2.58,15.79,26.26,38.61,51.3,63.38,67.12,75.02,86.15,98.41,102.5,98.53,104.33,114.74,122.55,130.46,152.35,163.54,172.82,182.64,194.71,210.61,227.47,247.32,282.69,344.99,390.4,421.98,443.8,462.59,476.97,488.86,498.04,505.93,513.09,519.42,525.54,531.39,537.04,542.62,547.9,553.24,558.53,563.42,568.16,572.54,576.61,580.36,583.65,586.67,589.25,591.51,593.34,594.68,595.65,595.97,595.6,594.53,592.62,590.22,587.16,583.65,580.16,576.25,572.55,568.64,564.54,560.38,556.23,551.79,547.15,542.07,536.96,531.8,526.54,521.33,515.97,511.07,506.58,502.35,498.33,494.72,491.56,490.98,492.41,494.7,497.12,499.53,500.07,498.89,497.44,495.7,494.08,492.31,490.62,488.93,487.24,485.63,483.99,482.48,480.83,479.32,477.94,476.36,475.04,473.43,471.97,470.59,469.12,467.88,466.46,465.08,463.79,462.55,461.2,459.99,458.85,457.88,456.62,455.5,454.36,453.34,452.2,451.29
20192,15,114.922,-3.9,14.03,47.51,640.29,999.48,893.8,854.21,867.32,892.09,909.12,854.48,845.69,862.75,883.56,847.53,777.05,768.1,781.61,767.9,739.13,753.65,739.51,720.45,702.27,699.1,699.68,699.27,699.71,700.59,698.61,698.89,699.25,694.89,699.85,698.24,699.28,699.62,699.33,699.21,699.66,698.96,699.93,699.96,699.9,699.95,699.94,699.96,699.69,699.82,700.05,699.77,699.3,699.88,699.24,699.68,699.61,699.31,699.94,699.96,699.93,699.98,699.95,699.9,699.93,699.94,699.98,699.94,699.84,700.07,699.7,699.95,699.93,699.88,699.99,699.87,699.99,699.8,699.99,699.85,700.09,699.92,699.54,700.21,700.16,699.84,699.49,670.5,536.96,402.3,271.43,141.42,32.42,16.29,16.69,17.19,17.41,17.71,17.83,17.92,18.2,18.18,18.29,18.51,18.66,18.81,18.95,18.98,19.03,19.08,19.12,19.2,19.26,19.32,19.31,19.47,19.43,19.61,19.6,19.68,19.74,19.78,19.91,19.93,19.99,20.04,20.04,20.16,20.15,-0.62,-0.58,-0.56,-0.65,2.48,15.44,25.88,38.12,50.84,62.76,66.62,74.49,85.81,97.97,101.95,98.13,103.78,114.48,122.25,130.61,152.14,163.41,172.82,182.67,194.77,210.48,228.1,248.35,287.32,349.49,393.66,423.91,445.88,464.04,478.37,490.13,499.01,506.75,513.7,520.11,526.09,532.18,537.67,543.18,548.61,553.79,558.96,563.85,568.7,573.05,577.06,580.67,584.01,586.89,589.5,591.7,593.42,594.72,595.67,596.08,595.68,594.52,592.54,589.95,586.89,583.41,579.76,575.81,572.0,568.01,563.78,559.45,555.22,550.76,546.14,541.23,536.22,531.05,525.82,520.67,515.6,510.7,506.16,501.93,497.94,494.38,491.14,490.59,492.02,494.06,496.48,498.85,499.3,498.19,496.64,494.98,493.26,491.51,489.79,488.14,486.52,484.81,483.25,481.71,480.12,478.63,477.18,475.73,474.28,472.74,471.2,469.88,468.43,467.01,465.66,464.36,463.0,461.77,460.48,459.23,458.01,456.88,455.7,454.56,453.49,452.43,451.34,450.37
20193,15,114.921,-4.89,12.79,42.16,625.04,995.41,889.49,851.67,864.84,889.35,904.33,851.48,843.64,861.06,882.82,846.2,775.28,766.45,779.72,765.58,738.1,752.28,738.69,719.77,701.8,698.65,699.39,699.78,699.89,700.04,700.12,698.98,699.08,697.02,697.22,699.55,699.59,699.98,699.11,699.44,699.31,699.19,700.0,699.8,699.59,700.06,700.01,699.52,699.98,699.67,700.07,699.24,699.97,699.49,699.4,699.84,699.86,699.68,699.94,700.01,700.03,699.95,699.93,699.96,699.92,699.94,699.84,700.01,699.94,700.04,699.8,699.96,699.97,699.98,699.9,700.1,699.84,699.64,700.33,700.3,699.95,699.69,699.35,699.19,698.9,700.58,701.27,669.78,535.5,401.07,270.38,140.58,30.57,13.77,14.18,14.61,15.02,15.24,15.38,15.45,15.68,15.69,15.81,15.98,16.11,16.19,16.32,16.36,16.41,16.47,16.57,16.69,16.82,16.74,16.89,16.94,16.93,17.12,17.16,17.19,17.3,17.31,17.33,17.43,17.43,17.4,17.64,17.67,17.65,-0.6,-0.54,-0.61,-0.67,2.43,15.19,25.52,37.73,50.34,62.21,66.13,74.04,85.42,97.58,101.66,97.76,103.51,114.1,121.77,130.66,151.54,162.9,172.19,181.94,193.92,209.75,226.91,246.73,280.23,343.39,389.46,421.54,443.78,462.55,477.18,489.59,498.95,506.8,513.73,519.96,526.16,531.96,537.55,542.98,548.26,553.46,558.71,563.53,568.27,572.65,576.52,580.23,583.56,586.44,589.0,591.25,592.93,594.4,595.31,595.71,595.19,594.03,592.03,589.4,586.34,582.86,579.1,575.23,571.3,567.24,562.86,558.56,554.32,549.86,545.17,540.29,535.23,530.11,524.87,519.73,514.6,509.69,505.11,500.85,496.84,493.16,489.86,489.32,490.68,492.72,495.05,497.49,497.78,496.73,495.24,493.5,491.81,490.12,488.43,486.71,485.11,483.46,481.78,480.23,478.69,477.22,475.75,474.21,472.74,471.2,469.85,468.24,466.85,465.46,464.11,462.85,461.55,460.33,459.03,457.77,456.65,455.44,454.29,453.18,452.14,451.1,450.03,449.05
20194,15,114.993,-2.78,14.37,43.34,627.14,997.21,890.25,851.92,865.28,889.62,904.78,852.0,843.64,860.41,881.18,845.22,774.29,765.44,778.84,764.57,736.81,752.33,737.25,719.93,702.11,699.38,699.77,698.99,699.63,700.11,699.92,699.04,699.15,696.56,697.53,699.37,699.67,699.87,699.34,699.65,698.73,699.92,700.02,699.89,699.93,700.13,699.38,699.46,699.78,700.05,699.77,699.72,699.71,699.74,699.72,699.25,699.82,699.83,699.65,699.93,699.93,699.93,699.98,699.93,699.85,699.93,700.02,700.0,699.92,700.05,699.93,700.02,699.92,699.89,699.59,700.13,699.84,699.44,699.62,700.51,700.12,699.7,699.5,699.33,699.01,699.57,701.09,670.0,535.53,401.23,270.34,141.0,30.69,14.34,14.57,14.99,15.31,15.6,15.83,15.89,15.99,16.16,16.23,16.31,16.48,16.53,16.69,16.73,16.81,16.97,16.97,17.1,17.01,17.12,17.23,17.32,17.32,17.49,17.49,17.53,17.59,17.62,17.67,17.74,17.84,17.84,17.91,17.94,18.04,-0.58,-0.44,-0.45,-0.53,2.51,15.51,25.84,38.1,50.77,62.65,66.59,74.38,85.6,97.85,101.83,97.87,103.68,114.35,121.91,129.41,151.66,162.13,171.77,182.33,195.02,210.76,227.91,247.83,282.51,345.83,391.46,423.32,445.29,464.03,478.63,490.87,500.22,507.93,514.77,521.12,527.37,533.15,538.77,544.39,549.69,554.87,560.03,564.87,569.62,574.04,578.11,581.74,584.94,587.86,590.43,592.55,594.34,595.69,596.62,596.95,596.56,595.33,593.46,590.77,587.74,584.25,580.5,576.65,572.69,568.44,564.14,559.8,555.4,550.78,546.11,541.02,535.91,530.6,525.24,519.99,514.82,509.89,505.26,500.94,496.94,493.28,490.04,489.46,490.87,492.91,495.23,497.64,497.97,496.93,495.34,493.66,491.92,490.19,488.48,486.8,485.16,483.54,481.85,480.15,478.74,477.17,475.7,474.27,472.77,471.25,469.73,468.29,466.85,465.46,464.16,462.79,461.41,460.09,458.88,457.57,456.34,455.24,454.04,452.93,451.75,450.69,449.69,448.64
20195,15,115.026,-3.44,13.58,45.58,632.61,996.23,888.31,849.8,864.42,888.39,903.29,850.46,841.97,859.22,880.29,844.41,773.81,764.56,778.02,764.38,735.93,751.63,738.18,719.45,702.14,698.93,698.73,700.01,700.3,700.37,699.96,698.41,699.17,695.86,698.65,698.99,699.43,699.38,699.74,699.49,698.68,699.86,699.79,699.83,699.32,699.95,699.91,700.08,699.57,699.97,699.19,699.91,699.73,699.53,699.78,699.92,699.97,699.81,699.98,699.93,699.99,699.96,699.93,700.0,699.98,699.91,700.05,699.89,699.98,699.93,699.91,699.95,699.92,699.94,699.85,700.02,699.78,699.91,699.93,699.99,699.95,700.01,700.07,699.73,699.64,700.36,700.07,670.79,536.92,402.14,271.42,141.61,32.02,15.89,16.09,16.54,16.91,17.14,17.38,17.43,17.56,17.71,17.8,17.88,18.08,18.06,18.24,18.27,18.38,18.56,18.53,18.57,18.68,18.71,18.78,18.83,19.04,19.1,19.05,19.16,19.18,19.18,19.32,19.37,19.47,19.48,19.55,19.55,19.65,-0.58,-0.47,-0.53,-0.59,2.62,15.63,26.2,38.34,51.0,62.89,66.71,74.53,85.73,97.83,101.87,97.92,103.73,114.23,121.84,128.8,151.81,163.43,172.89,183.05,195.37,211.31,228.97,249.54,290.36,353.0,396.47,426.65,448.02,466.2,480.28,492.16,501.22,508.77,515.61,521.94,527.88,533.67,539.24,544.65,549.96,555.21,560.25,565.08,569.71,573.96,577.88,581.54,584.68,587.49,590.02,592.08,593.78,595.12,595.92,596.2,595.67,594.34,592.27,589.61,586.5,582.9,579.09,575.22,571.18,566.9,562.67,558.27,553.88,549.2,544.42,539.48,534.33,528.88,523.6,518.33,513.23,508.39,503.75,499.34,495.44,491.79,488.68,488.02,489.49,491.51,493.78,496.07,496.47,495.32,493.75,492.07,490.28,488.6,486.86,485.21,483.56,481.92,480.23,478.66,477.14,475.58,474.12,472.67,471.11,469.69,468.2,466.73,465.3,463.86,462.52,461.17,459.85,458.48,457.21,455.96,454.78,453.65,452.44,451.35,450.3,449.19,448.08,447.14
20196,15,115.009,-3.91,13.16,44.72,632.15,995.81,887.7,849.0,861.7,885.94,900.55,848.0,839.95,860.17,878.08,841.94,771.63,762.55,775.82,761.75,734.22,750.15,737.05,719.07,701.99,699.19,699.4,699.61,699.65,700.17,700.35,697.14,698.93,696.87,697.87,699.39,699.26,699.33,699.4,699.59,698.51,699.78,700.02,699.58,699.89,699.5,699.79,699.83,699.63,699.98,699.68,699.8,699.38,699.68,699.67,700.04,699.46,699.9,699.9,699.94,699.96,699.93,699.89,699.77,699.98,699.83,699.92,699.91,699.98,699.86,699.87,700.03,699.87,699.88,700.0,699.77,699.9,700.08,699.95,699.8,700.25,699.85,699.55,699.34,700.45,700.51,700.19,669.85,535.66,401.35,270.46,140.89,30.92,14.85,15.1,15.47,15.78,16.11,16.15,16.35,16.47,16.64,16.7,16.77,16.86,17.08,17.11,17.12,17.36,17.36,17.38,17.49,17.56,17.58,17.67,17.75,17.8,17.85,17.88,17.98,18.07,17.99,18.18,18.23,18.32,18.44,18.39,18.47,18.41,-0.53,-0.47,-0.44,-0.56,2.84,15.95,26.25,38.31,50.97,62.68,66.5,74.34,85.54,97.72,101.66,97.82,103.64,114.02,121.55,128.97,151.75,163.46,173.22,183.51,195.86,211.87,229.58,250.3,292.64,355.34,398.19,428.42,449.56,467.55,481.64,493.46,502.41,510.02,516.72,522.96,528.88,534.71,540.24,545.6,550.73,556.03,560.95,565.72,570.3,574.53,578.63,582.07,585.26,588.09,590.6,592.63,594.19,595.48,596.26,596.49,595.99,594.6,592.6,589.82,586.74,583.23,579.43,575.67,571.65,567.53,563.34,558.98,554.56,549.97,545.17,540.25,535.01,529.7,524.33,519.1,513.96,509.11,504.59,500.25,496.45,492.91,489.76,489.24,490.74,492.85,495.22,497.63,498.01,496.92,495.31,493.7,491.93,490.22,488.57,486.81,485.18,483.53,481.95,480.36,478.8,477.25,475.81,474.31,472.85,471.36,469.89,468.4,467.01,465.59,464.18,462.94,461.52,460.29,459.02,457.7,456.57,455.45,454.22,453.19,452.08,451.0,450.02,448.94
20197,15,115.03,-3.61,13.24,43.74,628.5,993.07,884.94,847.06,860.3,885.04,899.98,847.44,839.23,856.2,876.93,840.99,770.82,761.94,775.29,761.2,734.51,749.1,736.83,719.39,702.02,698.82,699.04,700.02,700.39,700.21,699.85,698.66,698.84,697.56,697.02,699.7,699.27,699.89,699.06,699.63,698.89,699.56,699.88,699.95,699.84,700.02,699.6,699.79,699.91,700.04,699.64,699.72,699.75,699.65,700.05,699.09,699.77,699.84,699.9,699.89,699.99,699.97,699.96,699.89,699.99,699.93,700.01,699.93,700.01,699.95,699.69,699.94,700.11,699.89,700.0,699.97,699.97,699.93,700.07,699.54,699.91,700.14,699.79,699.46,699.18,700.03,700.68,670.11,535.79,401.43,270.41,140.68,30.76,14.29,14.55,15.07,15.25,15.58,15.77,15.87,15.99,16.11,16.21,16.3,16.37,16.43,16.56,16.71,16.77,16.84,16.93,16.93,16.97,17.02,17.05,17.23,17.32,17.34,17.37,17.41,17.51,17.58,17.69,17.62,17.78,17.84,17.88,17.93,17.97,-0.57,-0.58,-0.5,-0.72,2.31,15.04,25.48,37.62,50.21,61.96,65.84,73.76,85.04,97.03,101.08,97.19,102.99,113.51,121.06,129.91,150.84,162.81,172.51,182.51,194.85,210.74,228.55,249.02,289.17,352.61,396.29,427.02,448.69,466.77,481.06,492.85,502.03,509.4,516.23,522.34,528.55,534.31,539.83,545.2,550.45,555.68,560.6,565.43,570.12,574.38,578.31,581.8,584.92,587.69,590.19,592.28,593.97,595.22,596.11,596.43,596.04,594.7,592.64,590.09,587.04,583.48,579.8,575.92,571.88,567.69,563.4,559.08,554.59,550.08,545.25,540.33,535.12,529.86,524.53,519.16,514.14,509.25,504.57,500.28,496.34,492.68,489.47,488.87,490.37,492.38,494.76,497.16,497.57,496.36,494.86,493.13,491.43,489.76,487.97,486.3,484.7,483.05,481.43,479.86,478.35,476.88,475.34,473.94,472.51,470.98,469.49,468.07,466.58,465.2,463.8,462.49,461.16,459.86,458.66,457.42,456.24,455.02,453.86,452.77,451.6,450.57,449.51,448.49
20198,15,115.039,-4.33,13.06,44.75,632.63,995.28,885.72,846.89,860.04,884.36,899.76,847.21,838.95,856.09,876.84,840.98,770.77,761.55,775.1,761.34,732.95,749.42,736.79,719.12,701.73,699.27,698.56,700.04,700.68,698.99,696.37,698.82,698.81,697.57,697.27,699.68,699.3,699.91,698.86,699.49,698.68,700.16,699.97,699.55,699.79,700.06,700.05,699.6,699.91,699.58,699.82,699.59,699.79,699.86,699.94,699.06,699.72,699.77,699.83,699.96,699.95,699.95,699.99,700.07,699.84,700.03,699.96,699.94,700.02,699.91,699.85,699.76,700.11,699.92,700.22,699.88,699.57,699.16,699.47,700.89,700.56,700.27,699.94,699.69,699.5,699.21,699.06,670.72,537.04,402.23,271.06,141.64,31.62,15.37,15.55,15.98,16.29,16.61,16.73,16.92,16.95,17.09,17.26,17.37,17.41,17.48,17.61,17.67,17.77,17.8,17.94,17.97,18.03,18.12,18.12,18.17,18.27,18.35,18.4,18.45,18.53,18.52,18.55,18.72,18.66,18.65,18.87,18.88,18.87,-0.54,-0.46,-0.52,-0.55,2.59,15.58,25.82,37.87,50.52,62.3,66.03,73.92,85.09,97.16,101.16,97.39,103.19,113.7,121.27,128.4,151.3,163.24,172.88,183.18,195.66,211.41,229.23,249.98,291.09,354.15,397.07,427.94,449.17,467.25,481.57,493.42,502.58,509.94,516.74,522.9,528.95,534.81,540.38,545.67,550.99,556.23,561.03,565.99,570.46,574.58,578.54,582.27,585.45,588.27,590.74,592.82,594.47,595.83,596.65,597.08,596.66,595.35,593.5,590.91,587.88,584.32,580.59,576.73,572.58,568.39,564.09,559.69,555.33,550.7,545.98,540.94,535.79,530.5,525.09,519.76,514.6,509.67,505.06,500.75,496.79,493.22,490.0,489.34,490.88,492.87,495.25,497.55,497.91,496.79,495.19,493.47,491.69,489.96,488.3,486.6,484.92,483.26,481.64,480.06,478.48,476.92,475.45,474.03,472.56,470.96,469.54,468.06,466.67,465.23,463.81,462.42,461.11,459.86,458.55,457.27,456.09,454.85,453.69,452.5,451.44,450.36,449.34,448.32
20199,15,114.986,-3.85,13.52,44.72,630.95,993.89,884.57,846.42,860.42,885.27,900.97,848.56,840.62,859.1,879.56,841.92,771.87,762.99,776.53,762.21,734.69,750.13,737.28,719.13,701.95,699.49,699.99,699.18,699.67,699.91,700.33,697.89,698.98,696.81,698.07,699.51,699.41,699.45,699.62,699.8,698.21,700.08,699.99,699.58,699.89,699.78,699.78,699.88,699.7,699.98,699.57,699.51,699.66,699.94,699.76,699.76,699.83,699.94,700.05,699.89,700.05,699.96,699.94,699.97,699.84,699.99,699.94,700.03,700.14,699.76,699.57,700.15,699.75,699.27,699.68,700.4,700.09,699.62,699.25,699.02,698.92,700.75,700.77,700.49,700.27,699.96,699.74,670.16,536.24,401.39,270.54,140.87,31.17,14.86,15.1,15.54,15.92,16.15,16.21,16.43,16.55,16.63,16.83,16.82,17.04,17.02,17.18,17.33,17.43,17.48,17.4,17.55,17.61,17.76,17.8,17.85,17.82,18.02,18.05,18.02,18.15,18.24,18.21,18.26,18.34,18.4,18.47,18.53,18.6,-0.67,-0.6,-0.55,-0.68,2.35,15.16,25.56,37.69,50.2,61.99,65.99,73.79,85.0,97.11,101.06,97.35,103.03,113.6,121.14,129.29,151.2,162.67,172.22,182.53,195.0,211.03,228.32,248.71,289.22,352.49,395.95,426.46,448.07,466.24,480.44,492.38,501.74,509.21,515.97,522.09,528.14,533.85,539.4,544.79,550.07,555.16,560.08,564.87,569.43,573.76,577.6,581.06,584.22,586.97,589.45,591.48,593.14,594.38,595.16,595.48,594.92,593.53,591.51,588.83,585.59,581.94,578.12,574.03,569.67,565.23,560.92,556.46,551.98,547.37,542.6,537.58,532.42,527.22,521.86,516.61,511.46,506.51,501.8,497.44,493.38,489.66,486.42,485.75,487.14,489.14,491.42,493.76,494.1,492.89,491.34,489.62,487.96,486.23,484.53,482.86,481.1,479.51,477.87,476.38,474.86,473.3,471.81,470.31,468.94,467.38,465.87,464.47,463.03,461.6,460.18,458.88,457.56,456.21,454.93,453.72,452.53,451.35,450.2,449.07,447.98,446.88,445.86,444.83
20200,15,115.039,-3.83,12.87,43.88,632.01,996.56,887.89,848.88,862.14,886.52,902.17,849.81,841.59,858.93,879.63,843.53,773.0,764.12,777.73,764.18,736.53,751.65,738.09,719.86,702.09,699.24,699.43,699.45,699.86,700.15,700.11,698.0,698.86,696.77,697.65,699.37,699.82,698.84,699.41,699.72,698.36,699.82,699.81,699.67,699.61,699.45,699.68,699.65,699.92,699.83,699.63,699.65,699.69,699.82,699.92,699.49,699.57,699.94,699.42,699.98,699.87,699.99,699.98,699.85,700.01,699.95,699.84,699.86,699.96,699.83,699.99,699.94,699.67,700.08,699.75,699.47,700.31,699.99,699.62,699.3,699.13,699.37,700.81,700.69,700.41,700.14,699.88,670.57,536.8,402.13,271.04,141.5,32.02,15.83,16.12,16.64,16.91,17.1,17.28,17.46,17.53,17.59,17.77,17.94,18.02,18.13,18.11,18.3,18.33,18.38,18.44,18.55,18.6,18.64,18.82,18.78,18.87,18.94,18.98,19.08,19.01,19.19,19.26,19.32,19.3,19.35,19.33,19.53,19.55,-0.61,-0.47,-0.55,-0.65,2.25,14.84,25.35,37.46,50.16,62.04,65.98,73.84,85.09,97.28,101.29,97.44,103.28,113.71,121.59,130.55,151.43,163.03,172.58,182.62,195.03,210.91,228.27,248.32,286.6,350.03,394.42,425.77,447.62,466.03,480.34,492.46,501.94,509.51,516.34,522.52,528.64,534.33,539.91,545.23,550.4,555.62,560.56,565.4,569.9,574.18,577.9,581.42,584.63,587.42,589.8,591.83,593.39,594.66,595.39,595.67,595.03,593.65,591.6,588.8,585.68,581.97,578.06,573.84,569.39,564.99,560.51,556.05,551.58,546.9,542.06,536.94,531.71,526.34,520.99,515.58,510.42,505.45,500.56,496.13,492.08,488.43,485.21,484.44,485.86,487.87,490.08,492.35,492.7,491.54,489.94,488.17,486.46,484.7,483.06,481.35,479.62,477.96,476.4,474.77,473.26,471.75,470.25,468.74,467.29,465.76,464.33,462.82,461.41,459.97,458.56,457.17,455.89,454.55,453.3,452.08,450.83,449.64,448.48,447.36,446.28,445.22,444.14,443.09
20201,15,115.018,-4.28,12.97,43.87,631.82,995.22,886.66,847.94,861.64,887.15,902.47,849.35,841.3,858.34,878.85,842.83,772.45,763.34,776.58,762.06,733.84,750.11,737.03,719.16,701.95,699.03,699.65,699.4,699.97,700.12,700.34,697.55,698.65,696.92,697.73,699.51,699.08,699.45,699.49,699.69,698.24,699.84,699.71,699.65,699.65,699.56,699.79,699.73,700.03,700.0,699.65,699.76,699.6,699.71,699.82,699.77,699.59,699.98,699.97,699.96,699.9,699.95,699.84,699.94,699.89,699.93,699.98,699.85,699.96,700.05,699.74,700.13,699.76,699.92,699.93,699.63,699.88,699.9,700.11,700.07,699.76,699.6,700.33,700.02,699.76,699.42,699.13,669.95,536.2,401.63,270.53,141.27,31.14,14.68,14.99,15.47,15.72,15.9,16.15,16.19,16.36,16.52,16.66,16.75,16.73,16.92,16.93,17.08,17.17,17.29,17.38,17.44,17.49,17.54,17.55,17.66,17.75,17.79,17.84,17.92,17.91,18.04,18.04,18.09,18.09,18.17,18.31,18.32,18.4,-0.62,-0.58,-0.53,-0.6,2.44,15.63,26.15,38.08,50.76,62.59,66.33,74.15,85.36,97.48,101.44,97.64,103.38,113.83,121.34,128.08,151.09,163.04,172.65,182.8,195.2,211.13,228.58,248.97,289.06,352.14,396.02,426.99,448.35,466.47,480.8,492.83,502.36,510.09,516.67,522.85,528.86,534.55,540.05,545.36,550.58,555.7,560.69,565.47,570.08,574.19,578.09,581.65,584.67,587.57,590.02,592.14,593.73,595.0,595.82,596.01,595.53,594.27,592.04,589.38,586.13,582.47,578.45,574.14,569.69,565.1,560.62,556.14,551.52,546.74,541.85,536.68,531.28,525.85,520.41,514.95,509.68,504.64,499.87,495.44,491.39,487.87,484.55,483.84,485.21,487.2,489.52,491.76,492.13,490.94,489.31,487.63,485.89,484.16,482.53,480.74,479.08,477.43,475.78,474.14,472.64,471.1,469.54,468.09,466.67,465.17,463.68,462.2,460.76,459.28,458.0,456.52,455.24,453.9,452.62,451.45,450.15,449.06,447.83,446.66,445.6,444.49,443.42,442.42
20202,15,115.053,-4.64,12.26,40.43,614.76,992.31,885.29,847.98,860.87,884.44,899.93,847.22,838.83,856.23,878.38,840.54,769.89,760.78,773.92,759.93,731.67,748.77,736.43,718.64,701.9,699.24,699.06,699.97,700.2,700.88,698.44,700.33,696.53,699.14,696.98,699.66,699.6,699.74,699.07,699.21,699.79,700.14,699.07,699.88,699.63,700.01,699.66,699.85,699.93,699.79,699.92,699.55,699.55,699.75,699.71,699.96,699.74,699.97,699.98,699.97,699.96,700.03,699.89,700.01,699.98,699.99,700.03,699.89,699.91,699.96,700.06,699.73,699.98,699.79,699.65,700.27,699.87,699.51,699.16,698.94,700.26,701.1,700.74,700.4,700.23,699.92,699.62,670.54,536.99,402.64,271.31,141.12,31.69,14.45,15.24,15.67,15.99,16.17,16.35,16.48,16.56,16.87,16.87,16.93,17.11,17.18,17.23,17.36,17.37,17.47,17.55,17.61,17.66,17.75,17.8,17.79,17.88,18.01,18.11,18.07,18.21,18.22,18.22,18.32,18.39,18.5,18.44,18.57,18.6,-0.49,-0.47,-0.42,-0.5,2.48,15.44,25.68,37.77,50.37,62.0,65.83,73.69,84.88,96.91,100.78,96.99,102.74,113.02,120.57,126.74,150.24,162.19,171.68,182.04,194.58,210.24,227.81,248.21,284.87,348.91,394.21,425.84,448.58,466.17,481.34,493.25,502.97,510.52,517.23,523.57,529.49,535.02,540.55,545.92,551.09,556.16,561.16,566.02,570.57,574.74,578.72,582.21,585.27,588.08,590.68,592.76,594.45,595.73,596.69,596.91,596.46,595.27,593.28,590.65,587.57,584.02,580.22,576.07,571.8,567.38,563.03,558.57,554.11,549.54,544.68,539.67,534.39,529.03,523.69,518.43,513.1,508.06,503.28,498.8,494.76,491.04,487.83,487.16,488.58,490.64,492.92,495.29,495.67,494.49,492.96,491.23,489.6,487.77,486.09,484.34,482.63,481.03,479.39,477.85,476.26,474.77,473.3,471.82,470.36,468.84,467.38,465.91,464.43,463.05,461.7,460.23,458.98,457.62,456.41,455.14,453.91,452.73,451.59,450.44,449.4,448.29,447.19,446.2
20203,15,115.09,-3.85,12.18,38.17,610.52,989.01,881.69,844.37,858.03,882.52,897.61,845.0,837.34,854.64,875.56,838.85,768.94,760.32,773.58,759.17,731.76,748.05,735.84,718.71,701.98,698.56,698.48,699.72,699.72,699.59,697.53,700.96,696.03,698.48,697.83,699.35,699.62,699.12,699.36,699.42,699.48,699.88,699.22,699.97,700.01,699.4,699.74,699.63,699.72,700.01,699.83,699.92,699.43,699.88,699.49,699.39,699.85,699.78,699.89,700.07,699.98,699.96,699.92,699.87,699.97,699.96,699.84,699.97,700.02,699.95,699.97,699.93,700.08,699.56,699.53,700.37,700.04,699.66,699.16,698.93,699.05,701.42,701.26,700.89,700.57,700.15,699.19,669.42,536.56,401.77,270.54,140.48,30.82,13.47,14.14,14.58,14.67,14.98,15.21,15.36,15.5,15.56,15.65,15.75,15.8,15.94,16.08,16.09,16.16,16.31,16.37,16.44,16.52,16.56,16.65,16.68,16.7,16.77,16.71,16.93,16.95,17.03,17.03,17.11,17.11,17.25,17.23,17.43,17.38,-0.49,-0.47,-0.45,-0.55,2.35,15.1,25.47,37.43,50.08,61.73,65.69,73.44,84.69,96.72,100.49,96.77,102.44,112.75,120.14,126.01,148.87,161.08,170.74,180.85,193.16,208.69,226.15,245.75,279.54,343.5,390.15,422.36,445.81,463.66,479.06,491.24,501.37,509.13,515.81,522.37,528.4,533.94,539.39,544.79,550.0,555.19,560.13,564.99,569.63,573.96,577.86,581.48,584.65,587.42,589.94,592.04,593.76,595.01,595.95,596.33,595.9,594.7,592.78,590.13,587.0,583.37,579.36,575.03,570.62,566.07,561.65,557.2,552.58,547.98,543.12,537.98,532.72,527.39,521.97,516.66,511.35,506.2,501.22,496.7,492.57,488.79,485.5,484.78,486.23,488.16,490.46,492.74,493.1,491.95,490.3,488.66,486.94,485.13,483.37,481.67,479.96,478.4,476.7,475.17,473.58,472.07,470.56,469.03,467.54,466.04,464.62,463.09,461.63,460.21,458.79,457.46,456.04,454.75,453.47,452.18,451.0,449.84,448.7,447.51,446.39,445.31,444.25,443.26
20204,15,115.056,-2.37,14.46,44.42,629.64,993.0,884.64,847.61,859.59,883.96,899.2,846.41,838.41,855.64,876.32,840.46,769.94,761.0,774.3,760.03,732.98,748.65,736.52,718.8,701.83,698.83,699.2,700.04,700.12,700.11,700.7,697.06,698.14,697.73,696.59,699.6,699.6,699.89,699.08,699.55,699.03,699.7,700.11,699.51,699.82,700.13,699.44,699.8,699.95,699.03,699.63,699.66,699.75,699.52,699.15,699.7,699.78,699.74,699.95,699.95,699.96,700.05,699.83,699.94,700.09,699.94,699.86,699.93,699.88,699.9,699.98,700.03,699.6,699.36,699.83,699.92,700.04,700.02,699.69,700.26,700.15,699.72,699.47,699.24,699.07,700.6,700.74,669.86,535.62,401.35,270.43,140.9,30.95,14.38,14.65,15.15,15.43,15.65,15.82,15.92,16.1,16.17,16.29,16.38,16.46,16.55,16.63,16.65,16.86,16.96,16.92,17.05,17.08,17.17,17.27,17.24,17.41,17.41,17.43,17.54,17.54,17.62,17.68,17.74,17.75,17.86,17.91,17.98,18.01,-0.58,-0.53,-0.5,-0.59,2.51,15.22,25.59,37.56,50.13,62.02,65.78,73.64,84.8,96.81,100.86,97.08,102.73,113.29,120.79,129.24,151.18,162.77,172.43,182.75,195.22,211.24,229.03,249.86,293.38,356.35,399.25,429.67,450.93,468.73,482.84,494.71,504.18,511.6,518.31,524.38,530.42,536.01,541.46,546.76,552.0,556.99,561.91,566.67,571.18,575.2,579.15,582.71,585.84,588.75,591.22,593.24,594.95,596.29,597.1,597.39,596.91,595.5,593.49,590.89,587.87,584.21,580.3,576.08,571.69,567.23,562.77,558.29,553.81,549.09,544.19,539.09,533.87,528.49,523.15,517.76,512.57,507.47,502.71,498.26,494.13,490.36,487.04,486.39,487.74,489.67,491.99,494.18,494.55,493.37,491.78,490.0,488.34,486.53,484.82,483.09,481.34,479.76,478.13,476.56,474.97,473.48,471.88,470.47,469.06,467.51,465.96,464.56,463.08,461.68,460.25,458.93,457.59,456.31,454.96,453.72,452.45,451.37,450.16,449.03,447.93,446.85,445.71,444.69
20205,15,115.036,-3.7,13.47,42.46,623.79,992.88,883.35,844.9,857.78,881.58,897.28,844.92,836.47,853.81,874.6,838.75,768.85,760.05,773.57,759.59,731.58,748.13,736.15,718.64,702.06,699.32,699.38,699.63,699.97,700.1,700.97,697.5,697.26,698.96,696.34,699.91,699.44,699.92,699.27,698.48,699.76,699.91,699.98,698.85,699.81,699.5,699.99,699.94,699.86,699.66,699.49,700.0,699.89,699.02,699.48,699.9,699.9,699.65,699.96,699.92,699.83,699.99,699.98,699.99,699.78,699.97,699.92,699.87,699.97,699.96,699.95,700.16,700.03,699.51,699.27,699.88,700.27,699.89,699.67,699.35,699.08,699.18,700.36,700.23,699.87,699.62,699.43,670.68,536.87,402.29,271.14,141.18,31.83,14.97,15.56,15.96,16.25,16.55,16.62,16.92,16.87,17.06,17.12,17.25,17.32,17.52,17.59,17.62,17.81,17.84,17.98,17.9,17.87,18.2,18.14,18.32,18.2,18.39,18.37,18.45,18.5,18.58,18.6,18.66,18.71,18.75,18.8,18.91,18.96,-0.64,-0.52,-0.56,-0.65,2.16,14.7,25.17,37.24,49.82,61.58,65.46,73.26,84.48,96.43,100.4,96.61,102.33,112.7,120.32,127.97,149.88,161.75,171.3,181.43,194.0,209.81,227.45,248.07,288.49,352.59,396.56,427.73,449.64,467.45,482.09,494.07,503.82,511.16,517.91,524.15,530.0,535.71,541.07,546.32,551.63,556.7,561.65,566.39,570.95,575.06,578.81,582.45,585.55,588.34,590.89,593.07,594.67,596.0,596.95,597.31,596.86,595.65,593.64,591.07,588.01,584.37,580.42,576.2,571.64,567.22,562.75,558.31,553.85,549.29,544.47,539.56,534.32,529.07,523.75,518.49,513.23,508.18,503.19,498.73,494.55,490.66,487.28,486.56,487.78,489.74,491.95,494.24,494.51,493.37,491.73,489.98,488.25,486.47,484.74,482.95,481.21,479.6,477.98,476.34,474.8,473.3,471.73,470.31,468.76,467.36,465.74,464.34,462.89,461.54,460.07,458.72,457.32,456.07,454.72,453.52,452.27,451.1,449.95,448.8,447.63,446.56,445.52,444.49
20206,15,115.056,-4.68,12.05,41.11,619.56,990.81,881.65,843.75,857.45,881.76,897.19,844.66,837.02,854.22,874.73,838.27,769.68,760.11,773.02,758.82,731.89,748.25,735.87,718.34,701.59,698.74,698.98,699.87,700.33,699.85,695.67,700.55,696.62,699.71,696.02,699.62,699.22,699.58,699.75,698.37,700.03,699.7,699.31,699.39,699.96,700.07,699.26,700.0,699.55,699.3,699.93,700.06,698.94,699.89,699.65,699.76,699.3,699.76,699.86,699.99,699.98,700.02,700.01,699.94,699.97,700.03,699.95,700.04,699.9,699.58,700.04,700.04,699.91,699.55,699.28,700.25,700.09,699.68,699.29,699.1,698.99,700.33,700.7,700.39,700.04,699.78,699.54,670.21,536.18,401.56,270.37,140.64,30.4,13.04,13.64,14.15,14.4,14.75,14.81,14.92,15.19,15.21,15.33,15.43,15.54,15.71,15.74,15.73,15.81,15.98,15.98,16.11,16.12,16.26,16.23,16.32,16.35,16.5,16.58,16.55,16.72,16.78,16.8,16.81,16.92,16.92,17.02,17.03,17.15,-0.4,-0.41,-0.39,-0.52,2.35,15.01,25.3,37.34,49.82,61.61,65.59,73.33,84.53,96.54,100.35,96.62,102.43,112.94,120.29,127.86,150.33,162.08,171.67,182.03,194.32,210.22,227.86,248.31,287.71,351.27,395.8,427.29,449.79,467.12,482.03,493.89,503.62,511.23,517.76,523.95,529.94,535.74,540.92,546.28,551.45,556.48,561.52,566.09,570.62,574.73,578.66,581.97,585.06,587.94,590.32,592.41,594.02,595.24,596.05,596.33,595.74,594.54,592.51,589.87,586.78,583.08,579.13,574.73,570.27,565.69,561.23,556.69,552.06,547.44,542.56,537.45,532.12,526.83,521.42,515.99,510.7,505.6,500.67,496.27,492.14,488.34,485.09,484.29,485.78,487.62,489.95,492.34,492.81,491.56,489.98,488.26,486.58,484.69,482.94,481.23,479.65,478.0,476.38,474.77,473.28,471.76,470.21,468.79,467.25,465.74,464.37,462.89,461.47,459.93,458.57,457.25,455.89,454.52,453.27,452.06,450.8,449.64,448.48,447.29,446.28,445.15,444.04,443.01
20207,15,115.065,-3.39,12.68,42.53,624.54,993.4,884.12,845.61,858.6,883.0,898.21,846.17,838.24,855.28,875.66,839.8,769.65,760.7,774.13,760.34,732.18,748.84,736.26,718.63,701.85,698.91,698.14,699.92,699.58,699.83,695.63,699.59,697.03,699.07,696.37,699.83,699.61,700.0,699.58,698.77,699.88,699.36,700.07,699.75,699.55,699.67,699.79,699.24,699.93,699.96,699.38,699.7,699.67,699.82,699.63,699.54,699.92,699.85,699.88,700.0,700.0,699.93,699.94,700.08,699.87,699.96,699.99,699.99,700.05,699.64,699.77,699.97,700.04,699.95,700.06,700.02,699.91,700.36,699.98,699.69,699.38,699.11,698.96,700.45,700.93,700.55,700.39,669.74,535.96,401.96,270.89,141.46,31.56,14.93,15.32,15.8,16.14,16.36,16.37,16.71,16.85,16.85,16.98,17.12,17.18,17.22,17.29,17.42,17.61,17.52,17.57,17.67,17.77,17.91,18.0,18.03,18.04,18.04,18.15,18.29,18.21,18.42,18.43,18.45,18.54,18.62,18.7,18.59,18.68,-0.62,-0.55,-0.57,-0.63,2.69,15.8,26.31,38.24,50.68,62.47,66.17,74.08,85.11,97.21,101.07,97.21,102.94,113.4,120.81,127.3,150.29,161.93,171.28,181.48,193.92,209.68,227.7,248.13,289.24,352.36,395.91,427.33,449.07,466.84,481.46,493.56,503.37,511.0,517.6,523.87,529.68,535.31,540.61,545.82,551.0,556.04,560.78,565.52,569.95,574.17,578.01,581.34,584.51,587.0,589.38,591.36,592.85,593.89,594.54,594.74,593.97,592.47,590.34,587.5,584.17,580.41,576.2,571.62,566.97,562.41,557.81,553.28,548.72,544.0,539.07,533.9,528.65,523.3,518.0,512.68,507.41,502.27,497.43,492.89,488.7,484.9,481.54,480.73,482.05,483.98,486.23,488.5,488.75,487.6,486.0,484.19,482.54,480.68,478.96,477.31,475.59,473.94,472.31,470.78,469.24,467.79,466.33,464.74,463.27,461.8,460.33,458.81,457.31,456.05,454.56,453.28,451.87,450.59,449.25,448.12,446.86,445.68,444.56,443.36,442.18,441.27,440.24,439.09
20208,15,115.075,-3.32,13.59,43.93,628.02,992.27,883.76,846.1,860.46,883.85,899.02,846.42,838.13,855.23,875.77,839.85,769.58,760.72,774.13,760.33,733.4,748.94,736.52,718.87,702.02,699.38,699.39,699.45,699.55,699.8,700.93,696.71,697.41,698.46,696.14,699.65,699.44,700.05,698.6,699.14,699.29,700.15,699.96,699.49,699.8,700.07,699.56,699.9,699.85,699.27,699.77,699.82,699.32,699.78,699.99,699.71,699.71,699.78,699.84,699.92,699.93,699.89,700.06,699.82,699.99,699.92,699.87,700.05,699.85,700.01,699.69,699.38,700.46,700.2,699.84,699.47,699.17,698.89,699.86,701.2,701.03,700.66,700.37,700.18,699.78,699.82,699.41,670.21,536.17,401.32,270.32,140.64,30.66,14.02,14.43,14.89,15.18,15.46,15.61,15.76,15.85,16.0,16.12,16.25,16.3,16.44,16.54,16.47,16.65,16.71,16.75,16.9,16.9,16.89,17.0,17.1,17.12,17.22,17.28,17.41,17.38,17.5,17.55,17.55,17.66,17.68,17.74,17.78,17.82,-0.55,-0.52,-0.51,-0.59,2.28,14.9,25.2,37.19,49.82,61.46,65.5,73.34,84.37,96.58,100.6,96.65,102.48,112.8,120.48,128.62,150.35,162.13,171.87,182.07,194.5,210.59,228.08,248.59,291.35,354.87,398.06,428.95,450.35,468.06,482.55,494.42,504.24,511.59,518.25,524.37,530.38,535.97,541.33,546.47,551.59,556.62,561.5,566.15,570.62,574.7,578.53,581.97,584.98,587.75,590.15,592.25,593.78,595.03,595.72,595.91,595.45,594.05,592.0,589.24,586.03,582.29,578.14,573.65,569.06,564.52,559.99,555.47,550.9,546.16,541.2,536.18,531.03,525.69,520.28,514.86,509.56,504.53,499.62,495.12,490.97,487.14,483.81,483.04,484.36,486.36,488.64,490.82,491.18,489.99,488.38,486.71,484.94,483.16,481.45,479.77,478.09,476.43,474.76,473.21,471.59,470.12,468.58,467.15,465.7,464.17,462.67,461.14,459.7,458.36,456.88,455.57,454.2,452.92,451.53,450.36,449.19,447.97,446.71,445.66,444.57,443.47,442.42,441.33
20214,15,115.053,-5.07,12.47,52.83,657.44,996.06,884.73,845.42,859.14,884.8,899.19,845.9,838.04,855.14,876.21,839.26,769.63,761.28,775.09,760.78,735.31,749.24,736.64,718.94,701.7,699.15,699.72,699.28,700.02,700.51,696.73,700.48,696.89,697.84,699.02,699.66,700.11,699.85,698.82,699.7,699.53,700.1,699.09,699.86,699.48,699.97,699.83,699.69,699.96,699.75,699.67,699.74,699.9,699.42,699.82,699.82,699.54,699.74,699.91,700.05,700.02,699.96,700.02,700.01,699.96,700.02,699.94,699.97,699.89,699.94,699.98,699.87,699.95,700.06,699.76,699.93,700.12,699.67,699.4,699.57,700.44,700.11,699.84,699.54,699.36,699.05,699.41,670.2,535.33,401.04,269.47,140.22,32.36,17.04,17.94,18.33,18.7,19.02,19.01,19.1,19.27,19.45,19.51,19.61,19.74,19.87,19.82,20.07,20.13,20.06,20.2,20.32,20.3,20.45,20.45,20.48,20.66,20.67,20.71,20.84,20.7,20.82,20.89,21.07,21.03,20.99,21.16,21.12,21.26,-0.44,-0.33,-0.37,-0.41,2.78,15.77,25.95,37.81,50.35,62.04,65.7,73.55,84.8,96.79,100.5,96.51,102.35,113.01,121.29,132.8,152.24,163.85,173.83,184.15,196.95,213.41,232.23,255.54,314.88,370.69,410.45,437.81,458.36,474.37,488.22,499.26,508.32,515.43,521.58,527.69,533.25,538.69,543.94,549.13,554.13,559.16,563.98,568.62,572.91,577.03,580.7,584.08,587.2,589.86,592.16,594.12,595.59,596.61,597.25,597.39,596.8,595.35,593.19,590.32,587.01,583.11,578.87,574.11,569.39,564.58,559.86,555.22,550.51,545.75,540.78,535.64,530.3,524.9,519.44,513.84,508.46,503.13,498.02,493.3,488.91,484.9,481.45,480.7,482.16,484.32,486.8,489.2,489.61,488.45,486.69,484.83,482.98,481.19,479.39,477.59,475.93,474.22,472.51,470.9,469.25,467.76,466.21,464.74,463.19,461.69,460.13,458.63,457.11,455.56,454.18,452.79,451.36,449.99,448.71,447.4,446.11,444.91,443.62,442.47,441.38,440.21,439.17,437.92
20219,15,115.1,-3.6,13.86,48.58,639.87,988.91,877.11,838.94,851.62,876.05,890.05,836.73,829.79,847.18,867.75,830.66,761.89,753.7,767.34,752.31,727.93,744.26,733.57,717.4,701.52,699.45,698.88,699.86,700.31,700.53,700.14,695.5,698.94,697.36,698.72,699.46,699.2,699.05,699.84,699.46,698.6,699.47,699.88,699.92,699.82,699.66,699.72,699.79,699.84,699.58,699.83,699.8,699.26,699.76,699.88,699.33,699.93,699.44,699.92,699.98,699.95,700.05,699.97,700.01,699.97,699.94,700.01,699.93,699.97,699.9,700.04,699.91,699.99,699.89,700.06,699.77,699.59,700.2,699.93,699.51,699.31,700.29,700.04,699.8,699.56,699.13,699.05,668.86,535.01,400.39,269.4,139.51,31.86,17.13,17.35,17.89,18.22,18.47,18.53,18.73,18.88,19.03,19.02,19.19,19.26,19.36,19.42,19.57,19.64,19.71,19.85,19.85,19.94,20.04,20.03,20.25,20.2,20.28,20.32,20.33,20.49,20.48,20.54,20.66,20.63,20.88,20.82,20.81,20.83,-0.46,-0.39,-0.39,-0.46,2.7,15.35,25.69,37.54,49.93,61.58,65.2,72.97,84.14,96.1,99.64,96.06,101.95,112.65,120.04,129.91,151.07,163.13,173.48,184.43,197.54,213.89,232.68,256.27,316.13,373.81,412.54,440.15,460.26,477.03,490.15,501.3,510.24,517.36,523.67,529.67,535.08,540.62,545.8,550.9,555.81,560.67,565.48,570.05,574.37,578.44,582.14,585.29,588.23,590.76,593.05,594.77,596.1,597.01,597.57,597.7,596.84,595.24,592.99,590.11,586.82,582.84,578.52,573.96,569.2,564.56,559.92,555.37,550.83,546.06,541.23,536.25,531.01,525.8,520.34,514.98,509.66,504.4,499.45,494.77,490.44,486.5,482.94,482.19,483.54,485.52,487.88,490.22,490.53,489.23,487.62,485.78,484.0,482.17,480.44,478.71,476.9,475.26,473.6,471.98,470.45,468.88,467.38,465.82,464.41,462.84,461.36,459.82,458.37,456.9,455.44,454.11,452.71,451.37,450.04,448.8,447.46,446.3,445.09,443.91,442.7,441.67,440.6,439.49
20220,15,115.051,-3.87,13.11,59.35,675.41,995.5,881.38,841.99,856.55,881.66,896.74,843.83,836.57,853.79,874.24,837.28,767.65,759.22,772.84,758.17,733.61,747.85,735.85,718.39,701.82,699.25,698.88,699.55,700.32,700.78,699.99,696.75,696.74,699.84,697.21,699.53,699.5,699.77,698.67,699.53,699.3,700.14,699.68,700.08,699.77,699.93,699.77,699.85,700.18,699.54,699.94,699.75,699.68,699.7,699.63,699.07,699.84,699.55,700.1,700.04,700.01,699.97,700.07,699.85,699.82,699.94,700.01,699.96,699.9,699.89,699.82,699.87,699.95,699.91,700.25,699.84,699.75,700.09,700.0,699.95,699.87,700.3,699.98,699.72,699.31,699.28,700.46,669.31,534.53,400.02,269.12,139.59,31.75,17.07,17.46,17.98,18.19,18.4,18.56,18.89,18.75,18.93,19.17,19.35,19.37,19.37,19.42,19.51,19.67,19.75,19.82,19.91,20.0,20.03,20.06,20.14,20.24,20.33,20.36,20.35,20.28,20.49,20.51,20.55,20.82,20.73,20.89,20.92,20.83,-0.4,-0.42,-0.37,-0.4,3.98,17.14,27.3,39.14,51.6,63.31,66.93,74.64,85.94,98.05,101.77,97.71,103.65,114.47,122.5,134.25,154.27,166.32,176.74,187.38,200.74,217.44,236.68,267.29,334.59,385.78,420.62,446.24,464.93,480.28,493.06,503.52,511.91,518.63,524.79,530.64,536.35,541.61,546.74,551.72,556.69,561.48,566.06,570.65,574.84,578.83,582.32,585.45,588.44,590.59,592.69,594.45,595.87,596.77,597.3,597.2,596.37,594.79,592.47,589.63,586.26,582.43,578.12,573.59,569.11,564.5,560.06,555.53,550.94,546.22,541.35,536.39,531.16,525.87,520.59,515.32,510.08,504.92,500.17,495.68,491.55,487.9,484.39,483.63,485.15,487.11,489.43,491.77,492.06,490.78,489.27,487.51,485.74,484.0,482.26,480.56,478.84,477.2,475.68,474.0,472.43,470.92,469.54,468.03,466.58,465.16,463.66,462.25,460.74,459.34,457.91,456.56,455.23,453.9,452.61,451.38,450.12,448.91,447.73,446.59,445.59,444.42,443.35,442.33
20221,15,115.057,-4.34,13.04,47.16,639.58,992.69,882.76,844.61,857.87,882.25,897.02,844.52,837.01,853.97,874.51,837.4,767.42,758.7,772.31,757.55,731.91,747.31,735.58,718.38,701.69,699.24,698.77,699.8,700.5,700.42,699.53,696.24,698.91,697.62,698.37,699.39,699.43,698.79,699.92,699.25,698.75,699.56,699.82,699.99,700.04,699.81,699.93,699.81,700.02,699.63,699.54,699.76,699.76,699.73,699.86,699.75,699.55,699.99,699.94,699.91,699.97,699.98,700.01,699.97,700.04,700.05,700.09,700.09,699.97,699.99,699.96,699.94,699.83,699.97,699.66,699.76,700.09,699.71,699.43,700.46,700.35,699.88,699.7,699.37,699.22,698.89,700.18,669.55,535.43,401.03,270.0,140.09,33.12,19.23,19.6,19.87,20.34,20.63,20.71,20.92,20.96,21.09,21.26,21.36,21.39,21.44,21.66,21.67,21.78,21.97,22.05,22.08,22.17,22.27,22.33,22.45,22.45,22.48,22.64,22.66,22.6,22.83,22.89,22.96,22.93,22.89,23.02,22.99,22.93,-0.58,-0.46,-0.49,-0.63,2.81,15.75,25.99,37.94,50.57,62.32,65.98,73.79,84.95,96.96,100.74,97.01,102.64,113.21,120.77,130.4,151.47,163.19,173.04,183.4,196.1,212.56,230.95,253.1,306.84,367.0,407.42,436.2,456.81,473.96,487.44,498.91,508.36,515.81,522.06,528.04,533.74,539.22,544.5,549.58,554.62,559.42,564.17,568.69,573.13,577.04,580.65,583.92,586.9,589.56,591.73,593.54,594.92,596.02,596.62,596.69,595.95,594.56,592.2,589.49,586.11,582.13,577.78,573.01,568.39,563.76,559.11,554.66,550.07,545.4,540.6,535.58,530.36,525.19,519.84,514.45,509.2,503.97,498.99,494.28,490.09,486.14,482.66,481.87,483.06,485.07,487.35,489.77,489.93,488.71,487.09,485.33,483.52,481.74,480.01,478.25,476.53,474.92,473.18,471.63,470.15,468.54,467.03,465.6,464.08,462.74,461.23,459.71,458.26,456.81,455.4,454.02,452.68,451.29,450.05,448.79,447.55,446.3,445.21,444.04,442.96,441.72,440.75,439.59
20222,15,115.06,-5.1,12.08,43.56,622.21,989.32,880.7,843.4,856.69,880.8,895.37,842.69,835.44,852.4,872.63,835.45,766.0,758.4,771.58,755.72,730.79,746.14,734.84,718.1,701.68,699.37,698.99,699.99,700.23,701.11,695.78,699.87,697.09,699.76,696.56,699.87,699.71,699.8,699.61,698.46,699.91,699.38,699.68,699.62,699.9,699.87,699.8,699.86,699.92,699.86,699.73,699.78,699.93,699.47,699.9,699.85,699.76,699.63,699.97,699.98,699.93,699.88,700.01,699.98,700.01,700.01,699.97,699.93,699.97,699.78,699.98,699.99,699.94,699.66,700.04,699.75,700.16,699.98,699.56,699.25,699.95,700.22,699.79,699.57,699.28,699.08,700.29,669.46,534.43,400.21,268.98,139.19,30.98,15.7,16.24,16.73,17.05,17.26,17.46,17.6,17.66,17.85,17.95,18.04,18.17,18.31,18.43,18.53,18.49,18.68,18.78,18.73,18.7,19.0,18.9,19.0,19.09,19.13,19.16,19.35,19.29,19.33,19.49,19.41,19.55,19.59,19.65,19.66,19.75,-0.54,-0.44,-0.49,-0.54,2.41,14.91,25.1,37.06,49.62,61.29,65.27,73.07,84.24,96.35,99.78,96.23,102.02,112.48,119.96,129.92,150.2,161.84,171.6,182.15,194.68,210.71,228.66,249.79,295.87,358.5,401.58,432.36,453.94,471.13,485.62,497.27,507.06,514.68,521.06,527.1,532.88,538.34,543.66,548.81,553.89,558.68,563.39,568.0,572.32,576.35,580.07,583.49,586.5,589.09,591.38,593.16,594.64,595.55,596.15,596.18,595.49,594.08,591.87,588.99,585.68,581.74,577.32,572.66,567.93,563.28,558.77,554.21,549.66,545.0,540.1,535.12,530.03,524.73,519.35,513.97,508.58,503.38,498.42,493.75,489.38,485.5,481.99,481.15,482.36,484.38,486.64,489.04,489.29,488.05,486.4,484.64,482.89,481.11,479.41,477.63,475.87,474.26,472.62,471.04,469.45,467.96,466.42,464.97,463.46,462.03,460.53,459.1,457.55,456.14,454.63,453.25,451.92,450.61,449.34,448.07,446.81,445.59,444.47,443.25,442.17,441.08,440.01,439.03
20223,15,115.064,-2.83,13.6,46.96,635.1,991.93,881.84,843.7,857.33,882.21,896.58,843.73,836.23,853.33,873.82,836.67,767.15,758.67,771.99,757.28,731.48,747.08,735.51,718.31,701.67,699.12,699.53,699.77,700.29,700.12,700.75,697.2,698.13,697.8,697.93,699.7,699.92,698.75,699.76,699.82,698.05,699.84,699.75,699.97,699.69,699.95,700.08,699.74,699.61,700.08,699.32,700.02,699.73,699.26,699.54,699.72,699.75,699.31,699.86,699.9,700.01,699.96,699.95,699.98,699.97,699.94,699.94,699.89,699.93,700.04,700.06,699.96,699.99,699.8,699.99,699.84,699.83,700.06,699.69,700.04,699.92,699.67,699.84,699.97,699.68,700.01,700.23,669.35,535.75,400.74,269.99,140.07,32.95,18.73,19.09,19.58,19.82,20.11,20.22,20.38,20.49,20.63,20.8,20.84,20.98,21.0,21.13,21.26,21.39,21.46,21.58,21.64,21.67,21.62,21.78,21.85,21.86,21.91,22.01,22.12,22.09,22.21,22.24,22.28,22.35,22.36,22.37,22.52,22.46,-0.5,-0.47,-0.39,-0.46,2.67,15.42,25.6,37.59,50.01,61.78,65.57,73.32,84.45,96.47,100.25,96.44,102.22,112.75,120.22,129.48,150.82,162.75,172.6,183.01,195.66,212.02,230.11,251.7,303.0,364.05,405.19,434.88,455.38,472.67,486.35,497.92,507.24,514.81,521.01,526.86,532.27,537.76,542.99,547.95,552.75,557.44,562.01,566.52,570.57,574.54,578.13,581.34,584.15,586.78,589.04,590.9,592.27,593.29,594.02,594.19,593.48,592.03,589.9,587.0,583.57,579.28,574.75,569.96,565.21,560.47,555.83,551.22,546.55,541.77,536.82,531.72,526.52,521.14,515.71,510.19,504.76,499.4,494.45,489.64,485.45,481.39,478.03,476.98,478.22,480.06,482.19,484.44,484.56,483.32,481.67,479.88,478.12,476.43,474.55,472.82,471.18,469.52,467.85,466.27,464.73,463.18,461.64,460.14,458.69,457.2,455.67,454.21,452.75,451.33,449.83,448.52,447.1,445.79,444.45,443.22,441.98,440.79,439.57,438.43,437.34,436.16,435.2,434.11
20224,15,115.577,-3.34,13.97,48.07,637.92,991.73,881.53,844.11,857.4,881.74,896.37,844.83,836.23,852.72,872.86,835.56,765.99,757.42,770.76,756.04,730.39,746.66,734.88,718.03,701.7,698.59,699.32,699.63,700.22,700.76,697.31,696.83,698.51,698.93,696.93,699.93,699.75,700.07,699.3,698.41,699.78,699.67,699.75,699.79,699.88,699.94,699.96,699.5,699.91,699.79,699.57,699.64,699.67,699.72,699.68,699.6,699.77,699.78,699.76,699.98,699.84,700.04,700.01,700.04,700.02,700.08,699.95,700.06,699.86,699.92,699.7,700.11,699.76,700.1,700.12,699.72,699.45,699.24,699.53,700.73,700.51,700.16,699.9,699.69,699.42,699.33,699.18,669.26,535.81,401.25,270.01,139.78,32.73,18.04,18.69,19.2,19.58,19.77,19.99,20.15,20.26,20.35,20.53,20.55,20.69,20.81,20.95,21.14,21.07,21.22,21.3,21.32,21.37,21.39,21.44,21.56,21.65,21.64,21.73,21.95,21.86,21.94,22.03,22.01,22.09,22.13,22.21,22.31,22.33,-0.65,-0.59,-0.53,-0.63,2.96,15.97,26.07,37.99,50.43,62.1,65.79,73.53,84.65,96.68,100.2,96.33,102.27,112.68,120.09,128.79,150.63,162.47,172.36,182.98,195.5,211.97,229.89,252.37,309.69,367.0,405.32,432.17,452.07,467.64,478.63,488.04,496.28,503.76,510.49,516.59,522.27,527.81,533.15,538.55,543.77,549.01,554.32,559.65,564.96,570.25,575.17,579.9,584.15,587.91,591.39,594.56,597.29,599.62,601.67,603.4,604.41,604.69,604.33,603.02,601.17,598.79,596.21,593.41,590.51,587.71,585.16,582.71,580.37,578.1,575.73,573.34,570.68,567.75,564.67,561.36,558.04,554.69,551.29,548.12,545.01,542.17,539.64,540.16,542.99,546.57,550.57,554.67,556.32,556.13,555.31,554.35,553.24,552.11,550.93,549.77,548.55,547.4,546.17,544.95,543.81,542.64,541.49,540.4,539.25,538.08,536.98,535.83,534.63,533.62,532.38,531.26,530.14,529.07,527.97,526.97,525.91,524.92,523.86,522.93,522.09,521.09,520.19,519.27
20225,15,115.705,-4.32,12.77,46.68,636.84,990.58,879.36,841.56,855.01,879.57,894.46,841.74,834.39,851.23,871.59,834.15,765.04,756.51,769.65,754.34,729.88,745.49,734.37,717.79,701.62,699.48,699.09,699.81,700.11,700.83,695.32,698.96,697.79,699.37,696.42,700.01,699.58,699.95,699.49,698.26,699.66,699.93,699.01,699.82,699.77,699.78,699.68,699.68,699.9,699.95,699.91,699.95,699.69,699.25,699.77,699.34,699.71,699.42,699.63,699.78,699.98,699.9,700.04,699.99,699.91,700.11,699.8,699.98,699.89,699.96,699.95,700.04,699.74,700.13,699.91,699.44,699.93,700.43,700.01,699.77,699.54,699.27,699.09,699.39,701.33,701.16,700.85,667.3,533.84,400.05,269.16,139.3,31.99,17.36,17.92,18.43,18.77,18.93,19.11,19.26,19.39,19.55,19.7,19.83,19.82,20.0,19.98,20.22,20.27,20.41,20.54,20.57,20.63,20.79,20.79,20.84,20.9,21.06,20.94,21.12,21.12,21.22,21.26,21.35,21.34,21.46,21.46,21.5,21.57,-0.59,-0.47,-0.54,-0.62,2.51,15.01,25.24,37.18,49.56,61.2,65.0,72.82,83.97,95.89,99.64,95.8,101.71,112.06,119.5,129.26,150.15,161.85,171.71,182.33,195.2,211.19,229.33,251.59,309.06,366.23,404.13,430.9,450.54,465.16,475.95,485.3,493.63,500.86,507.36,513.33,519.05,524.55,529.84,535.12,540.28,545.43,550.67,555.98,561.37,566.88,572.09,577.09,581.59,585.78,589.51,592.92,596.11,599.12,601.88,604.15,605.7,606.41,606.36,605.71,604.54,602.67,600.5,598.0,595.42,592.99,590.46,588.15,585.94,583.76,581.59,579.28,576.92,574.24,571.28,568.24,565.17,562.04,558.85,555.84,553.05,550.48,548.52,549.61,553.38,557.96,562.86,567.71,570.03,570.18,569.84,569.09,568.22,567.36,566.37,565.42,564.37,563.37,562.43,561.29,560.25,559.28,558.15,557.14,556.16,555.2,554.13,553.1,551.96,550.86,549.88,548.86,547.72,546.8,545.72,544.8,543.83,542.88,542.02,541.09,540.2,539.44,538.56,537.72
20226,15,115.433,-1.61,14.37,50.15,645.52,992.26,880.65,843.61,855.76,880.66,895.67,842.91,835.07,852.08,872.65,835.0,765.35,756.94,770.43,755.04,730.28,745.97,734.81,717.86,701.47,699.82,699.75,699.0,699.91,699.3,700.16,696.12,698.88,697.38,698.23,699.49,699.38,699.18,699.37,699.8,698.49,699.91,699.48,699.44,699.49,700.0,699.92,699.86,699.94,699.18,699.9,699.96,699.4,699.87,699.68,699.4,699.8,699.93,699.81,700.02,699.93,699.98,699.96,699.94,700.01,699.97,699.86,699.96,699.78,699.97,699.9,699.97,700.01,700.16,699.7,699.48,699.26,700.23,700.01,699.7,699.48,699.07,699.63,700.97,700.73,700.46,700.29,668.34,533.96,399.98,269.01,139.21,31.3,16.18,16.85,17.36,17.62,17.89,18.04,18.27,18.32,18.38,18.5,18.71,18.76,18.94,19.07,19.08,19.18,19.17,19.27,19.36,19.48,19.48,19.54,19.68,19.68,19.75,19.84,19.93,19.91,19.97,20.08,20.05,20.14,20.17,20.3,20.25,20.32,-0.56,-0.47,-0.47,-0.6,2.64,15.12,25.25,37.23,49.68,61.43,65.3,72.97,84.09,96.04,99.8,95.98,101.73,112.28,119.68,129.69,150.65,162.6,172.62,183.05,196.13,212.49,230.85,254.87,316.38,372.03,409.58,436.01,455.36,471.58,483.12,492.15,500.1,507.42,514.11,520.29,526.24,531.75,537.04,542.11,547.28,552.45,557.59,562.73,567.68,572.63,577.19,581.41,585.37,588.82,591.88,594.59,596.87,598.89,600.62,601.69,602.09,601.8,600.73,598.91,596.66,593.91,591.02,588.0,585.07,582.29,579.58,577.1,574.59,572.04,569.54,566.65,563.56,560.04,556.15,552.05,547.77,543.52,539.37,535.53,531.87,528.64,525.68,525.9,528.24,531.39,534.79,538.46,539.75,539.22,538.26,537.01,535.8,534.48,533.16,531.82,530.53,529.12,527.74,526.34,525.03,523.66,522.35,520.96,519.78,518.58,517.2,515.87,514.57,513.25,511.88,510.68,509.41,508.21,507.02,505.89,504.69,503.62,502.53,501.47,500.39,499.41,498.39,497.37
20227,15,115.345,-1.99,14.54,46.88,632.96,989.65,879.6,841.6,855.33,880.02,894.71,842.84,836.57,851.76,872.04,834.3,765.43,757.14,770.35,755.19,730.27,745.96,734.63,717.78,701.5,698.71,698.92,699.65,700.17,700.68,695.09,698.92,697.78,699.05,696.43,699.93,699.63,700.09,699.62,698.69,699.7,699.49,699.82,699.27,699.95,699.35,700.06,699.86,699.58,699.86,700.08,699.92,699.36,699.81,699.46,699.34,699.84,699.7,699.92,699.97,700.07,699.9,700.0,699.98,699.92,700.01,699.97,699.91,699.91,699.96,699.82,699.96,700.04,700.2,699.76,699.37,699.15,700.65,700.77,700.4,700.1,699.91,699.63,699.34,699.22,698.94,700.46,669.27,534.22,400.34,269.03,139.03,31.19,15.75,16.57,16.93,17.23,17.38,17.55,17.66,17.86,18.02,18.03,18.25,18.36,18.46,18.43,18.59,18.72,18.78,18.93,18.98,19.03,19.13,19.09,19.21,19.28,19.36,19.36,19.42,19.56,19.58,19.62,19.69,19.73,19.81,19.86,19.93,19.86,-0.62,-0.54,-0.61,-0.67,2.43,14.78,25.01,36.83,49.24,61.04,64.87,72.59,83.73,95.72,99.28,95.64,101.42,111.82,119.19,129.08,149.77,161.48,171.43,181.9,194.3,210.77,228.89,250.73,305.28,364.44,404.68,432.82,453.14,469.79,482.98,492.7,500.8,507.97,514.59,520.81,526.74,532.36,537.65,543.07,548.32,553.44,558.36,563.5,568.37,573.22,577.72,581.69,585.46,588.8,591.7,594.3,596.44,598.2,599.68,600.59,600.8,600.33,598.97,597.05,594.75,591.97,589.01,585.91,582.87,579.97,577.14,574.45,571.85,568.93,565.83,562.21,558.19,553.88,549.21,544.62,539.95,535.34,530.98,526.91,523.12,519.68,516.66,516.6,518.83,521.68,524.99,528.27,529.39,528.78,527.62,526.23,524.78,523.4,521.8,520.34,518.83,517.3,515.84,514.36,512.88,511.44,510.01,508.65,507.34,505.99,504.56,503.14,501.84,500.46,499.19,497.84,496.57,495.31,494.11,492.89,491.63,490.54,489.42,488.29,487.23,486.21,485.24,484.17
20228,15,115.376,-2.28,13.43,46.84,636.08,991.08,880.13,841.99,855.04,879.47,894.52,841.82,834.02,850.71,871.08,833.75,764.48,756.09,769.24,754.71,729.98,745.66,734.66,717.91,701.5,699.42,699.16,699.67,700.13,700.98,696.16,697.88,697.89,699.03,696.41,700.01,699.72,700.11,699.77,698.73,699.72,699.82,699.95,699.2,699.94,699.88,699.93,700.05,699.39,699.7,700.05,699.9,699.24,699.85,699.41,699.58,699.93,699.38,699.95,700.03,700.07,700.1,699.96,699.81,699.95,699.94,699.9,699.96,699.96,699.95,699.93,700.0,699.91,700.17,699.86,699.46,699.37,700.44,700.21,699.93,699.57,699.36,699.11,698.98,701.07,701.36,700.94,667.77,533.75,399.89,268.82,138.89,30.94,15.5,16.15,16.55,16.85,17.08,17.32,17.42,17.58,17.6,17.78,17.91,18.0,18.16,18.15,18.35,18.41,18.4,18.49,18.52,18.64,18.62,18.73,18.78,18.85,18.9,18.99,19.09,19.11,19.19,19.22,19.27,19.33,19.38,19.41,19.56,19.6,-0.54,-0.51,-0.48,-0.61,2.5,14.83,24.91,36.91,49.31,61.05,64.89,72.7,83.78,95.66,99.36,95.58,101.36,111.89,119.23,129.37,149.94,162.05,172.27,182.79,195.44,211.82,230.14,252.67,309.99,367.99,407.29,434.8,454.7,471.0,483.9,493.5,501.54,508.81,515.32,521.46,527.37,532.97,538.32,543.66,548.74,553.87,558.96,563.96,568.86,573.64,578.01,582.03,585.73,589.11,592.03,594.65,596.87,598.54,599.95,600.83,601.06,600.6,599.32,597.41,595.08,592.31,589.35,586.24,583.25,580.35,577.59,574.88,572.3,569.56,566.65,563.22,559.44,555.23,550.78,546.17,541.66,537.11,532.73,528.6,524.8,521.38,518.39,518.41,520.53,523.5,526.72,530.04,531.26,530.64,529.49,528.17,526.87,525.3,523.91,522.4,520.84,519.42,517.93,516.49,514.96,513.54,512.17,510.76,509.53,508.07,506.7,505.33,503.95,502.63,501.26,500.02,498.76,497.44,496.19,494.96,493.85,492.68,491.6,490.46,489.35,488.37,487.33,486.33
20229,15,115.375,-3.95,13.28,46.05,631.93,989.13,878.47,842.02,856.31,879.03,893.77,840.94,833.5,850.56,871.2,833.98,764.62,755.99,769.26,753.65,728.87,745.34,734.07,717.64,701.46,699.06,698.81,699.61,699.8,701.38,696.77,698.17,697.64,699.68,696.52,699.96,699.67,699.98,699.86,698.45,699.99,699.58,699.65,699.44,700.01,699.36,700.02,699.76,699.84,699.63,699.8,699.96,699.96,699.36,699.74,699.9,699.95,699.78,700.02,699.93,699.98,699.94,699.98,699.92,700.01,699.93,699.95,699.94,699.98,699.88,699.85,699.88,699.97,699.81,700.01,700.05,699.6,699.45,700.14,700.02,699.77,699.46,699.22,700.54,700.94,700.55,700.32,668.07,533.98,400.11,268.93,139.03,31.32,15.88,16.51,17.0,17.31,17.46,17.63,17.79,17.94,17.99,18.17,18.28,18.38,18.47,18.58,18.62,18.66,18.73,18.84,18.94,18.94,19.01,19.13,19.2,19.21,19.23,19.35,19.42,19.55,19.48,19.61,19.6,19.67,19.75,19.79,19.88,19.93,-0.57,-0.51,-0.51,-0.67,2.41,14.93,25.28,37.15,49.45,61.15,64.93,72.58,83.7,95.6,99.31,95.6,101.36,111.87,119.01,127.48,149.63,161.48,171.52,182.24,195.06,211.28,229.91,252.24,310.28,368.31,407.58,434.93,455.15,471.36,484.26,493.67,501.67,508.81,515.41,521.53,527.5,533.11,538.33,543.52,548.67,553.81,558.8,563.82,568.61,573.4,577.8,581.92,585.61,588.85,591.7,594.42,596.56,598.32,599.58,600.44,600.55,600.05,598.75,596.69,594.34,591.56,588.56,585.47,582.51,579.61,576.9,574.26,571.56,568.91,565.83,562.47,558.58,554.27,549.86,545.22,540.63,536.09,531.82,527.72,524.03,520.71,517.78,517.8,520.05,523.04,526.33,529.66,530.76,530.21,529.01,527.82,526.4,524.89,523.41,521.96,520.48,518.96,517.52,516.04,514.62,513.12,511.78,510.39,509.06,507.75,506.27,504.96,503.59,502.26,500.97,499.65,498.42,497.16,495.91,494.66,493.49,492.37,491.24,490.13,489.08,488.07,487.04,486.02
20230,15,115.341,-3.75,14.17,46.34,632.49,989.47,879.29,841.36,854.4,878.43,893.13,840.86,834.6,850.12,870.17,832.42,763.52,755.48,768.77,753.13,728.22,744.89,733.59,717.41,701.69,698.63,699.06,699.7,699.88,701.09,695.58,699.29,697.31,699.48,696.56,699.79,699.48,699.92,699.65,698.31,699.93,699.92,699.89,699.87,699.99,699.85,699.98,700.07,699.68,700.03,699.2,699.89,699.78,699.5,699.74,699.79,699.74,699.59,699.94,699.9,700.03,699.99,699.92,700.03,700.01,700.02,699.94,699.97,699.87,699.92,700.06,699.94,700.05,699.72,699.42,699.99,699.92,699.57,699.98,699.95,699.57,699.76,700.51,700.1,699.78,699.63,699.39,669.19,535.11,400.4,269.09,139.0,31.29,15.78,16.54,16.97,17.38,17.55,17.67,17.79,18.02,18.01,18.24,18.31,18.43,18.4,18.61,18.65,18.72,18.8,18.92,18.97,19.01,19.13,19.1,19.22,19.3,19.37,19.31,19.36,19.55,19.57,19.62,19.63,19.79,19.71,19.85,19.9,19.99,-0.54,-0.45,-0.53,-0.64,2.61,15.22,25.44,37.29,49.73,61.23,65.03,72.85,83.97,95.93,99.52,95.7,101.66,112.01,119.29,128.0,149.73,161.86,171.78,182.41,195.03,211.52,229.79,251.89,308.35,366.79,406.77,434.59,454.8,471.16,484.31,493.87,502.07,509.25,515.79,522.01,528.04,533.7,539.0,544.32,549.39,554.47,559.48,564.58,569.46,574.15,578.53,582.66,586.35,589.6,592.49,595.18,597.5,599.26,600.63,601.51,601.8,601.42,600.14,598.26,595.95,593.18,590.26,587.13,584.05,581.17,578.29,575.65,572.95,570.11,567.12,563.69,559.69,555.41,550.98,546.42,541.79,537.13,532.84,528.75,524.95,521.54,518.57,518.45,520.6,523.57,526.82,530.23,531.33,530.71,529.59,528.23,526.83,525.31,523.92,522.41,520.9,519.34,517.86,516.45,515.0,513.49,512.05,510.72,509.38,508.12,506.65,505.24,503.88,502.51,501.16,499.88,498.66,497.39,496.14,494.9,493.78,492.65,491.57,490.47,489.36,488.31,487.24,486.34
20231,15,115.357,-3.98,13.23,47.37,637.19,989.98,878.65,840.86,854.15,878.73,893.51,840.71,833.66,850.62,870.88,833.57,763.98,755.27,768.72,755.29,729.48,745.88,734.59,718.05,701.6,698.84,698.71,699.65,699.67,701.28,695.82,698.37,698.0,699.06,696.59,699.88,699.54,700.12,699.44,698.89,699.63,699.77,700.08,699.13,699.85,699.88,699.89,699.94,699.93,699.59,699.74,699.8,699.61,699.84,699.62,699.67,699.52,699.97,699.97,699.93,699.97,700.01,700.02,699.92,699.96,700.08,699.88,699.74,700.07,699.82,699.94,699.86,699.84,700.01,699.94,700.03,699.67,699.48,700.26,699.97,699.7,699.41,699.15,698.98,700.23,700.7,700.36,669.28,535.15,400.8,269.57,139.76,32.07,17.3,17.81,18.31,18.7,18.88,19.0,19.22,19.31,19.4,19.49,19.63,19.8,19.86,19.88,20.05,20.06,20.12,20.25,20.28,20.27,20.41,20.54,20.53,20.6,20.56,20.71,20.78,20.85,20.85,20.91,20.98,21.02,21.11,21.18,21.2,21.34,-0.66,-0.56,-0.52,-0.62,2.0,13.68,23.97,35.97,48.38,60.12,63.86,71.68,82.89,94.82,98.54,94.65,100.54,110.97,118.41,128.23,149.73,161.77,172.02,182.58,195.55,212.08,230.68,253.81,314.19,371.66,410.69,438.08,457.92,474.21,487.07,496.42,504.49,511.65,518.21,524.36,530.38,536.04,541.35,546.5,551.78,556.82,561.91,566.91,571.82,576.49,580.95,585.1,588.67,591.97,594.76,597.37,599.42,601.14,602.36,603.13,603.33,602.65,601.22,599.1,596.6,593.62,590.38,587.14,583.95,580.68,577.75,574.86,572.1,569.08,565.97,562.37,558.4,554.02,549.42,544.69,539.86,535.14,530.62,526.34,522.28,518.59,515.46,515.43,517.77,520.89,524.34,527.83,528.92,528.34,527.16,525.67,524.26,522.69,521.14,519.63,518.08,516.48,514.85,513.37,511.82,510.32,508.84,507.44,506.08,504.58,503.1,501.66,500.24,498.88,497.42,496.08,494.73,493.35,492.16,490.85,489.58,488.39,487.2,486.1,484.9,483.86,482.79,481.7
20232,15,115.351,-3.27,14.12,45.95,630.33,988.72,877.76,840.32,858.11,878.43,892.99,840.44,833.19,850.39,870.96,833.68,764.32,755.92,769.46,753.98,729.46,745.18,734.34,717.42,701.46,699.42,698.86,699.7,700.04,700.96,695.74,698.84,697.53,699.56,696.23,699.92,699.78,699.96,699.95,698.14,699.88,699.62,699.55,699.38,699.95,699.72,700.01,699.89,699.95,699.56,699.89,699.83,700.04,699.04,699.7,699.84,699.75,699.73,699.96,699.99,699.97,699.96,699.99,699.96,700.02,699.97,699.95,699.97,699.96,699.92,699.88,700.05,699.91,700.04,699.88,699.81,699.97,700.07,699.88,700.01,700.02,699.67,699.72,700.39,700.03,699.83,699.56,668.97,534.7,400.44,269.02,139.06,31.13,15.74,16.34,16.91,17.14,17.39,17.47,17.6,17.86,17.93,18.0,18.16,18.22,18.32,18.41,18.51,18.59,18.71,18.69,18.82,18.91,18.97,18.98,19.09,19.1,19.22,19.2,19.27,19.37,19.45,19.54,19.61,19.57,19.63,19.68,19.73,19.79,-0.41,-0.41,-0.47,-0.52,2.03,14.47,24.69,36.78,49.25,60.86,64.61,72.43,83.52,95.52,99.18,95.35,101.23,111.83,119.19,128.99,149.87,161.89,171.86,182.38,195.39,211.69,230.08,252.47,309.59,368.62,408.8,436.73,457.21,473.56,486.85,496.58,504.66,511.9,518.48,524.7,530.77,536.44,541.89,547.11,552.28,557.37,562.48,567.5,572.5,577.26,581.71,585.77,589.42,592.68,595.5,598.03,600.09,601.72,602.87,603.61,603.63,602.96,601.49,599.36,596.77,593.75,590.5,587.14,583.88,580.68,577.62,574.67,571.76,568.75,565.57,561.91,557.91,553.5,548.86,544.03,539.22,534.5,529.74,525.42,521.37,517.68,514.48,514.31,516.7,519.81,523.22,526.71,527.99,527.31,526.03,524.6,523.08,521.56,519.97,518.45,516.88,515.25,513.63,512.09,510.54,509.03,507.56,506.12,504.66,503.32,501.75,500.26,498.82,497.42,496.02,494.64,493.23,491.92,490.65,489.42,488.13,486.94,485.74,484.5,483.46,482.29,481.19,480.12
20237,15,115.479,-7.4,8.92,60.32,651.42,978.15,863.31,826.09,841.18,866.05,878.33,825.94,819.27,836.25,856.65,818.27,750.99,743.7,757.49,741.53,720.77,737.72,729.0,715.0,701.51,699.63,698.92,699.62,700.14,701.03,699.43,695.34,697.97,699.05,697.35,699.88,699.78,699.54,698.9,699.47,699.03,699.8,700.11,699.16,699.8,700.22,699.39,699.78,700.19,699.14,699.77,699.95,699.41,699.66,700.07,699.89,699.89,699.99,699.99,700.02,700.01,699.98,699.96,699.97,700.04,700.13,699.69,699.8,700.05,699.92,700.04,699.84,699.88,699.97,699.8,700.22,699.94,699.67,699.35,699.07,700.77,700.92,700.63,700.36,700.11,699.98,699.7,667.71,532.76,397.98,267.08,137.12,31.12,17.66,18.19,18.66,18.81,19.13,19.27,19.58,19.54,19.83,19.83,19.93,19.94,20.06,20.14,20.28,20.21,20.49,20.52,20.59,20.63,20.69,20.72,20.87,21.0,21.05,21.07,21.05,21.2,21.2,21.29,21.46,21.41,21.46,21.56,21.58,21.69,-0.38,-0.32,-0.4,-0.35,2.36,14.37,24.59,36.3,48.94,60.36,64.2,72.04,83.15,95.05,98.45,94.88,100.91,111.72,119.51,131.3,151.26,163.94,175.14,186.32,200.05,217.03,236.32,267.39,336.96,388.36,423.11,447.99,466.27,481.4,492.74,501.48,509.19,516.16,522.66,528.49,534.5,539.93,545.1,550.21,555.57,560.64,565.89,570.82,575.75,580.41,584.53,588.38,591.8,594.83,597.68,600.03,601.86,603.32,604.22,604.71,604.37,603.01,601.17,598.66,595.78,592.72,589.36,586.17,582.92,579.96,577.0,574.15,571.31,568.26,564.72,560.8,556.43,551.92,547.15,542.46,537.74,533.17,528.98,524.93,521.38,518.12,515.34,515.41,517.67,520.34,523.46,526.53,527.26,526.37,525.08,523.58,522.13,520.54,518.97,517.2,515.66,513.99,512.37,510.87,509.32,507.93,506.35,505.04,503.54,502.07,500.56,499.17,497.79,496.32,494.95,493.65,492.29,491.03,489.77,488.49,487.32,486.18,484.97,483.9,482.81,481.71,480.65,479.64
20239,15,115.386,-3.3,14.42,50.62,646.97,990.96,880.53,840.78,852.92,877.45,890.79,837.43,829.86,846.83,867.31,830.42,761.49,753.23,766.56,751.87,726.75,743.19,733.03,717.14,701.49,699.22,698.56,699.71,700.07,700.68,699.58,696.3,699.01,697.31,698.75,699.5,699.43,698.62,699.77,699.6,698.36,699.84,699.97,699.99,699.88,699.76,699.91,699.82,699.51,700.02,699.47,699.49,699.8,699.59,699.94,699.95,699.34,699.75,699.98,699.96,700.04,699.95,699.94,699.98,699.95,700.01,699.97,699.97,700.11,699.84,700.05,699.73,699.32,699.93,699.99,700.05,699.75,699.73,700.14,699.97,699.67,699.35,699.67,700.33,700.03,699.72,699.51,669.8,535.46,400.74,269.97,140.02,32.41,18.32,18.6,19.14,19.32,19.7,19.84,20.01,20.08,20.18,20.28,20.51,20.56,20.57,20.69,20.78,20.85,20.87,21.14,21.1,21.08,21.14,21.21,21.32,21.3,21.42,21.52,21.56,21.56,21.69,21.68,21.74,21.89,21.88,21.89,21.96,21.97,-0.49,-0.42,-0.43,-0.48,2.39,15.01,25.24,37.08,49.56,61.14,64.84,72.47,83.55,95.41,98.86,95.09,101.07,111.51,118.89,129.33,149.88,161.89,172.18,182.7,195.78,212.35,231.36,257.72,323.34,377.86,414.65,440.24,459.47,475.55,487.68,496.74,504.46,511.63,518.1,524.15,529.98,535.54,540.94,546.1,551.13,556.12,561.13,566.05,571.15,575.68,580.05,583.97,587.75,591.04,593.97,596.48,598.48,600.11,601.42,602.07,602.31,601.62,600.16,598.09,595.51,592.52,589.43,586.08,582.86,579.71,576.8,573.97,571.21,568.22,565.1,561.57,557.55,553.27,548.61,543.92,539.07,534.41,529.98,525.69,521.82,518.26,515.09,514.98,517.32,520.39,523.84,527.33,528.49,527.85,526.59,525.14,523.69,522.11,520.6,519.06,517.48,515.86,514.31,512.83,511.32,509.82,508.23,506.85,505.44,504.11,502.58,501.14,499.74,498.36,496.94,495.53,494.28,492.93,491.71,490.37,489.23,487.98,486.87,485.68,484.53,483.52,482.4,481.38
20240,15,115.405,-3.79,13.94,50.55,645.25,990.08,877.71,839.78,853.19,877.56,891.58,839.42,832.53,848.05,868.3,830.92,761.77,753.09,766.77,752.16,728.44,743.81,733.43,717.49,701.72,699.09,698.5,699.79,700.04,700.81,697.66,697.15,698.92,697.43,698.07,699.42,699.87,699.16,699.56,699.8,698.37,700.03,699.59,699.67,699.66,699.97,699.62,699.71,699.94,700.11,699.81,699.68,699.66,699.61,699.73,699.96,699.62,700.01,699.95,700.02,699.99,699.93,700.0,699.89,700.01,699.99,700.04,699.96,700.01,700.16,699.68,699.99,699.95,699.87,700.14,699.68,699.47,700.45,700.55,699.96,699.8,699.48,699.27,699.05,699.36,701.42,701.4,668.13,533.92,399.74,268.99,139.17,31.37,16.43,16.92,17.67,17.76,17.99,18.13,18.3,18.41,18.64,18.67,18.7,18.86,18.99,19.08,19.18,19.29,19.3,19.43,19.54,19.52,19.68,19.67,19.73,19.75,19.84,19.93,19.95,20.06,20.04,20.08,20.22,20.25,20.28,20.3,20.43,20.44,-0.45,-0.4,-0.44,-0.47,2.45,15.08,25.15,37.05,49.41,60.99,64.63,72.45,83.42,95.34,98.88,95.0,100.93,111.35,118.97,130.04,150.03,162.06,172.27,182.9,195.83,212.27,231.02,256.16,320.59,376.03,413.66,439.88,459.22,475.43,487.71,496.96,504.71,511.77,518.16,524.15,530.11,535.65,541.09,546.2,551.42,556.52,561.44,566.63,571.39,576.06,580.43,584.55,588.05,591.37,594.32,596.82,598.9,600.61,601.9,602.74,602.89,602.26,600.83,598.63,596.15,593.17,589.92,586.68,583.53,580.48,577.4,574.69,571.88,569.0,565.86,562.28,558.45,554.16,549.63,545.13,540.42,535.9,531.44,527.21,523.27,519.65,516.32,516.27,518.47,521.44,524.87,528.31,529.4,528.7,527.42,526.03,524.5,522.96,521.46,519.88,518.34,516.74,515.24,513.65,512.16,510.71,509.24,507.76,506.39,505.04,503.55,502.13,500.66,499.32,497.93,496.57,495.2,493.96,492.67,491.42,490.2,489.07,487.85,486.7,485.65,484.53,483.46,482.4
20241,15,115.303,-3.26,14.75,44.07,623.88,987.93,877.96,840.65,854.59,879.47,894.47,842.14,834.95,852.25,872.94,835.59,765.99,757.91,772.36,757.62,731.09,747.56,735.6,717.83,701.5,698.84,698.7,699.76,699.93,700.69,695.39,700.76,696.34,699.63,697.07,699.76,699.77,699.55,699.49,698.8,699.83,700.14,699.41,699.98,699.64,699.86,699.89,699.77,700.08,699.55,699.82,699.9,699.58,699.86,699.53,699.6,699.86,699.93,699.37,699.97,699.87,700.02,700.11,699.92,699.99,699.99,700.0,699.99,700.01,700.06,699.97,699.97,700.35,699.85,699.43,699.47,700.28,700.01,699.81,699.34,699.21,698.82,700.44,700.9,700.69,700.48,700.22,667.52,533.96,400.12,269.05,139.03,31.79,16.3,17.08,17.6,17.79,18.17,18.36,18.52,18.59,18.81,18.94,19.1,19.2,19.3,19.26,19.38,19.55,19.59,19.57,19.61,19.84,19.92,19.89,19.97,19.96,19.96,20.11,20.07,20.19,20.35,20.28,20.3,20.4,20.51,20.51,20.49,20.59,-0.31,-0.32,-0.43,-0.47,2.27,14.98,25.2,37.01,49.33,60.92,64.76,72.41,83.59,95.53,99.15,95.31,101.07,111.51,118.62,126.51,148.85,160.75,170.24,180.62,193.31,209.28,227.0,247.86,295.6,357.87,400.72,430.21,451.6,468.5,482.62,493.26,501.38,508.71,515.23,521.44,527.47,533.09,538.51,543.93,549.15,554.36,559.43,564.38,569.27,573.84,578.3,582.36,586.05,589.14,592.03,594.6,596.67,598.22,599.57,600.3,600.52,599.95,598.45,596.37,593.88,590.76,587.52,584.13,580.81,577.51,574.45,571.4,568.48,565.19,561.71,558.01,553.86,549.7,545.34,540.88,536.36,531.75,527.28,522.97,518.81,515.06,511.66,511.34,513.28,516.0,519.21,522.42,523.27,522.45,521.21,519.63,518.13,516.52,514.92,513.27,511.65,510.16,508.55,507.06,505.46,503.89,502.45,501.13,499.68,498.2,496.9,495.42,494.0,492.6,491.17,489.9,488.42,487.16,485.89,484.64,483.37,482.31,480.99,479.9,478.79,477.66,476.6,475.59
20242,15,115.281,-3.76,13.66,42.06,618.35,990.05,882.46,845.59,858.45,882.61,898.1,845.44,837.46,854.53,875.26,838.73,768.86,760.39,773.69,759.29,732.04,748.37,736.24,718.59,701.73,698.99,699.17,699.83,700.25,699.93,696.2,700.78,696.7,699.3,697.08,699.78,699.85,699.53,699.36,699.02,699.58,700.1,699.11,700.07,699.25,699.84,699.76,699.88,699.73,699.86,699.49,699.63,699.96,699.46,699.92,699.46,699.82,699.63,699.94,699.94,700.07,700.04,700.07,699.94,700.06,700.03,699.98,700.01,699.94,700.02,699.79,700.02,699.73,700.08,699.83,699.46,700.16,699.91,699.5,699.26,700.48,700.68,700.41,700.15,699.83,699.46,699.32,669.58,536.54,401.74,270.48,140.43,31.36,14.35,14.99,15.56,15.86,16.13,16.19,16.51,16.48,16.7,16.79,16.92,17.0,17.12,17.33,17.3,17.29,17.31,17.47,17.69,17.67,17.76,17.73,17.78,17.93,17.88,18.09,18.08,18.09,18.26,18.22,18.26,18.27,18.42,18.5,18.55,18.58,-0.5,-0.43,-0.45,-0.42,2.18,14.94,25.27,37.23,49.55,61.24,65.06,72.85,83.97,95.92,99.67,95.82,101.73,112.13,119.49,126.77,149.11,160.98,170.45,180.54,192.8,208.57,225.98,246.03,286.14,350.35,395.0,425.97,448.25,465.5,480.28,491.5,499.94,507.36,514.0,520.31,526.36,532.0,537.56,542.88,548.08,553.25,558.43,563.47,568.5,573.09,577.44,581.41,585.12,588.33,591.17,593.52,595.65,597.29,598.59,599.53,599.81,599.2,597.86,595.78,593.28,590.33,587.04,583.7,580.25,577.05,573.85,570.71,567.6,564.2,560.52,556.69,552.64,548.43,544.03,539.65,535.13,530.56,526.12,521.88,517.82,513.78,510.41,509.8,511.57,514.03,517.09,520.15,521.09,520.08,518.81,517.23,515.61,513.92,512.29,510.59,509.13,507.47,505.9,504.28,502.82,501.3,499.81,498.35,497.04,495.58,494.23,492.86,491.37,489.96,488.64,487.23,485.84,484.62,483.22,481.99,480.72,479.49,478.36,477.23,476.11,475.03,473.92,472.9
20243,15,115.301,-3.55,14.25,40.22,613.61,992.76,887.18,849.28,862.13,886.46,901.68,849.35,841.25,858.41,879.04,842.74,772.2,763.22,776.37,761.84,733.88,750.08,737.11,718.96,702.05,698.96,698.65,699.86,700.45,699.01,697.22,700.77,697.28,698.66,698.09,699.7,699.91,699.24,699.24,699.59,699.48,699.34,699.43,700.15,699.83,700.19,699.45,699.56,699.95,699.25,699.9,699.95,699.45,700.06,699.37,699.47,699.77,699.48,699.86,700.05,699.97,699.97,700.08,699.99,699.95,699.92,699.96,699.96,700.03,700.11,699.88,699.89,699.96,699.88,700.04,699.94,700.08,699.69,699.94,700.04,699.78,699.49,699.8,700.37,699.89,699.65,699.67,669.65,536.46,401.86,270.85,140.62,31.62,15.01,15.91,16.39,16.53,16.69,17.04,17.23,17.3,17.56,17.73,17.83,17.88,17.99,18.05,18.12,18.13,18.23,18.25,18.44,18.43,18.45,18.56,18.63,18.67,18.69,18.82,18.95,18.9,18.99,19.06,19.13,19.17,19.21,19.41,19.35,19.36,-0.52,-0.34,-0.36,-0.37,2.37,15.13,25.37,37.51,50.12,61.8,65.57,73.37,84.61,96.77,100.54,96.68,102.33,112.88,120.32,127.14,149.82,161.28,170.53,180.77,192.88,208.46,225.49,244.84,278.12,343.16,389.95,422.37,445.57,463.51,478.55,490.29,499.1,506.59,513.39,519.77,525.88,531.51,537.11,542.65,547.98,553.05,558.18,563.25,568.12,572.75,577.19,581.32,585.02,588.15,591.16,593.59,595.7,597.46,598.82,599.64,600.01,599.43,598.09,596.1,593.58,590.69,587.32,583.92,580.59,577.18,573.99,570.89,567.51,563.98,560.29,556.49,552.39,548.19,543.84,539.33,534.84,530.35,525.8,521.51,517.54,513.6,510.02,509.51,511.3,513.8,516.85,519.87,520.76,519.92,518.46,516.9,515.36,513.79,512.0,510.53,508.85,507.23,505.68,504.09,502.61,501.12,499.66,498.25,496.82,495.46,494.1,492.64,491.25,489.89,488.46,487.17,485.79,484.38,483.19,481.94,480.65,479.5,478.26,477.16,475.98,474.93,473.77,472.77
20244,15,115.243,-3.58,14.0,40.15,616.58,992.81,887.53,850.78,864.31,889.18,904.29,851.6,843.72,860.86,881.83,845.44,774.64,765.33,778.85,766.58,737.58,752.68,739.13,720.12,702.13,699.0,699.13,699.93,700.06,700.1,700.81,699.97,695.61,699.32,696.91,699.56,699.23,698.99,699.4,699.29,699.86,700.03,699.73,700.06,699.55,700.0,699.76,699.79,699.68,699.88,699.67,699.98,699.73,699.46,699.93,699.39,699.43,699.94,699.21,699.93,699.99,699.95,700.06,699.95,700.01,699.96,700.0,699.73,699.84,700.16,699.93,700.06,700.19,699.79,699.65,700.2,699.72,699.67,700.24,700.08,699.51,699.38,699.2,699.73,700.76,700.51,700.13,669.6,536.78,402.36,271.25,141.23,32.18,15.74,16.2,16.81,17.04,17.36,17.47,17.73,17.79,17.92,18.26,18.33,18.36,18.46,18.55,18.64,18.71,18.7,18.75,18.94,18.95,19.03,19.18,19.04,19.21,19.29,19.38,19.37,19.47,19.43,19.65,19.43,19.74,19.77,19.71,19.78,19.85,-0.52,-0.48,-0.47,-0.56,2.07,14.69,25.06,37.24,49.82,61.65,65.51,73.33,84.52,96.64,100.66,96.74,102.47,112.89,120.39,128.12,150.2,161.48,170.63,180.37,192.57,208.0,225.18,244.44,278.55,343.51,390.06,422.18,444.95,462.93,477.97,489.64,498.54,505.91,512.68,519.22,525.2,530.88,536.46,541.9,547.12,552.33,557.55,562.57,567.48,572.24,576.58,580.76,584.22,587.63,590.58,593.09,595.13,596.93,598.17,599.09,599.51,599.01,597.83,595.88,593.44,590.6,587.33,584.04,580.7,577.57,574.44,571.35,567.99,564.52,560.92,556.89,552.87,548.67,544.22,539.65,535.0,530.41,525.91,521.55,517.31,513.49,510.07,509.53,511.33,513.84,516.87,519.95,520.84,520.0,518.62,516.96,515.46,513.79,512.11,510.57,508.92,507.41,505.88,504.27,502.84,501.29,499.82,498.53,497.14,495.75,494.38,492.81,491.45,490.09,488.74,487.27,486.05,484.76,483.44,482.21,480.99,479.89,478.63,477.48,476.36,475.35,474.17,473.23
20245,15,115.245,-1.91,14.68,40.05,615.46,994.15,889.41,852.41,865.22,890.04,905.47,852.94,844.78,861.69,882.36,846.04,775.47,766.39,779.61,765.47,736.61,751.87,738.64,720.01,702.13,699.29,699.05,699.91,699.98,699.92,700.91,699.69,695.96,699.1,697.02,699.83,699.83,699.17,699.35,699.09,699.69,699.88,699.25,700.09,699.38,700.05,700.05,699.7,699.86,699.79,699.64,699.84,699.64,699.86,699.84,700.08,699.41,699.71,699.69,699.93,699.97,699.97,700.03,699.93,700.05,699.92,699.97,700.06,700.07,699.84,700.23,699.86,699.38,699.26,700.22,700.02,699.73,699.4,699.08,699.21,700.75,700.61,700.32,699.99,699.67,699.46,699.34,670.24,537.18,402.6,271.53,141.09,32.42,16.17,16.72,17.17,17.49,17.75,17.95,18.07,18.23,18.37,18.46,18.51,18.69,18.78,18.92,19.07,19.11,19.19,19.26,19.37,19.29,19.5,19.61,19.42,19.63,19.64,19.75,19.84,19.85,20.02,20.0,19.96,20.09,20.16,20.22,20.26,20.26,-0.4,-0.39,-0.43,-0.44,2.08,14.65,24.96,37.13,49.82,61.73,65.66,73.51,84.71,96.69,100.73,96.84,102.61,112.98,120.48,127.66,149.47,160.88,169.88,179.76,191.93,207.26,224.04,243.0,274.38,338.73,386.38,419.29,442.47,460.7,476.08,488.14,497.23,504.77,511.38,517.92,523.9,529.66,535.24,540.74,546.03,551.33,556.54,561.59,566.46,571.2,575.48,579.64,583.29,586.47,589.57,592.1,594.25,595.85,597.36,598.37,598.65,598.36,597.11,595.21,592.86,590.08,586.87,583.53,580.26,576.95,573.7,570.45,567.0,563.46,559.73,555.75,551.78,547.56,543.24,538.75,534.18,529.53,525.05,520.64,516.45,512.64,509.04,508.21,509.85,512.23,514.96,517.92,518.63,517.66,516.21,514.64,513.02,511.34,509.7,508.03,506.38,504.79,503.2,501.7,500.13,498.61,497.13,495.75,494.34,493.02,491.61,490.22,488.83,487.46,486.02,484.68,483.31,482.0,480.73,479.45,478.22,476.97,475.79,474.66,473.57,472.55,471.39,470.35
20246,15,115.226,-3.43,14.19,38.35,610.08,994.91,891.18,853.55,866.34,890.72,905.67,852.86,844.19,861.04,881.87,846.45,775.25,765.87,778.91,764.85,736.12,751.61,738.36,719.58,702.03,699.15,699.31,699.94,700.3,700.58,698.84,700.91,696.77,698.11,698.17,698.61,699.86,699.77,698.17,699.86,699.79,698.81,699.47,699.8,699.84,699.78,699.69,699.85,700.05,699.86,699.64,699.97,700.07,699.71,699.73,699.35,699.69,699.74,699.4,699.84,699.92,699.95,699.96,699.97,699.98,700.0,699.96,699.97,699.89,699.95,699.96,699.46,700.04,699.82,699.81,700.13,699.68,699.39,699.7,700.63,700.29,700.06,699.74,699.49,699.26,699.16,699.41,670.68,536.83,402.38,271.41,141.63,32.64,16.86,17.21,17.8,18.13,18.31,18.46,18.65,18.66,18.87,18.92,19.07,19.15,19.26,19.45,19.48,19.61,19.78,19.9,19.9,20.04,20.12,20.03,20.24,20.26,20.27,20.33,20.49,20.55,20.52,20.58,20.64,20.6,20.71,20.79,20.75,20.84,-0.58,-0.59,-0.56,-0.54,1.91,14.59,24.99,37.08,49.71,61.63,65.44,73.32,84.46,96.51,100.48,96.55,102.29,112.52,120.03,126.77,148.89,160.34,169.5,179.21,191.24,206.4,223.13,242.22,272.28,336.4,385.0,418.27,442.04,460.17,475.6,487.65,497.11,504.52,511.33,517.92,523.87,529.53,535.32,540.71,546.04,551.09,556.29,561.4,566.33,571.05,575.44,579.48,583.22,586.46,589.32,591.87,594.05,595.79,597.21,598.22,598.57,598.17,597.1,595.2,592.85,590.0,586.87,583.61,580.19,576.89,573.78,570.48,567.16,563.59,559.99,556.1,552.16,548.1,543.82,539.35,534.93,530.44,526.0,521.74,517.69,513.69,510.12,509.37,510.93,513.32,515.98,518.79,519.51,518.49,516.97,515.41,513.74,512.1,510.47,508.74,507.19,505.62,504.01,502.46,500.91,499.46,497.94,496.6,495.26,493.88,492.5,491.18,489.71,488.37,487.0,485.65,484.26,482.94,481.73,480.45,479.23,478.04,476.87,475.69,474.58,473.45,472.43,471.37
20247,15,115.18,-2.96,14.05,38.7,615.55,995.66,889.9,852.17,865.82,890.7,906.78,854.43,846.06,862.73,883.17,847.5,776.67,767.46,782.34,768.04,739.38,753.79,739.78,720.45,701.96,699.2,699.02,699.93,700.11,699.87,700.92,699.29,696.46,699.2,696.49,699.53,699.28,698.83,699.17,699.08,699.36,699.89,699.35,700.02,699.47,700.04,699.39,699.71,699.91,700.11,699.84,699.75,699.56,699.78,699.72,699.73,699.36,699.54,699.88,700.05,699.96,699.96,699.94,699.89,699.96,699.97,700.08,699.82,700.04,699.95,700.0,700.08,699.91,700.06,699.74,699.84,699.95,699.98,699.89,700.18,700.21,699.69,699.47,699.12,699.92,700.98,700.61,669.48,536.46,402.23,271.44,141.31,32.38,15.94,16.57,17.1,17.41,17.67,17.89,18.05,18.07,18.26,18.31,18.49,18.6,18.71,18.84,18.83,19.09,19.11,19.14,19.16,19.28,19.38,19.42,19.51,19.53,19.42,19.52,19.69,19.74,19.79,19.9,19.88,19.95,19.94,20.07,20.08,20.21,-0.47,-0.38,-0.42,-0.47,2.24,14.76,25.04,37.2,49.7,61.54,65.57,73.56,84.61,96.77,100.64,96.88,102.67,112.87,120.53,127.95,149.77,161.09,169.95,179.66,191.63,206.87,223.5,242.38,271.67,335.46,383.62,417.23,440.81,459.05,474.69,486.77,496.27,504.0,510.73,517.13,523.29,529.0,534.55,539.94,545.35,550.63,555.68,560.75,565.76,570.41,574.84,578.9,582.48,585.94,588.78,591.28,593.4,595.08,596.51,597.52,597.87,597.51,596.26,594.38,592.08,589.21,586.16,582.8,579.46,576.11,572.77,569.52,566.01,562.43,558.76,554.99,551.01,546.83,542.52,538.21,533.7,529.31,524.98,520.67,516.53,512.55,508.92,508.27,509.8,512.03,514.81,517.59,518.29,517.32,515.82,514.25,512.59,510.99,509.36,507.68,506.1,504.51,502.97,501.39,499.9,498.45,497.07,495.54,494.17,492.93,491.63,490.13,488.73,487.42,485.96,484.75,483.36,481.94,480.68,479.49,478.26,477.01,475.91,474.76,473.63,472.57,471.53,470.47
20248,15,115.217,-3.19,14.08,39.85,621.22,998.36,894.68,857.82,868.3,892.76,908.21,855.56,847.03,863.61,884.3,849.29,778.05,768.31,781.6,768.68,738.55,753.69,739.83,720.41,702.39,699.22,699.31,699.78,700.1,699.81,700.56,699.24,697.01,699.27,696.35,699.99,699.6,699.62,699.7,698.61,699.72,700.04,699.62,699.97,699.75,700.22,699.8,699.78,699.62,699.76,699.64,699.74,699.6,699.87,699.51,699.8,699.66,699.97,699.91,699.97,700.0,700.03,699.94,699.95,699.96,700.02,699.89,700.01,699.98,699.96,699.89,699.91,700.0,699.69,700.12,700.11,699.68,699.37,700.18,700.08,699.77,699.4,699.24,699.41,700.68,700.58,700.27,670.68,537.99,403.7,272.56,142.44,33.98,18.11,18.88,19.3,19.64,19.79,20.06,20.13,20.21,20.43,20.53,20.57,20.74,20.84,20.89,20.99,21.05,21.22,21.2,21.31,21.29,21.39,21.49,21.54,21.55,21.71,21.7,21.71,21.87,21.8,21.92,21.92,22.17,22.15,22.29,22.3,22.26,-0.62,-0.52,-0.58,-0.58,1.96,14.43,24.89,37.08,49.77,61.69,65.7,73.51,84.67,96.72,100.93,97.09,102.72,113.02,120.64,127.33,149.52,160.87,169.98,179.71,191.56,206.82,223.71,242.59,273.57,337.66,385.42,418.53,441.57,459.88,475.2,487.42,496.7,504.14,510.86,517.34,523.42,529.07,534.58,539.99,545.14,550.36,555.34,560.29,565.13,569.71,573.91,578.07,581.68,584.9,587.88,590.35,592.52,594.24,595.63,596.6,597.05,596.67,595.5,593.63,591.33,588.55,585.49,582.13,578.91,575.57,572.26,568.92,565.41,561.81,558.14,554.25,550.36,546.1,541.78,537.37,532.84,528.36,523.87,519.62,515.36,511.52,508.01,507.13,508.69,510.94,513.58,516.39,517.16,516.22,514.61,513.02,511.4,509.79,508.13,506.48,504.86,503.33,501.71,500.15,498.67,497.16,495.79,494.33,492.94,491.66,490.26,488.95,487.49,486.08,484.77,483.36,482.1,480.79,479.45,478.24,477.01,475.84,474.64,473.57,472.4,471.36,470.26,469.17
20249,15,115.224,-3.69,13.73,40.7,623.69,998.24,893.21,855.06,868.02,892.63,908.55,856.84,847.12,863.68,884.15,848.57,777.57,768.0,780.96,767.25,737.88,753.13,739.36,720.25,702.24,699.43,699.76,699.18,700.14,699.9,700.33,698.83,697.73,699.04,696.05,700.02,699.36,699.86,699.91,698.39,700.02,699.5,699.4,699.57,699.96,700.1,699.94,699.81,699.69,699.96,699.79,699.72,699.65,699.59,699.75,699.55,699.46,699.79,699.84,699.99,699.92,699.93,699.99,699.96,700.05,699.93,699.96,699.98,699.85,699.93,699.83,699.97,700.07,699.95,700.19,699.88,699.42,700.05,700.35,699.95,699.66,699.39,699.26,698.93,700.63,701.31,700.87,669.65,536.76,402.79,271.78,141.57,32.74,16.11,17.06,17.41,17.76,17.99,18.17,18.29,18.43,18.51,18.67,18.76,18.8,18.91,18.91,19.14,19.2,19.24,19.31,19.46,19.49,19.55,19.67,19.8,19.74,19.89,19.85,20.03,19.93,20.12,20.12,20.23,20.34,20.28,20.44,20.33,20.45,-0.57,-0.45,-0.5,-0.62,2.52,15.26,25.64,37.63,50.22,62.12,66.06,73.76,84.92,96.87,100.96,97.08,102.74,113.12,120.66,127.28,149.51,160.73,169.75,179.57,191.69,207.14,223.72,242.72,275.69,340.0,386.66,419.2,441.84,460.21,475.32,487.27,496.53,504.1,510.64,516.96,523.08,528.76,534.21,539.65,544.89,550.11,555.16,560.17,565.04,569.6,573.9,577.92,581.48,584.81,587.62,590.25,592.31,594.05,595.43,596.4,596.77,596.38,595.17,593.25,590.84,587.97,584.8,581.48,578.07,574.73,571.46,568.06,564.56,560.95,557.16,553.33,549.37,545.15,540.81,536.35,531.89,527.25,522.93,518.55,514.46,510.55,506.97,506.29,507.89,510.22,513.08,515.98,516.8,515.88,514.4,512.81,511.19,509.6,507.94,506.29,504.68,503.11,501.61,499.94,498.4,496.96,495.48,494.15,492.74,491.43,490.03,488.67,487.18,485.84,484.41,483.08,481.73,480.42,479.09,477.94,476.62,475.43,474.22,473.01,472.06,470.91,469.83,468.79
20250,15,115.292,-3.63,13.65,42.66,628.25,999.43,893.94,855.36,868.63,892.81,907.91,855.14,846.27,863.18,883.62,848.5,777.28,767.47,780.64,767.35,737.45,752.85,739.33,720.28,702.22,699.23,699.05,699.85,699.93,700.01,700.64,698.67,697.6,698.89,696.06,700.08,699.56,699.98,699.91,698.32,700.0,699.39,699.56,699.6,699.96,699.67,699.77,699.86,699.79,700.01,699.84,699.94,699.62,699.46,700.01,699.53,699.93,699.95,699.96,699.94,699.94,699.96,699.94,699.99,699.84,700.01,699.97,700.12,699.69,699.66,699.91,700.03,699.82,700.25,699.86,699.42,699.13,700.16,700.77,700.45,700.1,699.85,699.62,699.38,699.14,698.94,700.85,671.47,537.96,403.89,272.56,142.19,34.05,17.99,18.66,19.22,19.39,19.57,19.71,19.93,20.06,20.26,20.33,20.46,20.54,20.61,20.84,20.81,20.89,20.94,21.02,21.1,21.19,21.31,21.26,21.38,21.43,21.56,21.57,21.71,21.7,21.77,21.76,21.83,21.93,21.97,21.98,22.08,22.04,-0.55,-0.4,-0.49,-0.54,2.21,14.72,25.28,37.39,50.01,61.99,66.02,73.84,84.97,97.19,101.16,97.26,102.96,113.28,121.07,128.03,150.15,161.39,170.51,180.36,192.52,207.76,224.83,243.85,277.29,341.96,388.52,421.13,443.49,461.71,476.65,488.67,497.93,505.37,511.99,518.35,524.3,530.03,535.53,540.85,546.19,551.47,556.56,561.37,566.31,570.94,575.25,579.28,582.91,586.25,589.06,591.63,593.73,595.31,596.57,597.39,597.81,597.31,596.15,594.16,591.91,588.99,585.89,582.57,579.32,576.0,572.68,569.16,565.55,561.88,557.99,554.09,549.91,545.6,541.17,536.68,532.15,527.55,523.09,518.8,514.66,510.82,507.24,506.41,507.94,510.15,512.82,515.65,516.36,515.32,513.82,512.15,510.54,508.91,507.24,505.55,503.94,502.3,500.72,499.15,497.61,496.08,494.68,493.2,491.78,490.45,489.13,487.69,486.25,484.82,483.47,482.02,480.68,479.4,478.1,476.86,475.65,474.46,473.2,472.05,470.92,469.81,468.77,467.68
20251,15,115.274,-3.41,14.25,42.14,629.1,997.86,892.73,854.84,867.58,891.74,907.44,854.76,845.99,862.92,883.72,847.76,776.73,767.34,780.53,766.21,737.49,752.64,738.93,719.99,702.09,699.4,699.58,699.09,700.16,699.89,700.6,699.2,697.46,698.77,696.69,699.91,699.59,699.97,699.93,698.29,699.83,700.0,700.01,699.76,700.0,699.86,699.92,699.58,699.68,699.92,699.8,699.67,699.83,699.69,699.93,699.93,699.91,699.79,699.94,699.85,699.98,700.0,699.96,700.02,700.05,699.87,699.94,700.16,699.73,699.71,699.95,700.02,699.99,699.96,699.98,700.06,700.06,700.06,699.67,699.4,700.24,700.27,699.99,699.77,699.38,699.17,698.99,670.86,536.75,402.53,271.1,140.88,31.43,14.37,15.19,15.7,15.95,16.14,16.34,16.44,16.59,16.64,16.9,16.91,16.9,17.11,17.14,17.26,17.36,17.36,17.47,17.52,17.65,17.64,17.69,17.81,17.91,17.84,18.0,18.05,18.05,18.16,18.2,18.32,18.27,18.31,18.46,18.46,18.55,-0.37,-0.34,-0.39,-0.46,2.41,15.12,25.56,37.69,50.28,62.18,66.19,73.95,85.21,97.18,101.35,97.33,103.03,113.49,120.99,127.96,150.52,161.8,170.94,180.78,192.94,208.49,225.12,244.32,279.01,343.61,389.5,421.43,443.43,461.55,476.13,488.15,497.49,504.9,511.58,517.97,523.88,529.6,535.17,540.52,545.81,551.01,556.2,561.11,565.98,570.78,575.16,579.02,582.64,585.87,588.58,591.15,592.95,594.46,595.7,596.47,596.49,595.88,594.52,592.44,589.96,587.0,583.76,580.35,577.01,573.68,570.18,566.6,562.91,559.12,555.21,551.31,547.08,542.85,538.37,533.91,529.25,524.74,520.32,516.01,511.97,508.16,504.55,503.76,505.11,507.26,509.85,512.48,513.15,512.05,510.59,508.92,507.26,505.61,503.93,502.26,500.59,498.98,497.33,495.84,494.32,492.78,491.37,489.95,488.54,487.18,485.85,484.38,482.97,481.6,480.16,478.78,477.46,476.08,474.76,473.57,472.29,471.16,469.97,468.84,467.62,466.54,465.5,464.47
20252,15,115.284,-3.78,13.58,41.07,624.77,997.76,891.75,854.02,866.86,890.96,906.98,853.91,845.38,862.15,882.51,847.47,776.16,766.58,779.78,766.1,736.91,752.28,738.75,720.13,702.13,698.97,699.02,699.83,700.08,700.09,700.69,698.58,697.38,699.4,696.29,699.95,699.37,699.7,699.7,698.46,699.91,700.21,699.44,699.86,699.79,699.91,699.79,699.75,699.92,699.66,700.06,699.9,699.66,699.9,699.41,699.54,699.84,699.45,699.7,699.85,700.02,699.86,699.98,699.97,699.96,700.04,699.99,699.95,699.97,699.93,699.94,699.93,700.0,700.06,699.96,699.46,700.15,700.22,699.86,699.58,699.22,699.06,699.43,701.45,701.35,701.04,699.59,669.92,538.18,403.17,271.92,141.42,33.05,16.62,17.42,17.88,18.25,18.48,18.62,18.78,18.98,19.22,19.56,19.51,19.67,19.74,19.74,19.92,19.86,20.0,20.06,20.16,20.23,20.27,20.36,20.32,20.42,20.4,20.6,20.6,20.62,20.65,20.88,20.9,20.92,20.94,21.05,21.01,21.1,-0.49,-0.4,-0.41,-0.5,2.22,14.79,25.18,37.27,49.97,61.83,65.68,73.49,84.79,96.81,100.99,97.05,102.68,113.1,120.66,127.69,149.86,161.22,170.27,180.1,192.22,207.68,224.56,243.51,276.22,340.85,387.67,420.58,443.41,461.46,476.61,488.57,497.99,505.46,512.0,518.53,524.52,530.22,535.75,541.14,546.33,551.51,556.51,561.63,566.41,571.07,575.5,579.58,583.17,586.36,589.23,591.72,593.61,595.35,596.51,597.36,597.64,597.19,595.81,593.82,591.41,588.53,585.31,581.99,578.68,575.25,571.84,568.33,564.75,560.98,557.23,553.23,549.16,544.95,540.55,536.12,531.63,527.12,522.73,518.43,514.28,510.49,506.96,506.14,507.71,509.89,512.5,515.25,515.95,514.9,513.45,511.82,510.17,508.49,506.81,505.14,503.48,501.94,500.29,498.78,497.26,495.73,494.33,492.94,491.6,490.16,488.73,487.35,485.96,484.56,483.13,481.83,480.48,479.09,477.87,476.57,475.37,474.1,472.99,471.8,470.76,469.66,468.63,467.49
20253,15,115.31,-3.89,13.32,39.41,615.72,995.0,890.06,852.33,865.27,889.18,904.37,851.82,843.42,860.15,880.63,845.7,774.23,764.8,777.97,763.94,734.79,750.79,737.98,719.67,701.93,698.86,698.96,700.08,700.53,699.75,697.58,700.97,696.94,698.1,698.16,698.85,699.83,699.24,699.0,699.96,699.78,698.96,699.47,700.01,699.95,700.01,699.91,699.35,699.94,700.01,699.74,699.8,700.06,699.28,699.56,699.66,699.45,699.24,699.85,699.92,700.02,699.93,700.02,699.96,699.86,700.09,700.06,699.97,699.77,700.01,699.85,699.9,700.03,700.07,700.05,699.99,699.64,699.44,700.34,700.18,699.67,699.55,699.2,698.94,700.01,701.15,700.58,669.95,536.96,402.85,272.17,142.02,33.27,17.24,17.81,18.35,18.64,18.81,19.04,19.19,19.29,19.38,19.46,19.59,19.61,19.84,19.76,19.99,20.06,20.21,20.37,20.41,20.46,20.43,20.6,20.63,20.69,20.72,20.91,20.95,20.94,21.05,21.11,21.15,21.14,21.14,21.22,21.31,21.35,-0.41,-0.38,-0.37,-0.56,2.16,14.36,24.8,36.89,49.39,61.34,65.22,73.01,84.23,96.32,100.35,96.58,102.22,112.56,120.09,126.99,149.05,160.54,169.59,179.39,191.42,206.79,223.7,242.61,273.0,337.38,385.82,418.96,442.77,460.83,476.28,488.28,497.87,505.32,512.07,518.45,524.49,530.18,535.87,541.24,546.46,551.61,556.74,561.74,566.66,571.31,575.55,579.68,583.35,586.47,589.33,591.71,593.85,595.54,596.78,597.73,597.99,597.52,596.27,594.35,591.89,589.13,585.91,582.59,579.26,576.07,572.57,569.17,565.49,561.81,557.97,553.96,549.92,545.58,541.21,536.63,532.17,527.66,523.24,518.79,514.69,510.77,507.27,506.49,507.97,510.25,512.84,515.65,516.31,515.24,513.75,512.15,510.47,508.78,507.15,505.41,503.79,502.21,500.64,499.04,497.44,495.89,494.47,493.06,491.68,490.33,488.84,487.44,485.98,484.71,483.25,481.85,480.52,479.2,477.92,476.66,475.36,474.21,472.97,471.92,470.74,469.63,468.59,467.53
20254,15,115.283,-4.23,12.84,41.08,624.24,995.95,888.77,851.03,864.26,888.96,904.38,851.45,843.14,860.14,880.81,844.54,774.01,764.86,778.0,764.16,736.0,751.63,737.99,719.5,701.71,698.23,699.31,700.03,700.43,700.47,698.03,699.85,697.39,699.62,696.15,700.1,699.3,699.67,699.73,698.47,700.01,699.93,699.2,699.84,699.93,699.83,699.89,699.93,699.88,699.8,699.96,699.93,699.69,700.02,699.02,699.75,699.94,699.26,699.82,700.03,699.97,699.89,699.8,700.08,699.87,699.96,699.82,699.89,700.02,700.0,699.83,699.8,700.12,699.68,699.22,700.25,700.32,699.97,699.58,699.38,699.11,699.01,701.44,701.53,701.0,697.06,701.82,669.87,536.32,402.27,271.14,140.95,31.98,15.17,15.86,16.33,16.67,16.71,16.94,17.14,17.24,17.4,17.54,17.58,17.64,17.86,17.99,17.89,17.96,18.12,18.21,18.22,18.24,18.48,18.66,18.49,18.47,18.62,18.73,18.88,18.88,18.82,18.91,19.01,19.12,19.11,19.19,19.23,19.36,-0.45,-0.34,-0.39,-0.43,2.22,14.66,25.17,37.18,49.86,61.62,65.63,73.4,84.67,96.64,100.67,96.73,102.33,112.87,120.23,127.28,149.86,161.07,170.28,179.67,190.98,207.28,224.87,244.24,279.49,344.29,390.19,422.52,445.09,462.87,477.63,489.5,498.77,506.2,512.82,519.21,525.04,530.78,536.29,541.78,546.94,552.13,557.25,562.28,567.17,571.75,576.01,580.05,583.74,586.89,589.58,592.05,594.06,595.64,596.78,597.57,597.87,597.23,595.98,593.93,591.43,588.61,585.4,582.1,578.72,575.4,572.03,568.61,565.1,561.33,557.55,553.47,549.29,544.93,540.52,535.93,531.42,526.81,522.27,517.91,513.79,509.96,506.47,505.8,507.44,509.68,512.39,515.28,515.88,514.92,513.52,511.93,510.22,508.6,506.9,505.22,503.62,502.01,500.46,498.89,497.26,495.85,494.35,492.91,491.53,490.15,488.85,487.33,485.94,484.52,483.05,481.75,480.42,479.09,477.86,476.6,475.31,474.14,473.0,471.88,470.7,469.62,468.54,467.55
20255,15,115.302,-4.41,12.62,42.97,631.9,996.31,889.07,850.27,863.59,887.71,902.81,850.28,842.18,859.23,879.81,843.6,773.13,764.12,777.38,762.93,735.26,751.07,737.78,719.32,701.85,698.81,698.86,699.97,700.29,700.45,700.34,697.76,698.07,699.13,696.13,700.12,699.37,699.91,700.08,698.43,699.85,699.88,699.92,699.73,700.03,699.84,699.89,699.94,699.66,699.82,699.94,699.69,699.78,699.84,699.67,699.67,699.73,699.81,699.9,699.89,699.98,699.92,700.1,699.89,699.99,700.02,699.95,700.06,699.7,700.11,699.85,700.18,699.72,699.36,700.21,699.97,699.58,699.21,699.85,700.74,700.36,700.03,699.75,699.57,699.29,699.15,698.93,670.75,536.05,401.83,270.49,140.35,30.57,13.29,14.03,14.42,14.78,14.92,15.18,15.28,15.44,15.57,15.73,15.69,15.87,15.91,16.18,16.09,16.32,16.3,16.51,16.53,16.54,16.63,16.73,16.8,16.88,16.94,16.98,17.11,17.02,17.2,17.21,17.26,17.33,17.4,17.45,17.52,17.52,-0.53,-0.43,-0.5,-0.49,2.42,15.04,25.49,37.64,50.26,61.91,65.7,73.69,84.64,96.65,100.6,96.75,102.56,112.97,120.38,127.24,149.98,161.49,170.84,180.87,193.05,208.89,226.08,245.76,286.24,350.7,394.85,425.8,447.37,464.92,479.32,490.93,499.85,507.23,513.8,520.03,525.97,531.75,537.09,542.48,547.77,552.79,557.86,562.76,567.62,572.35,576.59,580.52,584.1,587.18,589.87,592.36,594.25,595.69,596.76,597.53,597.64,596.94,595.45,593.52,590.86,587.99,584.69,581.41,578.04,574.83,571.61,568.12,564.58,560.83,557.08,553.13,548.98,544.72,540.26,535.77,531.19,526.76,522.32,518.01,514.01,510.17,506.68,506.01,507.58,509.85,512.48,515.29,516.05,515.0,513.59,511.92,510.33,508.69,507.02,505.45,503.73,502.07,500.64,499.03,497.48,495.99,494.54,493.21,491.76,490.37,489.0,487.56,486.13,484.67,483.28,481.95,480.62,479.26,477.99,476.71,475.54,474.33,473.05,471.93,470.79,469.78,468.71,467.66
20256,15,115.311,-3.82,12.98,42.98,629.33,996.46,888.88,850.23,863.23,887.06,902.48,849.73,841.08,857.95,878.37,842.97,772.07,762.55,775.91,761.51,733.23,749.6,737.0,718.98,701.62,699.01,699.2,699.97,699.93,700.14,700.63,699.09,696.72,699.37,696.43,699.94,699.76,699.69,699.89,698.91,700.02,699.96,699.23,699.82,699.72,699.7,699.93,699.83,699.89,699.56,699.78,699.73,699.67,699.8,699.47,699.72,699.67,699.52,699.93,700.01,699.97,700.06,699.85,699.97,699.98,699.93,700.01,700.02,699.95,700.04,699.94,700.14,699.77,699.82,700.13,699.7,700.05,699.89,699.9,700.22,699.87,699.45,699.35,698.94,699.19,701.36,701.2,669.48,536.37,402.23,271.26,141.06,31.78,15.03,15.71,16.24,16.48,16.65,16.93,16.97,17.11,17.26,17.32,17.42,17.5,17.58,17.7,17.77,17.89,17.95,18.06,18.08,18.27,18.17,18.36,18.4,18.48,18.51,18.57,18.56,18.64,18.78,18.82,18.78,18.88,18.99,18.92,18.98,19.09,-0.52,-0.47,-0.5,-0.61,2.36,14.86,25.28,37.37,49.86,61.69,65.5,73.31,84.47,96.51,100.42,96.68,102.25,112.8,120.12,127.22,149.72,161.52,171.02,181.32,193.54,209.32,226.53,246.18,286.63,351.25,395.7,426.74,448.49,465.74,480.33,491.72,500.58,507.97,514.34,520.71,526.7,532.38,537.82,543.21,548.35,553.5,558.55,563.57,568.33,572.89,577.25,581.15,584.83,588.01,590.7,593.18,595.16,596.71,597.85,598.54,598.72,598.1,596.82,594.75,592.25,589.46,586.33,583.04,579.73,576.58,573.44,570.15,566.7,563.25,559.53,555.51,551.57,547.3,542.89,538.52,533.94,529.27,524.93,520.73,516.67,512.83,509.44,508.84,510.49,512.79,515.52,518.42,519.18,518.31,516.81,515.26,513.58,511.96,510.39,508.66,507.16,505.46,503.9,502.29,500.82,499.3,497.98,496.47,495.1,493.65,492.32,490.93,489.42,488.06,486.67,485.25,483.92,482.61,481.35,480.13,478.86,477.67,476.45,475.37,474.32,473.07,472.1,471.02
20257,15,115.321,-2.62,13.29,42.97,628.69,994.22,886.37,848.54,862.1,886.75,901.83,849.13,841.03,858.1,878.77,842.51,771.99,763.06,776.19,761.67,734.5,749.86,737.09,719.49,701.75,699.19,699.36,699.88,699.98,700.12,700.83,698.32,697.44,699.33,695.91,700.05,699.47,699.99,699.89,698.52,699.97,699.8,699.48,699.91,699.89,699.83,699.87,699.04,699.92,699.7,699.62,699.45,699.75,699.89,699.49,699.28,699.85,699.96,699.85,699.96,699.97,699.98,700.04,700.02,700.05,699.96,699.87,699.97,700.03,699.56,699.79,699.95,699.93,699.97,699.96,700.2,699.98,699.5,699.2,700.51,700.64,700.1,699.96,699.72,699.5,699.25,699.0,669.9,536.29,401.69,270.46,140.4,30.68,13.52,14.27,14.65,14.95,15.19,15.39,15.42,15.7,15.76,15.92,15.95,16.09,16.18,16.39,16.44,16.37,16.57,16.67,16.82,16.87,16.87,17.0,17.09,17.03,17.14,17.16,17.19,17.24,17.45,17.4,17.43,17.47,17.55,17.68,17.69,17.68,-0.55,-0.41,-0.43,-0.52,2.34,14.83,25.06,37.08,49.78,61.4,65.39,73.15,84.22,96.29,100.27,96.43,102.1,112.53,119.89,128.24,149.63,161.22,170.82,180.35,192.32,208.46,225.77,245.45,285.46,350.22,394.67,425.76,447.48,464.97,479.36,490.95,499.83,507.14,513.72,520.03,525.98,531.62,537.2,542.54,547.87,552.99,558.06,562.94,567.81,572.36,576.78,580.71,584.3,587.6,590.33,592.75,594.77,596.28,597.45,598.12,598.3,597.79,596.36,594.47,591.96,589.15,586.0,582.71,579.48,576.24,573.11,569.74,566.22,562.62,558.76,554.85,550.68,546.39,541.91,537.37,532.76,528.18,523.71,519.52,515.47,511.68,508.25,507.66,509.27,511.64,514.26,517.19,517.98,517.08,515.69,514.06,512.45,510.8,509.11,507.58,505.93,504.27,502.8,501.18,499.64,498.14,496.75,495.29,494.0,492.51,491.19,489.68,488.3,486.88,485.48,484.07,482.84,481.45,480.26,478.85,477.73,476.43,475.36,474.12,473.07,471.97,470.87,469.91
20258,15,115.315,-3.06,13.62,45.23,635.86,995.66,886.85,848.98,862.6,887.77,902.88,849.93,841.32,858.2,878.82,842.58,772.09,763.17,776.59,762.74,734.54,750.08,737.36,719.24,701.96,698.83,698.88,700.01,700.58,699.67,696.06,699.02,698.33,698.72,696.4,699.89,699.52,700.12,699.67,698.87,699.66,699.95,699.96,699.83,699.8,699.72,699.96,699.69,699.39,699.85,699.67,699.53,699.67,699.58,699.75,699.75,699.36,699.78,699.75,699.89,700.07,700.01,699.89,699.89,699.98,699.97,699.77,699.94,699.96,699.97,700.24,699.62,699.55,700.14,700.03,699.58,699.3,699.12,700.17,700.23,699.94,699.64,699.29,699.15,698.91,700.93,701.12,670.04,536.09,401.96,271.01,141.13,31.42,14.34,15.16,15.48,15.86,16.14,16.27,16.44,16.65,16.66,16.69,16.9,16.95,17.01,17.11,17.13,17.36,17.4,17.36,17.55,17.64,17.68,17.61,17.86,17.87,17.98,18.0,18.09,18.06,18.11,18.44,18.33,18.37,18.47,18.38,18.42,18.54,-0.47,-0.44,-0.35,-0.56,2.39,14.92,25.08,37.17,49.7,61.57,65.45,73.2,84.26,96.19,100.12,96.32,102.09,112.42,120.06,128.03,149.86,161.28,170.78,180.77,193.04,208.95,226.28,246.22,288.98,352.46,395.8,426.85,448.11,465.62,479.79,491.31,500.11,507.35,513.98,520.05,526.1,531.69,537.09,542.48,547.71,552.74,557.83,562.77,567.64,572.17,576.53,580.44,584.0,587.18,590.01,592.43,594.45,595.97,597.14,597.84,598.05,597.53,596.15,594.2,591.73,588.85,585.78,582.48,579.26,576.07,572.97,569.62,566.2,562.57,558.77,554.78,550.63,546.19,541.53,536.87,532.18,527.54,523.06,518.79,514.77,511.1,507.78,507.34,509.09,511.46,514.27,517.18,518.05,517.15,515.8,514.18,512.69,511.01,509.33,507.76,506.12,504.46,502.91,501.35,499.87,498.36,496.94,495.43,494.07,492.77,491.4,489.95,488.42,487.17,485.65,484.4,482.98,481.71,480.43,479.19,478.04,476.76,475.63,474.6,473.41,472.31,471.27,470.24
20259,15,115.351,-1.29,14.61,43.55,628.08,996.03,888.0,849.49,862.51,886.17,901.0,847.98,839.78,856.6,877.16,840.84,770.58,761.41,774.71,760.04,732.65,748.59,736.34,718.61,701.73,699.04,699.11,700.18,700.39,700.98,698.18,698.9,697.88,699.53,696.51,700.18,699.56,699.36,699.57,698.59,699.89,700.08,699.31,699.95,699.95,699.39,700.08,699.43,700.0,699.62,699.95,700.07,699.56,699.99,699.53,699.77,699.81,699.88,699.68,700.0,699.99,699.96,699.98,699.92,700.01,700.06,699.93,700.04,700.02,700.05,699.87,699.83,699.99,699.79,700.01,699.89,700.16,699.79,699.46,700.18,700.47,700.04,699.76,699.43,699.3,699.07,699.56,670.04,536.26,401.66,270.58,140.3,31.01,13.84,14.63,15.18,15.44,15.56,15.83,16.03,16.06,16.29,16.35,16.35,16.57,16.75,16.77,16.93,16.95,16.99,17.05,17.1,17.27,17.33,17.31,17.4,17.44,17.49,17.54,17.54,17.79,17.85,17.77,17.84,17.9,17.94,18.03,17.96,18.19,-0.56,-0.47,-0.5,-0.6,2.18,14.67,24.97,37.06,49.52,61.32,65.08,72.91,84.14,96.06,100.09,96.27,101.98,112.4,119.79,127.37,149.43,161.06,170.54,180.87,193.27,208.91,226.16,246.14,287.49,351.82,395.97,426.89,448.76,465.89,480.6,491.82,500.53,507.67,514.1,520.43,526.38,532.03,537.44,542.84,547.95,553.1,558.12,563.09,567.84,572.44,576.91,580.81,584.43,587.64,590.47,592.89,594.92,596.43,597.72,598.39,598.56,597.94,596.62,594.64,592.21,589.28,586.24,582.86,579.62,576.42,573.3,570.08,566.63,562.95,559.17,555.14,551.03,546.72,542.17,537.55,532.95,528.29,523.97,519.63,515.49,511.84,508.56,507.95,509.71,512.18,514.96,517.94,518.77,517.74,516.41,514.86,513.24,511.72,510.07,508.41,506.77,505.18,503.53,501.98,500.49,498.9,497.57,496.07,494.76,493.37,491.86,490.45,489.12,487.68,486.36,484.96,483.7,482.35,481.06,479.78,478.59,477.4,476.26,475.1,474.05,472.96,471.84,470.82
20260,15,115.34,-3.73,13.59,43.15,627.5,992.89,884.49,846.3,859.89,884.35,899.94,847.15,838.86,855.61,876.14,840.11,769.71,760.52,773.84,759.79,732.11,748.08,736.21,718.73,701.8,698.21,698.79,699.78,700.02,700.1,695.9,700.63,696.71,699.68,696.77,699.85,699.8,699.52,699.75,698.67,700.04,699.67,699.3,699.88,699.7,699.87,699.91,699.95,699.97,699.8,700.0,699.65,699.57,699.82,699.39,699.71,699.86,699.57,700.01,700.02,699.95,700.01,699.82,699.98,700.0,700.02,699.96,700.01,700.04,699.74,700.1,699.67,699.94,699.99,700.02,699.93,700.03,699.92,700.1,699.97,699.61,699.45,700.68,700.55,700.18,699.93,699.68,670.3,537.19,402.44,271.14,140.97,31.95,15.23,15.92,16.37,16.71,16.91,17.04,17.18,17.41,17.43,17.57,17.62,17.7,17.85,17.98,18.16,18.21,18.18,18.27,18.34,18.5,18.53,18.56,18.57,18.62,18.73,18.76,18.81,18.86,19.0,19.01,19.12,19.09,19.13,19.19,19.21,19.3,-0.5,-0.48,-0.46,-0.51,2.1,14.44,24.78,36.82,49.31,61.14,65.08,72.81,83.97,95.9,99.8,96.02,101.66,112.11,119.63,127.72,149.16,160.91,170.47,180.67,192.81,208.66,226.34,245.99,288.12,352.13,396.25,427.1,449.06,466.27,480.62,492.06,500.82,508.18,514.57,520.93,526.77,532.31,537.78,543.09,548.13,553.29,558.39,563.43,568.28,572.96,577.24,581.22,584.81,587.95,590.86,593.25,595.2,596.72,597.84,598.52,598.74,598.03,596.69,594.72,592.16,589.33,586.11,582.87,579.57,576.39,573.29,569.96,566.56,562.84,559.05,555.1,550.92,546.6,542.15,537.56,533.0,528.41,523.9,519.62,515.62,511.85,508.51,507.91,509.57,511.98,514.7,517.74,518.42,517.52,516.03,514.45,512.93,511.26,509.62,507.97,506.32,504.76,503.12,501.59,500.07,498.58,497.06,495.71,494.27,492.91,491.51,490.11,488.67,487.3,485.89,484.62,483.21,481.9,480.62,479.38,478.09,476.97,475.76,474.61,473.53,472.52,471.29,470.31
20261,15,115.298,-3.6,14.14,43.58,626.61,994.09,885.58,847.42,861.65,885.29,901.07,848.92,840.74,858.28,879.19,843.15,772.61,763.42,776.59,762.64,734.31,750.14,737.44,719.07,701.94,699.0,698.77,699.96,700.36,700.72,697.76,699.54,697.46,699.54,696.34,700.07,699.64,699.6,699.67,698.53,699.86,700.05,699.79,699.54,699.43,700.02,699.86,699.43,699.92,699.83,699.7,699.87,699.76,699.55,699.93,699.53,699.88,699.3,699.83,699.97,700.0,699.93,699.95,699.93,699.98,699.94,700.06,699.96,699.91,700.03,699.81,700.02,700.01,699.9,699.93,700.03,699.78,700.16,699.9,699.5,700.27,700.56,700.13,699.87,699.45,699.47,699.17,670.15,537.21,402.57,271.28,141.02,32.1,15.36,16.23,16.76,16.87,17.19,17.35,17.55,17.74,17.88,18.09,18.12,18.26,18.35,18.38,18.51,18.55,18.65,18.73,18.8,18.76,18.86,18.86,18.98,19.04,19.13,19.27,19.24,19.28,19.31,19.43,19.45,19.58,19.63,19.58,19.76,19.8,-0.51,-0.5,-0.53,-0.58,2.21,14.62,25.08,37.04,49.58,61.37,65.34,73.02,84.25,96.24,100.24,96.58,102.29,112.71,120.21,127.27,149.49,161.13,170.3,180.66,192.92,208.45,225.82,245.23,283.11,347.65,392.85,424.68,446.99,464.41,479.22,490.79,499.88,507.35,513.68,520.08,526.11,531.81,537.16,542.48,547.64,552.76,557.74,562.77,567.56,572.17,576.6,580.41,584.11,587.18,589.94,592.34,594.3,595.87,596.94,597.66,597.81,597.23,595.89,593.84,591.5,588.5,585.36,582.02,578.75,575.47,572.15,568.68,565.03,561.43,557.5,553.54,549.35,545.07,540.56,536.04,531.45,526.92,522.61,518.1,514.04,510.43,506.88,506.14,507.68,510.06,512.67,515.53,516.29,515.3,513.87,512.26,510.68,508.91,507.35,505.7,504.08,502.41,500.82,499.25,497.75,496.31,494.9,493.48,492.01,490.62,489.32,487.81,486.4,485.05,483.62,482.24,480.97,479.66,478.35,477.1,475.9,474.64,473.54,472.39,471.27,470.2,469.06,468.05
20263,15,115.364,-7.68,9.43,63.58,620.61,981.68,878.88,842.27,856.3,881.61,895.52,843.08,837.08,854.47,875.2,835.44,767.76,760.32,774.07,756.66,734.45,748.46,735.59,718.34,701.6,699.15,698.77,699.75,700.08,699.21,697.05,700.73,697.2,698.53,698.3,699.54,699.94,699.19,699.01,699.68,699.54,699.55,699.3,699.93,699.27,700.07,699.36,699.74,699.85,700.01,699.99,699.56,699.79,699.47,699.84,699.72,699.9,699.62,699.95,700.01,699.92,699.99,699.98,699.98,699.97,699.89,699.96,699.98,700.16,699.94,699.87,700.03,699.93,700.04,699.94,700.03,699.84,700.14,700.08,699.68,699.42,699.21,699.54,700.89,700.78,700.5,700.13,665.3,530.64,396.81,265.76,135.56,29.33,14.55,15.1,15.52,15.88,16.18,16.28,16.43,16.63,16.66,16.83,16.91,16.94,17.18,17.28,17.29,17.38,17.56,17.47,17.63,17.75,17.8,17.86,17.94,17.96,18.06,18.14,18.13,18.2,18.27,18.29,18.35,18.48,18.52,18.49,18.64,18.65,-0.33,-0.25,-0.29,-0.34,2.23,14.03,24.76,37.0,49.76,61.6,65.63,73.82,85.22,97.42,100.74,97.44,103.45,114.29,121.33,130.56,151.51,162.93,172.92,183.3,195.81,211.38,228.32,247.09,280.41,345.0,391.71,424.12,447.26,465.07,480.02,491.89,501.5,509.01,515.59,522.0,528.04,533.76,539.35,544.69,550.0,555.29,560.45,565.41,570.32,574.96,579.06,582.94,586.28,589.17,591.71,593.89,595.56,596.99,597.89,598.39,597.97,596.94,595.13,592.7,589.73,586.68,583.14,579.57,575.88,571.93,568.02,563.98,559.94,555.88,551.66,547.37,542.95,538.33,533.71,529.06,524.35,519.87,515.37,511.12,506.97,503.19,499.61,498.99,500.12,501.97,504.24,506.51,506.72,505.52,503.92,502.2,500.51,498.81,497.01,495.31,493.7,492.07,490.45,488.84,487.28,485.82,484.32,482.86,481.45,479.97,478.62,477.07,475.59,474.19,472.85,471.45,470.16,468.73,467.5,466.27,465.0,463.95,462.71,461.59,460.5,459.41,458.38,457.36
20265,15,115.264,-3.81,14.4,43.22,633.44,1000.12,893.72,854.89,867.79,892.62,907.86,854.67,845.67,862.67,883.33,848.03,777.37,767.9,781.13,767.67,738.55,753.12,739.62,720.39,702.17,698.94,699.22,699.53,700.17,700.3,700.18,699.38,698.91,697.82,697.19,699.73,699.77,700.1,699.09,699.08,699.72,699.32,700.14,699.06,699.79,699.61,700.01,699.67,699.84,699.86,699.84,699.83,699.74,699.65,699.63,699.79,699.47,699.86,699.98,699.9,700.07,699.94,700.03,699.97,699.91,700.04,699.88,699.97,700.08,699.97,699.94,699.59,700.03,699.92,700.05,699.66,700.2,700.23,699.98,699.45,699.29,699.06,699.2,700.73,700.55,700.21,699.97,671.14,537.56,402.92,271.84,141.88,32.46,15.88,16.44,16.85,17.34,17.41,17.61,17.73,17.87,17.9,18.08,18.14,18.33,18.33,18.49,18.57,18.69,18.82,18.8,19.02,19.23,19.14,19.22,19.27,19.37,19.42,19.46,19.52,19.5,19.56,19.61,19.76,19.84,19.86,19.97,19.95,19.94,-0.44,-0.44,-0.4,-0.54,2.28,14.87,25.34,37.54,50.19,62.17,66.03,73.86,85.11,97.15,101.24,97.4,103.24,113.72,121.33,129.31,150.44,161.79,170.9,180.71,192.79,208.14,224.94,244.05,278.43,342.89,389.09,421.65,443.83,462.15,476.67,488.82,498.31,505.52,512.33,518.46,524.38,530.01,535.5,540.97,546.16,551.27,556.36,561.54,566.22,570.79,575.21,579.1,582.62,585.87,588.73,591.08,593.11,594.73,595.97,596.77,596.98,596.41,595.11,593.07,590.65,587.76,584.53,581.18,577.9,574.37,570.73,567.13,563.4,559.46,555.54,551.49,547.28,542.84,538.4,533.71,529.08,524.52,519.96,515.56,511.43,507.52,503.9,503.14,504.6,506.86,509.4,512.21,512.95,511.89,510.45,508.9,507.17,505.51,503.8,502.17,500.58,498.88,497.27,495.81,494.18,492.79,491.32,489.86,488.5,487.14,485.68,484.18,482.81,481.4,479.95,478.61,477.21,475.97,474.67,473.37,472.2,470.95,469.82,468.65,467.53,466.39,465.46,464.32
20266,15,115.211,-3.01,13.69,47.11,647.25,1001.44,893.92,854.6,868.09,893.57,909.26,856.21,847.31,864.27,885.21,849.39,778.14,768.87,782.29,768.93,739.96,754.39,740.12,720.32,702.54,699.17,699.47,699.54,699.99,700.73,699.13,699.58,700.08,695.34,699.65,698.49,699.64,698.88,699.82,699.04,699.06,699.49,700.02,699.78,699.48,699.78,700.0,699.99,699.51,699.79,699.84,699.66,699.86,699.57,699.67,699.77,699.35,699.54,699.84,699.96,700.07,700.02,699.98,699.98,699.98,699.97,699.94,700.02,700.06,699.92,700.06,699.79,700.03,699.82,700.15,699.67,700.03,700.02,699.65,700.33,700.15,699.88,699.56,699.38,699.03,699.24,701.12,670.89,537.09,402.81,271.97,142.08,33.1,17.3,17.67,18.09,18.33,18.54,18.81,18.96,19.12,19.23,19.31,19.48,19.59,19.6,19.71,19.61,19.9,19.95,20.06,20.0,20.16,20.2,20.31,20.36,20.36,20.47,20.47,20.45,20.57,20.69,20.66,20.77,20.92,20.79,20.85,20.95,21.05,-0.41,-0.36,-0.41,-0.5,2.85,15.63,25.96,38.08,50.68,62.69,66.49,74.41,85.7,97.64,101.79,97.7,103.5,114.01,121.85,130.13,151.39,162.45,171.31,181.32,193.6,209.49,226.48,246.08,285.96,349.36,393.79,424.94,446.31,464.37,478.39,490.22,499.32,506.53,513.17,519.3,525.1,530.92,536.4,541.74,546.89,552.02,557.15,562.02,566.97,571.51,575.72,579.78,583.33,586.52,589.21,591.66,593.7,595.2,596.47,597.25,597.4,596.75,595.52,593.4,590.89,587.9,584.66,581.17,577.77,574.36,570.65,566.87,563.12,559.23,555.19,551.16,546.93,542.62,538.18,533.62,528.95,524.43,519.94,515.69,511.56,507.65,504.02,503.2,504.6,506.68,509.3,512.01,512.6,511.59,510.06,508.4,506.71,505.08,503.36,501.66,500.04,498.36,496.81,495.27,493.73,492.24,490.71,489.37,487.95,486.57,485.17,483.71,482.22,480.85,479.49,478.12,476.75,475.45,474.17,472.85,471.68,470.43,469.25,468.13,466.95,465.9,464.81,463.78
20267,15,115.255,-3.83,13.7,42.72,632.75,999.83,894.44,855.83,869.48,894.6,909.27,856.8,847.84,864.62,885.5,849.67,778.6,769.1,782.28,768.72,739.12,753.94,739.98,720.52,702.42,699.13,699.75,699.16,699.99,700.21,700.17,699.02,698.78,698.05,697.0,699.88,699.58,699.98,699.58,698.82,699.96,699.7,699.96,699.02,699.99,699.77,699.89,699.87,699.76,699.82,699.96,699.4,699.78,699.93,699.25,699.76,699.85,699.56,699.94,699.88,699.99,699.98,699.93,700.03,699.97,699.97,699.98,699.83,700.02,699.97,700.08,699.87,700.1,699.77,699.58,700.14,699.92,699.46,699.17,700.33,700.46,700.12,699.84,699.61,699.4,699.2,698.93,671.59,537.26,403.23,271.77,141.87,32.47,15.87,16.52,16.99,17.19,17.47,17.68,17.81,17.94,18.04,18.14,18.19,18.36,18.47,18.56,18.63,18.75,18.84,19.02,18.95,19.08,19.14,19.16,19.29,19.29,19.41,19.48,19.47,19.67,19.6,19.84,19.7,19.88,19.73,19.96,20.0,20.02,-0.47,-0.39,-0.41,-0.51,2.67,15.46,25.97,38.08,50.68,62.58,66.59,74.35,85.7,97.71,101.84,97.83,103.57,114.09,121.73,128.75,150.8,162.12,171.2,180.99,192.94,208.47,225.24,244.11,277.54,342.02,388.64,421.24,443.58,462.09,476.82,488.94,498.48,505.92,512.63,519.03,524.93,530.73,536.05,541.44,546.6,551.81,556.99,561.88,566.97,571.46,575.81,579.7,583.34,586.49,589.21,591.8,593.82,595.34,596.65,597.5,597.66,597.08,595.88,593.9,591.38,588.52,585.31,581.85,578.5,575.0,571.29,567.56,563.81,559.95,555.92,551.85,547.67,543.28,538.77,534.12,529.49,524.87,520.35,515.98,511.81,507.93,504.38,503.47,504.89,506.97,509.57,512.31,512.95,511.94,510.34,508.74,507.11,505.39,503.72,502.02,500.38,498.76,497.18,495.57,493.99,492.52,491.06,489.72,488.26,486.96,485.45,484.01,482.51,481.18,479.8,478.43,476.99,475.67,474.4,473.15,471.94,470.63,469.54,468.39,467.22,466.16,465.07,464.04
20269,15,115.324,-1.76,12.96,52.23,629.9,994.18,888.83,850.75,864.22,889.14,903.91,850.95,842.73,859.97,880.44,844.01,773.98,765.25,778.76,764.22,737.13,751.17,738.46,719.82,702.06,700.1,699.85,699.07,699.39,699.93,700.46,699.1,698.03,699.19,696.38,700.03,699.55,699.88,699.93,698.63,700.04,699.68,699.53,699.65,700.03,700.04,699.84,699.77,699.68,699.69,700.0,699.8,699.96,699.45,699.71,699.88,699.88,699.82,699.88,699.96,700.01,700.01,699.86,699.95,699.96,700.0,699.94,700.0,699.96,699.97,699.94,699.89,700.07,699.78,700.11,699.92,699.79,699.99,699.66,699.91,700.36,700.11,699.76,699.54,699.24,699.12,699.11,670.37,535.22,401.03,269.79,139.71,32.52,17.32,18.07,18.6,18.84,19.13,19.18,19.33,19.48,19.63,19.77,19.73,20.02,19.96,20.14,20.28,20.28,20.33,20.45,20.46,20.64,20.6,20.71,20.71,20.82,20.91,20.9,21.0,21.05,21.1,21.18,21.3,21.26,21.32,21.39,21.46,21.61,-0.37,-0.29,-0.33,-0.43,2.21,14.26,24.95,37.05,49.85,61.82,65.9,73.93,85.02,97.22,100.99,97.32,103.2,113.69,121.33,130.42,150.85,162.2,171.2,181.03,193.58,208.84,225.62,244.77,278.67,343.61,389.94,422.6,445.09,463.14,477.96,489.97,499.54,506.95,513.59,519.89,526.07,531.68,537.07,542.48,547.75,552.92,558.0,563.17,567.96,572.61,576.97,580.94,584.41,587.47,590.31,592.69,594.56,596.11,597.12,597.77,597.78,597.01,595.38,593.26,590.6,587.6,584.33,580.87,577.46,573.93,570.38,566.44,562.66,558.68,554.62,550.56,546.29,541.79,537.24,532.55,527.86,523.31,518.76,514.48,510.39,506.64,503.06,502.3,503.73,505.82,508.22,510.93,511.39,510.26,508.9,507.07,505.5,503.83,502.04,500.48,498.71,497.09,495.55,493.94,492.33,490.95,489.46,488.01,486.67,485.31,483.75,482.3,481.0,479.58,478.15,476.8,475.42,474.19,472.92,471.61,470.42,469.17,467.98,466.88,465.87,464.59,463.69,462.58
20271,15,115.295,-4.01,14.71,41.9,628.1,997.64,891.23,852.97,865.71,889.61,905.14,852.05,843.62,861.71,881.31,845.67,774.66,765.0,778.5,765.0,735.96,751.79,738.34,719.83,702.22,699.0,699.13,699.97,700.48,700.42,697.84,699.09,698.37,699.54,695.97,700.14,699.58,699.72,699.88,698.23,699.93,700.03,699.3,699.68,699.99,699.53,699.88,699.78,699.83,700.04,699.87,699.78,699.6,699.49,699.93,699.59,699.88,699.93,699.95,699.97,699.93,699.94,699.98,700.0,699.91,699.96,699.94,699.95,700.04,699.91,699.91,700.02,699.94,699.43,699.95,700.16,699.69,699.48,699.21,698.92,700.02,700.97,700.53,700.33,700.12,699.86,699.71,670.85,537.82,403.08,271.87,141.74,32.61,16.02,16.63,17.08,17.45,17.76,17.68,17.89,18.06,18.18,18.24,18.35,18.56,18.61,18.63,18.81,18.91,19.08,19.2,19.08,19.21,19.33,19.3,19.35,19.54,19.62,19.58,19.62,19.7,19.74,19.83,19.78,19.98,20.09,20.02,20.09,20.23,-0.47,-0.39,-0.36,-0.51,2.53,15.43,25.77,37.86,50.55,62.32,66.34,73.97,85.2,97.31,101.42,97.46,103.04,113.41,121.16,127.82,150.23,161.75,171.05,180.83,193.0,208.66,225.58,244.86,280.22,344.8,390.63,423.04,445.7,463.46,478.29,490.22,499.57,506.98,513.45,519.68,525.72,531.4,536.83,542.22,547.41,552.64,557.73,562.71,567.52,572.14,576.44,580.48,584.02,587.21,590.06,592.49,594.55,596.09,597.29,598.15,598.28,597.71,596.41,594.38,591.95,589.0,585.87,582.5,579.2,575.89,572.42,568.85,565.24,561.32,557.45,553.38,549.15,544.81,540.3,535.71,531.02,526.32,521.93,517.52,513.51,509.55,506.09,505.3,506.81,509.01,511.65,514.48,515.28,514.23,512.78,511.19,509.56,507.83,506.19,504.53,502.91,501.27,499.68,498.14,496.59,495.07,493.71,492.26,490.83,489.5,488.06,486.6,485.24,483.82,482.45,481.08,479.79,478.34,477.1,475.9,474.58,473.44,472.18,471.13,470.0,468.94,467.87,466.8
20272,15,115.333,-2.01,13.39,43.95,637.63,998.17,889.79,850.61,864.06,888.73,904.71,852.1,843.34,860.38,880.77,845.74,774.7,764.93,778.13,764.54,735.75,751.08,737.64,719.77,702.04,699.0,698.87,699.73,700.2,700.17,700.41,698.65,698.72,697.67,697.28,699.76,699.57,700.14,699.32,699.02,699.6,699.36,700.12,699.36,699.83,699.92,699.95,699.62,699.99,699.87,699.53,699.93,699.51,699.62,699.92,699.34,699.72,699.67,699.8,700.0,699.95,699.95,699.99,699.98,699.99,699.97,699.93,699.96,700.02,699.97,700.14,699.92,699.46,700.08,699.84,699.64,699.98,699.87,699.91,700.1,699.82,699.64,699.21,699.39,700.83,700.75,700.41,670.6,536.85,402.9,271.68,141.78,32.71,15.99,16.74,17.08,17.41,17.7,17.8,18.01,18.15,18.37,18.33,18.5,18.5,18.7,18.72,18.9,18.93,19.09,18.99,19.16,19.17,19.25,19.33,19.38,19.45,19.49,19.61,19.65,19.71,19.83,19.76,19.91,19.88,19.94,19.95,20.08,20.03,-0.52,-0.41,-0.41,-0.56,1.95,14.15,24.69,36.84,49.41,61.31,65.35,73.18,84.38,96.47,100.41,96.58,102.29,112.81,120.57,128.25,149.97,161.16,170.68,180.82,193.12,209.02,226.34,246.09,287.0,351.37,395.55,426.65,448.08,465.97,480.12,491.71,500.79,508.01,514.68,520.68,526.64,532.39,537.92,543.12,548.49,553.64,558.72,563.65,568.46,573.08,577.38,581.34,584.87,588.13,590.86,593.18,595.01,596.53,597.45,598.15,598.17,597.48,596.04,593.84,591.25,588.18,584.78,581.32,577.85,574.52,571.0,567.27,563.48,559.51,555.6,551.51,547.24,542.75,538.22,533.43,528.63,523.9,519.36,514.85,510.65,506.73,503.05,502.34,503.93,506.31,508.99,511.91,512.57,511.48,509.93,508.23,506.63,504.75,503.0,501.34,499.54,497.89,496.29,494.64,493.11,491.55,489.94,488.57,486.99,485.66,484.13,482.65,481.19,479.7,478.27,476.84,475.45,474.1,472.72,471.47,470.19,468.93,467.7,466.46,465.37,464.17,463.02,462.01
20273,15,115.343,-4.39,12.8,42.4,629.88,996.67,889.74,851.05,864.2,888.15,903.2,850.65,841.93,859.12,879.75,843.68,773.21,764.15,777.6,763.62,735.62,750.7,737.87,719.6,701.94,698.81,699.0,699.86,700.6,699.36,695.99,700.02,697.38,699.63,696.15,699.92,699.68,699.92,699.98,698.51,700.06,699.55,699.64,699.69,699.89,699.69,699.87,699.53,699.93,699.87,699.85,700.01,699.87,699.26,699.57,699.98,699.82,699.98,699.95,699.94,699.96,699.96,699.98,700.05,700.06,699.94,699.96,699.95,700.0,699.83,700.15,699.94,700.01,699.52,699.93,700.15,699.67,699.35,699.07,700.25,700.97,700.74,700.42,700.16,699.97,699.81,699.54,670.35,537.29,402.28,271.21,140.93,31.82,14.92,15.69,16.25,16.49,16.76,16.99,17.08,17.17,17.29,17.4,17.54,17.6,17.76,17.81,17.92,17.99,18.07,18.17,18.3,18.23,18.31,18.46,18.55,18.54,18.64,18.7,18.74,18.76,18.88,18.9,18.91,19.04,19.21,19.1,19.14,19.31,-0.42,-0.43,-0.45,-0.46,2.0,14.56,24.83,36.85,49.34,61.12,65.14,72.92,83.97,96.04,100.01,96.21,102.01,112.44,119.89,128.19,149.65,161.2,170.71,180.82,192.92,208.82,225.94,245.73,283.85,348.57,393.64,425.57,447.63,465.49,480.07,491.83,500.91,508.35,514.87,521.13,527.1,532.88,538.31,543.81,548.97,554.13,559.28,564.32,569.18,574.04,578.42,582.49,585.98,589.15,591.86,594.33,596.23,597.89,599.03,599.66,599.79,599.15,597.69,595.58,592.96,589.8,586.51,582.98,579.53,576.19,572.46,568.8,565.08,561.13,557.13,552.98,548.72,544.31,539.66,534.89,530.11,525.36,520.76,516.23,512.12,508.08,504.43,503.69,505.26,507.68,510.4,513.3,513.93,512.91,511.33,509.63,507.91,506.15,504.4,502.65,500.99,499.16,497.69,495.99,494.34,492.85,491.3,489.94,488.36,486.92,485.46,483.9,482.44,480.93,479.5,478.11,476.68,475.32,474.02,472.67,471.4,470.14,468.95,467.74,466.56,465.43,464.32,463.23
20274,15,115.314,-3.87,14.68,44.22,633.2,995.68,887.47,848.74,863.07,887.39,903.18,850.54,842.13,859.0,879.42,843.45,772.92,764.0,777.19,763.23,734.85,750.65,737.59,719.52,701.84,699.04,699.08,699.95,700.6,699.16,696.37,699.95,697.64,699.35,696.41,699.85,699.65,700.04,699.39,698.24,699.79,699.99,699.83,699.67,700.08,699.78,699.89,699.95,699.74,699.8,699.91,699.79,699.75,699.9,699.84,699.49,699.7,699.84,699.9,699.92,699.85,699.98,699.98,699.96,700.01,700.01,699.94,700.0,699.97,699.99,700.05,699.75,700.06,699.81,699.51,700.12,699.82,699.54,700.05,700.31,699.98,699.57,699.44,699.14,698.94,700.6,701.13,670.04,536.1,402.35,271.08,141.06,31.55,14.43,15.03,15.64,16.03,16.14,16.41,16.46,16.76,16.98,17.03,17.25,17.17,17.38,17.41,17.56,17.61,17.71,17.65,17.79,17.87,17.83,17.97,18.07,18.14,18.14,18.39,18.28,18.31,18.35,18.56,18.61,18.63,18.62,18.7,18.56,18.73,-0.46,-0.37,-0.42,-0.45,2.17,14.94,25.24,37.13,49.59,61.35,65.29,73.03,84.24,96.26,100.16,96.32,102.06,112.59,119.97,126.87,149.43,161.05,170.49,180.63,192.77,208.5,225.89,245.47,283.82,348.3,393.06,425.18,447.06,464.94,479.43,491.3,500.29,507.46,514.15,520.53,526.64,532.44,537.83,543.26,548.53,553.66,558.71,563.74,568.6,573.29,577.67,581.64,585.29,588.34,591.21,593.57,595.43,597.01,598.12,598.8,598.87,598.11,596.61,594.37,591.76,588.7,585.32,581.85,578.32,574.85,571.3,567.53,563.72,559.83,555.82,551.69,547.48,543.03,538.47,533.79,529.05,524.38,519.7,515.47,511.24,507.26,503.67,502.97,504.53,506.83,509.56,512.45,513.29,512.19,510.66,509.01,507.34,505.56,503.97,502.28,500.47,498.9,497.25,495.63,494.09,492.56,491.13,489.6,488.2,486.8,485.31,483.79,482.34,480.86,479.49,478.04,476.56,475.22,473.98,472.71,471.33,470.15,468.92,467.79,466.66,465.45,464.4,463.37
20275,15,115.308,-4.2,12.85,44.17,637.22,997.24,888.47,849.62,862.88,887.45,903.03,850.37,841.5,858.2,878.42,842.64,771.74,762.51,775.76,762.01,734.4,750.32,737.17,719.29,702.01,699.2,699.37,699.73,699.99,700.34,700.81,697.86,697.59,698.8,696.74,699.9,699.74,700.12,699.72,698.3,699.75,699.88,699.88,699.63,700.01,699.89,700.01,700.01,699.69,699.98,700.02,699.69,699.5,699.81,699.41,699.51,699.99,699.62,699.83,700.01,699.93,699.97,699.98,699.92,699.87,699.94,699.98,699.87,700.14,699.75,700.18,699.79,699.43,699.27,700.54,700.36,699.89,699.64,699.45,699.18,698.96,700.67,701.7,701.27,697.61,700.44,702.37,669.18,536.72,402.2,271.08,140.97,31.52,14.52,15.12,15.61,15.94,16.19,16.42,16.42,16.64,16.75,16.94,16.9,16.88,17.03,17.28,17.31,17.3,17.54,17.56,17.67,17.78,17.62,17.86,17.89,18.06,18.0,18.12,18.17,18.25,18.22,18.36,18.23,18.47,18.38,18.57,18.53,18.69,-0.47,-0.41,-0.4,-0.43,2.17,14.86,25.15,37.06,49.56,61.39,65.37,73.09,84.16,96.2,100.24,96.32,102.02,112.5,120.07,128.45,150.13,161.3,171.07,181.43,193.8,209.6,227.11,247.08,290.02,354.36,398.06,428.88,450.07,467.64,481.87,493.18,501.95,509.24,515.71,521.85,527.8,533.54,539.0,544.25,549.48,554.81,559.8,564.78,569.73,574.39,578.73,582.81,586.35,589.58,592.39,594.83,596.86,598.43,599.55,600.32,600.51,599.99,598.61,596.63,594.04,591.08,587.75,584.44,581.02,577.77,574.44,571.05,567.54,563.78,559.84,555.85,551.6,547.24,542.73,538.11,533.42,528.66,524.03,519.67,515.53,511.74,508.25,507.69,509.44,512.05,514.89,517.96,518.71,517.84,516.31,514.7,513.06,511.34,509.63,507.93,506.36,504.62,503.08,501.45,499.76,498.37,496.77,495.35,493.9,492.5,491.07,489.55,488.19,486.67,485.26,483.85,482.5,481.11,479.83,478.55,477.31,476.03,474.81,473.67,472.57,471.46,470.32,469.25
20276,15,115.361,-2.7,13.47,42.52,628.05,994.45,886.95,848.56,861.84,888.05,901.23,848.49,840.43,857.27,877.76,841.51,771.01,761.96,775.24,761.0,734.16,749.27,736.98,718.87,701.95,699.34,698.74,699.89,700.47,700.52,695.84,700.44,697.01,699.6,696.68,699.9,699.7,699.56,699.73,698.71,699.94,700.18,699.77,699.93,699.63,700.01,700.04,699.98,699.56,699.85,699.91,699.93,699.77,699.76,699.51,700.04,700.03,700.1,699.96,700.04,699.96,700.07,699.94,700.04,700.03,700.16,699.87,700.03,699.95,699.77,700.21,699.69,699.25,700.31,700.27,699.78,699.41,699.13,698.93,700.03,701.66,701.53,698.47,699.24,702.73,697.37,701.5,669.66,535.6,401.41,270.47,140.4,31.03,13.87,14.56,15.01,15.36,15.47,15.85,15.81,16.03,16.17,16.18,16.5,16.54,16.64,16.68,16.83,16.76,16.95,16.92,17.13,16.97,17.22,17.28,17.21,17.38,17.41,17.52,17.5,17.52,17.75,17.77,17.86,17.9,17.84,18.04,17.92,18.08,-0.37,-0.37,-0.38,-0.38,2.06,14.75,24.89,36.83,49.41,60.97,64.99,72.72,83.88,95.91,99.75,96.0,101.91,112.27,119.75,128.3,149.39,160.84,170.58,180.93,193.36,208.93,226.2,246.13,287.11,351.47,396.14,427.4,449.31,466.68,481.24,492.87,501.7,509.03,515.42,521.64,527.58,533.42,538.77,544.14,549.34,554.52,559.61,564.5,569.46,574.23,578.58,582.58,586.23,589.54,592.39,595.12,597.17,598.83,600.1,600.94,601.37,600.78,599.5,597.62,595.24,592.36,589.41,585.99,582.88,579.63,576.42,573.01,569.49,565.55,561.48,557.26,552.84,548.05,543.14,538.13,533.15,528.14,523.46,518.96,514.89,511.21,507.97,507.77,509.72,512.38,515.53,518.55,519.56,518.57,517.13,515.54,513.84,512.18,510.52,508.81,507.16,505.43,503.79,502.24,500.63,499.11,497.65,496.23,494.79,493.34,491.81,490.33,488.83,487.46,486.04,484.65,483.28,481.96,480.62,479.33,478.13,476.86,475.65,474.47,473.31,472.31,471.25,470.08
20277,15,115.393,-4.1,13.3,43.71,630.97,993.74,884.54,846.39,859.85,884.16,899.17,846.18,837.83,854.54,874.89,838.69,768.26,759.28,772.4,757.97,731.03,747.21,735.83,718.26,701.69,699.26,698.97,699.77,700.2,700.31,695.41,700.66,696.97,699.68,696.64,699.88,699.74,699.54,699.75,698.71,700.06,700.06,699.05,699.87,699.93,699.96,700.03,699.53,699.76,700.05,699.8,699.54,699.8,699.67,699.79,699.9,699.49,699.33,699.82,700.04,699.9,700.18,700.06,699.92,700.07,699.96,700.04,700.02,699.93,700.05,699.97,700.22,700.01,699.51,699.35,699.77,700.24,699.85,699.48,699.29,699.19,700.88,700.89,700.5,700.25,700.02,699.88,669.64,536.37,401.86,270.46,140.38,30.79,13.47,14.27,14.68,15.01,15.17,15.41,15.48,15.62,15.78,15.91,16.11,16.1,16.21,16.28,16.35,16.5,16.57,16.65,16.71,16.71,16.82,16.9,16.92,16.98,17.09,17.23,17.27,17.14,17.21,17.35,17.52,17.57,17.57,17.58,17.69,17.58,-0.34,-0.34,-0.37,-0.36,2.55,15.27,25.58,37.6,50.14,61.74,65.53,73.32,84.48,96.4,100.4,96.41,102.19,112.59,119.98,128.0,149.74,161.48,171.17,181.52,193.93,209.89,227.41,248.06,294.71,357.61,400.67,430.79,452.21,468.92,483.13,494.2,502.81,509.8,516.15,522.57,528.33,533.98,539.32,544.71,549.82,554.95,559.96,565.1,569.96,574.59,578.8,582.89,586.47,589.73,592.65,595.07,597.02,598.37,599.47,600.29,600.4,599.79,598.33,596.35,593.88,591.01,587.83,584.57,581.35,578.18,575.13,572.04,568.74,565.1,561.44,557.35,553.15,548.77,544.28,539.52,534.87,530.08,525.54,521.16,517.14,513.31,510.04,509.7,511.44,513.95,516.9,520.02,520.87,519.97,518.56,516.98,515.45,513.66,512.11,510.47,508.84,507.22,505.61,504.06,502.49,500.98,499.49,498.08,496.7,495.2,493.87,492.36,490.93,489.49,488.09,486.74,485.36,484.04,482.72,481.51,480.2,479.02,477.81,476.66,475.63,474.4,473.35,472.28
20278,15,115.383,-4.19,13.65,42.54,625.84,993.48,884.18,845.66,858.5,882.58,897.63,845.03,836.96,853.83,874.5,837.82,767.97,759.24,772.27,757.67,730.72,747.3,735.47,718.51,701.71,699.09,698.68,699.96,699.7,700.72,695.84,700.97,695.64,699.31,697.18,699.85,699.83,699.45,699.31,698.98,699.68,700.02,699.47,700.0,699.73,700.13,699.67,699.86,699.96,699.94,699.13,699.87,699.67,699.84,699.86,699.83,699.24,699.74,699.98,699.97,699.99,699.88,699.96,699.98,699.94,699.95,699.93,699.96,700.04,699.95,700.02,700.02,699.74,700.07,699.78,700.2,700.12,699.69,699.44,699.1,699.37,700.71,700.46,700.29,699.98,699.77,699.52,669.85,536.36,401.84,270.63,140.39,31.03,14.09,14.69,15.13,15.51,15.69,15.85,16.13,15.98,16.16,16.32,16.5,16.55,16.61,16.7,16.99,17.03,17.15,17.26,17.28,17.41,17.49,17.48,17.51,17.69,17.69,17.68,17.83,17.89,17.9,17.87,18.03,18.01,18.02,18.32,18.19,18.27,-0.55,-0.45,-0.45,-0.58,2.44,15.02,25.21,37.28,49.73,61.43,65.23,73.0,84.1,96.08,99.91,96.09,101.87,112.39,119.65,127.27,149.74,161.52,171.07,181.61,193.95,209.54,226.49,246.48,289.73,353.69,397.86,428.44,450.38,467.44,481.98,493.32,502.16,509.36,515.73,522.02,527.89,533.58,538.97,544.32,549.54,554.67,559.61,564.69,569.47,574.16,578.49,582.48,586.11,589.38,592.23,594.74,596.6,598.12,599.28,600.05,600.3,599.77,598.39,596.45,593.99,591.09,587.96,584.72,581.56,578.46,575.36,572.12,568.78,565.26,561.5,557.52,553.45,549.17,544.74,540.2,535.61,531.08,526.59,522.35,518.33,514.6,511.24,510.69,512.41,514.84,517.74,520.68,521.52,520.68,519.24,517.69,516.07,514.49,512.8,511.21,509.61,507.96,506.47,504.83,503.32,501.91,500.38,498.98,497.57,496.16,494.78,493.26,491.9,490.49,489.1,487.67,486.38,485.03,483.77,482.51,481.24,480.06,478.84,477.86,476.71,475.65,474.47,473.42
20280,15,115.284,-3.6,13.25,41.36,623.15,995.8,889.1,850.57,863.61,887.55,902.91,850.03,841.8,859.33,879.96,845.02,773.69,764.11,777.39,763.66,735.36,750.9,737.87,719.52,701.91,699.22,698.64,699.89,700.54,699.43,696.91,700.56,697.55,699.46,697.02,699.85,699.79,699.42,699.44,699.03,699.55,700.05,699.22,699.97,699.6,699.92,699.9,699.63,699.82,699.99,699.39,699.66,699.96,699.46,699.76,699.83,699.67,699.25,699.9,699.91,699.98,699.99,699.97,699.92,699.74,699.96,700.1,699.83,699.96,700.02,699.91,699.98,699.74,699.89,699.95,699.6,700.05,700.15,699.84,699.55,699.18,699.03,699.78,701.5,701.13,700.78,700.55,668.19,535.9,402.18,271.18,141.16,32.04,15.1,15.86,16.29,16.64,16.9,16.97,17.07,17.33,17.33,17.42,17.62,17.69,17.85,17.81,17.98,18.12,18.16,18.22,18.22,18.34,18.36,18.39,18.49,18.59,18.68,18.79,18.81,18.89,18.94,18.92,19.13,19.03,19.12,19.2,19.32,19.31,-0.47,-0.42,-0.37,-0.5,2.24,14.92,25.28,37.41,49.93,61.78,65.67,73.51,84.72,96.77,100.82,97.04,102.8,113.05,120.61,127.7,149.89,161.33,170.79,180.54,192.88,208.3,225.15,244.09,276.73,341.17,388.15,421.18,444.51,462.2,477.42,489.32,498.87,506.2,512.81,519.18,525.11,530.82,536.36,541.64,546.89,552.15,557.11,562.08,566.92,571.54,575.79,579.81,583.41,586.52,589.36,591.71,593.63,595.13,596.35,597.03,597.25,596.64,595.22,593.23,590.74,587.81,584.63,581.3,577.81,574.39,570.83,567.18,563.46,559.76,555.84,551.93,547.81,543.55,539.14,534.67,530.08,525.6,521.08,516.76,512.63,508.82,505.26,504.44,505.84,508.04,510.5,513.17,513.87,512.82,511.35,509.68,508.07,506.38,504.7,503.06,501.42,499.78,498.15,496.63,495.13,493.6,492.24,490.67,489.38,487.93,486.53,485.17,483.73,482.26,480.93,479.5,478.14,476.87,475.55,474.32,472.98,471.85,470.69,469.53,468.47,467.25,466.23,465.2
20281,15,115.283,-3.81,13.32,40.36,625.31,996.72,891.08,852.84,865.71,890.44,906.31,854.01,845.53,862.57,883.49,847.74,776.7,767.21,780.44,767.05,737.97,753.06,739.41,720.33,702.07,698.7,699.24,700.04,699.92,699.76,700.67,699.22,697.19,699.26,696.29,699.98,699.41,699.64,699.7,698.75,700.03,700.12,699.28,699.9,699.94,700.06,700.05,699.6,699.86,699.39,699.78,700.03,699.1,699.95,699.6,699.88,699.8,699.76,699.77,699.95,699.97,699.93,699.94,699.93,699.98,699.96,700.1,699.64,699.75,700.03,699.97,699.73,700.1,699.66,699.91,700.12,699.74,699.35,699.92,700.8,700.31,700.03,699.73,699.49,699.26,699.09,698.89,671.49,537.52,403.19,271.76,141.84,33.21,16.52,17.29,17.74,17.99,18.3,18.56,18.85,19.07,19.21,19.37,19.46,19.45,19.61,19.54,19.69,19.75,19.77,19.9,20.02,20.0,20.06,20.07,20.25,20.18,20.26,20.23,20.37,20.45,20.52,20.5,20.64,20.69,20.79,20.78,20.75,20.93,-0.47,-0.43,-0.41,-0.5,2.18,14.89,25.2,37.36,50.07,61.88,65.88,73.77,84.92,96.99,101.14,97.33,103.06,113.51,121.12,127.78,150.27,161.72,171.02,180.7,192.08,207.68,224.53,243.33,272.96,336.62,384.94,418.68,441.91,460.33,475.68,487.84,497.7,505.42,512.07,518.47,524.52,530.16,535.64,541.02,546.35,551.51,556.54,561.54,566.41,571.02,575.31,579.36,582.86,586.07,588.85,591.34,593.24,594.72,595.85,596.63,596.74,596.12,594.7,592.72,590.23,587.32,584.0,580.68,577.25,573.51,569.81,565.9,562.16,558.24,554.4,550.25,546.12,541.81,537.37,532.8,528.18,523.55,519.09,514.82,510.69,506.7,503.1,502.14,503.48,505.55,508.04,510.65,511.12,510.12,508.59,506.85,505.21,503.53,501.88,500.15,498.5,496.85,495.3,493.77,492.24,490.74,489.26,487.84,486.45,485.07,483.66,482.17,480.74,479.31,477.92,476.51,475.14,473.83,472.59,471.32,470.03,468.83,467.68,466.53,465.4,464.39,463.24,462.21
20282,15,115.279,-3.0,13.83,41.43,629.65,999.46,893.74,854.88,868.28,893.84,909.59,856.61,847.31,864.41,885.1,850.52,778.79,769.2,782.21,769.1,738.99,754.12,739.94,720.87,702.27,699.1,699.64,699.13,700.06,699.92,700.26,699.39,698.02,699.0,696.16,700.04,699.51,699.96,699.75,698.36,699.98,699.41,699.66,699.67,700.05,699.7,699.89,699.9,699.6,699.86,699.73,699.86,699.61,699.51,700.08,699.17,699.92,699.86,699.84,699.99,699.86,700.03,700.04,699.94,700.01,699.96,699.99,700.04,699.82,699.93,699.87,699.94,699.75,699.96,700.05,699.67,699.25,699.73,700.63,700.22,699.96,699.62,699.48,699.27,698.95,700.21,701.85,670.91,537.57,403.67,272.38,142.37,33.72,17.61,18.43,18.8,19.19,19.41,19.57,19.68,19.83,19.89,19.97,20.15,20.28,20.32,20.43,20.46,20.7,20.59,20.84,20.81,20.88,20.94,21.1,21.11,21.17,21.18,21.28,21.33,21.36,21.45,21.44,21.6,21.63,21.68,21.73,21.84,21.85,-0.48,-0.5,-0.44,-0.55,2.25,15.08,25.44,37.7,50.34,62.35,66.22,74.0,85.11,97.29,101.51,97.69,103.32,113.69,121.46,127.68,150.37,161.79,170.87,180.52,192.61,208.09,224.58,243.48,274.25,338.28,386.17,419.67,442.71,461.07,476.23,488.45,498.18,505.8,512.37,518.73,524.63,530.44,535.81,541.31,546.51,551.71,556.77,561.68,566.58,571.33,575.66,579.56,583.24,586.4,589.23,591.58,593.63,595.23,596.41,597.2,597.46,596.9,595.45,593.46,590.93,588.05,584.77,581.35,577.96,574.32,570.55,566.79,562.92,559.08,555.19,551.06,546.92,542.59,538.21,533.67,529.09,524.67,520.16,515.81,511.7,507.71,503.99,503.17,504.51,506.59,509.07,511.66,512.37,511.25,509.74,508.11,506.38,504.75,503.04,501.41,499.71,498.19,496.52,494.93,493.49,491.95,490.59,489.1,487.68,486.34,484.98,483.48,482.09,480.71,479.32,477.84,476.49,475.16,473.92,472.59,471.5,470.21,469.06,467.85,466.76,465.63,464.61,463.51
20283,15,115.246,-3.76,13.83,41.63,626.33,999.3,894.07,855.03,868.43,893.04,908.88,856.12,847.31,864.7,886.29,850.56,778.4,768.9,782.13,768.49,739.13,754.09,739.8,720.65,702.29,699.09,699.65,698.97,700.16,699.96,700.46,699.39,697.65,699.09,696.49,700.05,699.16,699.97,699.89,698.56,699.98,700.1,699.33,699.72,699.97,699.89,699.63,699.66,699.67,699.95,699.85,699.83,699.56,699.75,699.55,699.92,699.72,699.45,699.72,699.8,699.96,699.91,699.96,699.94,699.94,699.86,699.96,699.99,699.97,699.97,699.96,699.95,699.99,700.08,699.74,700.09,699.8,699.77,700.3,699.83,699.58,699.24,699.0,700.51,701.17,700.82,700.52,669.48,536.78,402.8,271.83,141.83,33.0,16.25,17.12,17.59,17.88,18.0,18.26,18.38,18.52,18.63,18.82,18.86,18.98,19.1,19.16,19.28,19.37,19.42,19.42,19.54,19.6,19.64,19.77,19.66,19.81,19.95,19.97,19.98,20.15,20.12,20.24,20.36,20.32,20.32,20.5,20.53,20.51,-0.47,-0.4,-0.5,-0.57,2.23,14.81,25.11,37.42,50.08,61.97,66.03,73.81,85.08,97.27,101.43,97.49,103.12,113.6,121.29,127.97,150.47,161.48,170.73,180.52,192.53,207.85,224.16,242.89,271.97,335.31,383.95,418.03,441.39,460.06,475.31,487.63,497.59,505.36,511.92,518.28,524.33,530.09,535.59,540.94,546.2,551.45,556.59,561.55,566.42,571.15,575.41,579.49,583.05,586.38,589.13,591.65,593.67,595.26,596.55,597.38,597.61,597.08,595.74,593.67,591.35,588.29,585.04,581.6,578.05,574.39,570.6,566.66,562.7,558.75,554.77,550.7,546.5,542.14,537.74,533.28,528.68,524.14,519.69,515.26,511.0,507.03,503.28,502.37,503.64,505.63,508.17,510.84,511.47,510.26,508.69,507.0,505.35,503.53,501.93,500.2,498.56,496.84,495.25,493.75,492.24,490.64,489.24,487.7,486.35,484.98,483.46,482.01,480.59,479.17,477.77,476.4,474.92,473.61,472.32,471.0,469.77,468.58,467.4,466.23,465.09,463.99,462.94,461.88
20284,15,115.28,-4.28,13.36,41.23,631.96,1002.91,895.37,855.96,868.78,893.28,909.56,856.94,847.78,864.4,885.2,851.29,779.34,769.39,782.43,769.56,738.46,754.04,740.13,720.89,702.33,699.28,699.76,699.28,699.72,699.79,700.45,698.67,697.82,698.63,696.22,700.04,699.58,699.91,699.92,698.21,700.01,699.66,699.32,699.56,699.96,699.64,700.01,699.67,699.85,699.75,699.62,699.44,699.85,699.85,699.54,699.15,699.86,699.81,699.67,699.95,699.92,699.94,699.9,700.03,700.04,699.89,699.97,699.96,700.01,699.91,699.63,700.23,699.76,699.32,699.72,700.64,700.18,699.78,699.49,699.3,699.03,699.34,701.37,701.43,701.1,698.15,699.49,672.76,538.28,404.23,273.14,143.18,32.2,13.72,14.5,14.93,15.18,15.4,15.62,15.66,15.87,15.95,16.06,16.1,16.28,16.42,16.45,16.5,16.71,16.75,16.81,16.91,16.87,17.02,17.02,17.12,17.24,17.23,17.4,17.29,17.43,17.51,17.52,17.65,17.66,17.73,17.73,17.85,17.93,-0.51,-0.45,-0.46,-0.53,2.09,14.8,25.21,37.48,50.2,62.15,66.19,73.92,85.23,97.32,101.76,97.71,103.32,113.81,121.59,127.48,150.23,161.77,170.8,180.49,192.53,207.9,224.42,243.0,272.78,336.4,384.71,418.43,441.49,460.14,475.2,487.68,497.6,505.43,512.01,518.34,524.35,530.03,535.58,540.93,546.2,551.5,556.61,561.63,566.47,571.07,575.4,579.33,583.09,586.22,588.97,591.49,593.46,595.05,596.3,597.1,597.34,596.78,595.41,593.43,590.96,587.91,584.73,581.32,577.76,574.09,570.27,566.33,562.52,558.6,554.6,550.56,546.37,542.02,537.58,533.13,528.57,524.02,519.48,515.1,510.9,506.89,503.21,502.25,503.49,505.57,508.01,510.6,511.31,510.25,508.68,506.96,505.39,503.63,501.95,500.3,498.58,496.94,495.33,493.74,492.16,490.7,489.25,487.83,486.32,485.02,483.58,482.1,480.69,479.24,477.8,476.42,475.03,473.72,472.48,471.09,469.89,468.64,467.49,466.28,465.19,464.1,462.98,461.95
20285,15,115.274,-4.33,13.19,41.01,627.71,999.6,893.91,855.39,868.58,892.76,908.84,856.01,846.95,863.77,884.49,849.38,777.92,767.92,780.97,767.25,737.2,753.24,739.29,720.17,702.2,698.99,699.03,700.11,700.02,699.99,700.52,699.48,697.26,699.22,696.05,699.96,699.48,700.0,699.86,698.32,699.99,699.95,699.25,699.81,699.92,700.11,699.76,700.04,699.84,700.1,699.97,699.86,699.63,699.73,699.69,699.79,699.41,699.9,699.96,699.94,699.89,700.02,699.92,700.02,699.84,699.91,700.05,699.97,699.91,700.06,699.71,700.06,699.81,700.01,699.86,700.12,699.92,699.49,700.32,700.11,699.85,699.46,699.22,699.03,699.43,701.17,700.92,670.06,536.98,402.87,271.83,141.72,32.86,16.39,17.13,17.56,17.88,18.1,18.35,18.42,18.61,18.73,18.89,18.95,19.03,19.08,19.26,19.24,19.38,19.42,19.52,19.62,19.67,19.73,19.8,19.84,19.87,19.95,20.03,20.0,20.12,20.26,20.27,20.39,20.37,20.43,20.54,20.61,20.6,-0.42,-0.34,-0.35,-0.44,2.61,15.63,26.06,38.16,50.82,62.67,66.5,74.19,85.35,97.5,101.64,97.73,103.42,113.95,121.29,126.96,150.14,161.65,170.68,180.4,192.58,208.01,225.07,243.95,276.45,340.72,387.94,420.9,443.52,461.78,476.83,489.11,498.82,506.38,512.82,519.22,525.22,530.9,536.37,541.82,546.96,552.14,557.28,562.27,567.02,571.65,575.94,579.96,583.46,586.73,589.45,591.88,593.74,595.29,596.42,597.15,597.25,596.56,595.25,593.11,590.53,587.54,584.28,580.76,577.4,573.78,570.09,566.29,562.44,558.61,554.66,550.61,546.43,542.21,537.81,533.27,528.68,524.12,519.62,515.37,511.21,507.3,503.64,502.84,504.26,506.38,508.94,511.71,512.36,511.25,509.73,508.12,506.39,504.64,503.02,501.38,499.68,498.09,496.5,494.94,493.33,491.87,490.38,488.98,487.63,486.17,484.82,483.35,481.86,480.52,479.17,477.79,476.43,475.08,473.78,472.48,471.31,470.07,468.92,467.72,466.61,465.47,464.4,463.38
20286,15,115.294,-4.25,13.18,42.23,629.1,998.35,892.32,854.26,867.52,892.52,908.22,855.22,846.28,863.28,885.43,847.87,776.53,767.07,780.06,766.36,737.28,752.37,739.09,720.29,702.25,699.64,699.62,698.62,700.11,700.11,700.29,699.0,697.91,699.05,696.11,699.95,699.24,699.94,699.81,698.39,699.97,699.99,699.72,699.84,700.02,699.99,700.0,699.88,699.75,699.78,699.83,699.85,699.97,699.07,699.58,699.89,699.84,699.44,699.77,699.98,699.99,699.94,699.97,699.96,699.96,700.01,699.95,699.98,699.84,699.84,699.97,700.06,699.69,700.03,699.95,699.63,699.27,699.67,700.89,700.63,700.2,699.99,699.78,699.51,699.23,699.08,699.07,671.69,537.46,403.15,271.87,141.72,32.64,15.82,16.75,17.22,17.48,17.64,17.9,17.97,18.24,18.45,18.58,18.71,18.89,18.94,19.02,19.03,19.13,19.21,19.35,19.23,19.43,19.48,19.55,19.56,19.73,19.69,19.73,19.77,19.94,19.98,20.01,20.09,20.14,20.13,20.26,20.28,20.3,-0.46,-0.36,-0.38,-0.48,2.35,15.12,25.49,37.7,50.28,62.23,66.16,74.04,85.21,97.31,101.45,97.54,103.29,113.76,121.48,128.96,150.6,162.13,171.24,181.09,193.27,208.56,225.05,244.05,276.8,341.51,388.24,421.22,443.91,462.03,477.08,489.02,498.76,506.26,512.8,519.0,525.06,530.82,536.43,541.77,546.96,552.05,557.22,562.32,567.09,571.8,576.06,580.05,583.6,586.8,589.78,592.28,594.31,595.79,597.1,597.93,598.28,597.72,596.5,594.48,592.04,589.15,585.95,582.68,579.25,575.79,572.17,568.42,564.67,560.86,556.88,552.9,548.76,544.48,540.01,535.52,530.98,526.48,522.0,517.71,513.53,509.66,506.08,505.13,506.53,508.6,511.15,513.85,514.44,513.41,511.94,510.21,508.53,506.83,505.11,503.45,501.83,500.28,498.68,497.11,495.61,494.12,492.66,491.24,489.86,488.46,487.1,485.63,484.2,482.78,481.3,480.0,478.63,477.36,476.02,474.73,473.52,472.29,471.16,470.01,468.88,467.77,466.71,465.73
20287,15,115.294,-1.83,13.84,43.03,633.26,1000.3,893.98,855.37,868.12,892.48,907.6,854.46,846.08,863.22,883.9,848.12,777.24,767.74,781.03,767.39,738.08,753.08,739.42,720.7,702.23,698.98,699.47,699.32,700.1,699.92,700.36,698.54,698.34,698.17,696.71,699.91,699.34,700.08,699.82,698.79,699.82,699.54,699.9,699.21,699.96,699.86,699.91,700.06,699.57,699.72,699.97,699.82,699.49,699.98,699.32,699.83,699.89,699.73,699.94,699.95,700.03,700.03,699.94,699.94,700.0,700.03,699.85,700.06,699.77,699.88,699.94,699.95,700.1,699.79,700.12,699.94,700.11,699.72,699.36,699.76,700.45,699.91,699.72,699.37,699.22,699.05,699.99,671.45,537.35,403.13,271.8,141.8,32.39,15.87,16.53,16.95,17.34,17.56,17.81,17.95,18.02,18.18,18.24,18.28,18.42,18.55,18.59,18.73,18.82,18.9,19.02,19.03,19.13,19.13,19.22,19.39,19.37,19.35,19.53,19.5,19.61,19.65,19.76,19.7,19.85,19.79,19.92,19.96,20.0,-0.42,-0.31,-0.37,-0.53,2.2,14.4,24.97,37.01,49.75,61.68,65.55,73.45,84.69,96.81,100.79,96.86,102.52,113.08,120.82,128.12,150.14,161.52,170.54,180.2,192.5,208.21,225.2,244.44,278.54,343.27,389.66,422.19,444.57,462.89,477.53,489.69,499.23,506.84,513.39,519.58,525.67,531.39,536.83,542.14,547.35,552.63,557.61,562.62,567.61,572.23,576.67,580.61,584.16,587.31,590.23,592.56,594.51,596.03,597.17,597.85,597.89,597.18,595.7,593.54,590.92,587.83,584.45,580.9,577.28,573.54,569.73,565.77,561.8,557.81,553.74,549.56,545.3,540.94,536.43,531.72,527.06,522.34,517.68,513.31,509.02,504.94,501.19,500.21,501.62,503.81,506.37,509.12,509.76,508.62,506.98,505.2,503.47,501.77,499.95,498.26,496.59,494.81,493.28,491.55,489.97,488.47,486.99,485.45,483.94,482.51,481.15,479.68,478.15,476.7,475.26,473.84,472.4,470.95,469.7,468.37,467.01,465.86,464.64,463.36,462.23,461.17,460.02,458.89
20288,15,115.299,-4.18,13.76,42.26,629.69,998.44,892.46,853.75,867.03,891.66,907.42,854.82,845.99,862.71,883.28,847.73,776.42,766.79,779.8,765.97,737.33,752.05,738.77,719.99,702.21,699.24,699.26,699.39,699.98,700.08,700.43,698.69,698.24,699.03,696.26,699.97,699.17,700.03,699.83,698.32,699.98,699.72,699.53,699.62,699.97,699.99,699.91,699.95,699.91,699.89,699.33,699.87,699.88,699.76,699.62,699.75,699.73,699.42,699.99,700.04,700.02,699.97,699.83,700.0,700.07,699.94,699.9,700.08,699.99,699.96,700.06,699.65,699.38,699.96,699.83,700.12,699.84,699.49,699.91,700.55,700.07,699.82,699.54,699.34,699.08,699.09,701.53,670.37,536.36,402.23,271.14,141.22,31.81,14.95,15.73,16.19,16.43,16.63,16.83,17.01,17.11,17.17,17.37,17.43,17.49,17.62,17.77,17.92,17.94,18.02,18.04,18.19,18.17,18.27,18.33,18.41,18.52,18.58,18.6,18.75,18.71,18.82,18.88,18.8,18.93,18.95,19.03,19.15,19.21,-0.43,-0.46,-0.35,-0.42,1.94,14.62,24.95,37.0,49.62,61.52,65.41,73.26,84.44,96.49,100.63,96.75,102.57,112.99,120.63,128.53,149.99,161.4,170.52,180.58,192.77,208.15,225.04,244.49,279.03,343.98,390.45,423.11,445.69,463.81,478.59,490.56,500.08,507.49,514.02,520.34,526.28,532.12,537.49,542.94,548.1,553.35,558.51,563.71,568.52,573.12,577.48,581.47,585.1,588.39,591.11,593.33,595.38,596.86,597.98,598.67,598.8,598.18,596.78,594.64,591.98,588.97,585.58,582.05,578.49,574.89,571.16,567.19,563.37,559.44,555.32,551.21,547.03,542.67,537.99,533.52,528.73,524.08,519.52,515.15,510.88,506.88,503.13,502.31,503.75,506.08,508.69,511.46,512.17,510.95,509.44,507.71,505.9,504.21,502.46,500.72,499.08,497.31,495.65,494.1,492.46,490.93,489.45,487.9,486.51,485.04,483.7,482.11,480.6,479.27,477.76,476.3,474.92,473.58,472.2,470.84,469.64,468.39,467.15,466.01,464.92,463.76,462.64,461.6
20289,15,115.313,-3.82,14.37,41.54,626.76,997.8,891.15,852.87,866.31,890.74,906.45,853.4,844.75,861.65,882.08,847.05,775.78,766.2,779.44,766.03,736.96,752.32,738.85,720.16,702.2,698.99,699.07,699.92,699.99,699.8,700.68,699.86,696.63,699.26,696.46,700.01,699.45,699.66,699.76,698.58,699.94,700.05,699.79,699.63,699.97,699.83,700.02,699.45,700.04,699.41,699.9,699.91,699.74,699.8,699.25,699.62,699.86,699.47,699.83,699.92,699.91,699.91,700.01,699.87,699.92,700.0,699.96,699.96,699.91,700.07,699.71,699.95,699.86,699.92,699.85,699.89,700.01,699.76,700.5,700.05,699.64,699.49,699.29,698.9,700.02,701.49,701.27,669.3,537.03,402.69,271.98,141.84,33.3,16.53,17.4,17.94,18.27,18.45,18.81,19.01,19.34,19.35,19.58,19.58,19.6,19.81,19.88,19.9,20.01,20.04,20.05,20.26,20.28,20.25,20.3,20.37,20.35,20.52,20.62,20.62,20.84,20.71,20.8,20.8,20.95,21.0,21.03,21.14,21.02,-0.44,-0.46,-0.34,-0.39,1.86,14.62,25.03,37.19,49.7,61.61,65.53,73.18,84.37,96.38,100.54,96.66,102.31,112.79,120.36,127.09,149.52,161.01,170.13,180.16,192.23,207.66,224.6,243.77,277.56,342.66,389.51,422.26,444.98,463.08,478.27,490.13,499.7,507.2,513.75,520.17,526.22,531.98,537.46,542.81,548.03,553.14,558.23,563.18,568.19,572.81,577.04,581.04,584.73,587.89,590.75,593.18,595.04,596.59,597.7,598.41,598.61,597.98,596.52,594.33,591.67,588.61,585.18,581.65,578.09,574.48,570.74,566.82,562.97,558.96,554.97,550.86,546.74,542.32,537.86,533.43,528.79,524.13,519.56,515.28,510.97,506.94,503.17,502.24,503.69,505.88,508.54,511.48,511.96,510.87,509.32,507.44,505.81,504.05,502.28,500.6,498.85,497.18,495.49,493.97,492.37,490.73,489.27,487.85,486.39,484.94,483.51,482.07,480.56,479.16,477.61,476.32,474.87,473.51,472.24,470.89,469.71,468.35,467.17,465.99,464.84,463.74,462.55,461.57
20291,15,115.314,-3.74,13.45,42.47,628.05,997.25,890.35,851.72,865.15,890.89,905.93,853.07,844.98,861.72,882.41,846.72,775.57,765.98,779.02,765.13,736.61,751.98,738.67,719.79,702.38,699.36,699.07,699.53,699.83,699.96,700.77,698.06,697.55,699.45,696.18,700.14,699.49,699.73,699.82,698.42,699.96,699.63,699.55,699.76,700.05,699.78,699.97,699.83,699.84,699.47,699.92,699.65,699.89,699.46,699.58,699.8,699.68,699.75,699.93,700.0,700.01,699.83,700.06,700.08,699.99,699.93,699.73,699.86,699.97,699.92,699.93,699.98,700.05,699.97,699.61,699.75,700.16,699.92,699.5,699.89,700.22,700.09,699.87,699.55,699.38,699.02,699.54,670.8,536.64,402.47,271.18,141.06,31.93,14.99,15.8,16.44,16.69,16.79,17.17,17.16,17.26,17.38,17.5,17.65,17.7,17.76,17.89,18.02,18.08,18.14,18.25,18.31,18.31,18.42,18.46,18.62,18.61,18.62,18.66,18.83,18.86,18.97,19.08,18.95,19.11,19.19,19.23,19.28,19.32,-0.41,-0.38,-0.41,-0.36,2.22,14.89,25.22,37.27,49.74,61.68,65.55,73.29,84.46,96.44,100.52,96.71,102.48,112.93,120.44,127.66,149.73,161.32,170.55,180.63,192.96,208.44,225.26,244.68,280.02,345.09,391.25,423.75,446.15,463.93,478.87,490.78,500.23,507.61,514.16,520.46,526.45,532.2,537.58,542.99,548.14,553.29,558.42,563.41,568.33,572.88,577.13,581.26,584.82,587.92,590.78,593.27,595.26,596.88,598.09,598.78,599.1,598.53,597.09,595.01,592.55,589.55,586.3,582.91,579.53,576.09,572.7,568.98,565.16,561.44,557.45,553.45,549.34,544.89,540.61,536.03,531.47,526.87,522.44,518.04,513.89,510.04,506.45,505.75,507.19,509.44,512.23,515.11,515.84,514.7,513.11,511.42,509.81,508.02,506.39,504.72,503.05,501.41,499.83,498.19,496.74,495.2,493.67,492.24,490.86,489.41,488.02,486.47,485.09,483.56,482.17,480.85,479.41,478.09,476.82,475.47,474.25,472.97,471.66,470.6,469.47,468.35,467.31,466.25
20292,15,115.33,-4.06,13.55,41.51,623.52,996.0,889.68,850.76,864.02,888.44,904.04,850.88,842.45,859.24,880.94,843.64,773.11,764.2,777.45,763.46,735.29,750.69,737.9,719.65,702.21,699.41,698.78,699.94,700.04,700.05,700.87,698.78,696.88,699.35,696.87,699.93,699.25,699.58,699.72,698.82,699.7,699.83,699.88,700.05,699.57,699.97,699.82,699.53,699.94,699.68,699.77,699.78,699.91,699.32,699.84,699.85,699.72,699.33,699.84,699.66,699.91,699.97,699.97,700.01,699.88,699.99,699.97,699.93,699.97,699.99,699.81,700.13,699.72,699.64,700.12,699.84,699.46,699.24,700.29,700.34,699.94,699.64,699.35,699.21,698.96,700.08,701.7,669.61,536.3,402.3,271.17,140.94,32.04,15.2,15.92,16.4,16.66,16.9,17.04,17.27,17.35,17.42,17.6,17.68,17.78,17.84,17.94,18.05,18.16,18.19,18.3,18.32,18.43,18.55,18.57,18.58,18.71,18.74,18.81,18.84,18.9,18.98,19.02,19.05,19.19,19.24,19.26,19.27,19.31,-0.4,-0.43,-0.38,-0.42,2.39,14.95,25.38,37.36,49.86,61.68,65.67,73.39,84.7,96.72,100.6,96.84,102.64,113.16,120.7,128.24,149.75,161.27,170.64,180.59,192.88,208.29,225.26,244.38,278.09,343.15,389.77,422.53,445.34,463.37,478.48,490.32,499.96,507.33,513.9,520.26,526.21,531.98,537.47,542.88,548.16,553.27,558.36,563.35,568.18,572.91,577.39,581.51,585.26,588.52,591.41,593.79,595.91,597.33,598.59,599.36,599.62,599.19,597.84,595.85,593.33,590.36,587.22,583.75,580.43,576.94,573.5,569.82,566.07,562.28,558.37,554.37,550.22,545.96,541.56,537.04,532.52,527.97,523.47,519.11,515.06,511.04,507.43,506.67,508.17,510.43,513.09,515.91,516.59,515.51,513.99,512.31,510.65,508.95,507.3,505.64,503.95,502.33,500.76,499.11,497.57,496.04,494.58,493.09,491.7,490.25,488.86,487.43,485.98,484.58,483.2,481.81,480.33,479.01,477.76,476.55,475.2,474.04,472.72,471.67,470.5,469.38,468.31,467.29
20294,15,115.326,-4.26,13.02,43.29,634.12,997.26,890.73,852.16,865.74,891.71,906.11,853.54,844.83,861.59,882.29,846.54,775.6,766.12,779.2,765.39,736.72,752.18,738.51,720.03,702.17,699.24,699.15,699.84,699.89,699.94,700.6,698.14,697.73,698.59,696.51,699.98,699.48,700.06,700.05,698.4,699.94,699.68,699.88,699.64,700.1,699.59,699.79,699.92,699.63,699.88,700.01,699.69,699.57,699.9,699.64,699.4,699.72,699.85,699.38,699.84,699.97,699.89,699.88,699.93,699.89,699.94,699.99,699.91,699.99,699.97,700.15,699.59,699.17,700.06,700.29,699.91,699.55,699.29,699.03,699.31,701.2,701.08,700.82,700.51,700.23,700.07,699.91,669.88,536.49,402.26,271.09,141.18,31.58,14.61,15.35,15.83,16.03,16.31,16.45,16.68,16.74,16.91,16.99,17.16,17.21,17.33,17.44,17.52,17.69,17.67,17.73,17.82,17.89,17.9,18.03,18.01,18.05,18.16,18.32,18.27,18.38,18.47,18.54,18.62,18.53,18.61,18.69,18.74,18.89,-0.64,-0.51,-0.48,-0.6,2.67,15.63,25.97,38.05,50.72,62.53,66.42,74.26,85.43,97.35,101.37,97.58,103.22,113.64,121.2,128.14,150.51,162.17,171.43,181.24,193.57,209.18,226.32,245.89,283.79,348.6,393.49,425.03,446.8,464.71,479.13,490.86,500.18,507.47,514.03,520.23,526.17,531.95,537.35,542.56,547.87,552.89,557.92,562.9,567.66,572.25,576.54,580.43,584.08,587.31,590.16,592.75,594.71,596.23,597.38,598.16,598.36,597.9,596.57,594.64,592.14,589.2,586.08,582.73,579.41,576.04,572.69,569.23,565.66,561.97,558.16,554.24,550.3,546.06,541.77,537.34,532.83,528.29,523.86,519.6,515.53,511.75,508.19,507.49,508.95,511.22,513.79,516.62,517.26,516.27,514.76,513.16,511.47,509.82,508.21,506.57,504.93,503.37,501.74,500.2,498.69,497.14,495.69,494.24,492.84,491.51,490.08,488.62,487.26,485.8,484.48,483.03,481.81,480.39,479.08,477.8,476.64,475.39,474.23,473.04,471.95,470.83,469.81,468.68
20295,15,115.33,-2.73,13.45,43.66,633.62,998.16,890.44,851.7,865.3,889.97,905.59,852.78,843.87,860.96,882.71,846.11,774.94,765.56,778.64,764.55,736.47,751.55,738.21,719.87,702.2,699.37,699.31,699.68,699.75,699.99,700.51,698.5,698.06,698.54,696.4,699.84,699.3,699.98,699.53,698.66,699.76,699.55,699.98,699.26,699.99,699.26,699.97,699.88,699.56,699.88,699.81,700.03,699.28,700.01,699.48,699.95,699.88,699.84,699.73,699.96,699.98,699.83,699.97,699.91,699.99,699.89,700.04,700.03,699.4,699.81,699.95,699.44,700.17,699.81,699.44,699.71,700.51,700.15,699.72,699.53,699.11,699.05,700.07,701.6,701.32,700.8,697.23,671.04,536.61,402.39,271.19,141.1,31.43,14.32,15.01,15.5,15.78,16.0,16.23,16.36,16.54,16.66,16.76,16.79,16.95,17.0,17.16,17.26,17.33,17.45,17.47,17.57,17.67,17.78,17.89,17.99,18.0,18.04,18.05,18.16,18.22,18.23,18.3,18.4,18.4,18.47,18.59,18.53,18.6,-0.6,-0.53,-0.52,-0.63,2.29,15.04,25.42,37.55,50.23,62.13,66.02,73.84,85.07,97.1,101.15,97.35,103.18,113.6,121.18,128.96,150.55,161.96,171.2,181.09,193.56,209.03,226.09,245.52,282.74,347.54,392.77,424.46,446.46,464.36,478.71,490.57,499.81,507.17,513.76,519.89,525.82,531.44,536.88,542.22,547.34,552.39,557.5,562.49,567.32,572.07,576.3,580.23,583.89,587.09,589.94,592.4,594.32,595.84,597.05,597.75,597.96,597.34,595.94,593.82,591.39,588.39,585.16,581.77,578.48,575.17,571.71,568.14,564.45,560.76,557.09,553.1,549.06,544.82,540.54,536.07,531.59,527.09,522.65,518.36,514.27,510.44,506.86,506.07,507.54,509.68,512.29,515.05,515.75,514.65,513.2,511.63,509.96,508.18,506.58,504.86,503.28,501.66,500.07,498.47,496.96,495.42,493.99,492.55,491.2,489.78,488.41,486.88,485.51,484.13,482.75,481.32,479.99,478.66,477.33,476.09,474.92,473.62,472.43,471.35,470.2,469.11,468.11,467.03
20296,15,115.333,-1.15,14.1,43.91,635.44,999.72,891.3,852.31,865.41,890.1,905.53,852.36,843.59,860.36,880.7,844.98,774.26,764.73,778.04,764.55,735.86,751.21,738.21,719.95,702.21,697.87,699.34,699.96,700.48,700.32,697.48,698.22,698.46,699.08,696.05,699.95,699.32,700.12,699.99,698.46,700.01,699.59,699.86,699.3,699.98,699.24,699.81,699.91,699.77,699.52,700.02,699.66,699.7,699.7,699.67,699.41,699.54,699.87,699.82,699.99,699.97,700.01,699.95,699.89,699.88,699.99,699.89,699.88,699.97,700.07,699.67,699.62,700.01,699.6,699.88,700.13,699.78,699.47,699.1,700.1,700.52,700.12,699.82,699.61,699.41,699.26,699.01,671.44,537.5,403.15,271.79,141.69,32.54,15.87,16.56,17.07,17.3,17.57,17.76,18.0,18.23,18.35,18.57,18.54,18.71,18.76,18.85,18.9,18.94,19.04,19.14,19.19,19.31,19.35,19.36,19.51,19.51,19.5,19.68,19.6,19.73,19.75,19.84,19.88,19.93,19.94,20.02,20.09,20.14,-0.6,-0.51,-0.54,-0.6,2.19,14.79,25.19,37.24,49.79,61.7,65.65,73.42,84.6,96.63,100.56,96.69,102.44,112.75,120.52,128.48,150.1,161.68,171.23,180.98,192.34,208.37,225.81,245.67,284.94,349.42,394.01,425.49,447.41,465.15,479.5,491.15,500.27,507.47,514.03,520.18,526.04,531.74,537.06,542.45,547.48,552.72,557.72,562.73,567.61,572.33,576.66,580.67,584.3,587.55,590.5,593.05,595.08,596.67,597.96,598.74,599.09,598.66,597.49,595.53,593.16,590.3,587.25,584.09,580.74,577.59,574.28,570.88,567.34,563.7,559.86,555.9,551.72,547.39,542.94,538.36,533.63,529.02,524.52,520.23,516.27,512.47,509.08,508.41,509.99,512.31,515.07,517.95,518.76,517.76,516.43,514.83,513.15,511.51,509.87,508.27,506.54,505.01,503.41,501.81,500.31,498.82,497.4,495.92,494.46,493.15,491.74,490.25,488.82,487.42,486.0,484.65,483.28,482.0,480.67,479.4,478.18,476.9,475.84,474.69,473.47,472.42,471.38,470.31
20297,15,115.346,-2.73,13.33,42.96,630.47,995.63,888.38,849.89,863.41,888.45,903.66,850.7,842.42,859.05,879.58,843.56,773.24,764.25,777.44,762.94,734.98,750.41,737.55,719.22,701.93,698.97,699.27,700.08,699.92,700.1,700.54,698.83,697.6,699.14,695.86,700.15,699.37,699.85,699.93,698.35,699.98,699.71,699.38,699.54,699.88,699.59,700.01,700.06,699.83,699.94,700.11,699.65,699.86,699.72,699.99,699.33,699.83,699.64,699.68,699.95,699.93,699.96,699.91,700.02,699.93,699.96,699.99,699.89,700.07,699.67,699.9,700.11,699.78,699.92,700.21,699.75,699.42,699.14,699.88,700.98,700.6,700.29,700.02,699.77,699.56,699.42,699.21,669.92,536.53,401.9,270.59,140.54,30.8,13.55,14.21,14.68,14.95,15.2,15.36,15.57,15.62,15.72,15.95,15.94,16.03,16.18,16.23,16.36,16.49,16.55,16.62,16.72,16.67,16.8,16.94,17.0,17.02,17.12,17.24,17.17,17.27,17.35,17.33,17.4,17.54,17.5,17.64,17.65,17.79,-0.57,-0.52,-0.55,-0.66,2.53,15.19,25.46,37.44,50.04,61.79,65.73,73.52,84.63,96.66,100.54,96.79,102.51,112.98,120.43,128.05,149.62,161.24,170.63,180.75,193.02,208.71,225.63,245.24,282.56,347.4,392.59,424.53,446.46,464.24,478.8,490.57,499.79,507.05,513.56,519.78,525.77,531.48,536.8,542.15,547.33,552.49,557.55,562.47,567.46,572.16,576.42,580.53,584.2,587.47,590.37,592.96,595.02,596.61,597.82,598.66,598.93,598.45,597.18,595.27,592.83,590.09,587.03,583.81,580.66,577.41,574.07,570.59,567.01,563.25,559.27,555.09,550.66,546.08,541.17,536.3,531.33,526.5,521.87,517.52,513.56,509.81,506.55,506.01,507.84,510.34,513.15,516.1,517.1,516.13,514.72,513.13,511.59,509.88,508.26,506.57,504.92,503.29,501.68,500.06,498.53,497.03,495.62,494.2,492.79,491.36,489.88,488.44,487.01,485.56,484.12,482.79,481.43,480.07,478.79,477.56,476.3,475.15,473.92,472.71,471.66,470.57,469.5,468.46
20298,15,115.351,-2.81,13.03,42.06,626.46,995.58,887.94,849.45,862.94,887.47,902.59,849.72,841.64,858.41,881.0,844.23,772.49,763.22,776.28,761.94,734.12,750.1,737.37,719.03,701.83,699.01,699.55,699.75,699.57,700.19,700.76,698.06,697.2,699.44,696.71,700.04,699.13,699.18,699.6,698.92,699.9,700.08,699.75,700.08,699.92,699.85,699.91,699.78,699.85,699.89,699.76,699.79,699.63,699.75,699.85,699.68,699.77,699.88,699.99,699.97,699.89,699.89,700.01,699.92,700.01,700.02,699.77,699.97,699.98,699.98,699.97,700.13,699.75,699.4,700.27,700.14,699.8,699.45,699.2,698.89,700.13,700.55,700.23,699.96,699.62,699.44,699.17,669.8,536.71,401.84,270.69,140.48,31.08,13.97,14.7,15.2,15.48,15.75,15.92,16.05,16.33,16.57,16.71,16.74,16.94,16.97,17.03,17.17,17.24,17.22,17.26,17.39,17.43,17.5,17.58,17.59,17.67,17.73,17.74,17.83,17.88,17.98,17.99,18.0,18.09,18.15,18.22,18.25,18.36,-0.47,-0.41,-0.4,-0.57,2.48,14.97,25.32,37.41,49.93,61.67,65.57,73.36,84.52,96.52,100.53,96.75,102.45,112.84,120.2,127.15,149.56,161.2,170.59,180.78,192.98,208.71,225.66,244.93,281.63,346.67,392.1,423.94,446.33,463.95,478.66,490.31,499.55,506.75,513.43,519.69,525.64,531.22,536.72,541.99,547.14,552.36,557.34,562.36,567.21,571.96,576.35,580.26,584.03,587.3,590.1,592.62,594.64,596.25,597.42,598.18,598.44,597.91,596.64,594.67,592.24,589.36,586.36,582.96,579.75,576.49,573.15,569.71,566.1,562.41,558.66,554.55,550.38,546.01,541.48,536.89,532.13,527.48,522.96,518.64,514.61,510.85,507.38,506.71,508.46,510.8,513.6,516.43,517.24,516.31,514.87,513.27,511.68,509.98,508.33,506.68,505.03,503.41,501.83,500.22,498.76,497.29,495.76,494.36,492.94,491.57,490.1,488.63,487.25,485.87,484.4,483.04,481.75,480.35,479.11,477.8,476.56,475.44,474.23,473.1,471.9,470.85,469.76,468.69
20299,15,115.364,-4.46,12.49,43.56,634.52,997.96,888.38,849.1,862.54,887.2,902.64,849.69,841.55,858.58,878.97,842.83,772.65,763.69,776.75,762.43,734.85,750.27,737.38,719.31,701.89,698.86,700.08,699.86,699.72,700.01,700.78,697.18,697.88,698.49,696.3,699.81,699.27,700.03,699.65,698.27,699.75,699.9,699.94,699.4,700.0,700.06,699.7,700.07,699.71,699.82,699.79,699.68,699.98,699.64,699.59,699.92,699.82,699.78,699.89,699.99,700.01,699.97,700.0,699.94,699.88,699.99,700.11,699.85,699.79,699.98,700.03,699.79,700.09,699.67,699.86,700.41,700.03,699.63,699.31,699.15,698.86,700.96,701.39,701.05,700.75,700.16,697.51,670.29,536.09,401.78,270.33,140.53,30.65,13.28,13.8,14.27,14.69,14.88,15.08,15.2,15.38,15.45,15.57,15.74,15.81,15.88,16.02,15.96,16.16,16.22,16.34,16.39,16.44,16.63,16.65,16.64,16.76,16.82,16.9,16.85,16.95,17.12,17.13,17.09,17.26,17.24,17.29,17.33,17.45,-0.54,-0.47,-0.49,-0.58,2.18,14.71,25.02,37.11,49.61,61.51,65.44,73.28,84.51,96.38,100.37,96.51,102.37,112.86,120.24,128.26,149.86,161.4,170.94,180.57,192.09,208.29,225.75,245.54,285.07,349.64,394.0,425.39,446.91,464.68,479.06,490.68,499.8,506.97,513.42,519.57,525.53,531.25,536.76,542.07,547.23,552.43,557.48,562.48,567.39,571.99,576.28,580.42,584.06,587.31,590.11,592.57,594.47,596.08,597.25,597.9,598.07,597.55,596.16,594.12,591.6,588.67,585.46,582.27,578.94,575.67,572.33,568.8,565.28,561.62,557.85,553.83,549.71,545.49,541.03,536.55,531.94,527.32,522.85,518.59,514.57,510.74,507.37,506.63,508.27,510.5,513.21,515.99,516.67,515.66,514.24,512.65,511.03,509.33,507.68,505.98,504.33,502.72,501.13,499.55,498.05,496.5,495.08,493.66,492.32,490.82,489.51,488.01,486.59,485.14,483.8,482.44,481.06,479.7,478.43,477.16,475.89,474.7,473.54,472.39,471.31,470.2,469.18,468.13
20300,15,115.337,-4.55,12.73,43.51,633.58,997.28,889.51,850.37,865.18,889.72,903.56,850.87,842.34,859.19,879.65,843.99,773.17,763.69,776.96,762.76,734.6,750.1,737.39,719.11,701.91,699.04,698.78,699.99,699.87,700.25,700.9,697.71,697.54,699.2,696.19,699.96,699.26,700.14,699.66,698.25,699.89,699.94,699.88,699.65,699.86,699.99,699.06,699.72,699.77,699.44,699.79,699.8,699.96,699.37,699.79,699.95,699.46,699.68,699.9,699.97,699.95,699.91,699.92,699.97,699.92,699.93,699.97,699.98,699.99,699.92,699.93,699.96,700.06,699.87,700.1,699.87,699.65,700.36,700.06,699.73,699.51,699.2,698.98,699.96,701.49,701.13,700.8,668.85,535.73,402.21,270.98,140.92,31.77,15.0,15.58,16.09,16.37,16.63,16.78,16.95,17.08,17.21,17.28,17.41,17.47,17.58,17.7,17.82,17.9,17.99,18.08,18.18,18.23,18.3,18.33,18.35,18.45,18.54,18.54,18.62,18.75,18.63,18.77,18.85,18.91,18.93,19.1,19.13,19.03,-0.5,-0.41,-0.4,-0.53,2.15,14.58,25.02,37.06,49.76,61.56,65.33,73.26,84.47,96.49,100.41,96.64,102.31,112.79,120.34,127.96,149.72,161.5,171.04,181.23,193.58,209.31,226.68,246.38,287.73,352.42,396.31,427.19,448.75,466.22,480.47,491.93,500.93,508.0,514.5,520.7,526.7,532.36,537.69,542.94,548.19,553.21,558.29,563.27,568.07,572.82,577.27,581.24,584.98,588.26,591.04,593.46,595.42,597.0,598.24,599.0,599.25,598.68,597.5,595.48,593.03,590.18,587.01,583.75,580.51,577.27,574.0,570.69,567.17,563.51,559.75,555.76,551.66,547.46,542.99,538.57,533.99,529.46,525.0,520.72,516.62,512.84,509.41,508.75,510.26,512.74,515.42,518.27,519.01,518.01,516.55,514.96,513.27,511.71,510.08,508.41,506.8,505.16,503.61,502.06,500.56,498.98,497.6,496.17,494.77,493.4,491.94,490.54,489.09,487.65,486.31,484.94,483.59,482.25,480.88,479.62,478.38,477.14,476.05,474.9,473.78,472.7,471.6,470.58
20301,15,115.35,-4.68,12.93,44.14,634.98,995.85,887.38,848.76,862.38,887.01,902.35,849.56,841.18,858.9,878.58,843.0,772.19,763.11,776.07,762.04,733.56,750.06,736.99,718.92,701.84,698.87,698.39,699.96,700.18,699.35,695.79,699.94,697.29,699.26,696.71,699.99,699.64,700.03,699.94,698.46,699.92,699.85,699.86,699.8,699.99,700.05,700.01,699.85,699.75,699.84,699.97,699.68,699.77,699.69,699.68,699.7,699.73,699.88,699.68,699.92,699.97,699.99,699.94,700.17,699.45,699.73,700.07,699.88,699.95,699.95,700.02,699.7,700.13,699.8,699.57,700.21,699.96,699.57,699.21,699.41,700.44,700.19,699.81,699.65,699.32,699.16,698.99,671.02,536.75,402.34,271.14,141.07,31.42,14.23,14.97,15.52,15.85,16.02,16.18,16.35,16.52,16.72,16.93,17.01,17.07,17.23,17.3,17.34,17.41,17.49,17.54,17.51,17.6,17.76,17.74,17.83,17.9,17.97,17.96,17.97,18.12,18.16,18.21,18.3,18.34,18.35,18.48,18.59,18.54,-0.43,-0.35,-0.37,-0.44,2.82,15.7,26.04,38.05,50.57,62.28,66.1,73.83,84.91,96.96,100.91,97.08,102.7,113.15,120.66,127.26,150.23,161.95,171.34,181.62,194.07,209.73,227.26,247.08,289.0,352.79,396.4,427.6,448.98,466.36,480.72,492.09,500.98,508.08,514.51,520.7,526.61,532.23,537.67,542.82,548.09,553.11,558.04,563.07,567.9,572.73,577.01,580.97,584.66,587.82,590.66,593.09,595.08,596.58,597.71,598.48,598.59,598.01,596.69,594.71,592.21,589.28,586.14,582.86,579.59,576.35,573.15,569.79,566.26,562.65,558.95,554.96,550.91,546.71,542.37,537.94,533.46,528.95,524.58,520.33,516.33,512.56,509.17,508.54,510.17,512.44,515.14,518.02,518.83,517.93,516.45,514.84,513.26,511.61,509.95,508.36,506.77,505.13,503.56,502.03,500.52,498.97,497.59,496.13,494.74,493.39,492.0,490.54,489.17,487.72,486.46,485.02,483.69,482.39,481.08,479.78,478.54,477.38,476.15,475.04,473.93,472.87,471.77,470.73
20302,15,115.377,-3.09,12.56,43.88,635.79,995.5,887.5,848.98,862.03,886.5,901.95,849.21,840.8,857.65,878.12,841.71,771.04,761.84,774.82,760.41,733.73,748.96,736.78,718.54,701.68,698.87,699.59,700.0,699.6,700.09,700.9,697.62,697.08,698.67,696.87,699.81,699.5,700.03,699.45,698.37,699.79,700.05,700.07,699.69,699.96,699.96,700.02,699.96,699.46,699.47,699.92,699.98,699.34,699.94,699.11,699.68,699.81,699.81,699.9,699.95,700.03,699.98,699.96,699.97,700.02,699.85,699.92,700.13,699.8,699.65,699.93,700.05,699.71,699.95,699.99,699.61,699.53,700.37,700.1,699.7,699.42,699.13,698.97,700.34,701.54,701.2,700.79,668.15,535.49,401.45,270.32,140.5,30.56,13.62,14.09,14.55,14.88,15.1,15.23,15.42,15.54,15.73,15.74,15.86,15.9,16.1,16.18,16.3,16.39,16.41,16.51,16.65,16.66,16.59,16.82,16.87,16.89,16.98,17.04,17.04,17.09,17.17,17.24,17.3,17.36,17.42,17.46,17.51,17.56,-0.56,-0.53,-0.5,-0.56,2.26,14.71,25.11,37.15,49.65,61.49,65.41,73.17,84.32,96.32,100.16,96.45,102.16,112.54,120.13,128.78,150.3,162.0,171.34,181.87,194.29,210.38,227.73,248.01,294.04,357.3,399.88,429.94,450.65,468.08,482.0,493.24,501.8,508.86,515.46,521.54,527.37,533.01,538.38,543.6,548.81,553.85,558.83,563.78,568.56,573.22,577.53,581.55,585.21,588.35,591.16,593.63,595.57,597.18,598.3,599.1,599.38,598.84,597.57,595.61,593.15,590.33,587.19,583.91,580.76,577.68,574.56,571.34,568.01,564.46,560.76,556.79,552.7,548.37,544.0,539.44,535.02,530.42,525.99,521.74,517.67,513.91,510.61,510.13,511.77,514.24,517.1,520.11,520.93,520.06,518.69,517.01,515.45,513.77,512.16,510.54,508.9,507.33,505.8,504.2,502.64,501.19,499.7,498.31,496.85,495.53,494.1,492.67,491.26,489.76,488.43,487.06,485.7,484.4,483.17,481.91,480.67,479.42,478.3,477.12,475.98,474.92,473.82,472.79
20303,15,115.389,-4.63,12.73,43.5,631.6,994.1,885.52,847.51,861.03,885.11,899.64,846.81,838.23,855.04,875.55,839.65,769.35,760.24,773.43,759.14,732.36,748.24,736.0,718.35,701.57,698.86,699.07,700.12,700.26,700.92,698.69,698.31,697.81,699.6,695.86,699.92,699.49,699.57,699.74,698.32,699.82,699.99,699.84,699.7,699.98,700.01,700.01,699.37,699.8,699.7,699.84,699.81,699.02,699.65,699.76,699.9,699.72,699.68,700.02,699.8,699.96,699.62,699.76,699.96,699.89,699.84,699.99,699.92,699.96,699.87,700.0,699.57,699.77,700.16,699.82,699.5,699.17,700.08,700.49,700.07,699.73,699.44,699.26,699.06,699.72,701.76,701.49,668.28,535.38,401.42,270.67,140.46,30.97,13.75,14.44,15.0,15.29,15.59,15.66,15.82,15.9,16.11,16.24,16.33,16.41,16.54,16.64,16.7,16.83,16.88,17.01,17.1,17.18,17.22,17.35,17.32,17.37,17.5,17.53,17.55,17.6,17.65,17.75,17.78,17.89,17.9,18.0,18.06,18.06,-0.47,-0.47,-0.41,-0.54,2.41,14.98,25.32,37.45,49.95,61.82,65.61,73.39,84.5,96.47,100.34,96.56,102.36,112.68,120.02,128.13,149.9,161.57,171.08,181.41,193.83,209.73,227.17,247.31,291.29,355.21,398.5,429.22,450.77,467.51,481.84,493.19,501.91,509.03,515.45,521.7,527.5,533.14,538.49,543.67,548.72,553.82,558.83,563.87,568.71,573.39,577.85,581.95,585.52,588.8,591.58,594.23,596.24,597.87,599.06,599.82,600.12,599.55,598.27,596.41,593.89,591.11,587.98,584.79,581.66,578.47,575.37,572.33,568.97,565.37,561.61,557.71,553.72,549.38,544.98,540.47,535.92,531.38,526.98,522.76,518.72,514.93,511.53,511.03,512.89,515.3,518.11,521.18,522.02,521.15,519.7,518.17,516.59,514.96,513.31,511.7,510.1,508.45,506.81,505.32,503.87,502.26,500.83,499.47,498.07,496.66,495.29,493.84,492.42,491.0,489.67,488.27,486.97,485.68,484.38,483.09,481.88,480.69,479.49,478.41,477.26,476.07,475.09,474.03
20304,15,115.391,-3.22,12.12,43.03,633.14,994.26,884.04,845.41,859.09,883.56,899.12,846.62,838.66,856.12,876.94,839.68,769.44,760.11,773.08,758.92,730.97,747.86,735.79,718.47,701.63,698.69,699.1,699.86,700.33,700.41,695.88,699.89,697.21,699.64,696.12,699.77,699.55,699.84,699.71,698.41,699.91,700.1,699.69,699.95,699.85,699.64,699.71,699.16,699.85,699.89,699.72,699.82,699.75,699.65,699.99,699.54,699.57,699.97,699.43,699.92,699.99,699.98,700.08,699.77,699.88,699.94,699.66,700.19,699.7,699.36,700.34,700.01,699.58,699.17,698.86,699.67,700.75,700.41,700.14,699.82,699.55,699.37,699.1,698.96,700.73,702.15,698.6,670.01,536.93,402.45,271.06,141.06,31.65,14.35,15.2,15.69,15.94,16.2,16.45,16.68,16.84,17.02,17.16,17.26,17.28,17.44,17.45,17.51,17.65,17.71,17.78,17.84,17.91,17.95,17.97,18.14,18.15,18.15,18.21,18.32,18.35,18.45,18.6,18.56,18.54,18.65,18.7,18.81,18.78,-0.4,-0.4,-0.35,-0.53,2.65,15.26,25.47,37.5,50.12,61.69,65.51,73.37,84.49,96.48,100.37,96.43,102.31,112.6,120.08,127.31,149.76,161.53,171.37,181.63,193.98,210.15,227.66,247.91,293.28,356.6,399.59,430.09,451.37,468.43,482.5,493.62,502.3,509.32,515.63,521.86,527.75,533.32,538.82,544.11,549.11,554.11,559.09,564.08,568.96,573.63,578.06,582.13,585.69,589.11,592.06,594.47,596.58,598.08,599.3,600.09,600.29,599.83,598.54,596.57,594.16,591.4,588.32,585.12,581.95,578.83,575.76,572.64,569.19,565.78,561.94,558.07,553.85,549.47,545.12,540.45,535.86,531.31,526.86,522.64,518.55,514.88,511.58,511.05,512.94,515.39,518.25,521.37,522.24,521.38,520.01,518.39,516.81,515.26,513.66,512.07,510.37,508.84,507.21,505.77,504.23,502.77,501.3,499.85,498.49,497.09,495.79,494.26,492.94,491.47,490.15,488.69,487.46,486.09,484.85,483.55,482.41,481.07,480.02,478.8,477.75,476.62,475.61,474.5
20305,15,115.435,-3.95,11.67,45.11,639.19,995.91,885.75,846.73,859.81,883.99,899.06,846.13,838.14,854.87,875.29,838.6,768.35,759.58,772.79,758.28,731.7,747.46,735.89,718.56,702.0,699.75,699.66,698.99,700.01,700.23,700.97,697.4,697.41,698.98,696.33,699.93,699.58,700.05,699.24,698.72,699.92,699.27,699.89,699.73,699.65,699.78,700.07,699.54,699.44,700.06,699.92,699.66,700.04,699.23,699.55,699.8,699.85,699.57,699.97,699.99,699.99,700.03,699.95,700.01,699.68,699.95,699.98,699.7,700.0,699.78,699.64,700.14,699.78,699.37,699.7,700.21,699.77,699.48,699.18,699.94,700.5,700.07,699.77,699.56,699.34,699.22,699.01,671.0,536.13,401.76,270.51,140.42,30.49,13.44,13.89,14.48,14.82,15.01,15.17,15.4,15.49,15.64,15.79,15.96,16.08,16.19,16.3,16.42,16.35,16.46,16.56,16.66,16.65,16.74,16.85,16.9,16.88,17.01,16.9,17.09,17.13,17.1,17.28,17.26,17.38,17.42,17.52,17.48,17.62,-0.5,-0.45,-0.46,-0.55,2.48,15.07,25.31,37.23,49.92,61.6,65.42,73.29,84.31,96.38,100.09,96.4,102.14,112.73,120.16,129.25,150.51,162.17,171.89,182.38,195.22,211.13,228.61,249.38,299.0,361.38,403.21,432.5,453.05,469.97,483.65,494.64,502.91,509.94,516.31,522.52,528.27,533.89,539.33,544.56,549.58,554.73,559.72,564.77,569.67,574.32,578.56,582.67,586.22,589.49,592.29,594.86,596.88,598.63,599.75,600.6,600.92,600.43,599.15,597.32,594.83,592.1,589.01,585.88,582.67,579.58,576.6,573.48,570.37,566.94,563.25,559.39,555.41,551.18,546.87,542.49,537.89,533.5,529.04,524.85,520.87,517.13,513.9,513.36,515.14,517.64,520.53,523.65,524.42,523.56,522.2,520.67,519.02,517.56,515.82,514.15,512.68,511.0,509.47,507.97,506.34,504.92,503.37,502.07,500.69,499.28,497.87,496.37,495.03,493.69,492.18,490.95,489.48,488.24,486.97,485.55,484.46,483.25,481.99,480.97,479.77,478.62,477.65,476.54
20306,15,115.384,-4.69,11.88,43.84,635.2,993.93,883.42,845.19,859.11,884.0,899.2,846.16,837.95,855.02,875.31,839.13,768.71,759.66,772.88,758.3,730.9,747.9,735.8,718.54,701.75,699.78,699.34,699.77,699.62,700.42,701.17,696.75,696.87,699.43,696.55,700.27,699.52,699.85,699.83,697.78,699.81,700.02,699.23,699.88,700.06,699.41,700.01,699.85,699.7,699.47,699.15,699.58,699.6,699.65,699.8,699.88,699.9,699.75,699.88,700.06,699.93,699.97,699.98,700.11,698.98,699.5,699.96,699.87,700.07,699.56,699.72,699.95,699.62,699.88,700.14,699.69,700.16,700.3,699.98,699.67,699.46,699.21,698.92,700.46,701.16,700.85,700.63,668.7,535.22,401.31,270.44,140.41,30.88,13.7,14.35,14.9,15.19,15.41,15.61,15.67,15.82,16.05,16.02,16.19,16.35,16.45,16.59,16.56,16.7,16.81,16.89,16.9,17.02,17.06,16.98,17.16,17.09,17.27,17.34,17.39,17.43,17.52,17.57,17.57,17.72,17.74,17.81,17.79,17.96,-0.52,-0.36,-0.5,-0.45,2.79,15.84,25.98,38.05,50.36,61.99,65.75,73.47,84.52,96.42,100.32,96.42,102.06,112.54,120.0,126.4,149.68,161.64,171.53,181.82,194.84,210.69,228.5,249.21,299.91,362.02,403.26,432.51,453.2,469.98,483.86,494.59,502.99,509.78,516.16,522.15,528.22,533.67,539.03,544.27,549.37,554.43,559.48,564.47,569.15,573.79,578.21,582.14,585.8,588.93,591.97,594.37,596.6,598.1,599.37,600.11,600.2,599.82,598.45,596.49,594.06,591.16,587.99,584.77,581.56,578.37,575.34,572.25,568.95,565.49,561.72,557.91,553.87,549.55,545.3,540.77,536.26,531.83,527.35,523.19,519.2,515.35,512.13,511.81,513.48,516.03,518.99,521.88,522.84,521.96,520.58,519.01,517.39,515.85,514.23,512.62,510.99,509.43,507.72,506.23,504.8,503.17,501.81,500.38,498.92,497.67,496.18,494.76,493.37,492.02,490.57,489.29,487.98,486.54,485.3,484.12,482.95,481.69,480.48,479.4,478.29,477.11,476.1,475.16
20307,15,115.418,-5.36,10.64,49.43,655.5,995.08,883.54,844.68,858.29,883.34,898.35,845.1,837.37,854.2,875.11,837.72,767.51,758.7,772.2,757.53,732.2,746.92,735.27,718.32,701.73,698.59,698.68,699.92,700.57,699.99,698.84,697.44,698.51,696.14,699.63,697.95,699.48,699.55,699.56,698.62,699.31,698.87,700.1,699.78,699.83,699.95,699.78,700.04,699.56,700.01,699.83,699.8,699.87,699.51,700.06,698.95,699.84,699.44,699.8,699.86,700.05,699.58,699.93,699.88,700.03,699.55,700.01,699.97,699.94,699.53,699.49,699.88,700.03,699.99,699.65,700.49,700.41,699.96,699.65,699.41,699.12,698.93,700.39,701.19,700.84,700.62,700.33,667.92,534.45,400.56,269.92,140.45,33.05,18.89,19.34,19.88,20.17,20.45,20.6,20.71,20.85,20.85,21.02,21.09,21.11,21.32,21.45,21.56,21.6,21.59,21.62,21.74,21.84,21.97,21.88,22.1,22.07,22.14,22.14,22.26,22.27,22.41,22.54,22.44,22.51,22.6,22.69,22.74,22.75,-0.45,-0.48,-0.48,-0.55,2.84,15.56,25.71,37.77,50.17,61.95,65.7,73.5,84.75,96.69,100.4,96.62,102.46,112.9,120.89,131.79,151.42,163.12,173.41,183.72,196.17,212.66,230.89,253.34,312.77,370.72,409.93,436.74,456.6,473.13,485.91,496.19,504.15,511.07,517.34,523.41,529.02,534.48,539.95,544.9,549.99,555.15,560.16,565.02,569.86,574.54,578.8,582.92,586.6,589.73,592.56,595.05,597.07,598.51,599.69,600.4,600.56,600.11,598.9,596.91,594.54,591.71,588.63,585.54,582.45,579.44,576.47,573.64,570.53,567.08,563.52,559.71,555.58,551.17,546.74,542.21,537.5,533.0,528.56,524.29,520.27,516.7,513.54,513.25,515.24,517.86,520.76,523.74,524.54,523.73,522.43,520.89,519.34,517.74,516.13,514.4,512.96,511.42,509.74,508.16,506.62,505.19,503.81,502.36,500.83,499.54,498.2,496.79,495.32,493.93,492.57,491.24,490.0,488.62,487.28,486.09,484.85,483.73,482.57,481.28,480.24,479.16,478.16,477.17
20308,15,115.629,-5.63,10.89,53.56,672.63,997.93,884.65,844.32,857.22,880.61,893.79,839.65,831.16,846.82,866.31,828.25,758.06,748.85,761.83,747.29,723.85,740.45,731.08,716.17,701.55,699.2,698.2,699.73,700.32,699.05,696.38,698.33,698.88,695.97,699.89,699.21,699.99,699.77,698.49,699.88,699.67,699.95,699.16,700.11,700.03,699.3,699.6,699.45,699.87,699.47,699.93,699.86,698.95,699.97,699.47,699.6,699.83,699.7,700.01,699.62,700.0,700.01,699.95,699.94,699.8,700.06,699.59,700.01,700.15,699.77,699.39,700.03,699.88,699.92,700.05,699.86,699.32,700.22,700.79,700.42,700.11,699.9,699.6,699.39,699.17,698.97,700.15,669.62,535.31,401.03,269.99,139.91,33.36,18.69,19.28,19.71,20.02,20.3,20.43,20.58,20.74,20.81,20.84,21.03,21.06,21.23,21.38,21.42,21.42,21.49,21.63,21.67,21.66,21.85,21.85,21.98,21.93,22.0,22.2,22.21,22.24,22.31,22.32,22.4,22.46,22.53,22.52,22.55,22.69,-0.43,-0.45,-0.34,-0.45,3.45,16.4,26.48,38.44,50.86,62.59,66.12,73.73,84.95,96.74,100.18,96.32,102.13,112.59,120.6,132.31,152.62,164.98,176.37,187.51,201.25,217.79,238.29,280.92,350.65,397.93,429.82,453.07,470.68,484.86,495.63,503.76,511.08,517.64,523.88,529.71,535.07,540.09,545.19,550.27,555.06,559.94,564.9,569.87,574.75,579.44,583.78,587.84,591.46,595.03,597.85,600.44,602.61,604.38,605.81,606.76,607.18,606.9,606.01,604.41,602.15,599.71,597.03,594.34,591.65,588.95,586.37,583.82,581.26,578.55,575.59,572.13,567.9,563.25,558.44,553.52,548.68,544.11,539.9,535.96,532.67,529.79,527.37,527.97,530.82,534.2,537.83,541.52,542.82,542.3,541.24,539.96,538.6,537.18,535.81,534.37,532.91,531.33,529.97,528.45,526.99,525.6,524.29,522.91,521.55,520.1,518.64,517.21,515.86,514.4,513.15,511.8,510.57,509.29,508.15,506.94,505.86,504.7,503.51,502.44,501.36,500.38,499.21,498.34
20309,15,115.788,-5.76,9.56,50.75,656.11,983.17,865.45,827.78,841.65,864.96,877.24,823.22,815.41,831.2,850.7,810.57,742.79,734.61,747.68,731.35,711.59,730.94,724.87,712.94,701.25,699.86,699.37,699.16,701.03,700.04,696.73,699.04,696.85,699.82,697.29,699.78,699.56,699.12,700.11,699.41,699.26,699.32,700.02,698.91,699.55,700.04,699.92,699.8,699.68,699.49,699.29,699.6,699.87,699.2,699.73,699.85,699.37,699.53,699.85,699.94,699.92,700.02,699.9,700.14,699.47,699.77,699.98,700.28,700.21,699.49,699.17,699.04,699.48,700.65,700.49,700.27,699.75,699.62,699.35,699.19,698.92,700.32,701.29,701.16,700.92,700.45,698.15,667.85,533.46,398.7,267.52,138.1,29.45,13.75,14.23,14.79,15.07,15.16,15.48,15.58,15.71,15.84,15.9,16.06,16.12,16.32,16.32,16.49,16.49,16.59,16.68,16.83,16.68,16.83,16.92,16.97,16.96,17.1,17.25,17.13,17.21,17.36,17.49,17.38,17.57,17.51,17.78,17.58,17.78,-0.41,-0.47,-0.47,-0.47,3.08,15.53,25.45,37.18,49.41,60.61,64.04,71.76,82.56,94.07,97.12,93.46,99.2,109.49,116.74,128.36,149.31,162.77,174.79,186.84,201.82,219.64,242.42,299.82,367.14,410.01,439.98,461.75,478.15,490.78,500.11,508.09,515.04,521.77,527.75,532.93,538.18,543.2,548.25,553.03,557.91,562.89,567.75,572.73,577.49,582.24,586.8,590.85,594.76,598.16,601.27,603.89,606.21,608.05,609.45,610.56,611.24,611.3,610.61,609.07,607.07,604.76,602.23,599.6,597.06,594.6,592.22,589.93,587.35,584.64,581.66,578.43,575.01,571.15,567.16,562.97,558.56,554.08,549.95,546.13,542.83,540.0,537.56,538.47,541.57,545.22,549.28,553.14,554.71,554.33,553.33,552.13,550.9,549.62,548.28,546.97,545.72,544.3,543.03,541.71,540.39,539.1,537.91,536.6,535.24,533.93,532.58,531.23,529.98,528.57,527.35,526.13,524.83,523.73,522.56,521.33,520.26,519.11,518.04,516.95,515.88,514.95,513.81,512.87
20311,15,115.86,-6.03,9.75,56.22,661.54,972.69,848.41,811.65,824.16,848.08,860.4,808.16,802.23,818.83,838.45,798.58,732.2,724.7,738.31,721.7,705.31,725.39,721.36,710.82,701.18,699.91,699.13,700.11,700.25,699.16,696.68,698.77,696.44,699.72,697.68,699.85,699.69,698.78,699.15,699.64,698.6,699.66,699.83,699.49,699.79,700.18,699.32,699.88,699.92,700.3,699.59,699.93,699.53,699.79,699.59,699.41,699.82,699.53,699.82,700.07,699.95,700.12,699.62,699.71,699.97,699.75,699.86,699.89,700.04,700.34,699.8,699.44,699.44,700.45,700.16,699.91,699.5,699.31,699.13,699.21,701.03,700.98,700.67,700.41,700.04,699.98,699.89,666.66,531.07,396.72,265.74,135.87,29.03,15.49,15.56,16.14,16.5,16.7,16.89,17.0,17.19,17.14,17.66,17.44,17.55,17.64,17.8,17.83,17.96,18.22,17.95,18.17,18.21,18.38,18.42,18.44,18.81,18.45,18.6,18.76,18.69,18.84,18.91,18.98,18.95,19.24,19.0,19.17,19.33,-0.51,-0.47,-0.42,-0.4,3.1,15.04,24.76,36.22,48.1,59.03,62.69,70.12,80.78,92.27,95.24,91.64,97.55,107.85,115.64,128.35,148.59,162.57,175.36,187.98,203.8,223.02,250.67,322.72,382.91,421.33,448.43,468.52,483.67,494.81,503.45,511.14,517.99,524.25,529.72,535.01,539.94,544.83,549.71,554.31,559.2,564.01,568.87,573.87,578.56,583.48,587.92,591.98,595.81,599.17,602.12,604.74,607.05,608.74,610.35,611.3,611.82,611.94,611.21,609.92,608.1,605.81,603.34,600.78,598.38,596.04,593.58,591.54,589.2,586.56,583.61,580.6,576.92,573.12,569.07,565.06,561.02,557.13,553.51,550.21,547.08,544.78,542.51,543.68,547.05,550.83,555.27,559.38,560.99,560.72,559.67,558.83,557.46,556.34,555.02,553.81,552.57,551.22,550.1,548.87,547.64,546.44,545.2,544.1,542.87,541.7,540.36,539.24,538.04,536.8,535.67,534.43,533.35,532.15,531.01,529.88,528.77,527.78,526.51,525.75,524.71,523.74,522.82,521.89
20312,15,115.884,-5.5,10.22,54.55,654.43,968.22,843.86,807.41,820.87,844.78,856.7,806.43,799.21,815.35,834.88,794.07,728.75,721.86,735.22,717.71,702.27,723.31,719.92,710.47,700.95,699.89,699.69,699.82,699.81,698.68,698.59,699.92,695.37,699.83,698.58,699.58,699.43,699.77,699.56,698.74,699.93,699.14,699.79,699.34,700.07,699.31,699.94,699.76,699.46,699.38,700.12,699.76,699.36,699.88,699.39,700.05,699.8,699.76,700.03,700.04,700.04,699.99,699.89,700.14,699.78,699.95,699.88,699.86,699.95,700.02,699.75,699.89,699.87,699.38,699.91,700.12,699.5,699.69,700.25,700.07,699.56,699.3,700.43,700.55,699.86,699.51,699.39,666.12,530.54,396.17,264.99,135.12,27.97,13.4,13.97,14.18,14.56,14.83,15.09,15.16,15.28,15.33,15.42,15.7,15.62,15.92,16.08,16.09,16.18,16.39,16.27,16.51,16.52,16.71,16.84,16.84,16.9,16.84,16.8,16.92,16.95,16.99,17.17,17.36,17.61,17.64,17.17,17.23,17.37,-0.48,-0.33,-0.46,-0.62,3.32,15.06,24.67,35.98,47.86,58.77,61.91,69.62,80.42,91.73,94.44,91.03,97.0,107.13,114.2,127.02,147.72,161.78,174.82,187.7,203.8,223.05,250.94,323.95,383.52,422.74,449.74,469.42,484.46,495.18,503.98,511.65,518.46,524.73,530.11,535.3,540.4,545.29,549.91,554.75,559.52,564.31,569.26,574.08,578.98,583.76,588.3,592.34,596.21,599.7,602.74,605.5,607.96,609.85,611.65,612.82,613.47,613.62,613.07,611.87,610.15,607.89,605.4,602.96,600.42,597.9,595.63,593.63,591.16,588.62,585.8,582.57,579.04,575.26,571.15,566.95,562.97,559.3,555.75,552.41,549.71,547.23,545.03,546.13,549.47,553.49,557.58,561.91,563.49,563.25,562.38,561.36,560.08,558.95,557.74,556.5,555.25,553.93,552.8,551.43,550.18,548.87,547.55,546.59,545.47,544.24,542.95,541.82,540.56,539.33,538.12,537.1,535.75,534.5,533.8,532.69,531.53,530.51,529.39,528.26,527.43,526.44,525.58,524.51
20313,15,115.935,-6.09,9.99,58.68,663.16,965.24,840.47,804.15,817.98,841.9,853.67,801.52,795.96,811.96,831.25,790.02,724.65,717.89,731.55,717.69,701.94,723.13,720.05,710.42,700.97,699.83,698.99,699.97,699.76,698.59,699.07,698.22,696.28,700.03,698.36,699.97,699.77,699.06,699.37,699.97,698.49,699.73,699.8,699.31,699.39,699.97,699.75,699.77,700.05,699.32,699.49,699.75,699.74,699.85,699.84,700.2,699.72,700.04,699.95,699.93,700.05,699.91,699.98,700.11,699.99,699.78,699.64,699.91,700.29,699.97,698.99,699.35,700.46,699.82,699.4,699.11,699.85,700.74,700.51,700.16,700.0,699.8,699.59,699.4,699.06,698.94,700.44,666.5,530.1,395.95,265.0,135.37,27.8,13.43,14.08,14.29,14.79,14.9,15.02,15.36,15.47,15.56,15.66,15.79,15.92,16.11,15.87,15.9,16.05,16.18,16.26,16.53,16.63,16.68,16.78,16.8,16.59,16.84,16.88,17.1,17.24,17.11,17.12,17.15,17.22,17.3,17.3,17.28,17.3,-0.6,-0.47,-0.47,-0.6,3.26,15.0,24.62,36.0,47.74,58.51,61.8,69.33,80.07,91.44,94.25,90.83,96.66,106.73,115.0,128.49,148.84,163.1,176.51,189.51,205.96,226.49,261.25,338.36,393.73,430.29,455.37,474.39,488.15,498.11,506.45,514.42,520.93,526.85,532.11,537.11,542.04,546.85,551.5,556.0,560.86,565.78,570.5,575.32,580.06,584.77,589.23,593.38,597.7,601.31,604.22,606.99,609.28,611.48,613.12,614.22,614.73,614.78,614.31,613.21,611.62,609.41,606.9,604.55,602.18,599.9,597.85,595.66,593.43,591.03,588.33,585.29,581.8,578.01,574.07,570.04,566.13,562.88,559.39,556.33,553.73,551.52,549.56,550.94,554.51,558.7,562.99,567.43,569.29,569.28,568.53,567.53,566.6,565.42,564.16,562.9,561.61,560.34,559.15,558.12,556.97,555.73,554.51,553.37,552.31,551.0,549.79,548.51,547.22,545.99,544.86,544.06,542.83,541.71,540.63,539.56,538.61,537.54,536.6,535.77,534.73,533.73,532.84,531.94
20314,15,115.969,-4.42,10.02,56.79,656.63,961.78,836.35,800.43,816.13,838.99,850.49,798.85,792.96,809.37,828.97,787.7,722.45,715.79,729.22,711.93,697.64,719.56,717.42,709.18,700.36,700.01,700.18,701.0,700.56,698.66,698.21,698.43,696.44,699.86,698.21,699.94,699.28,699.9,699.32,698.73,699.92,699.78,700.02,699.05,700.06,699.62,700.06,699.53,699.15,699.73,700.16,699.76,699.99,699.67,699.54,700.03,699.39,699.7,699.11,699.78,700.06,699.99,699.95,699.96,699.77,699.97,700.03,699.98,699.97,700.01,699.91,700.14,699.94,699.67,699.43,700.33,700.16,699.85,699.51,699.19,699.12,699.22,701.26,701.47,701.19,699.88,697.29,667.05,529.75,395.76,264.7,135.14,27.41,12.73,13.45,13.94,14.15,14.52,14.68,14.87,14.92,14.86,15.03,15.13,15.37,15.3,15.57,15.56,15.61,15.7,15.89,15.94,16.14,16.1,16.14,16.25,16.25,16.35,16.55,16.53,16.66,16.72,16.76,16.88,16.92,16.99,17.07,17.15,17.2,-0.39,-0.52,-0.39,-0.45,2.84,14.47,24.11,35.34,47.02,57.75,60.94,68.49,79.41,90.76,93.34,89.9,95.75,106.06,113.72,126.65,147.31,161.7,175.12,188.52,205.52,226.01,261.33,339.21,395.06,431.09,455.64,474.63,488.2,497.93,506.42,513.92,520.72,526.61,531.96,536.94,541.91,546.68,551.31,555.88,560.62,565.42,570.27,575.19,580.05,584.87,589.45,593.78,597.55,601.07,604.27,607.0,609.28,611.51,613.31,614.38,615.05,615.06,614.56,613.6,612.17,609.98,607.67,605.12,602.85,600.55,598.32,596.28,594.19,591.8,589.17,586.06,582.83,579.28,575.4,571.5,567.7,564.06,560.64,557.65,555.02,552.82,551.05,552.5,556.05,560.72,565.34,569.65,571.42,571.42,570.63,569.8,568.76,567.53,566.25,564.92,563.7,562.54,561.74,560.84,559.67,558.37,557.04,555.86,554.88,553.6,552.37,551.14,549.98,548.68,547.62,546.85,545.72,544.53,543.51,542.5,541.21,540.2,539.18,538.27,537.47,536.44,535.57,534.64
20315,15,116.002,-6.08,9.77,55.69,650.76,958.26,832.25,796.94,810.26,834.35,846.34,794.8,789.57,806.28,826.87,784.16,719.16,713.17,726.24,708.24,695.31,717.69,716.07,708.45,700.43,700.34,699.99,700.55,699.06,698.53,696.83,699.28,696.72,698.57,698.82,699.39,699.51,699.99,699.88,698.52,699.94,699.57,699.57,699.91,700.15,699.55,700.03,700.02,699.54,699.96,699.84,699.84,698.74,699.94,699.91,699.84,699.92,700.1,699.91,699.97,700.01,699.8,700.01,700.16,699.72,699.95,700.25,699.84,699.86,700.02,700.42,699.74,699.48,699.09,699.6,700.05,699.73,699.86,700.1,700.06,699.73,699.39,699.18,700.62,700.78,700.94,700.46,663.77,528.36,394.65,263.68,133.59,29.1,15.81,16.6,17.06,17.3,17.42,17.75,17.77,17.98,18.17,18.08,18.08,18.75,18.55,18.55,18.51,18.91,19.01,19.05,18.87,19.06,19.13,19.42,19.32,19.28,19.56,19.9,19.56,19.28,19.42,19.92,20.19,20.35,20.34,20.35,20.06,19.96,-0.49,-0.28,-0.62,-0.58,3.05,14.57,24.05,35.17,46.74,57.58,60.95,68.59,79.2,90.64,93.1,89.76,95.71,106.06,113.13,126.4,146.97,161.53,175.21,188.57,205.59,226.04,261.61,339.9,394.87,431.67,456.62,475.28,489.17,498.69,507.3,514.85,521.39,527.22,532.34,537.53,542.38,546.88,551.49,556.28,560.68,565.44,570.4,575.25,580.21,585.12,589.58,593.6,597.53,601.13,604.17,606.98,609.41,611.67,613.94,615.2,615.8,615.79,615.35,614.49,612.94,610.98,608.63,606.25,603.76,601.53,599.33,597.26,595.33,592.75,590.15,587.42,584.54,581.02,577.57,573.94,570.18,566.67,563.21,560.29,557.64,555.49,553.67,555.24,558.94,563.14,567.74,572.25,574.28,574.19,573.74,572.78,571.38,570.34,569.15,568.02,566.92,565.89,564.78,563.51,562.32,561.16,560.1,559.05,557.96,556.64,555.47,554.35,553.28,551.91,550.75,549.62,548.4,547.61,546.39,545.4,544.3,543.38,542.39,541.42,540.53,539.56,538.7,537.85
20316,15,115.987,-5.27,9.6,55.47,650.11,955.46,830.35,794.49,808.24,832.76,844.69,793.03,787.8,804.33,824.18,782.12,717.57,711.25,724.94,707.48,694.06,717.01,715.79,708.41,700.01,700.13,700.24,700.84,699.56,700.19,697.36,699.03,696.8,698.63,699.5,700.05,697.7,699.57,699.54,698.89,699.65,700.1,698.71,699.69,700.06,699.58,700.15,699.75,699.28,699.85,699.7,699.81,699.59,700.0,699.69,699.65,699.63,699.87,699.08,699.77,699.99,699.68,699.92,700.08,699.63,699.97,699.77,699.98,699.49,699.88,700.22,699.88,699.5,699.21,698.88,700.02,701.1,700.82,700.44,700.21,700.06,699.67,699.43,699.19,698.93,699.25,702.24,664.47,529.02,395.15,264.4,134.32,30.3,17.58,18.27,18.62,18.99,19.12,19.4,19.6,20.11,20.05,20.07,20.46,20.32,20.48,20.51,20.68,20.64,20.75,20.76,20.77,21.13,20.91,20.98,21.09,21.01,21.35,21.24,21.25,21.38,21.33,21.7,21.46,21.6,21.71,21.74,21.59,22.0,-0.48,-0.56,-0.45,-0.49,3.24,14.88,24.23,35.51,47.06,57.86,61.14,68.64,79.11,90.59,93.16,89.79,95.52,105.73,112.79,125.68,146.87,161.65,175.42,188.65,205.74,226.26,262.83,341.37,396.29,432.54,457.54,475.65,489.53,499.11,507.68,514.82,521.35,527.0,532.44,537.58,542.44,547.06,551.6,556.24,560.7,565.48,570.28,575.25,580.28,585.11,589.62,594.03,597.86,601.29,604.47,607.32,609.81,611.84,613.94,615.23,615.96,616.07,615.64,614.73,613.22,611.22,608.76,606.49,604.25,602.01,599.79,597.77,595.34,593.42,590.95,588.15,584.91,581.35,577.7,574.0,570.46,566.73,563.5,560.57,557.93,555.68,553.78,555.4,559.13,563.63,567.89,572.51,574.38,574.33,573.67,572.66,571.71,570.56,569.4,568.47,567.37,565.88,564.59,563.71,562.66,561.46,560.31,559.24,558.18,557.04,555.67,554.62,553.46,552.26,551.13,550.15,548.81,547.78,546.8,545.81,544.78,543.72,542.82,542.09,540.92,539.89,539.3,538.45
20317,15,116.044,-5.25,9.81,53.44,642.88,954.56,828.6,793.21,806.34,830.23,841.98,790.85,786.07,802.89,822.34,780.55,716.51,709.86,723.46,705.47,693.03,716.16,715.19,707.92,701.06,700.37,699.68,700.25,697.91,700.36,696.5,697.25,698.83,696.82,699.97,699.42,699.84,698.72,698.96,699.77,699.67,699.07,699.37,700.17,698.96,699.94,699.77,699.74,700.01,699.66,699.45,699.76,699.63,699.43,699.64,699.66,699.68,698.92,699.82,699.88,699.92,699.79,699.58,700.01,699.58,699.95,699.84,699.59,700.06,699.81,699.89,700.33,699.98,699.78,699.32,699.03,699.02,700.78,700.86,700.61,700.31,700.03,699.82,699.51,699.34,699.17,698.97,665.13,529.14,394.94,263.87,133.77,29.96,17.36,17.7,18.16,18.44,18.67,18.93,18.96,19.2,19.24,19.4,19.42,19.57,19.55,19.8,19.85,19.98,20.06,20.29,20.13,20.26,20.41,20.49,20.47,20.58,20.6,20.79,20.72,20.78,20.89,20.93,20.99,21.08,21.17,21.13,21.16,21.19,-0.47,-0.42,-0.39,-0.45,2.84,14.14,23.7,34.8,46.46,57.06,60.33,67.84,78.45,89.88,92.65,88.99,94.98,105.15,112.44,125.49,146.35,161.06,174.93,188.79,205.43,226.05,262.25,340.65,396.18,432.37,457.72,476.34,489.65,499.45,508.1,515.37,522.05,527.82,532.99,538.06,542.98,547.24,552.04,556.57,561.07,565.89,570.52,575.65,580.51,585.42,590.02,594.48,598.09,601.64,605.03,607.73,610.15,612.38,614.39,615.86,616.6,616.77,616.27,615.06,613.87,611.85,609.67,607.35,605.11,602.6,600.54,598.36,596.41,594.27,591.55,588.92,585.81,582.31,578.75,574.97,571.19,567.6,564.38,561.37,558.64,556.55,554.64,556.47,560.29,564.76,569.49,574.28,576.11,576.06,575.51,574.42,573.6,572.27,571.33,570.19,569.11,568.01,566.69,565.85,564.71,563.48,562.5,561.33,560.34,559.17,558.07,556.81,555.61,554.42,553.47,552.25,551.12,550.22,548.95,548.0,546.98,546.04,544.95,544.06,543.24,542.22,541.44,540.55
20318,15,116.036,-4.94,10.68,52.7,637.03,950.97,825.8,791.48,805.52,829.89,841.52,790.37,785.58,802.22,821.7,779.12,715.46,709.78,722.52,704.46,692.14,715.32,714.69,707.81,699.98,699.88,699.99,700.74,701.14,699.73,695.5,698.08,699.68,696.46,700.15,699.25,699.74,699.74,698.5,699.92,700.02,698.74,699.67,699.54,699.86,699.63,699.19,699.88,699.92,699.91,700.04,699.77,699.31,699.7,699.6,699.13,699.31,700.04,698.94,699.77,700.06,699.92,699.72,699.91,699.88,700.14,699.75,699.78,699.92,699.95,699.95,699.56,699.89,700.13,699.81,699.48,699.1,699.9,700.94,700.54,700.31,700.0,699.82,699.63,699.24,699.15,699.0,665.21,529.22,394.78,263.99,133.95,29.59,16.96,17.46,17.88,18.0,18.29,18.55,18.66,18.81,19.01,19.16,19.31,19.5,19.44,19.54,19.66,19.69,19.77,19.9,19.94,20.02,20.07,20.16,20.23,20.34,20.33,20.34,20.48,20.58,20.49,20.71,20.69,20.72,20.83,20.88,20.84,20.97,-0.49,-0.42,-0.46,-0.43,3.0,14.18,23.6,34.86,46.48,57.07,60.28,67.89,78.44,89.83,92.23,88.86,94.85,104.99,112.01,125.02,146.04,160.83,174.6,188.43,205.35,225.53,259.31,337.09,394.35,430.81,456.51,475.77,489.09,499.24,507.7,515.24,521.79,527.45,532.76,537.82,542.49,547.14,551.64,556.25,560.71,565.43,570.32,575.11,580.27,585.08,589.7,593.91,597.98,601.4,604.57,607.32,609.86,612.33,614.27,615.77,616.68,616.88,616.36,615.48,614.13,612.25,610.18,607.71,605.33,603.1,600.89,598.82,596.67,594.41,591.99,589.22,586.05,582.6,579.05,575.23,571.51,567.87,564.72,561.57,558.86,556.8,554.69,556.52,560.48,564.96,569.65,574.5,576.39,576.45,575.74,574.97,574.06,572.89,571.87,570.7,569.59,568.48,567.48,566.28,565.18,564.22,563.03,561.97,560.92,559.88,558.42,557.46,556.32,555.1,553.98,552.96,551.87,550.6,549.78,548.64,547.64,546.72,545.64,544.8,543.9,542.98,542.2,541.27
20319,15,116.004,-6.24,9.46,52.18,635.76,948.77,826.85,790.73,804.47,828.65,840.28,789.16,784.74,801.64,821.06,778.64,714.72,708.81,722.31,703.68,692.11,715.31,714.63,707.61,701.01,700.39,699.29,699.57,697.72,700.01,695.7,697.66,699.38,696.84,699.93,699.38,699.88,699.87,698.19,700.01,699.94,698.82,699.68,699.76,699.94,699.73,699.46,699.76,699.48,700.01,699.9,699.61,699.92,699.24,699.52,699.67,699.96,699.01,699.97,699.91,699.95,699.82,699.97,699.79,699.93,699.89,700.14,699.56,699.94,699.99,700.16,699.91,699.47,699.2,700.55,700.44,700.11,699.87,699.53,699.4,699.06,699.04,700.88,700.96,700.68,700.27,700.21,662.8,527.77,393.83,263.15,133.15,28.67,15.8,16.13,16.73,17.01,17.23,17.45,17.55,17.7,17.84,17.92,18.05,18.13,18.16,18.36,18.42,18.55,18.55,18.62,18.74,18.74,18.77,18.9,18.95,18.92,19.18,19.18,19.03,19.28,19.36,19.33,19.46,19.49,19.48,19.68,19.66,19.65,-0.49,-0.55,-0.49,-0.49,2.84,14.02,23.47,34.63,46.27,56.85,60.13,67.68,78.11,89.51,91.91,88.64,94.46,104.59,111.32,124.45,145.81,160.43,174.51,188.52,205.13,225.42,260.55,338.67,394.16,430.1,455.56,474.52,488.18,498.49,506.88,514.38,521.08,526.74,532.16,537.26,542.0,546.76,551.36,555.85,560.41,565.19,569.98,574.84,579.91,584.94,589.48,593.73,597.79,601.3,604.42,607.31,609.83,612.32,614.4,615.8,616.47,616.71,616.15,615.1,613.73,611.88,609.67,607.32,604.75,602.6,600.33,598.07,596.13,593.87,591.19,588.43,585.33,581.73,578.05,574.36,570.48,566.87,563.35,560.33,557.54,555.26,553.52,555.26,559.14,563.73,568.48,573.18,575.13,574.92,574.39,573.62,572.56,571.41,570.3,569.23,568.08,566.96,565.94,564.65,563.68,562.59,561.35,560.39,559.28,558.02,557.0,555.77,554.64,553.43,552.29,551.24,550.06,548.99,547.95,546.96,545.77,544.87,543.91,543.03,542.11,541.14,540.3,539.35
20320,15,116.038,-3.74,10.66,54.6,640.29,950.87,825.68,790.72,804.01,828.13,839.74,788.85,784.07,800.66,820.07,777.6,713.62,707.58,720.92,702.24,691.11,714.26,713.94,707.35,700.35,700.36,700.46,700.91,699.24,700.77,697.2,696.84,699.54,696.87,700.1,699.32,699.99,699.42,698.67,699.92,699.84,699.26,699.67,699.67,699.74,699.62,699.73,699.92,699.71,699.75,699.65,699.89,699.47,699.48,699.96,699.75,699.65,699.81,699.87,700.06,699.68,699.95,699.97,699.84,699.95,699.74,700.0,699.99,699.99,699.58,700.37,700.11,699.66,699.34,699.06,698.8,700.67,701.1,700.73,700.44,700.22,699.97,699.66,699.64,699.38,699.12,698.97,664.54,528.41,394.24,263.24,133.13,28.75,15.61,16.16,16.74,16.98,17.21,17.46,17.56,17.73,17.76,17.97,17.99,18.14,18.18,18.35,18.4,18.52,18.66,18.73,18.8,18.78,18.86,18.88,19.01,19.07,19.12,19.16,19.29,19.31,19.36,19.48,19.45,19.58,19.66,19.73,19.77,19.84,-0.52,-0.44,-0.36,-0.39,3.23,14.65,24.13,35.31,46.95,57.18,60.52,68.27,78.8,89.91,92.39,89.09,94.99,105.12,112.07,125.36,146.62,161.35,175.39,189.19,206.52,227.58,265.56,344.62,399.39,434.67,459.53,477.82,490.69,500.45,508.96,516.35,522.56,528.2,533.56,538.61,543.25,547.75,552.42,556.83,561.45,566.2,571.1,576.01,581.0,585.8,590.43,594.77,598.76,602.29,605.52,608.34,610.9,613.23,615.46,617.05,617.89,617.98,617.64,616.71,615.38,613.62,611.63,609.17,606.96,604.82,602.52,600.56,598.44,596.3,593.82,591.06,587.83,584.34,580.78,576.91,573.2,569.77,566.31,563.2,560.77,558.45,556.75,558.64,562.69,567.36,572.42,577.04,579.16,579.17,578.47,577.74,576.76,575.68,574.53,573.61,572.34,571.36,570.23,569.07,568.06,566.88,565.91,564.83,563.62,562.67,561.3,560.26,559.0,557.91,556.87,555.59,554.62,553.54,552.49,551.45,550.42,549.52,548.46,547.6,546.59,545.81,544.82,544.04
20321,15,116.046,-3.97,11.65,52.62,629.5,948.21,824.19,789.53,802.42,825.93,837.36,786.53,782.36,799.23,818.79,776.79,714.74,708.98,720.92,702.29,691.2,714.53,714.08,707.44,700.03,699.64,700.19,700.53,701.54,697.83,700.16,697.47,698.48,698.22,699.78,699.89,699.11,699.03,699.57,699.6,698.84,699.6,700.24,699.41,699.02,699.48,699.92,699.44,699.75,700.04,699.39,699.95,700.08,699.35,700.05,698.87,699.73,699.89,699.66,699.89,699.88,699.87,699.81,699.68,699.99,700.03,699.99,700.0,699.58,699.68,699.87,700.07,700.01,699.67,699.39,699.17,699.96,700.06,699.74,699.41,700.06,700.61,700.25,699.92,699.67,699.55,699.18,664.35,528.41,393.92,263.0,133.42,28.08,15.1,15.57,16.02,16.36,16.54,16.6,16.91,16.97,17.13,17.19,17.35,17.42,17.47,17.65,17.73,17.76,17.84,17.98,17.97,18.11,18.07,18.26,18.18,18.34,18.32,18.52,18.42,18.66,18.64,18.7,18.71,18.83,18.89,18.85,19.03,19.08,-0.34,-0.42,-0.49,-0.49,2.78,14.03,23.53,34.67,46.15,56.77,59.92,67.53,78.07,89.35,91.74,88.4,94.49,104.5,111.24,124.24,145.63,160.14,174.1,187.82,204.63,225.09,257.5,335.72,393.43,431.17,456.71,476.0,489.24,499.44,507.95,515.56,521.92,527.57,532.86,537.98,542.45,547.26,551.72,556.17,560.7,565.39,570.1,575.05,580.2,584.88,589.6,593.95,597.83,601.26,604.56,607.31,609.7,612.2,614.24,615.71,616.58,616.63,616.21,615.32,613.94,612.05,609.94,607.64,605.33,602.99,600.89,598.66,596.72,594.55,592.14,589.6,586.6,583.26,579.88,576.14,572.49,568.98,565.55,562.59,559.9,557.43,555.8,557.38,561.53,566.2,571.05,575.98,578.0,578.13,577.52,576.63,575.67,574.68,573.55,572.49,571.39,570.22,569.23,568.05,567.02,565.79,564.79,563.78,562.51,561.46,560.25,559.11,557.92,556.89,555.71,554.63,553.49,552.53,551.39,550.34,549.39,548.36,547.43,546.44,545.65,544.63,543.85,542.95
20322,15,115.941,-2.82,12.19,54.46,625.94,948.23,826.36,791.53,804.81,829.17,841.75,791.17,786.99,804.53,824.66,782.7,719.04,713.29,727.01,708.52,696.05,718.48,716.48,708.55,700.79,700.39,699.92,699.74,699.51,700.79,695.66,696.81,699.4,696.96,699.93,699.19,699.27,699.54,699.53,699.11,699.62,699.36,700.21,699.29,699.8,699.46,699.98,699.95,700.01,699.41,699.83,699.56,699.95,699.01,699.67,699.85,699.95,699.86,699.66,699.9,699.94,699.95,699.88,699.92,700.0,699.93,700.01,699.99,700.01,699.89,700.08,699.85,699.78,700.35,700.01,699.71,699.44,699.15,698.91,700.42,700.85,700.49,700.29,699.99,699.83,699.53,699.39,664.3,528.32,393.96,263.27,133.43,28.15,15.43,15.79,16.19,16.47,16.68,16.88,17.06,17.13,17.22,17.47,17.48,17.54,17.66,17.75,17.74,17.88,18.16,18.12,18.25,18.32,18.39,18.43,18.52,18.51,18.62,18.66,18.7,18.84,18.89,18.94,18.95,19.11,19.16,19.13,19.21,19.25,-0.36,-0.46,-0.47,-0.38,2.89,14.08,23.64,34.9,46.34,56.92,60.26,67.93,78.36,89.7,92.19,88.98,94.95,105.28,111.68,123.96,145.87,160.25,173.75,187.15,203.55,222.74,249.55,321.28,383.23,422.68,449.91,470.37,484.87,496.04,504.56,512.29,519.19,525.06,530.54,535.76,540.56,545.4,550.14,554.65,559.16,563.98,568.75,573.63,578.6,583.33,587.96,592.38,596.0,599.64,602.75,605.54,608.15,610.55,612.41,613.55,614.19,614.21,613.81,612.71,611.08,609.03,606.64,604.09,601.65,599.23,596.95,594.79,592.57,590.29,587.86,585.15,582.2,578.89,575.43,571.76,567.94,564.54,561.08,557.92,555.12,552.45,550.43,551.39,555.03,558.99,563.53,567.95,569.68,569.62,568.83,567.84,566.8,565.64,564.51,563.34,562.15,560.98,559.76,558.65,557.52,556.3,555.23,554.05,552.95,551.82,550.6,549.39,548.17,547.02,545.75,544.68,543.57,542.44,541.35,540.27,539.29,538.17,537.28,536.24,535.44,534.27,533.55,532.47
20323,15,115.974,-5.19,10.26,55.49,648.6,957.76,832.31,797.14,810.77,834.75,847.28,796.89,791.01,807.7,827.31,785.91,720.74,714.44,727.87,710.3,696.96,719.11,717.07,708.89,701.07,700.06,698.96,699.6,698.9,698.89,696.68,698.94,696.95,698.31,699.08,699.56,699.89,699.66,699.27,698.97,699.94,700.07,699.5,699.82,699.06,699.83,699.88,699.72,699.28,699.97,699.79,699.73,699.87,700.03,698.77,699.72,699.76,699.75,699.67,699.77,700.01,699.66,700.04,699.89,699.91,699.98,699.65,699.89,699.95,699.79,700.03,700.03,699.57,699.43,700.03,699.73,699.83,700.12,699.88,699.49,699.93,700.25,699.97,699.69,699.36,699.16,698.93,665.81,529.81,395.55,264.43,134.14,30.75,18.06,18.73,19.2,19.54,19.67,19.78,20.0,20.17,20.17,20.38,20.52,20.54,20.69,20.78,20.9,20.93,21.1,21.13,21.24,21.29,21.38,21.35,21.54,21.54,21.57,21.74,21.8,21.77,21.8,21.9,21.92,22.01,22.09,22.15,22.18,22.26,-0.35,-0.37,-0.41,-0.43,3.55,15.03,24.69,35.81,47.55,58.22,61.64,69.24,79.71,91.21,93.84,90.35,96.23,106.48,113.55,126.44,147.72,162.16,175.64,189.34,205.74,225.47,256.85,332.88,390.1,428.19,454.13,472.94,487.48,497.4,506.31,513.78,520.43,526.45,531.55,536.73,541.72,546.35,550.78,555.35,559.92,564.72,569.45,574.27,579.31,584.18,588.77,593.09,597.01,600.39,603.51,606.32,609.04,611.47,613.37,614.59,615.05,615.33,614.67,613.66,612.11,609.99,607.72,605.18,602.72,600.42,598.05,595.99,593.84,591.45,588.97,586.14,583.02,579.61,575.98,572.27,568.38,564.82,561.41,558.34,555.6,553.21,551.18,552.35,555.94,560.01,564.47,568.98,570.54,570.55,569.61,568.72,567.53,566.49,565.23,564.1,562.92,561.72,560.62,559.4,558.27,557.09,556.03,554.78,553.66,552.52,551.28,550.04,548.96,547.75,546.58,545.38,544.33,543.24,542.15,541.22,540.1,539.14,538.16,537.23,536.22,535.41,534.4,533.6
20324,15,116.016,-5.69,9.47,55.9,651.78,956.31,831.92,796.98,810.82,835.16,847.18,795.57,790.44,806.88,826.16,783.98,719.41,714.05,726.62,708.11,695.08,717.27,716.08,708.25,700.41,700.43,700.39,701.02,700.39,699.96,698.72,699.39,696.41,699.19,699.2,699.73,699.45,699.76,699.86,698.61,699.92,699.35,699.44,699.5,700.05,699.5,699.92,699.53,699.58,699.96,699.98,699.62,699.75,699.98,699.11,699.82,699.67,699.29,699.58,699.84,699.92,699.91,699.99,699.88,699.97,700.07,699.83,700.05,699.68,699.95,699.93,699.55,700.16,700.09,699.69,699.36,699.1,699.83,700.8,700.57,700.27,700.05,699.78,699.55,699.4,699.07,698.92,665.38,528.85,394.71,263.7,133.73,28.82,15.45,16.19,16.7,16.93,17.12,17.37,17.53,17.61,17.75,17.89,17.99,18.07,18.19,18.33,18.38,18.46,18.54,18.63,18.72,18.79,18.85,18.92,18.91,19.09,19.18,19.11,19.19,19.31,19.28,19.4,19.39,19.46,19.62,19.61,19.71,19.79,-0.41,-0.31,-0.43,-0.44,3.58,15.08,24.59,36.0,47.58,58.31,61.64,69.2,79.87,91.35,93.67,90.32,96.17,106.51,114.1,127.06,147.97,162.73,176.43,189.83,206.9,227.52,262.84,340.75,396.61,432.68,457.63,476.06,489.65,499.09,507.68,515.04,521.66,527.27,532.39,537.5,542.17,546.81,551.22,555.88,560.39,565.18,569.98,574.87,579.85,584.6,589.33,593.54,597.64,600.98,604.1,606.79,609.53,611.85,613.85,615.13,615.79,615.75,615.32,614.29,612.85,611.02,608.69,606.34,603.95,601.77,599.53,597.53,595.3,593.15,590.67,588.05,585.02,581.65,578.05,574.41,570.81,567.22,563.99,560.92,558.32,555.93,554.11,555.66,559.32,563.7,568.29,572.86,574.76,574.68,574.06,573.08,572.1,571.09,569.88,568.83,567.66,566.51,565.41,564.22,563.2,562.08,560.93,559.93,558.79,557.7,556.41,555.31,554.22,553.01,551.93,550.81,549.64,548.61,547.5,546.55,545.5,544.55,543.57,542.64,541.72,540.77,539.95,539.08
20325,15,116.03,-6.04,9.53,55.37,649.25,954.22,829.88,796.49,808.67,832.86,844.66,793.12,788.07,804.52,823.7,781.61,717.22,710.9,724.37,706.58,693.74,716.2,715.41,708.16,700.16,700.06,700.31,701.11,700.82,696.98,697.87,698.96,696.96,698.18,699.19,699.72,699.93,699.24,699.7,698.74,699.89,699.85,699.22,699.88,699.53,700.01,700.07,698.94,699.65,699.65,699.86,699.68,699.9,699.56,699.79,699.64,699.43,699.24,699.88,699.84,699.86,699.97,699.83,699.89,699.88,700.04,699.91,700.03,699.82,699.49,700.05,699.81,700.12,700.29,699.95,699.51,699.36,699.11,698.95,700.67,700.81,700.48,700.25,699.98,699.7,699.54,699.35,664.75,529.24,394.79,263.62,133.64,29.21,15.88,16.65,17.14,17.4,17.61,17.88,18.05,18.22,18.52,18.61,18.68,18.81,18.92,18.89,18.99,19.12,19.16,19.19,19.25,19.37,19.41,19.46,19.48,19.57,19.63,19.67,19.76,19.83,19.86,19.88,19.99,20.01,20.03,20.1,20.15,20.21,-0.38,-0.34,-0.34,-0.34,3.11,14.66,24.11,35.29,46.91,57.67,60.94,68.55,79.12,90.39,92.88,89.5,95.57,105.67,113.93,127.19,147.39,162.02,175.93,189.45,206.67,227.44,265.17,344.03,398.64,434.11,458.79,477.13,490.39,499.84,508.35,515.81,522.3,527.97,533.07,538.18,542.9,547.42,551.98,556.47,561.04,565.87,570.57,575.61,580.5,585.43,590.16,594.49,598.43,601.94,605.31,607.98,610.61,613.13,615.26,616.85,617.55,617.74,617.29,616.36,615.07,613.21,611.05,608.85,606.42,604.32,602.05,600.03,597.9,595.75,593.46,590.81,587.93,584.66,581.31,577.53,573.82,570.37,567.06,564.01,561.24,559.0,557.1,558.7,562.66,567.19,572.06,576.79,578.91,578.83,578.23,577.43,576.41,575.34,574.21,573.19,572.13,570.98,569.88,568.77,567.68,566.59,565.54,564.53,563.44,562.37,561.11,559.99,558.85,557.74,556.56,555.5,554.39,553.32,552.29,551.25,550.2,549.24,548.19,547.28,546.52,545.49,544.61,543.85
20326,15,116.031,-6.22,9.95,51.09,631.62,949.2,824.6,790.64,804.35,828.21,840.23,789.03,785.05,801.39,820.49,778.23,714.34,708.47,722.03,703.75,692.32,715.44,714.71,707.68,700.35,700.16,700.1,700.73,700.99,700.79,695.58,697.48,699.51,697.07,700.04,699.24,699.68,699.62,698.8,699.51,699.73,698.64,699.95,699.11,699.83,699.1,699.71,699.84,699.93,699.7,700.02,699.09,699.8,699.45,699.7,699.71,699.32,699.83,699.93,699.95,699.98,699.86,699.91,699.97,699.89,700.06,699.69,699.94,700.07,699.58,700.26,700.06,699.68,699.32,699.12,699.27,700.82,700.69,700.37,700.1,699.91,699.62,699.41,699.17,698.98,699.87,701.47,663.64,527.78,393.82,263.09,133.23,28.41,15.71,16.18,16.54,16.89,17.1,17.2,17.45,17.55,17.63,17.8,17.78,18.01,18.05,18.17,18.22,18.44,18.44,18.56,18.72,18.78,18.87,18.86,19.0,19.05,19.09,19.19,19.31,19.37,19.27,19.36,19.45,19.53,19.54,19.6,19.68,19.73,-0.44,-0.44,-0.46,-0.51,2.78,14.17,23.67,34.66,46.32,56.97,60.15,67.76,78.27,89.55,91.9,88.68,94.5,104.77,111.77,124.91,145.8,160.47,173.94,187.69,204.53,224.84,257.29,335.02,393.21,429.86,455.84,475.14,488.56,498.71,507.14,514.54,521.12,526.73,532.11,537.11,541.73,546.33,550.9,555.36,560.06,564.66,569.53,574.41,579.39,584.28,588.91,593.35,597.28,600.87,604.04,606.94,609.39,611.98,614.22,615.68,616.44,616.51,616.06,615.14,613.8,611.94,609.83,607.42,605.01,602.81,600.55,598.5,596.42,594.27,592.0,589.39,586.51,583.14,579.85,576.19,572.61,569.16,565.77,562.87,560.1,557.76,555.87,557.53,561.59,566.06,571.04,575.82,577.74,577.87,577.15,576.3,575.33,574.34,573.22,572.14,571.02,569.97,568.8,567.78,566.62,565.54,564.48,563.43,562.44,561.31,560.02,558.99,557.75,556.57,555.56,554.35,553.2,552.19,551.09,550.1,549.11,548.08,547.11,546.21,545.35,544.36,543.51,542.66
20327,15,116.026,-4.73,9.7,53.05,635.19,950.64,825.76,790.64,803.48,827.02,838.64,787.82,783.4,800.09,819.68,778.23,714.31,708.61,722.32,704.4,691.91,715.19,714.65,707.69,700.5,700.18,699.79,700.46,700.89,700.55,694.71,698.1,699.69,696.75,700.07,699.36,699.4,699.57,698.87,699.45,699.99,698.67,699.87,699.49,699.95,699.53,699.99,699.9,699.88,699.87,699.64,699.64,699.85,699.73,699.4,699.48,699.84,699.85,699.56,699.93,699.82,699.81,699.82,700.01,699.86,699.85,700.06,699.92,699.58,700.05,699.83,699.66,700.15,699.85,699.5,699.64,700.37,700.08,699.69,699.41,699.26,699.0,699.6,701.24,701.03,700.7,700.47,663.59,528.8,395.01,264.48,134.67,30.45,18.46,18.84,19.4,19.64,19.92,19.98,20.23,20.28,20.4,20.59,20.49,20.75,20.78,20.83,21.06,21.1,21.2,21.28,21.42,21.51,21.45,21.63,21.68,21.67,21.78,21.78,21.89,21.95,22.03,22.11,22.14,22.13,22.25,22.27,22.36,22.32,-0.34,-0.36,-0.42,-0.35,2.69,13.98,23.47,34.75,46.17,56.9,60.05,67.74,78.26,89.5,91.87,88.75,94.56,104.85,111.87,124.61,145.78,160.67,174.36,187.88,204.43,224.64,256.63,334.03,392.3,429.27,455.18,474.69,488.04,498.17,506.77,514.32,520.82,526.47,531.85,537.03,541.62,546.24,550.73,555.14,559.78,564.42,569.31,574.16,579.17,584.0,588.69,593.09,596.99,600.63,603.79,606.69,609.28,611.79,614.01,615.33,616.18,616.24,615.8,614.86,613.47,611.56,609.3,607.04,604.63,602.33,600.15,598.03,596.0,593.82,591.49,588.98,586.04,582.9,579.49,575.91,572.41,569.07,565.65,562.62,559.88,557.62,555.72,557.33,561.23,565.63,570.31,575.09,576.96,576.99,576.36,575.43,574.52,573.38,572.42,571.31,570.2,569.1,567.91,566.86,565.72,564.7,563.59,562.55,561.36,560.34,559.14,557.96,556.72,555.69,554.52,553.48,552.32,551.24,550.19,549.27,548.26,547.28,546.29,545.44,544.43,543.61,542.76,541.93
20328,15,116.015,-5.2,10.12,54.37,637.77,950.99,826.15,792.45,805.96,829.72,840.96,789.85,785.38,802.0,821.49,779.12,715.28,709.53,723.11,704.85,692.9,715.54,714.98,707.92,700.44,700.16,700.26,700.55,699.68,700.63,694.92,697.91,699.72,696.8,699.87,699.38,699.91,699.4,698.43,699.88,699.62,699.05,699.7,699.78,699.89,699.94,699.81,699.82,699.8,700.11,699.59,699.59,699.93,699.66,699.3,699.89,699.94,699.16,699.86,699.93,699.86,699.96,699.93,700.01,699.92,699.91,699.93,699.53,699.99,700.06,699.82,699.94,699.92,700.06,699.96,699.87,700.34,700.08,699.79,699.5,699.35,699.05,699.18,700.63,700.64,700.31,700.04,663.64,528.17,394.01,263.19,132.94,28.84,16.3,16.56,17.03,17.37,17.54,17.73,17.98,18.08,18.21,18.38,18.6,18.69,18.78,18.95,18.93,19.01,19.11,19.14,19.22,19.31,19.33,19.42,19.5,19.54,19.56,19.64,19.77,19.75,19.83,19.93,19.92,19.93,20.05,20.11,20.13,20.27,-0.4,-0.39,-0.39,-0.4,2.87,14.14,23.72,34.86,46.59,57.24,60.36,68.05,78.53,89.89,92.16,88.96,95.01,105.14,112.4,125.51,146.26,160.87,174.3,187.87,205.07,225.24,258.86,336.77,393.75,430.27,456.02,475.12,488.67,498.6,507.16,514.61,521.02,526.81,531.87,537.06,541.78,546.24,550.9,555.36,559.97,564.6,569.42,574.33,579.21,584.1,588.8,593.22,597.16,600.63,603.72,606.59,609.24,611.67,613.69,615.13,615.89,615.94,615.56,614.55,613.21,611.21,609.11,606.75,604.35,602.08,599.99,597.87,595.85,593.76,591.48,588.8,585.97,582.88,579.47,576.09,572.62,569.16,565.81,562.85,560.09,557.67,555.84,557.41,561.13,565.53,570.36,574.92,576.92,576.94,576.3,575.37,574.46,573.42,572.37,571.24,570.18,568.99,567.94,566.8,565.65,564.54,563.45,562.4,561.41,560.2,558.98,557.86,556.65,555.49,554.43,553.32,552.2,551.1,550.06,549.0,548.03,547.01,546.14,545.07,544.16,543.29,542.47,541.59
20329,15,116.048,-4.64,10.24,53.52,636.06,951.26,827.27,792.83,805.72,828.91,840.04,788.68,784.1,800.83,820.51,778.9,714.5,708.6,722.11,704.25,691.76,714.75,714.58,707.51,700.77,700.48,700.42,700.72,700.96,699.1,700.14,697.02,699.57,696.79,700.06,699.36,699.59,699.63,698.99,699.45,699.85,698.94,699.87,699.74,700.04,699.19,699.75,699.95,699.29,699.51,700.21,699.57,699.75,699.83,699.55,699.13,699.58,699.94,699.09,699.83,699.94,699.87,699.95,699.93,700.01,699.99,699.91,700.13,699.76,699.68,699.91,700.15,699.95,699.58,699.25,700.18,700.41,700.16,699.8,699.57,699.39,699.18,698.89,701.13,701.66,700.84,696.84,665.81,528.65,394.48,263.78,133.89,29.41,16.93,17.47,17.89,18.22,18.48,18.62,18.75,18.88,19.07,19.1,19.16,19.31,19.43,19.55,19.55,19.65,19.75,19.78,19.9,19.98,20.11,20.11,20.19,20.26,20.34,20.35,20.52,20.56,20.6,20.63,20.72,20.75,20.9,20.88,20.99,21.04,-0.38,-0.43,-0.36,-0.46,3.06,14.42,23.87,34.89,46.57,57.11,60.44,67.96,78.46,89.83,92.18,88.99,94.83,105.04,112.91,125.87,146.22,160.74,174.55,188.31,205.14,225.42,257.96,335.93,393.87,431.43,456.97,476.02,489.16,499.24,507.73,515.09,521.68,527.3,532.57,537.71,542.28,546.76,551.31,555.79,560.37,565.07,569.94,574.79,579.86,584.82,589.61,594.0,597.96,601.47,604.62,607.41,609.99,612.52,614.57,616.18,617.13,617.27,616.83,616.02,614.58,612.81,610.65,608.29,606.05,603.72,601.53,599.45,597.4,595.29,593.17,590.68,587.9,584.84,581.59,578.22,574.74,571.39,568.13,565.06,562.29,559.86,558.01,559.7,563.66,568.26,573.25,578.18,580.2,580.31,579.72,578.82,577.9,576.9,575.96,574.82,573.74,572.65,571.6,570.51,569.41,568.42,567.42,566.35,565.24,564.25,563.13,561.93,560.81,559.69,558.59,557.41,556.36,555.34,554.25,553.23,552.17,551.27,550.22,549.37,548.42,547.62,546.7,545.84
20330,15,116.029,-4.49,10.06,55.05,641.12,949.21,824.6,790.45,804.48,828.41,840.36,789.5,785.09,802.15,821.37,779.18,715.57,709.62,723.21,705.29,692.7,715.67,714.93,707.89,700.34,700.2,700.3,700.93,700.63,701.06,697.19,697.29,699.24,696.93,699.93,699.66,700.03,699.65,698.53,699.83,699.99,699.24,699.5,699.97,699.86,699.92,699.15,699.88,699.98,699.63,699.6,699.97,699.47,699.78,699.78,699.43,699.0,699.97,699.22,699.89,699.99,699.95,699.91,699.97,699.91,699.84,699.93,700.1,699.73,699.91,700.05,699.6,699.47,700.34,700.16,699.82,699.48,699.26,699.01,699.32,701.15,701.0,700.72,700.39,700.21,699.95,699.75,664.62,529.35,394.84,263.97,133.76,29.66,16.9,17.5,17.92,18.21,18.46,18.62,18.76,19.02,19.16,19.39,19.46,19.7,19.7,19.71,19.83,19.89,19.94,20.08,20.02,20.21,20.15,20.27,20.36,20.43,20.4,20.51,20.56,20.67,20.69,20.69,20.73,20.71,20.84,20.89,21.02,21.09,-0.52,-0.46,-0.45,-0.46,3.04,14.31,23.86,35.06,46.57,57.21,60.5,68.11,78.68,89.98,92.27,89.13,95.08,105.38,112.63,125.71,146.67,161.59,175.43,189.0,206.08,226.7,261.77,340.14,396.71,432.77,458.01,476.57,489.71,499.64,508.06,515.42,521.89,527.47,532.65,537.64,542.32,546.71,551.29,555.9,560.35,564.94,569.82,574.74,579.77,584.62,589.29,593.56,597.5,601.18,604.27,607.05,609.49,612.06,614.15,615.58,616.36,616.52,616.02,615.06,613.69,611.85,609.74,607.33,604.98,602.69,600.44,598.35,596.3,594.17,591.95,589.59,586.86,584.01,580.77,577.47,573.95,570.57,567.35,564.39,561.56,559.15,557.25,558.68,562.58,567.11,571.97,576.72,578.79,578.78,578.16,577.27,576.35,575.27,574.31,573.14,572.08,570.99,569.85,568.81,567.77,566.71,565.66,564.59,563.57,562.47,561.31,560.14,559.01,557.92,556.86,555.68,554.51,553.51,552.39,551.37,550.45,549.44,548.49,547.5,546.56,545.73,544.84,543.98
20331,15,116.008,-2.14,10.64,51.72,633.25,950.46,826.24,792.02,805.56,829.79,841.63,791.11,786.4,803.28,823.11,781.59,717.09,710.8,724.62,706.35,693.95,716.81,715.68,708.22,700.6,700.16,700.25,700.51,700.16,700.7,695.19,697.67,699.58,696.55,700.06,699.68,699.84,699.6,698.7,699.44,699.92,698.63,699.85,699.62,699.9,699.44,699.83,699.93,699.39,699.62,700.16,699.47,699.77,699.46,699.66,699.87,699.77,699.96,699.97,699.96,699.98,699.77,699.89,699.94,699.88,699.97,700.05,699.93,699.99,700.06,700.01,700.02,700.07,700.06,699.63,699.55,700.59,700.33,700.06,699.69,699.42,699.22,698.97,699.89,701.76,701.52,698.44,664.49,529.12,394.56,263.96,134.02,29.53,17.08,17.55,18.0,18.3,18.53,18.59,18.91,19.02,19.09,19.15,19.39,19.34,19.47,19.65,19.78,19.77,19.87,19.94,20.06,20.19,20.17,20.22,20.31,20.34,20.35,20.52,20.6,20.61,20.7,20.79,20.82,20.8,20.89,20.98,20.99,21.13,-0.45,-0.41,-0.47,-0.45,2.98,14.35,23.83,35.04,46.72,57.35,60.68,68.33,78.87,90.07,92.6,89.28,95.22,105.33,112.12,124.92,146.18,160.71,174.31,187.88,204.43,224.45,254.74,330.53,389.86,427.49,453.88,473.57,487.46,497.68,506.3,513.84,520.48,526.0,531.42,536.56,541.22,545.85,550.4,554.96,559.36,564.06,569.02,573.8,578.72,583.59,588.22,592.51,596.34,599.96,603.16,606.11,608.66,611.32,613.36,614.77,615.42,615.57,615.06,614.21,612.79,610.8,608.62,606.23,603.77,601.5,599.3,597.25,595.15,593.07,590.93,588.49,585.67,582.75,579.6,576.12,572.79,569.45,566.21,563.04,560.23,557.69,555.66,556.97,560.49,564.73,569.41,574.01,575.82,575.86,575.2,574.29,573.37,572.22,571.15,570.08,568.97,567.78,566.68,565.63,564.5,563.35,562.34,561.23,560.14,559.07,557.84,556.7,555.54,554.43,553.25,552.19,551.05,549.94,548.79,547.75,546.76,545.72,544.8,543.83,542.83,541.97,541.05,540.21
20332,15,116.018,-5.88,9.84,49.81,627.03,951.36,827.85,793.61,806.34,829.3,840.89,791.17,785.46,801.97,821.54,780.15,716.05,710.05,723.58,705.74,692.75,716.07,715.23,707.97,700.29,700.42,700.51,700.6,700.57,700.5,698.27,695.72,698.9,698.04,699.67,699.84,699.17,698.82,699.64,699.63,698.5,699.54,700.09,699.57,699.39,699.62,699.87,699.92,699.41,700.01,699.74,699.64,699.96,699.43,699.87,699.35,699.76,699.7,699.75,699.94,699.91,699.83,699.85,699.93,699.87,699.97,699.94,700.03,699.89,700.05,699.94,700.02,700.09,700.07,699.72,699.43,699.99,700.48,700.13,699.74,699.59,699.25,699.1,699.24,701.37,701.29,700.98,663.58,528.73,394.94,264.34,134.7,30.27,18.02,18.5,19.01,19.31,19.6,19.68,19.86,19.94,20.05,20.24,20.32,20.45,20.48,20.53,20.72,20.86,20.93,21.03,21.13,21.22,21.2,21.25,21.3,21.41,21.53,21.57,21.51,21.57,21.69,21.87,21.8,21.86,21.96,22.05,21.97,22.14,-0.42,-0.33,-0.39,-0.42,2.66,13.99,23.58,34.78,46.47,57.06,60.38,67.97,78.57,89.85,92.34,89.17,94.95,105.15,111.91,124.46,145.77,160.35,173.77,187.32,203.93,223.46,251.64,325.93,387.24,425.9,452.51,472.5,486.64,497.25,505.92,513.53,520.2,526.03,531.39,536.4,541.09,545.78,550.3,554.87,559.26,563.97,568.75,573.68,578.63,583.53,588.24,592.49,596.53,600.04,603.24,606.15,608.78,611.44,613.47,614.82,615.49,615.65,615.25,614.24,612.88,610.96,608.7,606.26,603.81,601.41,599.09,597.04,594.87,592.7,590.46,588.0,585.25,582.19,579.04,575.7,572.36,568.89,565.69,562.53,559.71,557.14,555.1,556.46,560.14,564.39,569.15,573.8,575.66,575.64,574.94,574.01,573.02,572.01,570.92,569.8,568.69,567.53,566.41,565.31,564.26,563.17,562.01,560.98,559.92,558.84,557.64,556.51,555.4,554.23,553.16,552.03,550.97,549.81,548.79,547.72,546.72,545.72,544.77,543.84,542.89,541.97,541.1,540.25
20333,15,116.032,-4.84,10.97,53.84,638.56,953.19,829.63,794.6,808.06,831.51,843.03,791.61,786.86,803.55,822.91,781.02,716.61,710.52,724.36,707.47,694.29,717.41,716.01,708.43,700.48,700.33,700.29,700.96,701.11,699.92,696.23,698.11,699.68,697.03,699.96,699.07,699.74,699.35,698.69,699.87,699.86,699.07,699.88,699.86,699.78,699.53,699.77,699.93,699.65,699.87,699.77,700.01,699.16,699.8,699.4,699.39,699.85,699.87,699.2,699.73,700.02,699.87,699.92,699.94,700.01,700.05,700.01,699.94,699.49,699.62,699.88,699.99,699.96,699.97,700.03,699.82,700.18,699.82,699.5,699.28,699.99,700.42,700.18,699.78,699.54,699.34,699.16,664.66,529.29,394.79,263.9,133.94,29.78,17.13,17.67,18.16,18.42,18.7,18.82,19.07,19.09,19.31,19.42,19.48,19.55,19.65,19.78,19.8,19.98,20.02,20.1,20.21,20.23,20.32,20.39,20.43,20.53,20.62,20.62,20.72,20.68,20.78,20.83,20.9,21.01,21.02,21.07,21.13,21.17,-0.4,-0.3,-0.37,-0.36,2.94,14.37,23.9,35.08,46.81,57.47,60.69,68.47,79.04,90.18,92.72,89.42,95.34,105.5,112.53,125.73,147.04,161.69,175.48,189.04,205.97,226.07,258.85,336.41,394.09,430.79,456.45,475.5,489.03,499.06,507.49,514.98,521.33,527.03,532.31,537.2,542.0,546.51,551.04,555.57,560.05,564.72,569.58,574.46,579.46,584.33,588.97,593.23,597.13,600.72,603.93,606.76,609.36,611.87,613.97,615.44,616.26,616.39,615.93,615.0,613.54,611.76,609.56,607.19,604.88,602.55,600.33,598.28,596.24,594.07,591.9,589.56,586.83,583.89,580.76,577.48,573.97,570.64,567.42,564.39,561.78,559.4,557.5,559.03,562.91,567.47,572.34,577.1,579.11,579.17,578.52,577.71,576.78,575.74,574.71,573.61,572.55,571.54,570.42,569.38,568.33,567.29,566.22,565.17,564.15,563.03,561.92,560.78,559.62,558.53,557.47,556.33,555.29,554.2,553.1,552.08,551.08,550.12,549.13,548.25,547.29,546.4,545.58,544.74
20334,15,116.007,-5.67,10.51,53.11,636.98,951.88,828.01,793.95,807.83,831.53,843.42,792.43,787.8,804.56,824.18,781.78,717.67,711.84,725.45,707.42,694.89,717.32,716.06,708.39,700.21,700.01,700.18,700.69,701.15,698.71,696.68,698.3,699.59,696.48,699.94,699.59,699.96,699.72,698.26,699.89,699.96,699.32,699.84,699.87,699.98,699.34,699.82,699.92,699.79,699.9,700.02,699.64,699.96,699.33,699.44,699.7,699.81,699.47,699.55,699.73,699.84,699.98,699.9,699.87,699.96,699.91,700.01,700.0,699.78,700.07,699.7,699.52,700.01,699.83,700.08,699.93,699.62,700.12,700.09,699.83,699.48,699.26,698.99,699.71,700.75,700.42,700.16,664.21,528.86,394.72,263.93,133.88,29.81,17.26,17.81,18.18,18.54,18.76,18.99,19.02,19.2,19.32,19.36,19.52,19.59,19.72,19.89,19.98,20.05,20.04,20.13,20.3,20.37,20.37,20.41,20.54,20.64,20.57,20.68,20.72,20.88,20.9,21.01,21.07,21.11,21.12,21.21,21.25,21.22,-0.39,-0.36,-0.39,-0.4,3.16,14.61,24.05,35.19,46.88,57.55,60.86,68.49,78.98,90.3,92.9,89.64,95.46,105.74,113.15,126.0,146.74,161.19,174.71,188.11,204.96,224.85,255.67,332.1,390.74,428.66,454.74,474.14,487.86,498.08,506.64,514.19,520.75,526.38,531.66,536.78,541.55,546.05,550.53,555.04,559.61,564.24,569.09,573.96,578.95,583.85,588.49,592.84,596.76,600.28,603.55,606.5,609.02,611.64,613.73,615.16,615.94,616.06,615.67,614.7,613.35,611.56,609.27,606.99,604.63,602.32,600.19,598.2,596.06,593.97,591.75,589.27,586.54,583.37,580.02,576.5,573.04,569.57,566.35,563.34,560.6,558.19,556.25,557.82,561.48,565.83,570.6,575.23,577.1,577.1,576.45,575.55,574.64,573.52,572.47,571.39,570.36,569.18,568.16,566.99,565.86,564.85,563.69,562.69,561.59,560.51,559.39,558.22,557.08,555.9,554.73,553.66,552.55,551.49,550.4,549.33,548.42,547.4,546.43,545.47,544.58,543.64,542.77,541.96
20335,15,116.016,-6.0,10.28,47.31,621.42,950.09,827.22,793.43,806.78,830.03,841.98,791.12,786.37,803.58,822.5,780.08,716.24,710.33,723.83,705.48,692.8,716.07,715.2,707.96,700.44,700.07,700.03,700.22,701.05,698.45,697.71,698.5,698.03,699.09,699.17,699.83,699.55,698.31,699.67,699.95,698.87,700.0,699.92,699.73,699.09,699.94,699.65,699.94,699.86,699.93,700.01,699.68,699.84,699.5,699.53,699.52,699.76,699.83,699.86,699.94,699.88,699.99,699.9,699.96,700.0,699.96,700.15,699.86,699.33,699.95,699.85,699.71,700.18,699.79,699.47,699.2,700.15,700.21,699.8,699.58,699.25,699.09,699.26,700.96,701.03,700.74,700.49,663.55,528.04,394.32,263.56,133.92,28.84,16.02,16.55,16.93,17.2,17.48,17.65,17.88,18.02,18.12,18.2,18.38,18.47,18.56,18.75,18.76,18.8,18.96,18.94,19.04,19.15,19.22,19.27,19.32,19.46,19.43,19.46,19.59,19.61,19.69,19.72,19.82,19.86,19.89,19.96,19.97,20.08,-0.39,-0.4,-0.45,-0.42,2.87,14.26,23.68,34.89,46.54,57.12,60.43,68.1,78.57,89.85,92.34,89.05,95.01,105.17,111.79,124.05,145.52,159.88,173.43,186.8,203.11,222.55,249.79,322.63,384.35,424.27,451.48,471.75,486.02,496.7,505.27,512.88,519.46,525.35,530.67,535.71,540.61,545.22,549.79,554.16,558.65,563.4,568.17,573.12,578.15,582.96,587.72,592.08,596.07,599.39,602.61,605.48,608.22,610.87,612.98,614.36,615.18,615.32,614.91,613.93,612.56,610.67,608.47,606.11,603.72,601.38,599.21,597.13,595.01,592.97,590.79,588.35,585.56,582.47,579.16,575.76,572.3,568.82,565.56,562.45,559.68,557.3,555.33,556.81,560.55,564.87,569.67,574.32,576.24,576.27,575.6,574.73,573.68,572.73,571.6,570.49,569.39,568.24,567.18,566.01,564.92,563.85,562.78,561.72,560.64,559.6,558.38,557.23,556.11,554.98,553.8,552.68,551.67,550.58,549.48,548.52,547.59,546.55,545.6,544.65,543.79,542.85,541.94,541.13
20336,15,116.025,-6.59,9.21,49.34,629.19,950.78,827.59,792.81,806.07,829.66,841.68,790.96,786.3,802.98,822.55,781.41,716.79,710.47,723.78,706.4,692.49,715.98,715.28,708.04,700.41,700.28,700.07,700.34,700.59,700.51,695.35,697.54,698.99,697.6,699.77,699.72,699.32,699.57,699.74,699.11,699.16,699.55,700.0,699.88,699.57,699.76,700.04,699.71,699.82,700.03,699.77,699.49,699.92,699.59,699.72,699.55,699.94,698.89,699.88,699.56,699.91,699.99,699.92,699.99,699.97,699.93,699.99,699.8,699.98,699.97,700.09,699.81,700.25,700.03,699.67,699.39,699.11,699.95,700.67,700.39,700.11,699.85,699.55,699.35,699.17,698.93,700.22,666.21,529.91,395.95,265.0,135.26,28.11,14.06,14.43,14.87,15.13,15.39,15.59,15.78,15.79,16.06,16.11,16.19,16.27,16.41,16.5,16.6,16.63,16.75,16.79,16.91,17.01,17.07,17.14,17.24,17.27,17.35,17.4,17.46,17.52,17.51,17.68,17.67,17.78,17.81,18.0,17.88,17.99,-0.46,-0.33,-0.4,-0.46,2.91,14.14,23.67,34.82,46.4,57.08,60.47,68.08,78.67,89.93,92.46,89.22,94.97,105.08,111.89,124.11,145.67,160.29,174.0,187.46,204.13,223.63,252.05,326.05,386.95,425.4,452.27,472.45,486.51,496.97,505.61,513.24,519.93,525.57,530.83,535.94,540.68,545.32,549.89,554.51,558.98,563.69,568.54,573.42,578.45,583.48,588.06,592.36,596.41,599.96,603.2,606.05,608.77,611.23,613.41,614.9,615.7,615.88,615.61,614.68,613.4,611.68,609.57,607.23,604.95,602.64,600.44,598.52,596.38,594.27,592.01,589.41,586.57,583.29,579.82,576.18,572.61,569.09,565.92,562.82,560.12,557.82,555.88,557.48,561.22,565.57,570.42,575.16,577.19,577.22,576.57,575.76,574.8,573.7,572.7,571.63,570.57,569.41,568.24,567.21,566.12,565.01,563.92,562.88,561.71,560.65,559.44,558.31,557.17,556.08,554.89,553.75,552.72,551.65,550.64,549.6,548.59,547.62,546.64,545.73,544.8,543.96,543.05,542.24
20337,15,116.031,-4.59,10.08,47.8,621.9,951.23,828.63,794.4,809.97,830.31,842.1,791.19,786.62,803.44,822.98,781.33,717.08,710.99,724.32,706.16,693.51,716.79,715.52,708.03,700.67,700.39,700.48,700.45,701.3,698.46,698.75,698.44,697.71,699.21,698.72,699.83,699.8,698.13,699.86,699.96,698.74,699.9,699.35,699.75,699.38,700.02,699.18,699.9,699.74,699.51,699.62,699.94,700.12,699.18,699.64,699.86,699.84,699.9,699.79,699.88,699.94,699.99,699.96,699.94,700.04,699.97,700.04,699.73,700.07,699.79,699.92,699.91,699.97,699.91,699.96,700.0,699.65,699.87,700.12,699.87,699.55,699.49,700.53,700.32,700.02,699.67,699.47,665.02,529.01,394.82,263.63,133.88,28.81,15.81,16.26,16.71,17.09,17.29,17.54,17.69,17.75,17.96,17.97,18.06,18.25,18.38,18.41,18.52,18.57,18.74,18.75,18.8,18.71,19.01,19.02,19.06,19.17,19.25,19.33,19.34,19.37,19.44,19.47,19.58,19.69,19.63,19.76,19.9,19.86,-0.47,-0.42,-0.43,-0.52,2.65,13.88,23.4,34.58,46.3,56.92,60.25,67.93,78.44,89.75,92.2,88.97,94.93,104.98,111.6,124.04,145.47,159.88,173.41,186.79,203.22,222.55,249.33,321.86,383.92,424.38,451.69,471.95,486.32,497.09,505.71,513.37,519.98,525.81,531.11,536.14,541.07,545.58,550.08,554.61,559.14,563.86,568.65,573.58,578.51,583.44,588.14,592.59,596.6,600.22,603.57,606.54,609.29,611.92,614.07,615.52,616.33,616.55,616.17,615.3,613.99,612.13,609.98,607.63,605.26,602.9,600.8,598.61,596.6,594.47,592.09,589.66,586.86,583.72,580.4,576.89,573.46,569.95,566.59,563.48,560.73,558.23,556.25,557.69,561.39,565.61,570.48,575.18,577.25,577.23,576.6,575.72,574.71,573.74,572.62,571.56,570.45,569.28,568.22,567.12,566.06,564.9,563.83,562.79,561.69,560.61,559.37,558.25,557.12,555.98,554.75,553.69,552.56,551.52,550.45,549.51,548.48,547.48,546.53,545.63,544.68,543.77,542.91,542.07
20338,15,115.993,-6.0,9.8,52.86,639.34,952.43,828.48,794.3,808.15,832.2,844.35,793.84,792.27,805.54,824.72,783.05,718.53,712.46,726.18,708.54,695.0,717.27,716.23,708.45,700.18,700.13,700.16,700.53,700.25,700.52,694.7,698.1,699.5,696.81,700.05,699.68,700.07,700.02,698.13,699.93,699.91,698.69,699.57,699.93,699.86,699.96,699.95,699.97,699.92,699.65,699.75,699.96,699.58,699.9,699.45,699.76,699.87,699.85,699.88,699.86,699.96,700.0,699.93,699.83,699.93,699.96,699.96,700.06,699.87,699.64,700.03,699.91,699.99,700.04,700.09,699.74,700.03,700.11,699.76,699.49,699.3,700.45,700.47,700.09,699.78,699.46,699.41,665.18,529.97,395.45,264.63,134.65,30.64,18.53,19.14,19.62,19.87,20.04,20.26,20.38,20.54,20.71,20.72,20.87,20.93,21.07,21.13,21.27,21.41,21.54,21.51,21.68,21.65,21.76,21.85,22.04,21.99,21.99,22.1,22.09,22.17,22.26,22.26,22.36,22.42,22.5,22.52,22.64,22.65,-0.34,-0.32,-0.34,-0.36,3.0,14.36,23.89,35.1,46.78,57.43,60.77,68.39,78.96,90.24,92.88,89.55,95.5,105.77,113.32,126.24,146.81,161.26,174.81,188.07,204.73,224.68,254.06,329.24,388.82,427.11,453.45,473.0,487.18,497.56,506.23,513.86,520.49,526.09,531.38,536.5,541.17,545.79,550.31,554.74,559.42,564.13,568.91,573.81,578.81,583.65,588.35,592.74,596.68,600.19,603.35,606.22,608.96,611.56,613.71,615.09,615.8,615.9,615.43,614.47,613.11,611.16,608.94,606.49,604.02,601.79,599.53,597.36,595.34,593.13,590.93,588.4,585.61,582.6,579.32,575.87,572.42,569.03,565.81,562.79,560.02,557.6,555.58,557.04,560.68,565.0,569.72,574.39,576.28,576.26,575.66,574.75,573.79,572.75,571.69,570.65,569.5,568.36,567.31,566.15,565.09,563.98,562.94,561.85,560.68,559.68,558.55,557.34,556.14,554.99,553.91,552.74,551.67,550.61,549.56,548.49,547.56,546.55,545.56,544.65,543.77,542.86,541.99,541.17
20339,15,115.985,-6.39,9.36,48.5,628.53,951.64,828.87,794.22,808.0,831.52,843.84,792.86,788.08,805.17,824.72,783.56,718.68,712.33,725.78,708.31,695.41,716.88,716.02,708.45,700.31,700.17,700.19,700.66,701.27,698.69,697.13,698.12,699.39,697.15,699.75,699.47,699.31,699.81,699.79,698.98,699.44,699.25,700.07,699.87,699.96,699.8,700.2,699.4,699.86,699.95,699.55,699.76,699.5,699.84,699.72,699.94,698.94,699.87,699.54,699.85,699.93,699.91,699.87,699.98,699.99,700.01,700.02,699.91,700.0,699.55,699.71,700.1,699.66,699.32,700.23,700.65,700.29,699.91,699.68,699.47,699.35,699.02,699.83,701.92,701.42,696.92,701.52,665.17,528.84,395.28,264.48,134.64,30.19,18.24,18.55,19.05,19.36,19.48,19.74,19.94,19.99,20.14,20.27,20.35,20.45,20.5,20.64,20.78,20.84,20.97,20.98,21.05,21.02,21.2,21.22,21.29,21.33,21.44,21.49,21.59,21.59,21.69,21.71,21.76,21.92,21.94,22.0,22.05,22.09,-0.45,-0.42,-0.41,-0.41,2.69,14.08,23.64,34.81,46.5,57.32,60.59,68.24,78.92,90.19,92.78,89.42,95.31,105.48,112.78,124.96,145.44,160.25,173.53,186.87,203.31,222.7,249.43,321.64,383.67,423.73,450.91,471.19,485.39,496.31,504.89,512.5,519.31,525.13,530.46,535.59,540.35,544.97,549.54,554.04,558.65,563.27,567.99,572.75,577.78,582.68,587.34,591.64,595.63,599.22,602.46,605.39,608.03,610.63,612.81,614.23,614.94,615.11,614.69,613.84,612.42,610.56,608.36,605.95,603.48,601.13,598.97,596.88,594.84,592.71,590.35,587.68,584.84,581.72,578.29,574.82,571.3,567.81,564.39,561.19,558.39,555.95,554.04,555.46,559.08,563.48,568.12,572.73,574.55,574.55,573.97,572.94,572.0,570.88,569.85,568.72,567.6,566.4,565.43,564.26,563.15,562.03,561.06,559.9,558.78,557.73,556.54,555.32,554.23,553.11,551.87,550.76,549.7,548.63,547.61,546.56,545.49,544.52,543.54,542.6,541.69,540.78,539.87,539.06
20340,15,116.048,-5.83,9.7,51.89,638.31,953.79,830.34,796.41,809.36,833.25,845.4,794.31,789.47,805.95,825.25,783.54,718.88,712.8,726.39,708.79,695.64,718.21,716.5,708.6,700.34,699.87,700.23,700.68,700.96,700.75,695.03,698.18,699.79,696.93,700.05,699.44,699.88,699.77,698.44,699.9,699.86,699.22,699.85,699.88,699.79,699.29,699.6,700.06,699.79,699.47,699.99,699.56,699.71,699.43,699.51,699.58,699.73,699.93,699.98,699.86,699.87,699.92,699.89,699.86,699.94,699.98,699.98,699.8,700.13,699.7,699.83,700.01,699.65,700.0,700.11,699.72,699.4,699.26,700.45,700.43,700.04,699.75,699.55,699.27,699.17,699.08,700.9,665.23,529.42,395.43,264.57,134.65,30.52,18.6,18.87,19.49,19.69,20.04,20.21,20.23,20.37,20.44,20.64,20.79,20.81,20.98,21.04,21.08,21.18,21.26,21.38,21.4,21.42,21.56,21.67,21.69,21.81,21.86,21.9,21.92,22.07,22.04,22.15,22.24,22.3,22.28,22.48,22.51,22.49,-0.38,-0.38,-0.42,-0.41,3.0,14.61,24.06,35.31,47.11,57.76,61.09,68.73,79.36,90.67,93.24,89.87,95.72,106.01,112.91,125.59,147.11,161.59,175.12,188.55,205.19,224.98,254.81,330.32,390.0,427.74,453.85,473.42,487.43,497.92,506.49,514.08,520.74,526.3,531.66,536.6,541.43,545.96,550.58,555.09,559.73,564.37,569.22,574.23,579.22,584.15,588.81,593.16,597.17,600.65,603.94,606.86,609.58,612.21,614.44,615.91,616.7,616.86,616.62,615.69,614.36,612.5,610.45,608.1,605.63,603.35,601.19,598.99,596.93,594.78,592.42,589.79,586.92,583.67,580.26,576.6,572.96,569.43,566.16,563.01,560.26,557.69,555.75,557.19,560.96,565.33,570.06,574.76,576.67,576.61,575.98,575.1,574.11,573.05,571.97,570.94,569.72,568.59,567.49,566.38,565.38,564.24,563.2,562.08,561.05,559.93,558.72,557.58,556.45,555.24,554.1,552.99,551.95,550.88,549.79,548.76,547.77,546.73,545.78,544.97,544.06,543.12,542.27,541.39
20341,15,116.008,-5.84,11.02,50.0,630.49,952.93,828.99,794.37,808.37,832.64,844.51,793.35,788.57,806.24,824.68,782.05,718.31,712.17,725.68,707.58,695.01,717.64,716.05,708.3,700.69,700.4,700.46,700.12,700.27,700.62,700.85,696.88,699.28,697.85,699.85,699.49,699.25,699.73,699.7,699.29,699.62,699.18,700.15,699.28,699.8,699.56,700.07,699.78,699.84,699.86,699.7,699.33,699.57,699.96,699.38,699.93,699.84,699.48,699.45,699.6,699.9,699.99,699.91,700.02,699.94,699.9,699.95,699.95,699.94,699.98,699.58,700.02,699.93,699.66,699.93,700.26,699.91,699.6,699.26,699.15,698.98,700.63,700.84,700.58,700.24,700.08,699.78,664.72,528.99,394.62,263.78,133.93,29.24,16.7,17.22,17.66,17.86,18.14,18.3,18.46,18.65,18.71,18.82,18.9,19.02,19.14,19.17,19.3,19.38,19.47,19.51,19.55,19.75,19.82,19.77,19.86,19.92,20.04,20.13,20.19,20.23,20.32,20.31,20.42,20.47,20.51,20.56,20.65,20.75,-0.41,-0.46,-0.39,-0.48,2.95,14.52,23.96,35.24,46.89,57.55,60.8,68.52,79.14,90.43,92.78,89.62,95.58,105.67,112.46,125.11,146.43,160.81,174.21,187.65,204.14,223.66,251.44,325.35,386.48,426.1,452.44,472.41,486.43,497.07,505.6,513.12,519.73,525.54,530.83,535.91,540.57,545.26,549.68,554.2,558.65,563.37,568.2,573.14,578.05,583.16,587.7,592.04,596.0,599.57,602.85,605.72,608.36,611.01,613.12,614.63,615.41,615.57,615.2,614.38,612.94,611.18,608.96,606.62,604.24,601.95,599.75,597.72,595.61,593.52,591.2,588.56,585.72,582.56,579.13,575.51,571.97,568.35,564.97,561.9,559.09,556.67,554.68,556.07,559.74,564.0,568.8,573.39,575.37,575.43,574.73,573.9,572.89,571.8,570.77,569.64,568.55,567.41,566.33,565.2,564.06,563.01,561.89,560.84,559.74,558.69,557.41,556.35,555.14,554.02,552.85,551.77,550.67,549.52,548.51,547.41,546.5,545.45,544.46,543.57,542.65,541.74,540.92,540.02
20342,15,116.044,-4.87,10.03,52.15,637.53,952.75,829.72,795.6,809.07,832.8,844.67,793.26,788.45,804.97,824.31,782.38,717.89,711.88,725.42,707.22,694.71,717.12,715.95,708.24,700.35,700.06,700.15,700.7,700.88,700.8,694.9,698.11,699.69,696.86,699.95,699.66,699.83,699.78,698.06,699.92,700.02,699.3,699.9,699.86,699.8,699.56,699.67,700.18,699.48,699.76,699.86,700.01,699.75,699.8,699.84,699.4,699.37,699.96,699.13,699.76,700.01,699.8,699.88,699.98,699.93,700.03,700.03,699.9,700.16,699.69,700.24,700.01,699.61,699.19,700.27,700.34,699.97,699.68,699.46,699.18,699.01,700.1,701.6,701.44,700.18,697.09,702.72,663.5,528.5,394.56,263.74,134.04,29.62,17.02,17.54,18.0,18.32,18.53,18.63,18.81,18.88,19.04,19.15,19.27,19.42,19.51,19.56,19.68,19.74,19.88,19.96,20.06,20.16,20.24,20.25,20.34,20.41,20.53,20.5,20.56,20.63,20.68,20.81,20.79,20.95,21.0,21.04,21.04,21.13,-0.49,-0.44,-0.44,-0.46,2.8,14.11,23.62,34.91,46.54,57.27,60.63,68.24,78.84,90.19,92.62,89.22,95.28,105.43,112.57,125.5,146.52,161.24,175.06,188.57,205.25,225.32,256.56,333.36,391.83,428.85,454.79,473.91,487.77,498.04,506.46,514.0,520.55,526.22,531.56,536.59,541.34,545.93,550.38,554.95,559.54,564.24,569.15,574.05,579.1,584.02,588.76,593.15,597.18,600.79,603.92,606.94,609.44,612.11,614.2,615.78,616.56,616.79,616.43,615.54,614.16,612.33,610.2,607.96,605.44,603.16,600.92,598.8,596.81,594.61,592.25,589.63,586.84,583.66,580.31,576.77,573.15,569.63,566.23,563.1,560.29,557.9,555.9,557.5,561.33,565.83,570.74,575.44,577.49,577.48,576.91,575.98,575.08,574.08,572.92,571.87,570.76,569.65,568.55,567.55,566.34,565.32,564.21,563.22,562.06,561.07,559.84,558.74,557.51,556.45,555.26,554.15,553.07,552.02,550.93,549.92,548.96,547.91,547.01,546.01,545.17,544.23,543.36,542.48
20343,15,116.065,-6.01,9.49,51.82,639.4,951.7,827.95,794.02,807.76,831.94,843.8,792.66,787.63,804.1,823.42,781.18,716.42,710.26,723.56,705.66,692.53,715.67,715.01,707.86,700.07,700.07,700.15,700.79,700.45,700.94,695.67,697.53,699.55,696.92,700.23,698.79,699.93,699.44,698.53,699.89,700.04,699.1,699.75,699.87,699.68,699.87,699.83,699.98,699.93,699.95,699.9,699.84,699.56,699.92,699.56,699.4,699.83,699.83,699.66,699.91,699.98,699.95,699.85,699.94,700.02,699.97,699.78,700.06,699.85,700.07,700.12,699.67,699.88,700.22,699.87,699.56,699.34,699.13,700.29,700.35,700.03,699.73,699.46,699.24,699.09,699.59,701.67,664.68,529.35,395.3,264.41,134.52,30.79,18.64,19.21,19.65,19.92,20.13,20.31,20.53,20.62,20.75,20.86,20.94,21.03,21.18,21.21,21.35,21.51,21.5,21.62,21.68,21.79,21.75,21.84,21.97,22.0,22.07,22.12,22.21,22.25,22.32,22.35,22.44,22.48,22.55,22.58,22.7,22.72,-0.43,-0.39,-0.41,-0.48,2.97,14.45,23.86,35.07,46.74,57.36,60.72,68.26,78.86,90.11,92.7,89.33,95.09,105.38,112.72,125.46,146.51,161.33,175.2,188.68,205.43,225.78,258.4,336.07,393.81,430.38,456.04,475.02,488.52,498.67,507.19,514.67,521.08,526.6,531.84,536.92,541.66,546.19,550.77,555.23,559.82,564.56,569.43,574.54,579.65,584.53,589.28,593.66,597.7,601.28,604.51,607.4,610.03,612.58,614.85,616.49,617.46,617.76,617.37,616.54,615.3,613.51,611.56,609.35,607.14,604.88,602.73,600.73,598.72,596.53,594.28,591.63,588.75,585.4,581.85,578.09,574.42,570.89,567.58,564.5,561.97,559.55,557.79,559.56,563.68,568.32,573.42,578.29,580.3,580.39,579.75,578.86,577.98,576.96,575.97,574.84,573.74,572.6,571.58,570.42,569.3,568.33,567.19,566.19,565.14,564.02,562.92,561.72,560.68,559.51,558.49,557.31,556.17,555.17,554.16,553.12,552.06,551.17,550.2,549.28,548.36,547.49,546.57,545.77
20344,15,116.053,-6.1,9.2,49.14,629.8,948.68,825.03,791.12,805.22,829.51,841.46,790.22,785.56,802.18,821.58,779.18,716.87,709.8,722.71,704.79,692.57,715.66,714.93,707.85,700.75,700.42,700.1,699.88,698.96,700.25,695.91,697.25,699.32,697.4,699.87,699.57,699.51,699.43,699.44,699.51,699.53,699.33,700.11,699.43,699.84,699.84,700.12,699.37,699.83,700.0,699.98,699.79,699.63,699.88,699.87,699.82,699.53,699.02,699.56,699.7,699.89,699.91,699.89,699.99,699.74,700.02,700.02,699.96,699.92,699.85,700.21,699.83,699.44,699.61,700.33,700.05,699.72,699.46,699.21,698.93,699.59,700.63,700.5,700.18,699.92,699.65,699.58,664.77,529.14,394.74,263.76,133.95,29.01,16.44,16.78,17.11,17.47,17.7,17.95,18.03,18.26,18.22,18.46,18.56,18.63,18.69,18.73,18.85,19.01,19.08,19.06,19.23,19.3,19.4,19.4,19.56,19.59,19.64,19.76,19.71,19.81,19.87,19.9,20.04,20.07,20.17,20.13,20.26,20.21,-0.45,-0.41,-0.41,-0.37,2.58,13.99,23.46,34.65,46.29,56.94,60.29,67.84,78.42,89.67,92.13,88.81,94.88,104.94,112.05,124.87,145.7,160.22,173.96,187.49,204.18,224.04,254.5,330.83,389.8,427.39,453.75,473.47,487.07,497.6,506.04,513.64,520.13,525.69,531.05,536.18,540.81,545.35,549.83,554.44,558.94,563.69,568.47,573.55,578.59,583.61,588.31,592.76,596.83,600.52,603.82,606.73,609.42,611.81,614.03,615.65,616.58,616.79,616.42,615.58,614.29,612.56,610.56,608.34,606.15,603.93,601.85,599.74,597.8,595.63,593.17,590.46,587.27,583.75,580.02,576.11,572.17,568.42,565.04,562.08,559.47,557.34,555.7,557.58,561.71,566.51,571.58,576.51,578.54,578.69,578.09,577.24,576.3,575.19,574.17,573.05,571.96,570.83,569.71,568.62,567.57,566.46,565.34,564.29,563.19,562.14,560.97,559.67,558.61,557.45,556.32,555.34,554.2,553.06,552.12,551.01,549.97,549.03,548.14,547.17,546.27,545.38,544.56,543.68
20345,15,116.062,-6.43,9.41,52.57,638.56,951.0,827.14,793.06,805.1,828.79,840.27,788.74,784.23,800.77,820.1,777.69,713.98,708.01,721.48,703.4,691.53,714.67,714.31,707.56,700.01,700.06,699.96,700.65,701.07,699.84,695.71,698.26,699.93,696.92,700.12,699.59,699.44,699.58,698.25,699.62,699.97,699.25,699.91,699.69,700.02,699.65,700.03,699.91,700.0,699.87,700.03,699.78,699.73,699.49,699.5,699.72,699.36,699.74,699.78,699.87,699.98,699.93,700.02,699.84,700.03,699.6,699.87,700.09,699.61,699.93,699.94,699.54,700.01,699.86,700.01,699.84,700.24,700.1,699.68,699.44,699.18,699.59,700.54,700.33,699.99,699.72,699.46,664.43,529.36,394.82,264.02,134.04,29.76,17.46,17.67,18.21,18.46,18.74,18.95,19.12,19.22,19.29,19.41,19.47,19.6,19.73,19.75,19.88,19.86,20.05,20.18,20.33,20.28,20.42,20.45,20.55,20.6,20.63,20.65,20.8,20.88,20.93,21.01,21.12,21.08,21.17,21.17,21.21,21.26,-0.47,-0.41,-0.45,-0.4,3.11,14.52,23.97,35.11,46.67,57.29,60.54,68.15,78.59,89.83,92.27,88.97,94.9,105.19,112.46,125.58,146.32,160.94,174.99,188.5,205.4,225.86,259.47,337.83,394.76,431.08,456.6,475.71,488.75,498.84,507.34,514.75,521.02,526.31,531.68,536.57,541.2,545.66,550.09,554.59,559.07,563.76,568.56,573.38,578.26,583.17,587.75,592.12,595.99,599.38,602.61,605.41,608.04,610.76,612.85,614.35,615.25,615.39,615.0,614.16,612.85,611.11,609.06,606.79,604.65,602.38,600.33,598.26,596.13,593.87,591.32,588.51,585.28,581.72,577.87,574.08,570.22,566.44,563.09,560.03,557.41,555.32,553.63,555.36,559.54,564.22,569.14,574.02,576.0,576.05,575.49,574.49,573.62,572.54,571.49,570.4,569.2,568.14,567.11,565.94,564.88,563.75,562.67,561.61,560.57,559.41,558.24,557.12,556.01,554.83,553.72,552.59,551.57,550.52,549.45,548.45,547.46,546.5,545.57,544.63,543.72,542.87,542.01,541.22
20346,15,116.114,-6.11,9.99,52.23,637.89,949.86,824.68,790.69,804.2,828.06,839.74,788.67,784.74,800.54,819.7,777.22,713.5,707.55,720.69,702.26,690.19,713.92,713.85,707.13,700.47,700.33,700.05,700.16,698.55,700.27,695.46,697.48,699.8,697.07,700.02,699.41,699.85,699.82,698.49,699.62,699.95,698.83,699.96,699.85,700.08,699.4,699.81,699.93,700.1,699.74,699.69,699.88,699.74,699.25,699.84,699.37,699.55,700.01,699.17,699.93,699.96,699.93,699.91,699.97,700.01,699.91,699.9,699.83,699.94,699.68,700.06,699.86,699.97,699.71,700.15,699.97,699.67,699.43,700.06,700.74,700.4,700.12,699.92,699.63,699.36,699.13,698.88,665.18,529.18,394.76,263.88,133.92,29.32,16.91,17.39,17.87,18.15,18.37,18.53,18.72,18.75,18.91,19.06,19.17,19.32,19.38,19.41,19.5,19.67,19.81,19.77,19.86,19.91,19.98,20.08,20.11,20.23,20.27,20.31,20.42,20.44,20.53,20.49,20.64,20.66,20.77,20.79,20.93,20.89,-0.39,-0.41,-0.39,-0.38,2.87,14.22,23.65,34.89,46.46,57.11,60.28,67.86,78.46,89.82,92.16,88.88,94.85,105.02,111.96,124.96,146.19,161.09,175.15,188.88,206.19,226.55,261.66,340.3,396.37,432.23,457.73,476.49,489.41,499.62,508.04,515.44,521.82,527.26,532.63,537.59,542.18,546.66,551.08,555.65,560.28,565.08,570.09,575.14,580.08,585.06,589.7,594.13,598.03,601.73,604.96,607.9,610.54,612.97,615.28,616.96,618.16,618.52,618.17,617.33,616.09,614.46,612.6,610.49,608.35,606.17,604.13,602.06,600.09,597.94,595.43,592.76,589.62,586.18,582.43,578.57,574.63,571.01,567.66,564.62,562.02,559.81,558.06,559.89,564.1,568.97,574.15,579.12,581.28,581.39,580.86,580.05,579.16,578.16,577.15,576.07,574.97,573.85,572.82,571.73,570.61,569.59,568.52,567.42,566.42,565.27,564.13,562.98,561.77,560.7,559.65,558.52,557.43,556.44,555.41,554.41,553.43,552.42,551.52,550.55,549.7,548.84,547.89,547.13
20347,15,116.084,-6.43,9.45,52.58,636.0,947.52,823.26,789.0,802.91,827.07,838.68,787.79,783.37,800.52,820.08,777.91,714.22,708.29,722.09,704.36,693.3,714.55,714.71,707.71,700.28,700.22,700.29,700.64,700.21,700.84,695.12,697.72,699.75,697.3,700.15,698.74,699.73,699.6,698.73,699.61,699.87,698.94,699.91,699.58,699.92,700.08,699.37,699.98,699.92,699.61,699.75,700.03,699.68,699.83,699.51,699.63,699.8,699.62,699.73,699.91,699.96,699.92,699.96,699.93,700.05,699.94,699.98,699.99,699.89,700.08,699.7,699.94,699.97,699.69,700.07,699.8,700.03,700.01,699.72,699.87,700.49,700.08,699.77,699.56,699.29,699.03,699.45,664.61,528.31,394.13,263.05,133.31,28.48,15.63,16.07,16.44,16.73,16.93,17.12,17.29,17.36,17.54,17.74,17.77,17.79,17.99,18.05,18.12,18.25,18.32,18.37,18.51,18.55,18.64,18.76,18.73,18.84,18.94,18.95,19.0,19.07,19.23,19.18,19.19,19.36,19.4,19.42,19.53,19.52,-0.45,-0.43,-0.42,-0.44,2.89,14.23,23.69,34.79,46.41,56.97,60.33,67.93,78.48,89.7,92.12,88.87,94.79,104.99,112.19,124.79,145.24,160.51,174.28,187.78,204.58,224.9,257.42,334.89,392.75,429.31,455.07,474.19,487.88,497.98,506.47,513.81,520.33,525.95,531.24,536.17,540.95,545.45,550.02,554.47,559.1,563.78,568.66,573.63,578.68,583.66,588.45,592.79,596.89,600.48,603.76,606.6,609.2,611.79,613.92,615.49,616.42,616.61,616.09,615.18,613.82,612.14,610.11,607.9,605.69,603.49,601.32,599.29,597.23,594.98,592.53,589.75,586.58,583.16,579.45,575.62,571.81,568.29,564.93,561.97,559.41,557.27,555.6,557.4,561.56,566.27,571.35,576.28,578.46,578.62,577.96,577.17,576.28,575.26,574.19,573.17,572.12,570.96,569.94,568.85,567.68,566.69,565.64,564.52,563.51,562.36,561.19,560.02,558.87,557.82,556.7,555.62,554.52,553.5,552.44,551.47,550.44,549.49,548.56,547.65,546.75,545.82,544.98,544.15
20348,15,116.106,-5.52,10.07,53.3,639.37,950.32,825.67,791.36,804.87,828.89,839.53,788.29,783.59,800.33,819.41,777.05,713.44,707.53,721.11,702.8,691.47,714.53,714.21,707.45,700.25,700.09,700.17,700.66,700.44,700.86,695.65,697.09,699.66,696.84,700.22,698.98,699.69,699.58,698.31,699.7,699.94,698.88,699.84,699.59,699.99,700.07,699.47,700.1,699.42,699.87,700.08,699.63,699.96,699.48,700.05,699.37,699.59,699.85,699.25,699.78,699.9,699.88,699.89,700.01,699.97,699.99,699.99,699.95,699.95,699.96,700.03,699.88,700.11,699.79,700.24,700.23,699.86,699.67,699.32,699.08,699.11,701.01,701.07,700.64,700.36,700.11,699.91,663.77,528.13,393.82,263.3,133.26,28.62,15.88,16.38,16.77,17.07,17.37,17.48,17.7,17.86,17.96,18.02,18.23,18.25,18.42,18.5,18.49,18.6,18.69,18.79,18.84,18.84,18.98,19.08,19.18,19.18,19.24,19.33,19.47,19.42,19.47,19.58,19.72,19.64,19.81,19.76,19.85,19.97,-0.42,-0.3,-0.31,-0.39,3.2,14.63,24.1,35.32,46.88,57.45,60.66,68.24,78.88,90.07,92.45,89.08,95.12,105.26,112.39,125.64,146.61,161.4,175.5,189.18,206.37,227.07,262.61,341.39,397.69,433.1,458.33,477.0,489.9,500.06,508.37,515.75,522.11,527.54,532.88,537.85,542.45,546.82,551.34,555.85,560.51,565.31,570.33,575.3,580.42,585.42,590.21,594.64,598.68,602.32,605.63,608.48,611.04,613.54,615.75,617.46,618.48,618.83,618.47,617.63,616.35,614.7,612.81,610.69,608.59,606.38,604.24,602.2,600.07,597.86,595.46,592.64,589.46,585.92,582.21,578.22,574.41,570.66,567.2,564.18,561.62,559.47,557.86,559.77,564.12,569.0,574.28,579.28,581.43,581.69,581.1,580.33,579.43,578.44,577.31,576.32,575.24,574.06,573.11,572.07,571.01,569.93,568.88,567.85,566.76,565.73,564.5,563.39,562.28,561.17,560.06,558.97,557.88,556.81,555.8,554.79,553.77,552.87,551.9,550.98,550.09,549.21,548.34,547.49
20349,15,116.082,-5.81,9.85,51.17,633.52,947.08,823.16,789.33,803.12,827.15,839.01,787.95,784.22,802.29,819.8,777.34,713.45,707.48,721.31,702.73,691.3,714.5,714.09,707.39,700.51,700.05,699.95,700.49,700.59,700.72,695.25,697.39,699.5,696.87,700.1,699.47,699.66,699.65,698.87,699.15,699.75,698.91,699.99,699.93,699.95,698.87,699.77,699.75,699.83,699.55,699.88,699.58,699.35,699.82,699.48,700.05,699.97,699.7,699.92,699.97,699.95,700.01,699.95,700.02,699.94,699.85,699.98,700.01,699.78,699.99,699.89,699.94,699.97,700.05,699.72,699.62,700.3,700.2,699.8,699.62,699.24,699.13,699.23,700.79,700.62,700.3,700.03,663.86,528.06,393.81,263.19,133.41,28.12,15.37,15.72,16.15,16.44,16.68,16.82,17.01,17.09,17.19,17.37,17.54,17.47,17.64,17.74,17.79,17.9,17.95,18.03,18.27,18.16,18.26,18.42,18.42,18.53,18.59,18.61,18.72,18.71,18.81,18.87,18.87,18.98,19.0,19.15,19.12,19.23,-0.47,-0.4,-0.49,-0.45,3.13,14.56,23.97,34.97,46.6,57.23,60.4,68.03,78.6,89.88,92.23,88.91,94.72,104.91,112.06,125.03,145.87,160.65,174.37,188.09,205.11,225.37,258.82,336.75,394.33,430.33,456.08,475.09,488.29,498.6,506.97,514.5,520.88,526.42,531.69,536.76,541.3,545.83,550.37,554.84,559.39,564.13,569.03,573.99,578.98,583.94,588.77,593.13,597.25,600.87,604.04,607.04,609.75,612.38,614.53,616.21,617.25,617.53,617.11,616.17,614.83,613.15,611.13,608.95,606.73,604.59,602.37,600.27,598.21,596.03,593.48,590.75,587.49,583.99,580.22,576.35,572.43,568.79,565.31,562.3,559.67,557.46,555.86,557.66,562.0,566.67,571.91,576.85,578.9,579.06,578.52,577.68,576.71,575.68,574.61,573.55,572.42,571.3,570.2,569.15,568.13,567.06,565.94,564.93,563.91,562.72,561.59,560.4,559.28,558.16,557.08,555.97,554.92,553.86,552.82,551.75,550.79,549.79,548.87,547.91,547.04,546.19,545.26,544.44
20350,15,116.113,-6.47,9.26,52.0,634.52,949.46,826.08,790.69,803.73,827.3,838.65,787.52,782.82,799.67,819.15,776.56,712.71,706.98,720.6,702.41,690.49,714.33,714.09,707.3,700.55,700.34,700.46,700.81,699.93,700.53,700.43,695.95,699.63,698.16,699.94,699.31,699.33,699.45,698.92,699.47,699.76,698.73,700.01,699.32,699.8,699.5,699.96,699.84,699.88,699.94,699.75,699.86,699.11,700.01,699.28,699.39,699.84,699.87,699.29,699.68,700.0,699.92,699.91,700.01,699.97,699.98,700.03,700.0,699.84,700.03,699.84,700.07,699.74,700.03,700.07,699.73,699.5,699.43,700.56,700.33,700.06,699.72,699.49,699.27,698.97,699.59,701.2,664.54,528.53,394.4,263.82,134.09,29.29,16.55,17.09,17.5,17.78,17.98,18.19,18.41,18.44,18.68,18.69,18.69,18.85,18.99,19.09,19.14,19.3,19.31,19.38,19.54,19.59,19.68,19.7,19.76,19.83,19.9,19.89,19.98,20.06,20.07,20.18,20.27,20.33,20.32,20.4,20.47,20.47,-0.49,-0.42,-0.45,-0.49,3.02,14.47,23.99,35.01,46.57,57.19,60.39,68.02,78.6,89.81,92.17,88.91,94.8,104.92,111.81,124.55,145.95,160.81,174.72,188.34,205.18,225.54,259.24,337.42,394.75,431.71,456.67,475.75,488.81,498.89,507.29,514.68,520.99,526.4,531.83,536.79,541.3,545.77,550.41,554.85,559.4,564.22,569.14,574.17,579.35,584.25,588.97,593.37,597.39,601.06,604.36,607.18,609.84,612.47,614.64,616.33,617.44,617.7,617.36,616.5,615.2,613.57,611.58,609.49,607.34,605.14,603.02,600.95,598.91,596.82,594.31,591.59,588.56,585.13,581.43,577.71,573.92,570.34,566.98,564.0,561.36,559.11,557.44,559.24,563.41,568.25,573.38,578.39,580.48,580.68,580.16,579.34,578.44,577.38,576.4,575.36,574.26,573.2,572.1,570.98,569.95,568.84,567.8,566.74,565.74,564.58,563.45,562.32,561.2,560.01,559.0,557.87,556.8,555.81,554.72,553.7,552.71,551.8,550.78,549.91,549.01,548.12,547.25,546.43
20351,15,116.085,-5.52,9.69,51.99,632.46,947.75,823.43,789.32,803.07,827.14,840.97,787.86,783.11,799.84,819.11,776.61,712.96,706.93,720.31,701.73,690.44,714.14,713.75,707.27,700.52,699.86,700.05,700.64,700.99,700.13,695.59,698.1,699.5,697.41,699.94,699.6,699.32,699.52,699.36,699.16,699.63,699.13,700.1,699.55,699.77,699.62,700.07,699.91,699.75,699.8,699.03,699.55,699.58,699.82,699.76,699.55,699.62,699.82,699.88,700.02,699.93,699.94,699.94,700.03,699.85,699.98,699.98,699.91,700.01,700.04,699.88,700.04,700.05,699.68,699.29,700.44,700.68,700.35,700.03,699.78,699.53,699.34,699.07,699.08,701.11,701.57,701.24,662.0,527.49,393.65,263.07,133.4,28.14,15.25,15.81,16.32,16.65,16.74,16.96,17.13,17.23,17.36,17.46,17.62,17.65,17.77,17.86,17.96,18.08,18.15,18.23,18.3,18.44,18.44,18.52,18.55,18.59,18.73,18.75,18.83,18.85,18.92,18.99,19.07,19.12,19.23,19.23,19.29,19.39,-0.39,-0.39,-0.34,-0.35,3.32,14.72,24.14,35.21,46.82,57.31,60.64,68.08,78.67,89.9,92.25,89.11,94.95,105.14,111.75,124.64,146.37,161.05,174.92,188.78,205.76,226.28,260.59,339.12,395.84,431.65,457.23,476.19,489.06,499.18,507.51,515.03,521.27,526.84,532.09,537.01,541.57,546.08,550.53,555.04,559.64,564.43,569.38,574.31,579.39,584.33,588.92,593.33,597.48,601.12,604.4,607.33,609.96,612.38,614.65,616.43,617.55,617.93,617.51,616.64,615.35,613.58,611.77,609.66,607.55,605.28,603.24,601.16,599.2,597.1,594.83,592.22,589.33,586.07,582.55,578.98,575.36,571.82,568.51,565.49,562.75,560.4,558.72,560.51,564.62,569.51,574.74,579.76,581.97,582.2,581.71,580.96,580.08,579.1,578.08,577.1,576.07,575.02,573.95,572.94,571.91,570.83,569.79,568.81,567.71,566.56,565.47,564.37,563.22,562.16,561.05,560.0,558.91,557.87,556.83,555.85,554.83,553.87,552.92,552.01,551.16,550.24,549.4,548.56
20352,15,116.089,-6.58,9.0,50.34,627.28,946.29,822.57,788.34,801.56,825.33,836.9,785.85,781.81,798.81,818.38,776.67,713.48,707.29,720.13,701.5,689.78,714.16,713.82,707.27,700.33,700.41,699.78,700.24,700.17,700.06,695.68,698.04,698.54,698.41,699.39,699.9,699.09,698.67,699.76,699.68,698.81,699.87,699.46,700.21,698.6,699.58,699.73,699.96,699.77,700.05,700.03,699.86,699.59,699.85,699.31,699.7,699.62,699.46,699.98,699.99,699.96,699.9,700.02,699.91,699.95,699.97,699.89,699.88,700.07,699.97,699.8,700.0,699.68,700.25,700.1,699.71,699.33,699.18,699.1,700.76,700.9,700.58,700.28,700.03,699.81,699.56,699.41,664.37,528.3,394.01,263.11,133.43,27.75,14.71,15.16,15.64,16.06,16.13,16.31,16.46,16.55,16.7,16.89,16.93,17.04,17.23,17.25,17.38,17.5,17.56,17.64,17.68,17.73,17.8,17.94,18.02,18.02,18.14,18.18,18.23,18.36,18.37,18.33,18.4,18.57,18.59,18.6,18.72,18.66,-0.47,-0.51,-0.48,-0.51,2.91,14.18,23.69,34.69,46.36,56.71,60.03,67.46,78.01,89.19,91.51,88.16,94.06,104.24,110.44,122.79,145.29,160.14,174.0,187.86,204.94,225.25,258.56,336.67,394.31,430.68,456.54,475.82,488.9,499.05,507.51,514.87,521.27,526.87,532.21,537.15,541.72,546.31,550.73,555.04,559.66,564.41,569.44,574.44,579.49,584.49,589.3,593.75,597.85,601.45,604.66,607.51,610.06,612.49,614.72,616.4,617.44,617.68,617.29,616.28,614.9,613.1,611.03,608.85,606.54,604.17,601.98,599.85,597.76,595.53,593.24,590.64,587.79,584.59,581.11,577.48,573.82,570.26,566.86,563.73,561.03,558.63,556.77,558.63,562.91,567.95,573.35,578.6,580.92,581.15,580.64,579.84,578.93,577.99,576.98,575.92,574.95,573.79,572.8,571.61,570.51,569.51,568.42,567.37,566.3,565.2,564.0,562.84,561.77,560.55,559.46,558.35,557.22,556.16,555.15,554.04,553.04,552.04,551.12,550.17,549.24,548.31,547.42,546.59
20353,15,116.091,-2.17,10.71,50.33,629.93,949.08,825.62,790.52,803.57,827.53,839.27,788.49,784.04,800.66,820.26,777.68,713.71,707.83,721.39,702.98,690.57,714.97,714.39,707.41,700.55,700.34,699.88,700.17,699.38,699.87,695.74,698.14,698.46,698.75,699.55,699.86,699.59,698.41,699.76,699.7,698.85,699.91,699.95,700.07,699.98,699.84,700.04,699.85,699.95,699.55,699.66,699.97,699.53,699.85,699.5,699.58,699.82,699.71,699.32,699.74,699.98,700.05,699.95,699.97,699.95,699.88,699.88,700.11,699.76,699.84,700.02,700.03,700.13,699.77,699.52,700.03,700.57,700.29,699.9,699.59,699.37,699.17,699.03,700.43,701.57,701.27,700.4,664.32,529.31,394.56,263.76,134.12,28.64,15.78,16.27,16.74,17.09,17.26,17.47,17.6,17.74,17.86,17.93,18.09,18.14,18.27,18.39,18.44,18.56,18.55,18.68,18.73,18.82,18.87,18.95,19.02,19.08,19.1,19.24,19.25,19.3,19.4,19.47,19.48,19.5,19.65,19.74,19.68,19.75,-0.39,-0.39,-0.43,-0.44,2.81,14.24,23.65,34.61,46.09,56.6,59.76,67.29,77.84,89.06,91.36,88.03,93.86,104.04,110.26,121.99,144.57,159.48,173.34,187.34,204.28,224.21,255.2,332.04,391.01,428.09,454.46,474.1,487.7,498.22,506.64,514.11,520.56,526.18,531.55,536.51,541.26,545.88,550.36,554.89,559.36,564.11,569.05,574.11,579.13,584.05,589.0,593.41,597.5,601.22,604.38,607.29,609.96,612.59,614.66,616.3,617.34,617.53,617.13,616.15,614.71,612.97,610.91,608.66,606.36,604.05,601.77,599.66,597.6,595.39,593.1,590.44,587.53,584.36,580.96,577.32,573.72,570.14,566.78,563.48,560.61,558.06,556.17,557.8,562.12,566.93,572.21,577.4,579.54,579.81,579.25,578.39,577.45,576.38,575.4,574.32,573.23,572.21,571.06,570.05,568.93,567.89,566.78,565.75,564.7,563.6,562.42,561.23,560.08,558.93,557.81,556.69,555.54,554.5,553.38,552.36,551.39,550.39,549.41,548.4,547.55,546.65,545.83,544.9
20354,15,116.093,-5.2,9.98,49.96,627.37,947.96,823.95,789.76,803.48,828.31,839.99,788.37,783.82,800.59,820.08,777.59,713.96,708.13,721.58,703.06,690.61,714.72,714.27,707.35,700.56,700.02,700.2,700.47,700.91,699.58,696.55,697.93,698.63,698.26,699.46,699.77,699.6,698.22,699.9,700.0,698.88,699.89,699.95,700.11,699.47,699.78,699.81,699.82,699.79,699.72,699.68,699.47,699.82,699.95,699.21,699.55,699.83,699.07,699.86,699.63,699.96,699.94,699.84,699.97,699.95,699.87,699.93,699.97,700.07,699.87,699.99,699.89,700.14,699.97,699.58,699.4,700.39,700.33,699.89,699.72,699.49,699.21,699.0,700.01,701.61,701.47,699.53,664.3,529.24,394.58,263.77,134.06,29.02,16.32,16.89,17.32,17.64,17.86,17.96,18.19,18.24,18.42,18.56,18.63,18.77,18.95,19.02,19.12,19.24,19.37,19.38,19.48,19.51,19.61,19.69,19.73,19.84,19.93,19.89,19.97,20.05,20.1,20.14,20.22,20.3,20.24,20.37,20.45,20.52,-0.39,-0.37,-0.35,-0.44,2.68,13.88,23.34,34.22,45.83,56.49,59.65,67.23,77.75,88.99,91.32,88.18,94.12,104.26,110.78,123.24,145.06,159.96,173.81,187.65,204.57,224.63,255.81,333.06,391.77,429.3,455.54,474.93,488.3,498.68,507.07,514.59,520.95,526.58,532.04,536.98,541.51,546.09,550.59,554.96,559.5,564.25,569.17,574.17,579.3,584.15,588.88,593.39,597.54,601.18,604.36,607.16,609.8,612.37,614.58,616.23,617.31,617.6,617.26,616.27,614.9,613.14,611.09,608.9,606.62,604.32,602.12,599.95,597.81,595.63,593.32,590.75,587.83,584.67,581.21,577.72,573.99,570.42,566.99,563.78,560.89,558.44,556.58,558.36,562.58,567.62,572.87,578.06,580.33,580.52,579.99,579.23,578.26,577.29,576.29,575.2,574.13,573.01,571.94,570.9,569.86,568.75,567.73,566.63,565.56,564.48,563.29,562.11,560.95,559.85,558.77,557.6,556.49,555.43,554.39,553.31,552.34,551.32,550.3,549.39,548.41,547.52,546.65,545.75
20355,15,116.093,-4.98,10.13,49.3,626.71,948.09,824.73,790.49,803.92,827.83,839.96,789.06,784.58,801.39,820.64,778.99,714.32,707.99,721.37,703.15,690.8,714.41,714.15,707.31,700.55,700.45,700.04,699.59,699.6,699.86,696.26,697.77,698.72,698.42,699.36,699.84,699.42,698.43,699.79,699.57,698.85,699.89,699.43,700.08,699.3,699.77,700.08,699.88,699.68,699.41,699.74,699.93,699.79,699.88,699.2,699.34,699.81,699.86,699.66,699.99,699.91,699.95,700.0,699.93,700.16,699.59,699.24,699.83,699.93,700.07,699.94,699.99,699.89,700.05,699.78,700.15,700.29,699.91,699.54,699.25,699.03,699.18,701.18,701.02,700.69,700.42,700.23,663.27,527.99,394.31,263.61,134.02,28.89,16.07,16.65,17.09,17.48,17.65,17.81,17.96,18.17,18.19,18.41,18.42,18.56,18.68,18.81,18.94,18.89,19.07,19.1,19.17,19.12,19.29,19.28,19.41,19.51,19.6,19.59,19.73,19.79,19.77,19.88,19.92,19.99,20.08,20.11,20.17,20.22,-0.38,-0.31,-0.38,-0.37,2.55,13.64,23.14,34.22,45.7,56.32,59.58,67.23,77.84,89.08,91.52,88.17,94.12,104.18,111.2,123.99,145.04,159.84,173.53,187.19,204.01,223.79,253.91,330.26,389.99,427.85,454.44,474.13,487.8,498.21,506.71,514.13,520.51,526.14,531.63,536.62,541.14,545.69,550.27,554.76,559.18,564.06,568.92,573.91,578.94,583.87,588.72,593.29,597.46,601.13,604.35,607.43,610.07,612.86,615.15,616.93,618.03,618.46,618.15,617.26,616.0,614.37,612.48,610.28,607.98,605.71,603.53,601.51,599.34,597.25,594.95,592.31,589.32,586.01,582.51,578.76,575.01,571.26,567.84,564.64,561.87,559.51,557.83,559.72,564.15,569.06,574.32,579.52,581.83,581.97,581.42,580.61,579.67,578.59,577.58,576.41,575.38,574.27,573.16,572.08,570.98,569.89,568.73,567.75,566.64,565.54,564.38,563.21,562.07,560.89,559.72,558.68,557.53,556.52,555.51,554.45,553.46,552.48,551.48,550.59,549.61,548.74,547.9,546.98
20356,15,116.08,-5.68,10.47,48.65,621.55,947.72,824.77,791.17,804.07,827.83,839.73,788.58,784.26,801.19,820.59,778.13,714.35,708.61,722.12,703.99,691.81,715.2,714.56,707.36,700.25,700.43,700.47,700.23,700.38,699.93,698.19,696.65,697.95,699.18,698.6,699.81,699.74,698.53,699.66,699.95,698.71,699.66,699.85,699.34,699.33,700.02,699.64,699.89,699.88,699.08,699.89,699.93,699.73,699.45,699.77,699.56,699.12,699.93,699.58,699.94,699.95,699.89,699.93,699.93,700.0,700.1,699.7,699.93,699.99,699.87,700.19,699.86,699.6,700.55,700.34,699.96,699.66,699.3,699.16,698.95,700.62,701.46,701.11,700.81,699.26,697.39,702.96,663.63,528.12,394.3,263.56,133.84,28.86,15.95,16.49,17.02,17.16,17.5,17.61,17.85,17.96,18.06,18.18,18.37,18.44,18.53,18.66,18.76,18.84,18.94,18.96,19.06,19.14,19.23,19.26,19.28,19.36,19.42,19.5,19.5,19.66,19.66,19.65,19.73,19.9,19.9,19.83,20.04,19.98,-0.37,-0.33,-0.34,-0.4,2.44,13.57,23.05,34.18,45.68,56.39,59.71,67.27,77.8,89.08,91.42,88.24,94.12,104.3,111.15,123.84,144.72,159.15,172.52,186.13,202.7,221.66,249.07,322.39,385.11,424.46,451.44,471.78,486.0,496.64,505.34,512.87,519.46,525.28,530.69,535.62,540.33,544.89,549.42,553.78,558.39,563.12,567.95,572.93,577.97,582.96,587.88,592.42,596.48,600.23,603.5,606.55,609.23,611.94,614.23,615.91,616.92,617.2,616.85,616.03,614.66,612.96,610.92,608.75,606.41,604.0,601.84,599.73,597.64,595.41,593.09,590.48,587.63,584.38,580.81,577.13,573.35,569.63,566.22,563.04,560.25,557.86,555.88,557.75,561.98,566.83,572.06,577.16,579.4,579.51,578.9,578.01,577.11,576.05,575.03,573.93,572.86,571.73,570.61,569.54,568.46,567.38,566.35,565.27,564.16,563.09,561.89,560.74,559.61,558.47,557.29,556.19,555.11,554.01,553.01,551.89,550.9,549.87,548.88,547.93,547.11,546.17,545.3,544.46
20358,15,115.976,-4.4,10.74,46.71,614.96,949.96,828.95,794.63,808.39,832.71,845.19,794.24,789.54,806.65,826.44,784.65,720.13,714.07,727.58,709.25,695.87,718.94,716.79,708.72,700.74,700.39,700.27,699.95,701.47,699.32,700.14,699.1,696.87,699.82,698.09,699.57,699.57,698.94,699.89,699.36,699.28,700.0,700.15,699.11,699.75,699.96,700.1,699.79,699.46,699.82,700.03,699.73,699.69,699.92,699.39,699.44,699.9,700.04,699.56,699.89,699.87,699.93,699.99,699.92,700.12,699.35,699.85,699.9,699.95,699.54,700.08,699.86,699.56,700.15,699.93,699.56,699.38,700.57,700.6,700.19,699.93,699.67,699.47,699.26,699.03,699.9,702.09,664.1,528.3,394.44,263.58,133.8,28.84,15.56,16.21,16.74,16.98,17.18,17.34,17.59,17.77,17.8,18.08,18.1,18.34,18.48,18.58,18.58,18.68,18.73,18.84,18.92,18.88,19.0,19.06,19.12,19.19,19.24,19.32,19.4,19.38,19.52,19.54,19.59,19.6,19.68,19.73,19.84,19.87,-0.42,-0.37,-0.46,-0.43,2.72,14.06,23.64,34.71,46.35,57.02,60.44,68.03,78.6,90.08,92.5,89.25,95.18,105.3,111.62,123.46,145.44,159.59,172.55,186.01,201.98,220.61,244.47,309.62,376.03,418.81,446.97,467.9,482.91,494.38,503.1,510.81,517.61,523.75,529.22,534.24,539.16,543.85,548.43,552.92,557.6,562.29,567.07,572.01,576.88,581.76,586.54,590.93,595.01,598.5,601.69,604.59,607.36,609.96,612.0,613.39,614.13,614.22,613.82,612.83,611.36,609.44,607.07,604.6,602.07,599.67,597.43,595.2,593.15,591.03,588.79,586.41,583.69,580.71,577.52,574.25,570.83,567.47,564.21,561.1,558.23,555.47,553.38,554.62,558.35,562.69,567.39,572.17,574.15,574.13,573.43,572.6,571.57,570.52,569.37,568.34,567.23,566.08,564.95,563.83,562.73,561.68,560.53,559.41,558.4,557.32,556.17,554.89,553.73,552.64,551.48,550.36,549.26,548.13,547.13,546.1,545.0,544.1,543.09,542.23,541.22,540.34,539.5,538.62
20359,15,115.985,-4.22,10.35,45.21,619.75,954.42,832.92,798.03,811.86,836.17,848.92,797.95,793.02,809.81,829.43,788.06,722.94,716.63,730.16,712.26,697.78,720.72,717.87,709.39,700.74,700.2,700.45,698.98,701.04,699.22,700.44,699.61,697.72,699.7,699.42,699.68,699.51,698.62,699.81,699.92,699.27,700.08,699.29,699.87,698.98,699.99,699.48,699.82,699.88,699.29,699.45,699.83,699.99,699.56,699.43,699.74,699.8,699.47,699.93,699.82,699.99,699.82,700.15,699.07,699.25,699.77,700.06,699.6,699.9,699.89,699.79,699.87,700.22,700.11,699.9,699.47,699.22,699.0,699.98,700.58,700.32,700.05,699.73,699.65,699.3,699.18,699.0,666.14,529.62,395.38,264.33,134.66,30.02,17.42,18.11,18.57,18.85,19.08,19.26,19.36,19.68,19.73,19.75,19.87,19.9,20.02,20.09,20.23,20.31,20.36,20.41,20.63,20.69,20.66,20.73,20.86,20.88,20.99,21.06,20.99,21.1,21.16,21.27,21.31,21.34,21.38,21.44,21.39,21.6,-0.34,-0.45,-0.35,-0.34,2.54,14.28,23.79,35.01,46.82,57.56,61.02,68.6,79.24,90.59,93.14,89.75,95.57,105.78,112.18,123.31,145.62,159.94,173.0,186.22,202.14,220.95,244.3,308.67,375.28,418.17,446.81,467.8,483.09,494.48,503.17,510.88,517.65,523.77,529.13,534.28,539.14,543.88,548.36,552.93,557.58,562.29,567.13,571.97,576.92,581.82,586.56,590.98,595.01,598.63,601.76,604.73,607.5,610.16,612.08,613.42,614.17,614.27,613.86,612.9,611.41,609.28,607.13,604.59,602.16,599.58,597.46,595.23,593.11,591.01,588.82,586.37,583.74,580.73,577.49,574.18,570.74,567.3,564.05,560.92,557.94,555.23,552.97,554.07,557.53,561.73,566.31,570.92,572.71,572.71,571.97,571.04,570.06,569.01,567.96,566.84,565.71,564.63,563.46,562.39,561.23,560.09,558.99,557.9,556.85,555.8,554.6,553.35,552.31,551.07,549.91,548.84,547.67,546.65,545.5,544.46,543.5,542.43,541.47,540.53,539.58,538.66,537.73,536.89
20360,15,115.998,-5.45,10.66,44.92,619.99,955.8,834.55,800.18,813.23,837.09,850.4,798.92,793.6,810.01,829.5,788.15,723.24,716.67,730.06,712.34,697.53,719.96,717.58,709.14,700.81,700.33,700.13,700.07,701.56,698.05,700.03,698.25,698.12,698.83,698.97,699.91,699.69,698.36,699.58,699.88,699.05,700.02,699.51,699.84,698.94,699.83,699.49,699.95,700.04,699.67,699.69,699.92,700.0,699.39,699.44,699.93,699.94,700.02,699.93,699.79,699.93,699.99,699.97,699.96,699.91,699.84,699.97,699.93,700.25,699.87,699.42,699.65,700.21,699.91,699.49,699.28,699.53,700.44,700.23,699.91,699.69,699.43,699.22,699.02,700.35,701.13,700.78,665.08,529.61,395.75,264.94,135.14,28.04,13.8,14.26,14.62,15.0,15.3,15.39,15.64,15.74,15.93,16.03,16.08,16.18,16.24,16.39,16.48,16.61,16.79,16.83,16.99,16.91,17.05,17.09,17.13,17.3,17.36,17.42,17.48,17.51,17.52,17.68,17.71,17.79,17.75,17.87,17.94,17.92,-0.29,-0.35,-0.33,-0.34,2.61,14.04,23.62,34.98,46.76,57.55,60.95,68.62,79.3,90.65,93.22,89.82,95.76,106.0,112.57,124.24,145.89,160.1,172.9,186.03,201.86,220.51,243.86,307.04,373.76,417.0,445.7,467.01,482.22,493.81,502.48,510.29,517.01,523.19,528.61,533.8,538.72,543.42,548.03,552.51,557.03,561.74,566.52,571.46,576.47,581.47,586.15,590.63,594.76,598.33,601.59,604.61,607.47,610.27,612.45,613.97,614.64,614.92,614.45,613.69,612.2,610.22,607.99,605.46,602.95,600.54,598.23,596.06,593.97,591.8,589.62,587.28,584.62,581.72,578.46,575.14,571.75,568.36,565.11,561.91,558.89,556.15,553.86,555.08,558.38,562.54,567.24,571.8,573.89,573.88,573.2,572.23,571.25,570.19,569.03,567.96,566.78,565.67,564.54,563.4,562.24,561.18,560.08,558.92,557.88,556.72,555.54,554.37,553.11,551.99,550.84,549.69,548.59,547.49,546.43,545.34,544.33,543.34,542.37,541.34,540.44,539.49,538.53,537.73
20361,15,116.022,-5.95,9.95,44.48,619.33,955.21,834.02,799.57,813.04,836.68,848.85,797.63,792.33,808.6,827.82,786.54,721.68,714.94,728.27,710.6,696.1,718.79,717.04,708.91,700.67,700.33,700.39,700.55,701.26,699.36,697.69,698.8,697.9,699.48,698.0,699.69,699.7,698.58,699.9,699.46,699.09,699.62,699.88,700.03,699.19,699.99,700.07,699.92,699.74,699.75,700.12,699.78,699.73,699.68,699.68,699.44,699.84,699.69,699.89,699.95,699.95,699.91,699.85,699.93,700.03,699.74,699.87,699.98,700.01,699.51,699.43,699.98,699.67,700.29,700.12,699.75,699.45,699.22,698.92,699.75,700.71,700.37,700.03,699.83,699.55,699.22,699.05,665.94,530.53,396.06,265.06,135.17,27.76,13.12,13.73,14.13,14.52,14.73,14.81,15.01,15.17,15.33,15.42,15.54,15.68,15.75,15.87,15.9,16.02,16.11,16.14,16.37,16.44,16.58,16.56,16.57,16.68,16.71,16.81,16.83,16.99,16.98,16.97,17.13,17.2,17.22,17.29,17.28,17.39,-0.39,-0.36,-0.4,-0.36,2.5,14.01,23.61,34.89,46.63,57.28,60.78,68.46,78.87,90.45,92.96,89.64,95.46,105.67,112.31,124.47,145.76,159.97,173.05,186.5,202.44,221.2,245.0,310.04,376.13,418.42,447.04,468.05,483.13,494.56,503.09,510.82,517.59,523.63,529.06,534.11,539.04,543.7,548.26,552.71,557.31,562.11,566.87,571.83,576.8,581.81,586.5,590.94,594.98,598.62,601.89,604.83,607.76,610.46,612.78,614.29,615.19,615.46,615.07,614.25,612.96,611.12,608.97,606.54,604.24,601.94,599.61,597.55,595.56,593.42,591.22,588.71,585.95,582.92,579.66,576.14,572.51,569.04,565.75,562.62,559.87,557.41,555.41,556.78,560.61,565.03,569.91,574.7,576.91,576.9,576.3,575.45,574.43,573.44,572.37,571.24,570.16,569.03,567.91,566.85,565.68,564.62,563.58,562.56,561.36,560.38,559.2,558.03,556.96,555.77,554.6,553.59,552.42,551.37,550.29,549.3,548.29,547.32,546.33,545.42,544.47,543.61,542.65,541.79
20362,15,116.003,-1.56,11.49,46.62,624.01,954.46,834.22,798.62,811.9,835.73,848.1,796.68,791.85,808.77,828.25,786.29,721.61,715.63,729.14,711.15,697.15,719.68,717.43,709.07,700.71,700.32,700.32,700.16,700.14,699.87,695.3,698.51,699.1,698.31,699.48,699.78,699.43,698.42,699.78,700.03,698.69,699.82,699.72,700.17,699.06,699.75,699.99,699.92,699.93,699.82,699.75,699.79,699.68,699.92,699.79,699.66,699.74,699.41,699.73,699.5,699.91,699.91,699.92,699.94,699.94,699.82,699.93,699.98,699.91,699.99,700.04,699.71,699.45,699.93,700.01,699.94,700.05,700.14,699.92,699.58,699.3,699.05,700.29,700.37,700.08,699.79,699.54,665.42,529.63,395.24,264.51,134.73,29.94,17.57,18.19,18.63,18.93,19.22,19.33,19.56,19.63,19.71,19.78,20.04,20.09,20.16,20.3,20.39,20.52,20.49,20.56,20.67,20.73,20.86,20.82,20.85,20.91,21.09,21.04,21.12,21.28,21.29,21.36,21.38,21.39,21.56,21.58,21.65,21.68,-0.41,-0.4,-0.37,-0.39,2.6,14.24,23.69,35.06,46.82,57.46,60.89,68.52,79.12,90.47,93.04,89.79,95.63,105.83,112.23,124.27,146.04,160.43,173.4,186.65,202.75,221.49,246.38,314.87,378.72,419.37,447.18,468.02,482.85,494.37,503.11,510.84,517.68,523.56,529.13,534.3,539.16,543.85,548.4,552.98,557.58,562.38,567.13,572.12,577.08,581.99,586.77,591.28,595.32,599.03,602.38,605.34,608.12,610.75,612.79,614.27,615.0,615.14,614.85,614.03,612.69,610.66,608.54,606.0,603.71,601.32,599.04,596.9,594.79,592.77,590.47,587.98,585.31,582.27,579.01,575.62,572.11,568.72,565.33,562.18,559.34,556.84,554.74,555.84,559.49,563.79,568.55,573.17,575.02,575.01,574.39,573.42,572.42,571.42,570.38,569.29,568.17,567.05,565.88,564.81,563.75,562.6,561.52,560.43,559.41,558.32,557.15,555.96,554.78,553.67,552.47,551.37,550.21,549.16,548.06,547.08,546.03,545.01,544.09,543.13,542.17,541.27,540.38,539.56
20363,15,116.001,-5.34,10.38,46.95,629.75,955.38,832.17,797.6,811.74,836.1,849.6,797.32,792.11,808.62,827.92,786.55,721.63,715.08,728.53,711.2,696.63,719.28,717.28,709.09,700.63,700.34,700.39,700.07,701.37,698.37,698.24,698.52,699.28,697.58,699.64,699.68,699.07,698.9,699.55,699.36,699.27,699.31,700.02,699.99,699.56,699.84,699.92,699.78,699.97,699.7,699.7,699.67,699.94,699.56,699.96,699.11,699.47,699.89,698.89,699.51,699.86,699.92,699.84,699.92,699.95,700.03,699.76,700.08,699.62,699.89,700.12,699.67,699.35,699.12,700.46,700.55,700.24,699.93,699.63,699.47,699.21,699.02,699.95,701.93,701.35,696.91,701.44,665.89,529.75,395.77,265.06,135.41,28.38,14.44,14.92,15.33,15.77,15.96,16.03,16.27,16.47,16.53,16.6,16.72,16.79,16.91,17.01,17.11,17.21,17.3,17.39,17.43,17.55,17.59,17.57,17.68,17.76,17.81,17.97,18.0,18.04,18.09,18.03,18.22,18.29,18.26,18.38,18.46,18.5,-0.47,-0.51,-0.49,-0.44,2.75,14.18,23.72,34.96,46.7,57.51,60.89,68.46,79.0,90.48,93.1,89.72,95.68,105.84,112.63,124.74,146.12,160.53,173.72,186.87,203.11,222.09,246.85,315.6,379.51,420.89,448.65,469.3,483.89,495.18,503.81,511.34,518.09,523.8,529.29,534.46,539.17,543.9,548.55,553.15,557.64,562.35,567.21,572.18,577.22,582.12,586.86,591.45,595.57,599.21,602.47,605.42,608.17,610.91,612.93,614.55,615.47,615.61,615.33,614.33,613.06,611.21,609.03,606.65,604.28,601.93,599.63,597.49,595.54,593.47,591.25,588.81,586.17,583.2,580.09,576.72,573.28,569.93,566.54,563.4,560.55,557.96,555.83,557.15,560.83,565.09,569.87,574.58,576.64,576.61,576.07,575.11,574.09,573.11,571.96,570.85,569.83,568.62,567.48,566.37,565.28,564.15,563.18,562.1,560.96,559.9,558.7,557.53,556.38,555.28,554.19,553.01,552.02,550.9,549.83,548.77,547.77,546.79,545.83,544.93,543.94,543.11,542.21,541.36
20364,15,115.99,-5.33,10.48,47.28,628.24,955.02,832.93,798.1,811.55,836.22,848.9,797.51,792.8,809.1,828.55,787.59,722.7,715.97,729.22,711.15,697.11,719.54,717.34,708.92,701.01,700.26,700.42,699.64,701.05,700.03,699.6,697.64,699.27,697.4,699.51,699.47,699.14,699.33,699.47,699.19,699.45,699.34,700.03,699.9,699.34,699.68,700.15,699.62,699.61,699.96,699.43,699.85,699.81,699.85,699.36,700.01,699.78,699.75,699.7,699.87,699.94,699.86,699.63,699.94,699.93,700.04,699.83,699.56,700.06,699.87,700.01,699.8,700.31,700.02,699.71,699.35,699.22,698.98,700.37,700.34,700.1,699.8,699.56,699.36,699.1,699.19,701.4,665.16,529.06,395.17,264.33,134.7,30.33,18.15,18.77,19.28,19.49,19.69,19.94,20.09,20.16,20.36,20.4,20.5,20.61,20.7,20.89,20.93,21.01,21.14,21.15,21.24,21.38,21.32,21.46,21.53,21.56,21.59,21.68,21.79,21.76,21.86,22.03,22.04,22.05,22.11,22.16,22.24,22.33,-0.37,-0.35,-0.37,-0.42,2.98,14.52,24.01,35.34,46.89,57.65,61.13,68.76,79.51,90.73,93.38,90.0,96.01,106.17,112.85,125.08,146.4,160.74,173.78,187.24,203.31,222.42,247.22,315.87,380.0,421.35,448.83,469.35,483.99,495.16,503.71,511.36,518.08,523.92,529.26,534.37,539.11,543.89,548.42,552.99,557.37,562.15,567.0,571.89,576.9,581.86,586.56,591.06,595.11,598.74,602.08,605.09,607.76,610.59,612.73,614.23,615.19,615.26,614.94,614.12,612.78,610.91,608.84,606.47,604.06,601.71,599.5,597.47,595.28,593.23,590.96,588.57,585.83,582.78,579.42,575.96,572.45,568.98,565.7,562.6,559.86,557.36,555.28,556.69,560.36,564.81,569.53,574.33,576.3,576.43,575.7,574.86,573.95,572.9,571.77,570.77,569.69,568.61,567.43,566.34,565.31,564.2,563.14,562.12,561.01,559.9,558.81,557.6,556.43,555.38,554.19,553.13,552.01,550.91,549.89,548.88,547.83,546.89,545.99,545.07,544.11,543.24,542.41,541.45
20365,15,116.02,-3.99,10.81,46.05,623.32,955.6,833.46,799.1,812.96,835.83,848.12,796.67,791.52,808.06,827.89,785.92,721.16,715.08,728.41,710.51,696.49,719.14,717.01,708.92,700.34,699.98,699.86,700.66,701.34,697.29,698.89,697.94,698.59,698.32,699.26,699.58,699.38,698.71,699.72,699.96,699.02,699.89,700.07,699.6,699.49,699.85,700.01,699.98,700.08,699.51,700.0,699.79,699.67,699.88,699.75,699.92,699.27,699.79,699.94,699.87,699.78,699.84,699.97,700.02,699.79,699.73,699.82,700.09,699.6,699.52,700.04,699.74,700.2,700.0,699.69,699.35,699.02,699.46,700.82,700.54,700.33,699.89,699.98,699.44,699.34,699.22,698.96,666.23,529.68,395.24,264.29,134.58,30.04,17.92,18.37,18.77,19.2,19.36,19.54,19.81,19.87,19.96,20.13,20.24,20.31,20.43,20.51,20.72,20.82,20.79,20.86,20.98,21.08,21.1,21.2,21.22,21.32,21.35,21.39,21.39,21.49,21.55,21.61,21.57,21.75,21.83,21.83,21.89,21.93,-0.43,-0.45,-0.46,-0.43,2.9,14.37,23.97,35.18,46.93,57.65,60.99,68.63,79.06,90.57,93.09,89.64,95.54,105.7,112.15,124.06,145.83,160.08,173.38,186.65,202.8,221.7,246.22,314.54,378.54,420.24,448.16,468.94,483.61,494.92,503.46,511.22,517.93,523.87,529.22,534.42,539.14,543.75,548.33,552.9,557.52,562.18,567.07,571.98,577.0,581.9,586.74,591.26,595.31,598.94,602.23,605.33,608.06,610.75,612.98,614.51,615.35,615.54,615.22,614.34,613.09,611.25,609.04,606.73,604.35,602.05,599.66,597.64,595.52,593.45,591.17,588.54,585.74,582.42,579.19,575.53,571.99,568.41,565.13,561.98,559.15,556.71,554.65,556.03,559.78,564.12,569.01,573.72,575.76,575.8,575.12,574.21,573.27,572.24,571.19,569.99,568.97,567.86,566.72,565.59,564.47,563.4,562.31,561.16,560.08,559.05,557.83,556.65,555.49,554.3,553.23,552.1,551.02,550.04,548.89,547.88,546.83,545.88,544.96,544.0,543.05,542.17,541.24,540.4
20366,15,116.036,-5.5,10.72,45.71,620.64,952.86,831.76,797.8,811.29,834.98,846.94,795.69,790.82,807.63,826.91,785.03,720.23,713.93,727.41,709.64,695.93,718.7,716.95,708.92,700.65,700.34,700.11,700.03,700.58,700.43,695.93,698.84,697.74,699.02,698.96,700.01,699.64,698.82,699.44,699.76,699.2,699.87,699.32,699.57,699.59,699.89,699.44,699.74,699.99,699.49,699.89,699.82,699.63,699.72,699.75,699.51,699.63,699.66,699.8,699.64,699.84,699.95,699.8,699.84,699.89,700.0,699.65,699.96,699.72,699.94,699.91,700.26,699.92,699.48,699.24,699.51,700.94,700.75,700.34,700.1,699.88,699.7,699.4,699.32,699.0,699.62,701.27,665.28,529.19,395.26,264.31,134.58,29.91,17.32,18.0,18.41,18.64,18.97,19.11,19.25,19.32,19.5,19.6,19.7,19.84,19.97,20.0,20.13,20.21,20.38,20.4,20.54,20.52,20.7,20.66,20.74,20.8,20.91,20.91,20.97,21.14,21.08,21.2,21.32,21.22,21.31,21.37,21.46,21.43,-0.33,-0.32,-0.37,-0.37,2.48,13.56,23.36,34.74,46.36,57.1,60.41,68.06,78.72,89.96,92.55,89.27,95.14,105.22,111.87,123.78,145.54,159.67,173.12,186.18,202.45,221.54,246.56,315.14,379.9,420.46,448.67,469.34,483.99,495.03,503.71,511.36,518.07,524.0,529.3,534.49,539.4,543.87,548.5,553.01,557.64,562.2,567.16,572.15,577.17,582.12,586.93,591.42,595.58,599.25,602.42,605.52,608.28,610.96,613.28,614.94,615.95,616.27,615.85,615.1,613.84,612.02,609.98,607.71,605.43,603.07,600.86,598.71,596.69,594.62,592.3,589.79,586.82,583.78,580.21,576.73,573.09,569.57,566.31,563.15,560.42,557.89,555.98,557.56,561.51,566.12,571.13,576.0,578.1,578.13,577.52,576.71,575.74,574.71,573.72,572.66,571.46,570.39,569.29,568.19,567.12,566.05,564.85,563.85,562.81,561.71,560.53,559.4,558.22,557.04,556.02,554.84,553.76,552.7,551.57,550.59,549.58,548.7,547.68,546.78,545.81,544.96,544.17,543.25
20367,15,116.039,-3.0,11.16,44.93,617.62,952.59,830.93,796.7,810.08,833.88,845.82,794.72,789.86,806.85,826.32,785.18,720.13,714.24,728.11,709.47,695.46,718.68,716.79,708.77,700.91,700.43,700.21,700.21,701.22,700.5,697.6,698.59,696.98,699.72,697.88,699.85,699.68,699.21,699.26,699.41,699.46,699.46,700.19,698.86,699.87,699.78,700.12,699.91,699.37,699.89,699.92,699.89,699.9,699.77,699.54,699.93,699.96,699.85,699.68,699.83,699.94,699.94,699.83,699.92,699.89,699.95,699.86,699.87,700.13,699.78,699.48,700.36,700.1,699.88,699.44,699.23,698.92,699.82,700.73,700.42,700.11,699.78,699.65,699.44,699.13,698.96,701.21,665.45,529.33,395.27,264.11,134.6,30.35,17.56,18.37,18.79,19.08,19.42,19.43,19.65,19.81,20.04,20.2,20.29,20.35,20.49,20.54,20.64,20.72,20.85,20.84,20.83,21.04,21.01,21.07,21.18,21.23,21.28,21.33,21.39,21.48,21.51,21.51,21.59,21.59,21.8,21.7,21.87,21.91,-0.34,-0.34,-0.38,-0.34,2.69,14.02,23.58,34.89,46.52,57.19,60.59,68.17,78.83,90.16,92.81,89.44,95.25,105.5,111.85,123.58,145.38,159.67,172.6,186.15,202.28,221.05,244.96,311.1,377.28,418.9,447.36,468.34,483.34,494.48,503.21,511.01,517.67,523.68,529.05,534.16,539.04,543.81,548.29,552.85,557.3,562.0,566.93,571.83,576.82,581.88,586.69,591.16,595.31,599.04,602.35,605.41,608.22,610.92,613.11,614.77,615.84,616.08,615.84,615.01,613.78,612.07,610.13,607.85,605.52,603.29,601.12,598.94,596.93,594.79,592.46,589.68,586.59,583.13,579.32,575.42,571.58,567.81,564.34,561.26,558.62,556.35,554.51,556.22,560.28,565.03,570.03,574.92,576.93,576.89,576.34,575.5,574.5,573.44,572.4,571.31,570.16,569.02,567.93,566.78,565.66,564.57,563.44,562.38,561.34,560.2,559.0,557.84,556.68,555.55,554.39,553.28,552.26,551.12,550.08,549.07,548.08,547.02,546.09,545.14,544.29,543.3,542.57,541.64
20368,15,115.964,-4.53,10.42,40.48,600.07,951.46,832.28,796.95,810.52,834.42,846.8,795.7,791.09,808.36,828.06,787.0,721.89,715.6,728.76,711.12,695.66,719.47,717.23,708.92,700.8,700.37,700.44,700.26,701.25,696.78,698.13,698.56,696.93,698.59,698.82,699.8,699.15,699.57,699.25,699.17,699.92,699.85,698.99,699.93,699.63,700.18,699.02,699.77,699.91,699.92,700.02,699.87,699.79,699.57,699.54,699.98,698.94,699.66,699.93,699.93,699.82,699.96,699.95,699.91,699.85,699.88,699.89,700.06,699.76,699.78,699.88,699.94,699.96,699.92,700.15,699.73,699.48,700.1,700.42,700.18,699.85,699.6,699.4,699.08,698.91,700.39,700.8,665.23,530.24,396.02,265.19,135.12,28.52,14.44,15.0,15.49,15.78,16.05,16.12,16.33,16.46,16.64,16.72,16.81,16.92,16.98,17.15,17.23,17.31,17.4,17.45,17.47,17.59,17.66,17.69,17.73,17.85,17.86,17.95,17.98,18.03,18.11,18.14,18.28,18.32,18.37,18.43,18.46,18.55,-0.45,-0.41,-0.39,-0.5,1.87,13.09,22.76,34.03,45.76,56.42,59.8,67.42,78.21,89.5,92.26,88.56,94.59,104.79,110.95,121.04,143.84,158.01,170.64,183.89,199.35,217.61,239.57,292.98,363.6,409.89,439.64,461.67,478.48,490.48,499.72,507.65,514.85,521.1,526.63,531.98,536.99,541.78,546.6,551.25,556.03,560.8,565.57,570.59,575.72,580.7,585.55,590.12,594.28,598.0,601.26,604.3,607.1,609.74,611.86,613.38,614.12,614.37,614.01,613.13,611.71,609.81,607.53,604.99,602.53,600.1,597.8,595.55,593.42,591.26,588.83,586.32,583.33,580.22,576.78,573.2,569.59,566.03,562.62,559.34,556.31,553.56,551.19,552.22,555.67,559.92,564.53,569.17,571.12,571.07,570.4,569.48,568.43,567.39,566.33,565.1,563.98,562.9,561.64,560.6,559.5,558.3,557.17,556.11,554.98,553.86,552.64,551.44,550.26,549.11,547.97,546.79,545.8,544.71,543.59,542.65,541.57,540.59,539.64,538.56,537.65,536.78,535.88,534.98
20369,15,115.917,-2.98,11.67,44.05,611.95,956.42,836.37,800.73,813.86,838.29,851.49,799.84,794.76,811.65,831.68,790.62,725.45,719.21,732.86,715.31,699.84,722.19,718.91,709.58,701.16,699.59,699.5,699.39,701.05,700.7,696.44,699.19,697.33,699.61,698.16,699.6,699.53,699.65,699.62,699.26,699.65,699.82,700.19,698.82,699.75,699.82,700.14,699.16,699.6,699.63,699.69,699.97,700.01,699.93,699.2,699.48,699.7,699.15,699.87,699.72,699.95,699.81,699.93,699.95,699.82,699.5,699.91,699.87,700.04,700.06,700.12,699.57,699.25,700.15,700.61,700.24,699.92,699.65,699.38,699.14,698.92,700.3,701.37,701.0,700.82,700.5,699.92,664.32,530.02,395.84,264.85,134.94,28.01,13.53,14.08,14.55,14.87,15.09,15.29,15.5,15.52,15.66,15.78,15.97,16.02,16.07,16.12,16.32,16.28,16.5,16.61,16.71,16.71,16.89,16.95,17.01,17.04,17.1,17.2,17.26,17.35,17.44,17.44,17.43,17.62,17.64,17.7,17.78,17.78,-0.35,-0.37,-0.39,-0.42,2.33,13.76,23.42,34.76,46.44,57.28,60.76,68.39,79.11,90.4,93.24,89.81,95.72,105.84,112.44,123.33,144.98,158.98,171.49,184.64,199.66,218.04,239.88,292.34,363.7,409.04,439.99,462.14,478.56,491.04,500.09,508.05,515.11,521.37,526.91,532.12,537.25,542.12,546.72,551.37,556.16,560.92,565.64,570.51,575.48,580.42,585.28,589.87,594.03,597.81,601.01,604.08,606.99,609.65,611.66,613.16,613.84,614.11,613.85,612.95,611.44,609.51,607.12,604.42,601.83,599.33,596.98,594.71,592.6,590.33,588.06,585.61,583.05,580.13,577.1,573.91,570.5,567.16,563.8,560.49,557.32,554.48,551.98,552.7,555.9,559.82,564.22,568.76,570.69,570.51,569.86,568.85,567.7,566.71,565.56,564.38,563.29,562.05,560.98,559.83,558.68,557.55,556.49,555.29,554.19,553.17,551.86,550.68,549.55,548.32,547.21,546.01,544.86,543.83,542.68,541.61,540.58,539.5,538.49,537.52,536.4,535.53,534.53,533.62
20370,15,115.934,-3.98,11.35,41.95,607.16,956.56,836.84,802.36,816.11,840.12,852.79,801.45,796.31,813.23,833.54,792.52,726.72,719.89,733.01,715.3,699.73,722.11,719.1,709.83,701.16,700.34,699.75,699.86,701.3,699.65,699.54,699.08,695.41,699.87,698.16,699.76,699.02,699.88,699.6,698.95,700.02,699.79,699.88,699.65,699.97,699.03,700.13,699.78,699.89,699.88,699.83,699.57,699.48,699.87,699.43,699.48,699.48,699.6,699.86,699.89,699.95,699.95,699.89,699.98,699.83,699.98,699.84,699.98,700.08,699.97,699.43,699.2,700.63,700.49,700.08,699.71,699.46,699.26,699.01,699.16,701.64,701.8,698.72,699.09,702.87,697.49,701.05,665.78,529.77,395.98,264.88,134.96,28.51,13.99,14.76,15.17,15.44,15.63,15.93,15.98,16.16,16.22,16.44,16.52,16.59,16.75,16.79,16.95,17.06,17.18,17.3,17.31,17.32,17.5,17.52,17.62,17.67,17.75,17.8,17.86,17.9,18.08,18.04,18.02,18.2,18.12,18.21,18.33,18.32,-0.44,-0.32,-0.45,-0.41,2.19,13.71,23.36,34.73,46.54,57.37,60.79,68.48,79.19,90.65,93.34,89.99,95.98,106.02,112.42,123.22,145.32,159.52,171.9,184.99,200.41,218.41,240.38,291.04,362.95,409.91,440.31,462.29,478.94,491.24,500.5,508.53,515.64,521.83,527.33,532.65,537.7,542.6,547.15,551.78,556.48,561.15,566.0,571.03,575.95,580.95,585.64,590.12,594.23,597.91,601.19,604.24,607.02,609.65,611.84,613.28,614.06,614.29,614.06,613.09,611.73,609.73,607.39,604.83,602.3,599.81,597.42,595.3,593.01,590.81,588.63,586.35,583.83,581.02,578.04,574.92,571.56,568.21,565.07,561.89,558.84,555.94,553.41,554.43,557.71,561.82,566.21,570.85,572.76,572.68,571.97,571.05,569.97,568.96,567.79,566.75,565.56,564.44,563.3,562.19,561.1,559.89,558.82,557.66,556.62,555.54,554.34,553.11,552.02,550.75,549.65,548.44,547.39,546.24,545.19,544.07,543.1,542.0,541.12,540.0,539.17,538.07,537.21,536.27
20371,15,115.931,-5.2,10.62,43.24,616.67,957.74,838.39,803.0,817.22,841.74,854.09,802.97,798.14,815.06,834.64,793.38,728.07,721.55,735.01,717.35,701.41,723.44,719.77,710.29,701.15,699.69,698.95,699.54,701.05,700.5,695.63,699.19,698.08,698.68,698.82,699.71,699.47,698.94,699.82,699.88,698.67,700.02,699.71,699.67,699.5,700.0,699.94,699.91,699.83,699.44,699.63,700.06,699.18,699.89,699.46,699.17,699.59,699.35,699.3,699.68,699.95,699.85,699.93,700.04,699.83,699.93,699.86,699.97,699.98,699.9,700.17,700.01,699.65,699.26,699.26,700.5,700.23,699.8,699.55,699.3,699.08,699.1,701.31,701.69,700.66,697.02,702.19,665.29,529.63,395.84,264.91,135.19,28.12,13.78,14.33,14.84,15.12,15.29,15.39,15.58,15.76,15.86,15.95,16.11,16.21,16.3,16.36,16.5,16.62,16.72,16.75,16.9,17.01,16.99,17.08,17.08,17.15,17.24,17.3,17.36,17.46,17.43,17.57,17.62,17.69,17.67,17.79,17.87,17.89,-0.43,-0.4,-0.45,-0.48,2.53,14.07,23.85,35.19,46.91,57.93,61.3,69.04,79.8,91.21,93.92,90.56,96.4,106.58,113.04,124.19,146.01,160.04,172.49,185.16,200.33,218.51,240.81,293.27,364.03,409.39,440.19,462.42,478.43,491.17,500.11,508.04,515.13,521.46,527.13,532.11,537.33,542.03,546.81,551.27,556.0,560.78,565.59,570.52,575.37,580.44,585.15,589.65,593.71,597.38,600.69,603.67,606.45,609.04,611.02,612.28,613.08,613.28,612.91,611.97,610.45,608.41,605.99,603.39,600.8,598.26,595.99,593.65,591.54,589.33,587.14,584.63,582.14,579.16,576.27,572.94,569.72,566.32,563.07,559.75,556.81,553.95,551.44,552.26,555.57,559.41,564.04,568.46,570.44,570.33,569.71,568.67,567.58,566.67,565.5,564.43,563.24,562.12,560.9,559.76,558.6,557.48,556.41,555.24,554.24,552.99,551.95,550.63,549.58,548.23,547.14,546.09,544.88,543.93,542.67,541.69,540.68,539.59,538.66,537.65,536.66,535.7,534.73,533.95
20372,15,115.948,-4.34,11.49,44.61,622.26,960.0,839.42,804.33,817.86,842.89,855.48,803.48,797.66,814.54,833.92,793.17,727.44,720.71,734.27,717.18,700.92,723.17,719.58,710.12,701.19,699.79,698.38,699.46,700.81,700.57,695.17,698.71,698.99,697.77,699.41,699.57,699.74,698.59,699.79,699.8,699.05,699.82,700.12,699.94,699.85,699.95,699.48,699.93,699.62,699.77,699.9,699.43,699.92,699.86,699.19,699.37,699.85,699.7,699.38,699.76,699.92,699.84,699.95,699.93,699.9,699.57,699.96,699.99,699.94,699.57,700.1,699.89,699.79,700.15,699.84,699.59,700.45,700.27,699.96,699.57,699.37,699.15,698.9,700.69,701.34,701.09,700.88,664.58,530.01,396.18,265.63,135.81,29.18,15.06,15.57,16.01,16.36,16.59,16.74,16.91,17.03,17.23,17.28,17.45,17.52,17.64,17.69,17.84,17.92,18.02,18.14,18.18,18.17,18.27,18.38,18.44,18.53,18.56,18.59,18.66,18.78,18.8,18.92,18.91,18.95,19.08,19.14,19.18,19.19,-0.31,-0.31,-0.43,-0.36,2.42,14.03,23.74,35.11,46.94,57.9,61.34,68.99,79.71,90.96,93.72,90.36,96.22,106.36,113.0,123.82,146.16,160.03,172.75,185.88,201.08,219.24,241.97,298.79,368.12,412.13,441.93,464.02,479.53,492.0,500.8,508.81,515.63,521.81,527.22,532.42,537.41,542.39,546.97,551.61,556.21,561.05,565.75,570.81,575.57,580.61,585.36,589.86,593.8,597.57,600.66,603.75,606.53,609.31,611.29,612.82,613.53,613.78,613.43,612.5,611.1,609.12,606.69,604.2,601.62,599.19,596.77,594.63,592.39,590.36,588.06,585.7,582.97,580.08,576.93,573.63,570.21,566.9,563.64,560.31,557.37,554.45,552.1,552.97,556.27,560.3,564.78,569.37,571.23,571.28,570.48,569.69,568.63,567.46,566.42,565.21,564.09,563.01,561.76,560.72,559.54,558.44,557.34,556.21,555.23,553.98,552.83,551.76,550.48,549.41,548.22,547.1,546.01,544.84,543.77,542.78,541.66,540.74,539.63,538.68,537.81,536.76,535.9,534.95
20373,15,116.007,-5.65,10.31,44.53,622.32,958.37,837.16,802.64,816.31,840.29,852.66,801.0,795.52,811.99,831.45,791.75,725.57,718.05,731.32,713.66,698.35,720.78,718.17,709.46,700.58,700.29,700.05,700.25,700.71,700.78,695.63,698.12,698.69,698.4,699.13,699.8,699.87,698.32,699.54,699.99,698.58,699.93,699.69,699.91,698.72,699.82,699.54,699.95,699.83,699.89,699.07,699.73,699.81,699.75,699.55,699.76,699.35,699.3,699.75,699.91,699.98,699.95,699.8,699.88,699.88,699.92,699.89,700.03,699.86,699.98,700.05,699.62,699.36,699.77,700.1,699.73,699.69,700.32,700.12,699.74,699.51,699.25,698.98,699.56,700.85,700.73,700.41,665.08,529.59,395.76,265.04,135.22,27.95,13.5,14.01,14.47,14.88,15.02,15.26,15.4,15.59,15.65,15.87,15.9,16.04,16.15,16.21,16.3,16.42,16.49,16.54,16.56,16.68,16.81,16.77,17.02,16.85,17.07,17.12,17.13,17.16,17.25,17.24,17.39,17.41,17.42,17.53,17.59,17.61,-0.39,-0.47,-0.39,-0.48,2.92,14.41,24.08,35.27,47.1,57.95,61.39,68.95,79.62,90.94,93.79,90.32,96.28,106.24,112.95,124.35,146.27,160.22,173.29,186.3,202.29,220.82,243.93,305.53,373.25,415.6,444.95,466.35,481.56,493.34,502.12,509.98,516.71,522.86,528.18,533.47,538.31,543.1,547.72,552.15,556.73,561.38,566.33,571.22,576.34,581.23,585.9,590.49,594.57,598.4,601.6,604.59,607.38,609.98,612.33,613.8,614.72,614.9,614.55,613.75,612.43,610.57,608.44,605.93,603.63,601.21,598.83,596.82,594.69,592.7,590.39,587.97,585.4,582.28,579.16,575.82,572.27,569.05,565.66,562.45,559.58,556.91,554.79,556.09,559.51,563.88,568.64,573.39,575.54,575.52,574.84,574.04,573.07,571.93,570.83,569.83,568.58,567.6,566.45,565.24,564.16,563.21,562.02,560.92,559.9,558.78,557.48,556.46,555.32,554.05,552.99,551.93,550.73,549.72,548.7,547.59,546.51,545.66,544.68,543.61,542.77,541.92,540.94,540.05
20374,15,115.96,-5.49,10.33,43.59,617.74,956.28,835.69,800.4,813.99,838.18,850.61,799.33,794.54,811.24,830.79,789.52,724.49,718.4,731.89,713.76,698.83,721.3,718.43,709.46,700.97,700.22,700.15,698.68,700.81,700.52,695.66,698.49,698.16,698.81,698.32,699.74,699.32,698.9,699.78,699.96,698.68,699.88,699.35,699.63,699.72,700.08,699.3,699.65,699.81,699.86,699.6,699.97,699.82,699.26,699.78,700.06,698.9,699.87,699.74,699.93,699.99,699.96,699.96,699.94,700.01,699.88,699.93,699.95,699.96,700.04,699.95,699.48,699.99,699.96,699.62,699.3,699.95,700.31,699.89,699.58,699.37,699.11,698.89,700.7,701.19,700.91,700.7,663.99,528.64,394.96,264.14,134.48,30.11,17.85,18.36,18.8,19.14,19.45,19.57,19.61,19.87,19.96,20.05,20.15,20.26,20.43,20.48,20.6,20.61,20.82,20.81,20.92,21.04,21.05,21.15,21.2,21.33,21.4,21.36,21.41,21.57,21.52,21.63,21.66,21.76,21.78,21.76,21.88,21.95,-0.33,-0.34,-0.31,-0.41,2.67,14.16,23.85,35.1,46.93,57.63,61.19,68.82,79.42,90.84,93.42,90.22,96.09,106.19,112.74,123.86,146.11,160.21,172.95,185.91,201.27,219.96,242.1,301.14,369.68,413.35,443.16,464.94,480.6,492.76,501.53,509.54,516.44,522.53,528.17,533.24,538.41,543.01,547.64,552.28,556.8,561.52,566.48,571.37,576.56,581.41,586.28,590.95,594.86,598.61,602.1,604.96,607.89,610.62,612.82,614.48,615.32,615.5,615.27,614.44,613.13,611.22,609.07,606.56,604.07,601.77,599.33,597.31,595.16,593.01,590.87,588.5,585.81,582.82,579.56,576.24,572.88,569.41,566.03,562.9,559.9,557.13,554.97,556.13,559.58,563.92,568.66,573.19,575.12,575.17,574.45,573.5,572.47,571.53,570.42,569.22,568.17,567.07,565.92,564.81,563.8,562.71,561.54,560.52,559.43,558.27,557.21,556.11,554.86,553.61,552.56,551.51,550.36,549.23,548.18,547.21,546.11,545.15,544.27,543.34,542.34,541.36,540.49,539.63
20375,15,115.983,-5.87,10.27,44.12,620.61,956.32,835.78,801.35,814.7,838.22,852.87,800.37,794.52,810.94,830.66,789.45,724.26,717.96,731.23,713.56,698.13,721.0,718.33,709.47,700.84,700.39,699.96,700.13,701.39,699.21,699.55,698.27,698.15,698.8,698.59,699.7,699.7,698.26,699.87,699.84,698.67,700.05,699.69,699.83,699.53,700.07,699.4,699.93,699.77,699.35,699.52,700.03,700.03,698.81,699.92,699.49,699.83,699.72,699.77,699.95,699.97,699.92,699.97,699.98,700.06,700.04,699.55,699.86,700.08,699.65,699.97,699.92,700.01,699.92,700.1,700.1,699.75,699.44,700.3,700.22,699.84,699.57,699.26,699.04,699.22,701.39,701.39,665.06,529.6,395.72,264.92,135.19,27.72,13.32,13.89,14.34,14.73,14.94,15.07,15.2,15.42,15.55,15.67,15.78,15.87,15.99,16.06,16.13,16.22,16.34,16.41,16.43,16.53,16.56,16.62,16.69,16.8,16.88,16.87,17.03,17.11,17.07,17.2,17.33,17.28,17.31,17.4,17.42,17.56,-0.43,-0.48,-0.38,-0.47,2.51,13.97,23.79,35.07,46.73,57.55,60.98,68.63,79.29,90.57,93.38,89.91,95.73,106.03,112.34,123.29,145.8,159.87,173.13,186.21,202.17,220.5,243.81,305.86,373.44,416.63,445.64,466.68,481.95,493.77,502.5,510.34,517.14,523.13,528.49,533.73,538.54,543.28,547.97,552.28,557.0,561.74,566.52,571.6,576.49,581.44,586.22,590.76,594.67,598.37,601.86,604.75,607.44,610.16,612.4,613.86,614.74,615.01,614.73,613.68,612.24,610.42,608.26,605.75,603.23,600.73,598.47,596.31,594.05,591.99,589.82,587.4,584.67,581.94,578.86,575.44,572.08,568.88,565.62,562.45,559.36,556.71,554.43,555.55,558.79,562.94,567.65,572.27,574.23,574.25,573.73,572.78,571.86,570.74,569.58,568.56,567.51,566.33,565.09,564.03,563.03,561.87,560.67,559.55,558.46,557.49,556.26,555.03,553.83,552.66,551.55,550.43,549.3,548.12,547.02,546.03,545.13,544.06,543.02,542.05,541.1,540.13,539.31,538.45
20376,15,115.994,-4.85,10.48,44.83,620.14,957.09,836.51,801.32,814.8,838.79,851.44,800.51,795.55,812.11,831.6,790.65,725.11,718.83,732.18,714.78,699.46,721.57,718.75,709.54,700.97,699.95,698.77,699.21,700.75,700.62,695.29,698.36,698.54,698.19,698.84,699.62,699.15,698.54,699.54,699.74,698.9,699.92,700.0,699.93,699.41,699.98,699.55,699.94,699.98,700.1,699.34,699.74,699.49,699.68,699.83,699.8,699.83,699.84,699.96,699.85,699.91,699.95,699.99,699.98,699.9,699.93,699.99,699.98,700.02,699.87,700.04,699.99,699.97,699.97,699.99,699.8,700.39,700.27,699.89,699.5,699.31,699.14,698.89,700.44,700.69,700.5,700.14,665.27,529.81,395.74,264.99,135.13,27.99,13.79,14.32,14.76,15.09,15.37,15.49,15.66,15.79,15.84,16.07,16.13,16.23,16.33,16.48,16.56,16.69,16.72,16.81,16.9,16.97,17.07,17.13,17.16,17.16,17.25,17.36,17.42,17.46,17.57,17.68,17.64,17.64,17.74,17.81,17.85,17.92,-0.45,-0.31,-0.37,-0.5,2.73,14.2,23.82,35.21,46.85,57.64,61.11,68.91,79.56,90.93,93.65,90.12,96.06,106.33,112.89,124.25,146.31,160.36,173.06,186.35,201.82,220.08,243.15,302.53,371.06,414.18,443.7,465.12,480.66,492.69,501.57,509.43,516.18,522.34,527.81,532.87,537.86,542.7,547.26,551.74,556.5,561.22,565.94,570.7,575.81,580.79,585.39,589.83,594.01,597.78,601.02,603.97,606.79,609.55,611.58,613.07,613.99,614.18,613.73,612.81,611.35,609.51,607.3,604.85,602.22,599.83,597.69,595.47,593.33,591.19,589.08,586.77,584.11,581.04,577.9,574.64,571.22,567.88,564.49,561.22,558.27,555.68,553.46,554.52,557.95,562.09,566.87,571.56,573.5,573.54,572.97,572.12,571.14,570.0,569.0,567.88,566.73,565.62,564.57,563.44,562.32,561.22,560.08,559.05,557.93,556.91,555.73,554.54,553.25,552.1,551.07,549.97,548.88,547.76,546.61,545.6,544.58,543.66,542.73,541.75,540.75,539.86,538.96,537.99
20377,15,115.977,-6.23,9.83,43.65,619.5,956.84,836.18,801.54,814.78,839.0,851.43,800.31,795.09,811.97,831.32,790.3,725.07,718.85,732.21,714.51,699.15,721.52,718.65,709.47,700.95,699.8,699.12,699.32,700.88,700.32,695.32,699.18,698.29,698.34,698.95,699.78,699.58,698.58,699.58,699.76,698.58,699.87,699.27,699.84,699.2,700.02,699.51,699.93,699.98,699.55,699.63,699.95,699.98,698.71,699.82,699.59,699.78,699.63,699.9,700.07,699.94,699.96,699.95,699.95,699.95,699.94,700.06,699.83,700.02,699.91,700.04,699.92,700.16,699.81,699.49,700.07,700.18,699.89,699.55,699.34,699.03,699.08,700.99,701.0,700.6,700.29,700.07,664.75,529.72,395.79,264.96,135.25,27.93,13.64,14.0,14.47,14.86,15.06,15.24,15.42,15.56,15.73,15.68,15.81,15.98,16.04,16.15,16.38,16.38,16.46,16.52,16.63,16.52,16.65,16.76,16.91,16.89,17.01,17.06,17.17,17.16,17.29,17.26,17.33,17.46,17.42,17.54,17.59,17.67,-0.42,-0.37,-0.43,-0.37,2.37,13.77,23.54,34.82,46.67,57.62,60.96,68.63,79.3,90.75,93.32,90.0,96.0,106.16,112.68,124.35,145.93,159.87,172.43,185.57,200.61,218.68,241.14,298.16,367.43,411.57,441.73,463.59,479.33,491.49,500.48,508.43,515.39,521.49,526.99,532.11,537.19,541.92,546.5,551.15,555.95,560.7,565.49,570.52,575.72,580.58,585.27,589.95,594.02,597.66,600.93,603.94,606.94,609.74,611.98,613.41,614.18,614.49,614.27,613.39,612.03,610.2,607.86,605.41,602.97,600.7,598.38,596.19,594.0,591.98,589.93,587.56,584.89,581.91,578.82,575.55,572.27,568.85,565.55,562.32,559.33,556.73,554.41,555.57,559.04,563.09,567.64,572.21,574.31,574.34,573.78,572.99,571.95,570.87,569.8,568.65,567.5,566.38,565.35,564.25,563.19,562.07,560.93,559.8,558.7,557.55,556.49,555.32,554.22,553.02,551.83,550.64,549.48,548.4,547.43,546.42,545.46,544.43,543.48,542.44,541.5,540.54,539.65,538.72
20378,15,115.961,-4.02,11.07,45.27,624.21,958.64,837.4,802.34,815.99,841.27,853.13,801.7,796.4,812.94,832.6,791.54,726.13,719.65,733.36,715.51,700.16,722.03,719.02,709.94,701.05,700.34,700.46,699.72,701.31,699.7,698.17,698.01,699.1,697.4,699.36,699.59,699.37,698.6,699.82,700.1,699.05,699.82,700.09,699.98,699.79,699.86,700.02,699.86,699.88,699.75,699.69,699.6,699.94,699.84,699.38,699.74,699.68,699.51,700.02,699.96,699.96,699.92,700.02,700.06,699.97,699.99,699.98,699.88,699.97,700.06,699.59,699.69,699.89,700.15,699.89,699.54,699.57,700.28,700.12,699.85,699.5,699.2,699.17,698.97,700.96,700.97,700.7,664.94,529.55,395.72,265.09,135.23,28.09,14.15,14.6,15.0,15.33,15.6,15.75,15.84,16.02,16.24,16.28,16.4,16.41,16.61,16.66,16.85,16.95,17.04,17.03,17.02,17.18,17.36,17.28,17.39,17.43,17.56,17.49,17.61,17.61,17.79,17.89,17.79,17.97,18.03,18.02,18.06,18.08,-0.3,-0.33,-0.44,-0.42,2.56,14.01,23.55,34.97,46.78,57.65,61.02,68.74,79.38,90.67,93.43,90.2,96.05,106.14,113.01,124.75,146.13,160.04,172.88,185.99,201.96,220.29,242.78,303.68,371.65,415.24,444.14,465.38,480.74,492.63,501.4,509.31,516.06,522.1,527.6,532.76,537.73,542.48,547.04,551.57,556.31,561.05,565.92,570.87,575.75,580.73,585.58,590.11,594.23,597.87,601.11,604.08,607.03,609.81,612.02,613.57,614.47,614.79,614.56,613.8,612.38,610.62,608.38,605.9,603.36,600.85,598.58,596.43,594.41,592.25,590.16,587.7,585.15,582.23,579.06,575.96,572.63,569.36,566.02,562.98,559.95,557.19,554.89,556.04,559.46,563.54,568.09,572.66,574.62,574.59,573.93,573.11,572.02,570.97,569.93,568.85,567.88,566.76,565.62,564.5,563.35,562.15,561.07,559.97,558.87,557.84,556.67,555.47,554.37,553.21,552.13,550.98,549.88,548.81,547.71,546.59,545.61,544.51,543.55,542.58,541.61,540.66,539.78,538.78
20379,15,115.987,-5.01,10.75,43.06,614.32,956.66,835.74,801.57,814.85,838.42,851.01,799.58,794.09,810.89,830.87,790.55,725.43,718.22,731.55,714.12,698.76,721.62,718.51,709.53,701.05,700.37,699.65,699.58,700.92,700.41,697.46,697.42,697.43,699.43,697.94,699.72,699.7,699.47,699.82,699.56,699.59,699.58,699.93,699.24,699.78,699.69,699.97,699.73,699.35,699.81,700.03,699.77,699.51,699.46,699.94,699.8,699.79,699.73,699.98,700.01,699.94,700.0,699.89,700.07,699.91,699.95,700.15,699.93,699.99,699.75,700.04,699.7,699.98,699.96,700.04,699.92,699.62,700.24,700.13,699.88,699.58,699.27,699.15,699.71,700.72,700.52,700.15,665.26,529.93,396.05,264.91,134.98,27.83,12.99,13.65,14.08,14.52,14.67,15.01,15.18,15.06,15.29,15.46,15.62,15.57,15.6,15.83,15.77,16.0,16.08,16.29,16.22,16.42,16.41,16.41,16.67,16.64,16.72,16.64,16.75,16.8,16.94,17.02,17.12,17.16,17.26,17.26,17.21,17.3,-0.46,-0.36,-0.3,-0.35,2.42,13.88,23.65,35.03,46.7,57.53,61.01,68.63,79.4,90.63,93.23,89.98,95.74,105.97,112.33,122.96,145.53,160.08,172.72,185.73,201.24,219.66,242.5,300.77,370.11,413.65,443.21,465.03,480.82,492.72,501.6,509.44,516.21,522.35,527.85,533.04,538.06,542.62,547.15,551.82,556.49,561.15,566.11,571.09,576.04,580.96,585.74,590.28,594.54,598.2,601.44,604.4,607.19,609.91,612.09,613.84,614.8,615.12,614.77,613.89,612.59,610.76,608.58,606.07,603.56,601.19,598.96,596.86,594.71,592.62,590.4,588.06,585.45,582.67,579.5,576.32,573.04,569.71,566.5,563.42,560.55,557.77,555.6,556.63,560.02,564.3,569.0,573.76,575.77,575.9,575.28,574.39,573.32,572.36,571.31,570.13,569.13,568.03,566.94,565.94,564.84,563.71,562.67,561.48,560.55,559.55,558.29,557.19,556.07,554.93,553.77,552.63,551.53,550.34,549.43,548.3,547.34,546.31,545.39,544.33,543.42,542.53,541.66,540.76
20380,15,115.964,-5.72,10.13,40.69,606.83,956.12,836.03,800.95,814.49,838.49,851.21,800.1,794.79,811.95,831.75,790.55,725.35,719.31,732.75,714.83,700.01,722.72,719.01,709.83,701.06,699.64,698.57,699.24,701.21,699.63,698.73,700.6,697.43,699.72,698.91,699.78,698.39,699.96,699.71,699.08,699.99,699.6,699.8,699.84,699.93,699.95,699.97,699.62,699.86,699.93,699.19,699.7,699.86,699.41,699.82,699.78,700.0,699.88,700.07,699.87,700.03,699.83,700.02,699.92,699.98,699.95,700.09,699.62,699.5,699.96,699.59,699.97,700.02,699.55,699.32,699.38,700.63,700.46,700.2,699.87,699.57,699.44,699.12,698.97,700.51,701.41,701.05,663.86,528.82,395.15,264.31,134.29,30.75,18.23,18.94,19.36,19.75,19.89,20.08,20.27,20.34,20.71,20.79,21.0,21.08,21.1,21.3,21.25,21.37,21.4,21.57,21.75,21.59,21.73,21.81,21.74,21.86,22.08,21.94,22.01,22.13,22.25,22.33,22.29,22.38,22.36,22.45,22.55,22.47,-0.4,-0.41,-0.32,-0.36,2.28,13.79,23.57,34.84,46.58,57.36,60.77,68.44,79.1,90.5,93.11,89.69,95.44,105.54,111.96,121.83,145.09,158.91,171.38,184.49,199.47,217.58,239.7,290.9,362.63,409.11,440.31,462.18,478.82,491.04,500.28,508.09,515.08,521.41,526.82,531.98,537.14,541.9,546.59,551.08,555.87,560.55,565.33,570.26,575.34,580.31,585.0,589.57,593.76,597.38,600.79,603.84,606.75,609.44,611.49,612.97,613.87,614.18,613.89,613.07,611.74,609.81,607.63,605.13,602.57,600.13,597.72,595.53,593.39,591.19,589.18,586.74,584.19,581.41,578.41,575.13,571.88,568.51,565.3,562.09,559.04,556.19,553.69,554.62,557.98,561.93,566.57,571.23,573.07,572.99,572.32,571.39,570.25,569.19,568.14,567.02,565.85,564.75,563.74,562.63,561.52,560.31,559.27,558.22,557.18,556.18,555.03,553.8,552.64,551.45,550.39,549.26,548.11,547.01,545.9,544.88,543.92,542.95,541.91,540.93,539.91,539.1,538.14,537.21
20381,15,115.925,-5.0,11.23,43.54,614.92,958.5,838.84,803.61,816.88,841.09,853.17,801.64,796.68,813.67,833.44,791.96,726.56,720.45,733.91,716.07,700.19,722.43,719.19,710.03,700.86,700.39,700.47,699.52,701.46,698.5,700.57,698.15,697.55,699.21,698.07,699.74,699.63,698.94,699.72,699.5,699.03,699.79,699.73,699.31,699.63,699.97,700.02,699.79,699.8,699.6,699.86,699.6,699.57,700.01,699.56,699.92,699.88,700.1,699.68,699.91,699.91,699.94,700.01,699.89,699.9,699.95,699.98,700.09,699.75,699.72,699.99,699.74,699.67,699.92,700.05,700.12,699.78,699.5,699.64,700.74,700.55,700.17,699.84,699.7,699.31,699.29,699.05,665.9,530.56,396.05,264.98,135.13,28.16,13.35,13.98,14.66,14.89,15.16,15.33,15.5,15.56,15.6,15.7,15.97,16.15,16.18,16.23,16.14,16.46,16.38,16.36,16.63,16.72,16.8,16.79,16.83,16.89,16.97,17.13,17.19,17.14,17.29,17.4,17.35,17.47,17.57,17.55,17.52,17.65,-0.39,-0.39,-0.4,-0.43,2.41,14.03,23.8,35.05,46.88,57.77,61.2,68.91,79.56,90.96,93.67,90.39,96.26,106.37,112.83,123.53,145.64,159.59,171.94,185.03,200.66,218.86,240.97,294.78,365.21,410.89,441.01,462.96,478.82,491.14,499.99,507.88,514.91,521.08,526.61,531.66,536.73,541.4,546.07,550.71,555.44,560.21,565.1,569.87,574.79,579.65,584.48,588.99,593.11,596.88,600.15,603.26,606.11,608.81,610.87,612.36,613.19,613.43,612.94,612.11,610.5,608.5,606.24,603.8,601.24,598.85,596.44,594.33,592.13,590.16,587.96,585.48,582.95,580.05,576.94,573.75,570.29,567.08,563.74,560.62,557.78,554.99,552.62,553.42,556.74,560.84,565.3,569.88,571.91,571.94,571.3,570.39,569.46,568.38,567.35,566.25,565.12,564.06,562.91,561.73,560.62,559.46,558.42,557.26,556.16,555.1,553.84,552.7,551.5,550.38,549.33,548.11,547.08,545.95,544.87,543.91,542.9,541.91,541.02,539.95,538.89,538.01,536.97,536.06
20382,15,115.938,-4.14,11.26,46.16,627.5,960.27,839.28,803.74,817.08,841.12,853.81,802.34,796.89,813.41,832.97,792.48,726.55,720.23,733.77,716.75,700.56,722.64,719.63,710.16,700.91,699.89,698.98,699.44,700.44,700.34,694.88,698.56,699.73,697.26,699.95,699.57,699.51,699.48,699.47,699.2,699.43,699.4,700.14,699.61,699.57,699.79,700.3,699.3,699.59,699.92,699.87,699.85,700.04,698.99,699.74,699.86,700.1,699.93,699.93,699.98,699.87,700.06,700.08,699.91,699.96,699.93,700.13,700.03,700.04,699.89,700.03,700.11,700.07,699.65,699.5,699.84,700.27,699.99,699.76,699.38,699.22,698.92,699.9,700.8,700.61,700.17,699.97,666.45,531.2,396.63,265.98,135.99,28.9,15.28,15.59,16.15,16.53,16.61,16.74,16.97,17.03,17.19,17.42,17.48,17.54,17.62,17.69,17.74,17.89,17.91,18.12,18.2,18.28,18.3,18.5,18.45,18.58,18.53,18.54,18.68,18.82,18.83,18.87,18.92,18.85,19.03,19.2,19.14,19.34,-0.47,-0.47,-0.53,-0.54,2.59,14.12,24.0,35.4,47.13,57.85,61.39,69.07,79.84,91.21,93.99,90.5,96.35,106.52,113.37,124.93,146.49,160.53,173.39,186.33,201.65,220.25,243.21,303.2,370.89,414.13,443.27,464.92,480.26,492.39,501.22,509.06,515.96,521.72,527.26,532.48,537.38,542.21,546.74,551.48,556.12,560.79,565.71,570.62,575.6,580.64,585.31,589.9,594.09,597.7,601.1,604.28,607.08,609.83,612.1,613.63,614.55,614.72,614.44,613.63,612.36,610.62,608.28,605.87,603.24,600.8,598.43,596.15,594.0,591.86,589.69,587.27,584.66,581.84,578.8,575.57,572.19,568.96,565.63,562.41,559.45,556.67,554.19,555.1,558.47,562.53,567.18,571.74,573.76,573.75,573.08,572.22,571.17,570.06,569.09,567.94,566.84,565.64,564.59,563.37,562.2,561.17,560.12,559.03,557.98,556.91,555.79,554.44,553.31,552.16,551.12,549.96,548.9,547.71,546.63,545.57,544.62,543.67,542.69,541.78,540.83,539.71,538.79,537.97
20383,15,115.972,-5.56,10.64,43.78,620.98,959.06,838.97,804.06,817.22,841.21,853.99,802.46,797.06,813.46,833.26,792.47,726.72,720.31,733.6,715.63,699.98,722.07,719.14,709.86,700.97,699.26,699.5,699.75,700.95,701.0,695.23,698.29,699.05,698.16,699.08,699.7,699.86,698.67,699.65,699.78,698.84,699.88,700.12,699.79,699.89,700.04,700.02,699.82,699.96,699.5,699.73,699.97,699.83,699.08,699.67,699.73,699.8,699.62,699.82,699.98,700.02,699.84,700.13,700.07,700.01,699.86,699.97,700.03,699.9,700.0,699.8,700.1,699.86,699.94,700.21,699.98,699.54,699.29,699.18,700.58,700.56,700.18,699.88,699.53,699.35,699.1,699.07,666.16,530.28,395.92,264.77,135.24,27.91,13.5,13.99,14.51,14.74,14.95,15.25,15.32,15.49,15.62,15.68,15.89,15.87,15.98,16.15,16.09,16.21,16.28,16.33,16.4,16.54,16.66,16.7,16.72,16.82,16.9,16.94,16.93,16.9,17.16,17.21,17.22,17.41,17.26,17.39,17.4,17.57,-0.45,-0.46,-0.5,-0.48,2.31,13.76,23.41,34.79,46.6,57.49,60.94,68.53,79.2,90.58,93.46,89.98,95.78,105.96,112.76,124.14,145.62,159.63,172.36,185.37,200.31,218.68,240.77,295.84,365.35,409.49,440.05,462.3,478.36,490.91,499.97,508.0,515.01,521.31,526.85,532.04,537.18,541.99,546.68,551.27,555.92,560.64,565.42,570.29,575.29,580.34,585.23,589.94,594.1,597.77,601.25,604.23,607.21,609.92,612.24,613.82,614.62,614.89,614.53,613.77,612.5,610.62,608.34,605.87,603.34,600.95,598.6,596.39,594.35,592.29,590.04,587.69,585.08,582.18,579.08,575.73,572.46,569.1,565.88,562.61,559.71,556.97,554.47,555.46,558.89,563.05,567.66,572.29,574.34,574.2,573.53,572.62,571.76,570.55,569.48,568.34,567.28,566.27,565.07,563.94,562.73,561.61,560.55,559.63,558.42,557.3,556.02,554.96,553.84,552.65,551.5,550.31,549.24,548.21,547.16,546.03,545.04,544.04,543.17,542.15,541.13,540.21,539.22,538.36
20385,15,115.952,-4.92,10.63,44.1,613.62,956.46,836.18,801.27,815.11,839.26,851.53,800.65,795.7,812.63,832.39,791.43,726.57,720.15,733.02,714.85,699.98,722.12,718.87,709.74,700.84,700.3,700.35,699.62,701.49,698.08,700.32,699.57,697.1,699.89,698.81,699.72,699.53,699.13,699.37,699.51,699.27,699.83,700.23,699.27,699.85,699.89,699.88,699.62,699.79,699.93,699.98,699.78,699.8,699.78,699.64,699.79,699.41,699.72,699.84,699.94,699.87,699.94,700.05,699.95,699.96,699.89,700.07,700.05,700.01,699.87,700.05,699.66,699.99,699.91,699.75,700.01,699.89,700.03,699.93,699.74,700.15,700.02,699.82,699.48,699.66,700.88,700.63,664.75,529.31,395.38,264.17,134.33,30.08,17.28,18.08,18.49,18.75,19.08,19.3,19.37,19.49,19.52,19.74,19.88,19.91,19.9,20.03,20.17,20.26,20.34,20.4,20.5,20.54,20.61,20.71,20.79,20.78,20.86,21.03,20.94,21.08,21.1,21.16,21.27,21.32,21.37,21.43,21.53,21.57,-0.39,-0.32,-0.42,-0.54,2.36,13.83,23.44,34.7,46.49,57.31,60.81,68.54,79.29,90.7,93.3,89.95,95.73,105.89,112.22,123.41,145.29,159.47,172.1,185.1,200.9,219.29,241.27,296.45,366.5,411.84,441.82,463.57,479.75,491.79,500.78,508.6,515.42,521.6,527.01,532.1,537.1,541.87,546.47,551.04,555.75,560.42,565.32,570.12,575.25,580.21,584.92,589.35,593.37,597.22,600.51,603.59,606.38,608.99,611.05,612.56,613.37,613.62,613.26,612.39,610.82,609.0,606.77,604.34,601.8,599.36,596.94,594.81,592.69,590.64,588.53,586.11,583.43,580.68,577.61,574.43,571.07,567.64,564.44,561.36,558.46,555.72,553.3,554.26,557.66,561.89,566.59,571.12,572.98,573.09,572.38,571.54,570.41,569.45,568.43,567.26,566.02,565.03,563.98,562.85,561.67,560.58,559.57,558.56,557.45,556.26,555.23,554.09,552.97,551.73,550.7,549.65,548.43,547.32,546.34,545.35,544.21,543.2,542.32,541.35,540.34,539.48,538.57,537.65
20386,15,115.947,-5.54,10.11,40.5,608.61,957.38,837.98,803.08,815.77,839.71,852.23,801.34,795.98,812.78,832.58,791.83,726.22,719.71,733.19,715.56,699.76,722.36,719.01,709.82,700.81,700.36,700.52,700.49,701.16,696.17,700.02,697.75,696.51,699.85,697.97,699.87,699.36,699.8,699.76,699.06,699.88,699.6,699.92,699.3,699.91,699.41,700.02,699.36,699.7,699.92,699.79,699.62,699.93,699.93,699.28,699.45,699.77,699.22,699.62,699.6,699.87,699.89,699.97,700.01,700.03,700.08,700.0,699.88,700.0,700.02,699.94,700.11,699.83,699.48,699.8,700.37,699.97,699.62,699.55,699.27,699.02,699.64,701.7,701.61,698.06,699.7,702.56,663.78,529.84,395.88,264.99,135.06,28.28,13.73,14.53,14.99,15.2,15.5,15.67,15.81,15.95,16.15,16.14,16.26,16.41,16.4,16.51,16.68,16.83,16.79,16.86,16.95,17.02,17.07,17.14,17.18,17.36,17.38,17.36,17.45,17.42,17.67,17.59,17.73,17.83,17.85,17.92,17.9,17.97,-0.42,-0.41,-0.4,-0.36,2.41,13.81,23.42,34.83,46.52,57.2,60.65,68.39,79.0,90.44,93.26,90.02,95.68,105.76,112.16,122.41,144.95,159.09,171.8,184.68,200.24,218.23,239.85,289.79,361.19,408.19,438.65,461.15,477.93,490.28,499.48,507.43,514.52,520.8,526.48,531.73,536.78,541.5,546.09,550.72,555.39,560.15,565.07,569.84,574.79,579.79,584.69,589.25,593.41,597.08,600.34,603.35,606.23,609.08,611.24,612.67,613.51,613.73,613.54,612.72,611.22,609.53,607.34,604.8,602.21,599.73,597.55,595.3,593.15,590.96,588.87,586.63,583.9,581.0,577.97,574.87,571.6,568.1,564.77,561.59,558.74,555.94,553.48,554.43,557.92,562.01,566.58,571.25,573.27,573.39,572.66,571.72,570.82,569.66,568.58,567.63,566.55,565.29,564.16,563.15,562.01,560.79,559.65,558.7,557.56,556.41,555.35,554.18,552.88,551.81,550.7,549.54,548.4,547.3,546.28,545.22,544.2,543.31,542.13,541.2,540.43,539.36,538.42,537.64
20387,15,115.944,-4.52,11.37,43.18,615.91,958.93,838.65,804.15,817.84,842.01,854.88,803.44,798.09,814.86,834.59,793.15,727.6,720.83,734.3,716.39,700.49,722.63,719.41,709.99,701.19,699.82,699.17,699.62,700.97,700.2,696.37,699.4,697.6,699.36,698.27,699.73,699.75,698.83,699.36,699.72,698.94,699.75,700.02,699.16,699.65,699.99,700.18,699.93,699.71,699.91,699.91,699.95,699.71,699.96,699.25,699.49,699.89,699.93,699.96,699.92,700.02,699.88,699.94,699.98,699.91,699.87,700.03,699.93,699.98,699.91,700.12,699.87,699.45,699.85,700.31,699.93,699.71,699.37,699.07,698.9,700.13,701.56,701.32,700.8,697.97,699.41,702.99,663.84,529.63,395.8,264.91,135.03,28.25,13.76,14.36,14.82,15.18,15.34,15.58,15.71,15.81,15.9,16.05,16.11,16.24,16.36,16.51,16.57,16.63,16.71,16.75,16.92,16.81,17.0,17.03,17.11,17.17,17.29,17.27,17.37,17.4,17.51,17.55,17.63,17.64,17.75,17.79,17.9,17.8,-0.52,-0.43,-0.49,-0.37,2.24,13.63,23.32,34.61,46.56,57.51,60.97,68.63,79.28,90.63,93.48,90.14,96.08,106.24,112.66,123.64,145.73,159.8,172.25,185.28,200.31,218.51,240.78,293.49,364.65,409.89,440.69,462.66,478.77,490.98,499.85,507.88,514.85,521.14,526.55,531.6,536.85,541.74,546.27,550.86,555.55,560.29,565.23,570.16,575.03,580.1,584.98,589.5,593.55,597.12,600.58,603.62,606.44,609.16,611.51,613.13,613.87,614.16,613.99,613.04,611.61,609.89,607.51,605.01,602.28,599.91,597.55,595.24,593.0,590.98,588.74,586.33,583.85,581.12,578.1,574.97,571.72,568.35,565.14,561.99,559.01,556.03,553.51,554.46,557.77,561.72,566.24,570.92,572.8,572.6,572.02,571.05,570.03,569.07,567.86,566.74,565.64,564.5,563.43,562.32,561.17,560.13,559.09,557.8,556.85,555.8,554.46,553.39,552.23,550.86,549.88,548.78,547.53,546.52,545.4,544.28,543.35,542.41,541.3,540.39,539.35,538.39,537.52,536.62
20388,15,115.926,-5.76,10.52,42.08,612.71,958.24,839.58,804.06,817.82,842.03,854.49,803.19,798.56,815.5,834.86,793.7,728.33,721.83,735.19,717.31,701.35,723.92,719.8,710.2,701.21,699.76,699.03,699.54,700.9,700.84,696.12,698.88,697.51,699.21,698.14,699.85,699.62,699.44,699.54,699.58,699.3,699.71,700.03,699.03,699.69,699.7,699.8,699.77,699.85,699.98,700.05,699.76,699.81,699.87,699.36,699.48,699.78,699.88,699.54,699.91,700.01,699.94,699.9,699.98,700.06,699.97,700.01,699.76,700.03,699.92,699.8,699.98,699.95,699.6,700.17,699.97,699.62,699.29,699.62,700.84,700.74,700.34,700.12,699.94,699.59,699.53,699.34,666.03,530.58,396.14,264.99,134.94,28.12,13.31,13.99,14.51,14.74,14.89,15.21,15.45,15.76,15.82,15.91,16.04,16.16,16.27,16.38,16.37,16.47,16.53,16.62,16.68,16.66,16.89,16.78,16.97,17.09,17.08,17.14,17.04,17.21,17.21,17.32,17.37,17.5,17.48,17.57,17.68,17.66,-0.43,-0.45,-0.45,-0.34,2.76,14.46,24.07,35.4,47.25,57.95,61.28,69.15,79.94,91.39,93.92,90.49,96.64,106.66,112.94,122.92,146.09,159.99,172.52,185.55,200.7,218.51,240.59,291.53,362.98,408.42,439.32,461.62,477.89,490.43,499.58,507.53,514.4,520.79,526.44,531.41,536.7,541.52,546.13,550.64,555.4,560.12,564.94,569.8,574.87,579.8,584.62,589.11,593.25,596.73,600.2,603.28,606.02,608.76,611.0,612.23,613.11,613.38,612.89,612.07,610.54,608.56,606.21,603.65,600.92,598.54,596.17,593.87,591.77,589.72,587.39,585.29,582.74,579.98,576.98,573.96,570.73,567.6,564.41,561.26,558.26,555.33,552.78,553.61,556.82,560.67,565.2,569.56,571.48,571.52,570.71,569.83,568.85,567.77,566.71,565.66,564.52,563.35,562.23,561.14,559.86,558.9,557.79,556.55,555.61,554.42,553.32,552.07,550.88,549.87,548.52,547.54,546.34,545.27,544.28,543.08,542.15,541.06,540.06,539.0,538.07,537.19,536.13,535.32
20389,15,115.923,-3.94,10.93,42.65,616.23,960.97,841.91,806.65,820.17,844.04,857.17,805.82,800.0,816.56,836.32,795.68,729.66,722.98,736.19,718.07,701.83,724.3,720.15,710.45,701.14,699.75,699.12,699.66,701.05,701.06,695.84,698.02,698.55,698.53,698.75,699.72,699.78,698.31,699.6,699.86,698.64,699.87,699.31,699.76,699.38,700.1,699.18,699.91,699.92,699.68,699.47,699.99,699.97,699.06,699.82,699.93,699.7,699.92,699.58,699.88,699.9,699.97,699.96,700.02,699.94,699.93,700.04,700.0,700.03,699.82,700.18,699.7,699.57,700.01,699.68,699.76,700.31,700.03,699.66,699.38,699.16,699.04,700.3,701.68,701.28,699.08,698.01,667.16,529.9,395.9,264.98,135.17,28.05,13.55,14.23,14.7,15.01,15.26,15.46,15.68,15.7,15.87,15.84,16.16,16.16,16.31,16.41,16.54,16.56,16.7,16.79,16.88,16.98,17.04,17.04,17.17,17.17,17.22,17.39,17.34,17.37,17.5,17.5,17.61,17.69,17.8,17.72,17.75,17.79,-0.4,-0.36,-0.33,-0.26,2.44,14.24,24.07,35.41,47.16,57.93,61.6,69.22,79.84,91.28,94.03,90.65,96.39,106.68,113.0,123.16,145.99,160.1,172.49,185.43,200.61,218.69,240.71,292.21,363.59,408.56,438.93,460.98,476.94,489.73,498.7,506.69,513.81,520.19,525.71,530.88,536.03,540.83,545.78,550.43,554.96,559.79,564.59,569.57,574.52,579.53,584.08,588.8,592.74,596.47,599.89,602.71,605.54,608.15,609.96,611.36,612.13,612.16,611.8,610.92,609.36,607.28,604.79,602.28,599.62,597.22,594.78,592.53,590.44,588.13,586.0,583.61,580.97,578.22,575.2,571.94,568.81,565.48,562.08,558.94,555.85,552.97,550.33,551.2,554.45,558.29,562.81,567.18,569.24,569.13,568.56,567.58,566.54,565.4,564.26,563.19,562.07,560.88,559.69,558.58,557.42,556.5,555.1,554.22,552.98,551.95,550.8,549.52,548.37,547.21,546.14,544.88,543.87,542.65,541.67,540.51,539.56,538.39,537.44,536.43,535.49,534.52,533.62,532.63
20390,15,115.91,-4.77,11.02,42.24,615.16,959.98,839.9,805.27,819.18,843.67,856.95,807.39,800.25,816.75,836.3,795.64,729.97,723.2,736.45,719.17,702.67,724.53,720.47,710.66,700.9,699.62,699.16,699.63,700.83,701.11,695.96,698.48,698.41,698.77,697.94,699.76,699.77,698.72,699.47,699.91,699.1,699.88,699.7,699.65,699.64,699.86,699.69,699.72,699.81,699.86,699.92,699.68,699.33,699.7,699.65,699.87,699.73,699.34,699.89,700.01,699.9,700.01,699.97,700.01,700.01,699.96,699.99,699.96,700.0,700.17,699.65,699.2,699.98,700.15,699.74,699.47,699.03,700.11,700.49,700.13,699.95,699.67,699.41,699.22,699.11,699.99,701.58,665.91,530.56,396.52,265.66,135.74,28.94,14.65,15.31,15.78,16.05,16.29,16.44,16.69,16.74,16.91,17.08,17.09,17.17,17.34,17.43,17.47,17.61,17.76,17.68,17.76,17.96,17.98,17.92,18.17,18.13,18.22,18.24,18.35,18.43,18.4,18.45,18.56,18.51,18.63,18.68,18.88,18.81,-0.42,-0.45,-0.32,-0.36,2.46,14.15,23.88,35.18,46.96,57.99,61.3,69.07,79.83,91.15,94.08,90.6,96.54,106.75,113.31,124.08,146.1,159.71,172.28,185.11,199.88,217.96,239.65,288.77,360.97,406.87,438.2,460.75,477.12,489.91,499.01,507.08,513.99,520.5,525.9,531.03,536.27,541.04,545.78,550.48,555.08,559.95,564.69,569.64,574.61,579.44,584.32,588.78,592.89,596.71,599.96,603.16,605.98,608.76,610.89,612.38,613.24,613.44,613.23,612.19,610.91,608.93,606.55,603.94,601.38,598.82,596.49,594.25,592.13,589.97,587.84,585.45,582.98,580.17,577.11,574.08,570.69,567.48,564.26,561.17,558.02,555.08,552.38,553.15,556.25,560.23,564.58,569.06,570.97,570.85,570.12,569.26,568.14,567.13,566.03,564.93,563.69,562.63,561.46,560.37,559.17,558.14,557.04,555.97,554.82,553.76,552.51,551.3,550.1,548.95,547.82,546.73,545.6,544.46,543.46,542.34,541.32,540.28,539.32,538.26,537.37,536.32,535.44,534.56
20391,15,115.947,-5.12,11.19,43.9,617.54,960.37,840.97,806.02,819.47,843.34,856.18,804.74,799.15,815.74,835.05,794.45,729.32,722.0,735.51,718.11,702.61,724.03,720.21,710.38,701.08,699.92,698.67,699.43,700.87,701.06,695.32,698.61,698.18,698.68,698.46,699.65,699.67,698.76,699.4,699.76,698.62,699.87,699.74,699.4,699.45,700.08,699.46,699.91,699.65,699.8,700.01,699.54,699.86,700.02,699.17,699.86,699.56,699.69,699.97,699.95,699.97,700.02,699.93,699.98,700.03,699.69,700.02,700.08,699.76,699.93,699.94,699.97,700.04,699.77,699.91,700.18,699.92,699.57,699.62,700.4,700.14,699.67,699.47,699.22,699.09,699.85,701.56,665.5,529.77,395.93,265.01,135.3,27.92,13.32,13.87,14.45,14.75,14.93,15.17,15.23,15.38,15.51,15.67,15.67,15.87,15.84,15.97,16.08,16.25,16.22,16.36,16.46,16.47,16.56,16.59,16.74,16.73,16.7,16.92,16.95,17.03,17.08,17.16,17.28,17.16,17.33,17.3,17.43,17.52,-0.43,-0.33,-0.49,-0.47,2.53,14.04,23.81,35.06,46.89,57.78,61.16,68.91,79.74,90.97,93.83,90.28,96.35,106.41,113.1,124.69,145.99,159.97,172.53,185.45,200.41,218.16,240.37,291.54,363.25,408.39,439.39,461.51,477.74,490.39,499.62,507.39,514.57,520.82,526.26,531.38,536.44,541.32,545.94,550.6,555.29,560.05,564.98,570.01,574.97,580.03,584.82,589.38,593.47,597.24,600.63,603.58,606.47,609.23,611.51,613.05,614.0,614.19,613.97,613.0,611.72,609.81,607.51,604.9,602.46,599.97,597.66,595.36,593.18,591.1,588.86,586.47,583.93,581.11,578.11,574.84,571.58,568.37,565.04,561.98,558.9,556.03,553.51,554.51,557.7,561.85,566.33,570.94,572.92,572.95,572.3,571.32,570.36,569.28,568.13,567.09,565.85,564.82,563.61,562.58,561.41,560.26,559.22,558.15,557.02,555.96,554.81,553.63,552.41,551.29,550.19,549.07,547.86,546.74,545.74,544.72,543.69,542.69,541.64,540.68,539.65,538.77,537.88,536.87
20392,15,115.937,-5.12,10.83,40.62,608.77,960.14,842.86,805.84,818.92,842.95,856.0,804.88,799.24,816.08,835.82,794.89,729.16,722.5,735.92,718.98,702.44,724.43,720.46,710.68,701.24,700.03,699.34,699.5,700.9,700.87,700.06,696.55,697.4,699.69,697.34,699.96,699.22,699.7,699.64,698.71,699.82,699.95,700.11,699.06,699.98,700.01,699.96,699.74,699.8,699.78,700.05,699.85,699.65,699.75,699.59,699.89,699.82,699.63,699.86,700.0,700.04,699.95,699.9,699.98,699.98,699.96,700.03,700.01,699.76,700.08,699.77,700.02,699.76,700.07,699.88,699.75,700.16,699.89,699.55,699.34,700.38,700.64,700.22,699.96,699.73,699.48,699.27,666.27,531.36,396.85,265.56,135.71,29.38,15.14,15.91,16.26,16.57,16.82,17.06,17.2,17.31,17.37,17.39,17.64,17.71,17.84,17.95,18.01,18.13,18.24,18.34,18.32,18.32,18.46,18.6,18.6,18.71,18.7,18.87,18.83,18.9,18.96,19.07,18.95,19.17,19.23,19.27,19.33,19.33,-0.32,-0.45,-0.28,-0.48,2.36,13.83,23.69,34.93,46.86,57.67,61.26,68.8,79.52,90.96,93.85,90.38,96.28,106.4,113.0,123.08,145.51,159.35,171.7,184.64,199.54,217.11,237.77,282.83,356.15,404.4,436.17,459.05,476.05,488.99,498.48,506.47,513.57,519.99,525.48,530.68,535.93,540.81,545.35,550.15,554.8,559.57,564.41,569.32,574.3,579.41,584.08,588.74,592.74,596.61,599.92,602.86,605.7,608.43,610.53,611.98,612.91,613.21,612.99,612.15,610.76,608.8,606.6,604.07,601.54,599.1,596.8,594.6,592.26,590.0,587.48,584.8,581.77,578.42,575.01,571.31,567.68,564.11,560.64,557.47,554.36,551.57,549.25,550.2,553.67,557.71,562.27,566.96,568.85,568.85,568.19,567.17,566.2,565.2,563.94,562.81,561.64,560.44,559.35,558.12,557.06,555.88,554.7,553.57,552.4,551.34,550.21,548.94,547.77,546.65,545.44,544.35,543.26,542.14,541.0,539.98,538.82,537.9,536.86,535.84,534.92,533.97,532.97,532.14
20393,15,115.941,-4.81,10.9,41.94,614.12,961.01,841.01,805.78,818.99,842.93,856.36,805.09,799.84,816.63,836.64,796.62,730.53,723.58,736.84,719.6,702.52,724.27,720.61,710.8,701.06,700.31,699.5,699.8,700.9,699.37,700.49,698.86,697.08,699.76,698.93,699.74,699.41,699.0,699.4,699.79,699.22,699.74,699.89,699.49,699.78,699.89,699.74,699.72,699.84,699.78,700.05,699.83,699.71,699.84,699.74,699.69,699.79,699.89,699.62,700.01,699.96,700.05,700.03,699.97,700.0,699.97,700.0,699.96,699.81,700.05,699.85,699.98,699.92,700.01,699.66,700.02,700.08,699.74,699.39,699.1,699.28,700.55,700.51,700.2,699.84,699.72,699.61,666.62,531.18,396.84,265.63,135.83,29.07,14.78,15.48,15.9,16.26,16.44,16.54,16.76,16.99,17.07,17.18,17.16,17.21,17.31,17.48,17.69,17.67,17.87,17.98,17.92,17.97,18.14,18.09,18.24,18.32,18.36,18.42,18.49,18.55,18.6,18.62,18.67,18.8,18.79,18.98,18.97,18.94,-0.32,-0.4,-0.35,-0.43,2.4,13.94,23.66,34.94,46.83,57.64,61.15,68.79,79.49,90.85,93.9,90.52,96.38,106.39,113.15,124.03,145.73,159.43,171.78,184.54,199.61,217.19,238.71,285.34,357.9,405.7,437.16,459.97,476.64,489.52,498.87,506.79,514.01,520.42,526.01,531.11,536.23,541.14,545.77,550.51,555.14,559.97,564.8,569.68,574.87,579.76,584.78,589.34,593.54,597.27,600.64,603.76,606.58,609.39,611.51,612.99,613.9,614.08,613.84,612.99,611.58,609.56,607.33,604.71,602.16,599.62,597.18,594.94,592.69,590.63,588.45,586.06,583.58,580.85,577.99,574.84,571.52,568.33,565.03,561.87,558.77,555.81,553.24,553.93,556.93,560.87,565.21,569.55,571.52,571.44,570.62,569.61,568.62,567.57,566.4,565.31,564.17,562.96,561.8,560.72,559.56,558.42,557.26,556.15,555.06,554.0,552.88,551.68,550.45,549.28,548.1,546.97,545.81,544.82,543.69,542.58,541.49,540.49,539.45,538.48,537.44,536.54,535.57,534.54
20394,15,115.917,-4.64,11.67,40.25,609.53,961.3,842.1,806.52,819.75,843.54,856.52,805.11,799.78,816.51,838.11,795.66,729.69,723.21,736.41,719.12,702.32,724.53,720.46,710.49,701.1,699.81,699.05,699.15,701.0,701.08,696.82,699.5,697.28,699.77,697.77,699.85,699.32,699.58,699.66,699.23,699.85,699.46,700.02,699.21,700.07,699.87,699.52,699.41,699.76,699.96,699.81,699.84,699.34,699.75,699.87,699.77,700.01,699.8,700.03,699.89,699.9,699.94,700.05,699.99,699.92,699.92,700.02,699.94,699.7,699.95,699.79,700.07,699.93,699.67,700.12,699.92,699.61,699.65,700.38,700.08,699.67,699.45,699.22,699.09,699.85,701.3,701.12,665.22,530.29,396.6,265.51,135.62,29.3,14.95,15.57,16.04,16.37,16.52,16.77,16.98,17.18,17.22,17.38,17.41,17.52,17.61,17.71,17.79,17.89,18.03,18.11,18.08,18.2,18.18,18.28,18.29,18.44,18.45,18.5,18.62,18.73,18.64,18.75,18.81,18.92,18.99,18.99,19.07,19.03,-0.42,-0.42,-0.38,-0.39,2.45,14.07,23.77,35.25,46.91,57.96,61.39,69.05,79.81,91.18,94.14,90.72,96.62,106.67,113.21,122.79,145.72,159.56,171.68,184.73,199.62,217.35,238.52,283.36,356.69,404.09,436.34,459.29,476.2,489.09,498.62,506.59,513.65,519.93,525.59,530.91,536.07,540.67,545.4,550.08,554.82,559.53,564.28,569.19,574.4,579.29,584.16,588.74,592.69,596.46,599.85,602.96,605.81,608.67,610.68,612.23,613.04,613.27,613.06,612.24,610.8,608.92,606.55,604.07,601.42,598.9,596.61,594.25,592.14,590.04,587.79,585.4,582.9,580.25,577.25,574.04,570.9,567.64,564.44,561.25,558.17,555.24,552.61,553.38,556.45,560.34,564.78,569.18,571.12,570.96,570.38,569.36,568.29,567.23,566.07,565.01,563.89,562.82,561.64,560.59,559.39,558.34,557.17,556.0,554.9,553.86,552.71,551.55,550.37,549.2,548.05,546.87,545.75,544.72,543.61,542.5,541.41,540.41,539.39,538.43,537.44,536.44,535.54,534.6
20395,15,115.947,-5.02,10.77,41.24,612.55,960.76,842.0,806.66,820.06,844.07,856.9,805.67,800.14,816.88,836.58,795.64,730.19,723.98,737.08,718.74,702.63,724.57,720.37,710.61,701.11,699.73,698.66,699.3,700.99,699.81,697.41,699.47,697.67,699.44,697.85,699.84,699.76,699.3,699.36,699.65,699.4,699.61,699.91,699.56,699.92,699.76,699.88,699.95,699.94,699.78,699.84,699.83,699.81,699.66,699.76,699.96,699.29,699.68,699.8,699.8,700.0,699.98,700.03,700.09,699.92,699.96,699.6,699.95,700.0,699.84,700.07,700.05,699.55,699.28,700.08,700.25,699.89,699.68,699.41,699.19,698.97,700.37,700.87,700.61,700.4,700.15,699.8,665.91,530.52,396.03,264.93,135.33,28.12,13.47,14.17,14.66,15.04,15.16,15.42,15.56,15.66,15.74,15.97,15.94,16.13,16.15,16.29,16.38,16.41,16.51,16.62,16.62,16.76,16.8,16.91,16.97,17.01,17.09,17.15,17.18,17.23,17.21,17.39,17.47,17.42,17.52,17.55,17.68,17.7,-0.46,-0.45,-0.42,-0.43,2.3,13.98,23.63,35.02,46.9,57.78,61.31,69.08,79.77,91.09,93.85,90.46,96.41,106.47,112.95,123.09,145.75,159.59,171.93,184.99,199.84,217.57,239.42,287.28,359.52,406.42,438.08,460.66,477.14,489.85,499.16,507.17,514.25,520.55,526.12,531.29,536.38,541.06,545.71,550.32,554.99,559.75,564.6,569.56,574.61,579.51,584.38,588.91,593.11,596.79,600.12,603.2,606.0,608.71,610.86,612.38,613.22,613.46,613.09,612.22,610.79,608.96,606.55,604.04,601.44,598.99,596.51,594.22,592.06,589.99,587.78,585.48,582.93,580.21,577.29,574.24,571.02,567.75,564.52,561.45,558.33,555.42,552.84,553.62,556.83,560.75,565.17,569.71,571.65,571.61,570.91,569.97,568.93,567.86,566.69,565.63,564.51,563.37,562.32,561.13,559.98,558.95,557.75,556.73,555.55,554.5,553.36,552.1,550.88,549.81,548.69,547.5,546.41,545.29,544.15,543.19,542.1,541.08,540.05,539.09,538.06,537.16,536.23,535.27
20396,15,115.903,-3.71,11.09,39.76,606.29,959.97,841.41,807.69,819.8,843.68,856.66,805.42,799.75,816.66,836.48,796.37,730.38,723.58,736.74,719.23,702.05,724.56,720.51,710.56,701.19,700.09,698.82,699.41,701.07,700.77,698.56,699.3,697.01,699.89,697.38,699.92,699.2,699.92,699.99,698.74,700.01,699.59,699.55,699.28,699.72,699.42,699.96,699.72,700.04,699.47,699.8,699.94,699.4,699.94,699.68,700.06,698.92,699.76,699.64,699.98,700.03,699.98,700.0,700.04,699.95,699.91,699.92,699.97,699.95,700.1,699.73,700.1,700.06,699.76,699.38,699.07,699.73,700.86,700.63,700.29,699.95,699.75,699.5,699.19,699.1,699.07,701.23,666.09,530.91,396.59,265.84,135.53,29.74,15.66,16.19,16.76,17.05,17.31,17.39,17.62,17.79,17.87,17.96,18.09,18.19,18.32,18.34,18.4,18.55,18.6,18.71,18.83,18.9,18.9,19.04,19.09,19.16,19.2,19.26,19.26,19.35,19.48,19.46,19.59,19.65,19.63,19.72,19.74,19.75,-0.44,-0.46,-0.44,-0.5,2.55,14.24,23.91,35.3,47.16,57.99,61.49,69.14,79.72,91.21,94.06,90.61,96.41,106.57,113.12,122.42,145.43,159.32,171.67,184.54,199.82,217.25,238.62,283.43,356.93,405.0,437.12,459.83,476.77,489.49,499.0,507.0,514.19,520.52,525.92,531.17,536.22,541.09,545.61,550.29,554.83,559.68,564.52,569.44,574.37,579.31,584.1,588.59,592.7,596.35,599.71,602.78,605.55,608.22,610.38,611.79,612.7,612.99,612.73,611.81,610.44,608.56,606.21,603.66,601.06,598.56,596.17,593.85,591.7,589.64,587.51,585.27,582.77,579.96,577.11,574.1,571.05,567.93,564.7,561.59,558.57,555.59,552.89,553.6,556.67,560.61,564.97,569.44,571.36,571.29,570.5,569.51,568.56,567.45,566.29,565.26,564.09,562.98,561.78,560.68,559.59,558.49,557.35,556.26,555.13,554.02,552.93,551.7,550.53,549.37,548.18,547.11,545.97,544.89,543.88,542.7,541.68,540.65,539.56,538.65,537.65,536.71,535.8,534.83
20397,15,115.94,-4.1,11.3,41.69,612.44,961.25,842.18,806.81,820.46,844.71,857.81,807.82,801.58,817.99,837.91,797.15,731.46,724.71,738.04,720.34,703.78,725.7,720.99,710.87,701.02,699.93,698.63,699.4,700.91,701.15,696.4,698.9,698.06,699.09,698.18,699.79,699.73,699.15,699.51,699.69,699.12,700.02,700.23,698.97,699.69,699.88,699.82,699.82,699.85,699.84,699.96,699.53,700.09,699.75,699.4,699.82,699.73,699.83,699.76,699.98,699.99,699.73,699.8,699.86,699.89,700.02,700.05,699.96,699.88,699.96,699.59,700.05,699.88,699.59,700.22,699.85,699.45,699.32,700.39,700.46,700.15,699.91,699.6,699.37,699.18,698.91,701.24,665.88,529.84,396.02,264.88,135.0,27.98,13.42,14.15,14.62,14.92,15.07,15.28,15.5,15.59,15.73,15.85,15.9,16.05,16.14,16.18,16.35,16.43,16.46,16.65,16.7,16.83,16.81,16.93,16.99,16.99,17.11,17.21,17.21,17.17,17.38,17.45,17.43,17.44,17.56,17.66,17.71,17.74,-0.37,-0.37,-0.31,-0.34,2.88,14.78,24.41,35.81,47.62,58.52,61.96,69.56,80.33,91.87,94.63,91.16,97.1,107.29,113.64,123.11,146.21,160.11,172.18,184.96,199.82,217.38,239.0,284.57,357.25,404.31,436.37,459.31,475.92,488.96,498.33,506.32,513.52,519.94,525.54,530.67,535.84,540.73,545.37,549.95,554.69,559.46,564.37,569.38,574.31,579.26,584.09,588.7,592.77,596.45,599.79,602.83,605.74,608.35,610.54,611.94,612.82,613.04,612.67,611.8,610.27,608.38,605.82,603.2,600.52,597.98,595.43,593.1,590.87,588.65,586.39,584.1,581.56,578.91,575.94,572.94,569.83,566.56,563.4,560.18,557.07,554.07,551.33,552.1,555.09,558.91,563.3,567.75,569.59,569.39,568.6,567.62,566.52,565.42,564.37,563.18,562.01,560.88,559.67,558.53,557.35,556.23,555.05,554.01,552.86,551.76,550.66,549.37,548.29,547.06,545.95,544.82,543.61,542.5,541.39,540.34,539.23,538.24,537.23,536.2,535.16,534.18,533.26,532.36
20398,15,115.913,-5.96,10.36,39.84,608.8,961.93,843.0,807.29,820.38,844.64,857.81,806.44,800.74,817.46,836.82,796.26,730.78,726.23,737.41,718.85,702.34,724.59,720.29,710.6,701.13,699.94,698.58,699.34,700.96,700.58,697.26,699.54,697.47,699.72,698.06,699.78,699.44,699.73,699.49,699.41,699.79,699.67,700.14,699.16,700.05,700.01,699.43,699.88,699.58,699.63,700.05,699.32,699.88,699.5,699.95,699.49,699.72,699.89,700.03,700.01,699.88,700.03,699.96,700.01,699.99,700.04,699.94,699.78,700.05,699.75,699.82,700.03,699.52,699.85,700.15,699.77,699.43,699.11,700.59,700.61,700.25,700.03,699.82,699.6,699.41,699.25,698.99,666.33,530.24,396.19,264.85,135.07,28.13,13.29,14.0,14.64,14.75,15.04,15.3,15.37,15.53,15.86,15.9,16.15,16.18,16.22,16.27,16.37,16.48,16.47,16.52,16.63,16.81,16.83,16.92,16.94,16.93,17.01,17.15,17.16,17.22,17.28,17.34,17.39,17.49,17.54,17.67,17.66,17.64,-0.37,-0.36,-0.35,-0.37,2.6,14.39,24.1,35.47,47.25,58.18,61.71,69.35,80.14,91.47,94.26,90.82,96.7,106.97,113.28,122.9,145.93,159.8,172.14,185.2,200.04,217.31,239.0,283.94,356.8,404.38,436.55,459.27,476.04,489.06,498.55,506.59,513.62,519.97,525.6,530.91,535.96,540.81,545.49,550.19,554.92,559.66,564.5,569.48,574.41,579.47,584.23,588.73,592.9,596.71,599.99,603.07,606.07,608.8,610.97,612.51,613.34,613.61,613.33,612.53,611.11,609.19,606.77,604.27,601.69,599.18,596.74,594.51,592.36,590.13,588.0,585.67,583.27,580.57,577.63,574.64,571.51,568.24,565.0,561.88,558.82,555.88,553.2,553.9,556.98,560.77,565.09,569.61,571.46,571.38,570.66,569.69,568.63,567.53,566.41,565.31,564.21,563.04,561.89,560.78,559.59,558.49,557.38,556.29,555.2,554.02,552.99,551.76,550.62,549.48,548.24,547.1,545.98,544.86,543.78,542.7,541.65,540.65,539.5,538.52,537.58,536.6,535.58,534.69
20399,15,115.885,-2.81,11.08,39.2,605.63,962.08,846.2,808.93,821.39,845.35,858.4,806.89,801.17,817.92,837.54,797.42,731.15,724.39,737.67,720.31,703.6,724.93,720.91,710.99,701.13,700.02,699.0,699.55,700.54,700.79,699.25,698.41,697.45,699.71,697.0,699.84,699.32,699.81,699.52,698.77,699.86,699.7,699.76,699.12,699.86,699.32,700.05,699.39,699.68,699.98,699.85,699.48,699.91,700.06,699.33,699.46,699.87,699.91,699.48,699.97,700.01,699.97,699.84,700.02,699.97,699.93,700.03,699.91,699.98,700.11,699.74,700.32,699.89,699.48,699.2,698.98,700.43,700.98,700.62,700.22,700.1,699.73,699.53,699.34,699.14,698.75,700.9,666.39,530.7,396.97,265.87,135.73,29.38,15.05,15.8,16.19,16.49,16.71,16.91,17.03,17.13,17.2,17.35,17.56,17.51,17.69,17.76,17.94,18.09,18.19,18.22,18.26,18.41,18.4,18.53,18.63,18.62,18.7,18.76,18.88,18.98,19.01,19.07,19.08,19.12,19.25,19.18,19.39,19.36,-0.38,-0.4,-0.41,-0.41,2.28,13.82,23.5,34.83,46.65,57.63,61.2,68.8,79.46,90.97,93.98,90.45,96.21,106.45,112.99,123.85,145.46,159.13,171.13,183.79,198.3,215.61,235.74,273.58,346.58,397.09,430.96,454.97,472.64,486.36,496.49,504.75,511.98,518.62,524.33,529.7,534.75,539.89,544.6,549.24,553.96,558.79,563.77,568.64,573.77,578.7,583.6,588.14,592.35,596.06,599.51,602.61,605.41,607.93,610.08,611.49,612.41,612.71,612.42,611.54,610.04,608.09,605.68,603.1,600.53,598.0,595.59,593.21,591.12,588.93,586.75,584.45,581.77,579.08,576.2,573.09,569.84,566.54,563.31,560.06,556.86,553.73,550.94,551.51,554.48,558.26,562.53,567.0,568.78,568.68,567.9,566.87,565.79,564.78,563.64,562.53,561.39,560.17,558.97,557.88,556.72,555.57,554.46,553.31,552.24,551.01,549.93,548.84,547.54,546.36,545.22,544.02,542.96,541.76,540.64,539.51,538.45,537.4,536.35,535.38,534.38,533.44,532.45,531.53
20401,15,115.903,-5.06,11.2,43.37,616.91,962.15,842.48,808.17,821.71,845.5,858.14,806.62,801.2,818.13,837.58,797.56,731.08,724.49,737.91,720.34,703.52,724.88,720.94,710.78,701.01,699.83,698.75,699.71,700.84,701.3,696.19,698.02,698.78,698.07,698.94,699.69,699.47,698.67,699.68,699.87,698.77,699.85,699.2,699.68,699.38,700.05,700.0,699.62,699.9,699.94,699.28,699.78,700.04,699.41,699.84,699.34,699.68,699.92,699.3,699.82,700.02,699.98,699.98,699.97,699.97,699.86,699.91,700.04,700.04,699.73,699.97,700.05,699.76,699.26,699.2,700.56,700.41,700.08,699.75,699.56,699.28,699.1,698.93,701.48,702.03,697.26,700.92,666.64,530.3,396.52,265.7,135.75,29.05,14.81,15.49,16.0,16.24,16.56,16.71,16.87,16.97,17.09,17.22,17.38,17.43,17.57,17.64,17.78,17.83,17.87,18.02,18.14,18.13,18.34,18.32,18.43,18.44,18.48,18.61,18.68,18.75,18.79,18.79,18.77,18.89,18.92,19.02,19.09,19.15,-0.45,-0.38,-0.47,-0.46,2.55,14.24,23.82,35.25,47.14,58.16,61.47,69.23,80.0,91.47,94.32,90.93,96.84,106.92,113.71,124.72,146.15,159.82,172.37,185.05,199.77,217.7,239.21,285.06,357.9,404.63,436.47,459.21,475.73,489.08,498.29,506.38,513.47,519.81,525.32,530.54,535.66,540.43,545.18,549.74,554.54,559.34,564.19,569.11,574.09,579.16,583.89,588.34,592.53,596.27,599.68,602.62,605.37,608.1,610.2,611.66,612.46,612.63,612.31,611.45,610.0,608.1,605.76,603.11,600.49,598.07,595.5,593.32,591.25,589.19,587.07,584.69,582.27,579.65,576.77,573.77,570.69,567.54,564.33,561.07,558.05,555.09,552.43,553.23,556.37,560.13,564.59,569.06,570.92,570.85,570.15,569.17,568.14,567.1,565.96,564.83,563.69,562.59,561.4,560.34,559.18,558.04,557.02,555.86,554.8,553.72,552.6,551.35,550.24,549.13,547.98,546.85,545.75,544.63,543.55,542.46,541.51,540.36,539.37,538.34,537.42,536.45,535.55,534.63
20402,15,115.918,-3.04,11.36,41.9,615.4,963.0,844.05,809.14,822.45,846.4,859.31,807.61,802.09,818.87,838.63,797.78,731.65,724.72,738.16,720.89,703.89,725.45,721.16,710.96,701.32,700.31,697.87,699.86,700.62,700.52,696.2,699.13,698.57,698.5,698.57,699.78,699.77,698.75,699.43,699.76,698.8,699.89,699.63,699.46,699.5,700.04,699.88,699.96,699.74,699.93,700.05,699.89,699.73,699.77,699.51,699.71,699.49,699.69,699.83,699.92,700.03,699.93,699.98,699.96,699.95,700.01,700.05,699.88,699.99,699.96,699.96,700.02,699.84,700.13,699.78,699.55,699.71,700.35,700.02,699.68,699.41,699.29,698.97,699.91,700.93,700.58,700.34,665.5,530.38,396.49,265.52,135.75,29.01,14.82,15.45,15.87,16.19,16.45,16.65,16.79,16.89,16.98,17.11,17.17,17.28,17.38,17.46,17.6,17.73,17.8,17.83,17.89,17.98,18.03,18.06,18.16,18.27,18.18,18.38,18.45,18.47,18.55,18.62,18.65,18.72,18.86,18.84,18.96,18.95,-0.46,-0.47,-0.44,-0.43,2.41,14.09,23.8,35.23,47.09,58.14,61.67,69.3,80.01,91.53,94.29,90.99,96.79,107.01,113.68,124.36,146.12,159.81,172.26,184.93,199.46,216.07,237.77,282.48,355.36,403.27,435.43,458.5,475.13,488.41,497.74,505.93,513.0,519.24,524.85,530.1,535.14,540.13,544.82,549.39,554.12,558.87,563.76,568.69,573.67,578.8,583.59,588.12,592.29,596.03,599.43,602.4,605.3,607.93,610.07,611.54,612.42,612.72,612.42,611.61,610.2,608.26,605.83,603.37,600.75,598.22,595.89,593.57,591.47,589.39,587.23,584.99,582.41,579.75,576.95,573.8,570.66,567.52,564.33,561.05,558.09,555.11,552.45,553.2,556.26,560.01,564.31,568.71,570.61,570.46,569.8,568.84,567.78,566.74,565.71,564.56,563.43,562.24,561.07,559.99,558.88,557.77,556.59,555.53,554.43,553.34,552.23,551.01,549.88,548.76,547.54,546.36,545.28,544.23,543.1,542.04,540.96,539.91,538.88,537.87,536.94,535.94,534.96,534.09
20403,15,115.919,-4.14,11.38,43.27,619.65,963.7,844.65,809.04,822.36,847.14,860.37,808.53,802.81,819.66,839.15,798.27,732.11,725.11,738.46,720.95,703.63,725.26,721.03,710.96,700.54,700.33,700.3,700.36,700.4,696.21,700.55,698.56,698.51,698.65,699.34,699.97,699.73,698.39,699.97,699.97,698.67,700.0,699.49,699.87,699.26,699.91,699.55,699.92,699.92,699.45,699.94,699.86,699.87,699.62,699.8,699.82,699.94,699.62,700.04,699.96,699.91,699.99,699.91,699.99,700.01,699.92,699.97,699.93,699.89,699.93,700.01,700.06,699.65,699.7,700.13,699.94,699.54,700.07,700.12,699.87,699.53,699.38,699.07,699.03,700.45,700.44,700.21,666.38,530.94,396.82,265.66,135.94,29.0,14.93,15.47,15.87,16.15,16.41,16.65,16.79,16.88,17.0,17.1,17.24,17.33,17.41,17.56,17.71,17.75,17.81,17.89,17.88,17.98,18.07,18.1,18.19,18.27,18.29,18.39,18.46,18.51,18.56,18.53,18.71,18.79,18.81,18.83,18.99,18.99,-0.51,-0.43,-0.45,-0.55,2.71,14.46,24.16,35.6,47.4,58.41,61.78,69.44,80.11,91.78,94.53,91.25,97.07,107.23,113.79,124.27,146.44,160.31,172.73,185.14,200.56,218.43,239.79,286.94,358.32,405.7,437.23,459.95,476.33,489.44,498.7,506.61,513.73,520.04,525.58,530.71,535.79,540.63,545.36,549.94,554.55,559.3,564.18,569.21,574.18,579.15,583.92,588.42,592.53,596.23,599.59,602.66,605.55,608.17,610.41,611.96,612.89,613.04,612.91,612.0,610.65,608.71,606.3,603.86,601.33,598.8,596.4,594.15,591.97,589.83,587.68,585.44,582.83,580.18,577.23,574.18,571.07,567.81,564.65,561.56,558.44,555.53,552.95,553.68,556.83,560.78,565.21,569.78,571.75,571.65,571.0,570.07,568.93,567.93,566.78,565.76,564.61,563.43,562.35,561.18,560.11,558.98,557.91,556.76,555.68,554.67,553.52,552.34,551.23,550.06,548.94,547.77,546.62,545.51,544.51,543.46,542.37,541.44,540.36,539.37,538.4,537.46,536.47,535.64
20404,15,115.886,-5.11,11.29,41.76,612.46,961.43,842.31,807.97,821.9,845.87,858.9,807.43,802.1,818.93,839.66,799.56,732.27,725.37,738.75,721.25,704.14,725.87,721.2,711.11,701.15,700.29,699.22,699.87,700.74,700.88,699.54,695.51,698.35,699.01,698.23,699.78,699.74,699.13,699.64,699.55,699.06,699.86,699.8,699.27,699.69,699.96,699.69,699.83,699.84,699.87,699.86,699.72,699.46,699.96,699.34,699.95,699.82,699.96,699.75,699.92,700.03,699.88,699.95,700.05,699.86,700.02,699.91,700.1,699.78,699.5,699.94,699.93,700.07,699.62,699.56,700.58,700.34,699.97,699.77,699.48,699.18,698.96,700.09,701.85,701.5,697.55,700.5,666.73,530.51,396.57,265.47,135.84,28.98,14.35,15.16,15.68,16.04,16.17,16.37,16.55,16.64,16.87,17.02,17.04,17.33,17.39,17.48,17.57,17.59,17.57,17.72,17.85,17.77,17.9,17.96,18.05,18.13,18.18,18.24,18.24,18.33,18.51,18.52,18.51,18.53,18.56,18.56,18.77,18.76,-0.41,-0.38,-0.35,-0.43,2.58,14.27,23.94,35.43,47.3,58.2,61.58,69.3,80.03,91.54,94.46,91.02,96.76,107.01,113.47,123.77,145.96,159.57,171.95,184.64,199.62,217.06,238.39,281.7,354.43,402.69,434.56,457.51,474.43,487.88,497.33,505.43,512.66,519.04,524.66,529.88,535.14,539.89,544.58,549.19,553.98,558.74,563.51,568.5,573.46,578.44,583.19,587.73,591.81,595.48,598.92,602.03,604.82,607.46,609.57,611.03,611.93,612.04,611.84,610.97,609.49,607.39,605.03,602.49,599.83,597.41,594.93,592.69,590.43,588.33,586.09,583.65,581.1,578.24,575.28,572.1,568.89,565.58,562.23,558.98,555.84,552.88,550.26,551.01,554.03,558.01,562.4,566.84,568.87,568.77,568.11,567.12,566.12,564.99,563.85,562.85,561.73,560.51,559.44,558.35,557.17,556.14,554.98,553.89,552.83,551.7,550.53,549.39,548.24,547.08,545.91,544.74,543.64,542.56,541.42,540.36,539.22,538.25,537.28,536.17,535.29,534.33,533.35,532.42
20405,15,115.913,-2.8,11.86,43.18,617.45,964.03,844.96,809.9,823.2,846.89,859.7,808.05,802.54,819.41,839.24,799.24,732.77,725.91,739.29,721.64,704.38,725.97,721.44,711.07,700.59,698.97,699.44,699.82,700.8,701.28,697.84,696.49,698.79,698.19,698.88,699.67,699.49,698.75,699.68,699.86,698.84,700.04,699.5,699.63,699.4,699.98,699.19,699.89,700.04,699.6,699.7,700.03,699.35,699.91,699.65,699.57,699.94,699.92,699.88,700.02,700.05,700.01,700.06,700.03,700.05,700.01,699.98,699.78,700.08,699.85,700.01,699.94,700.25,699.75,699.46,699.26,699.0,700.6,700.78,700.35,700.13,699.93,699.65,699.47,699.29,699.02,699.4,667.31,530.95,396.59,265.76,135.89,28.84,14.57,15.23,15.59,15.96,16.09,16.26,16.51,16.69,16.73,16.79,16.94,16.97,17.1,17.27,17.42,17.52,17.49,17.63,17.77,17.68,17.77,17.86,17.94,18.0,18.07,18.12,18.23,18.23,18.38,18.33,18.45,18.5,18.56,18.54,18.63,18.66,-0.45,-0.45,-0.42,-0.47,2.57,14.32,24.05,35.43,47.28,58.25,61.78,69.36,80.17,91.58,94.49,91.02,96.88,107.12,113.61,123.83,146.32,160.01,172.32,184.76,199.04,217.29,238.77,283.29,355.97,403.43,435.23,458.18,474.84,488.28,497.59,505.7,512.83,519.26,524.78,530.0,535.16,540.02,544.84,549.37,554.06,558.81,563.7,568.59,573.64,578.58,583.37,587.88,591.93,595.69,599.07,602.01,604.92,607.58,609.78,611.15,612.09,612.25,611.88,611.05,609.64,607.64,605.26,602.8,600.18,597.62,595.3,593.13,590.91,588.74,586.67,584.43,581.9,579.16,576.31,573.29,570.16,566.99,563.83,560.72,557.65,554.71,551.98,552.6,555.66,559.47,563.88,568.27,570.15,570.05,569.32,568.42,567.33,566.31,565.21,564.11,562.98,561.83,560.7,559.61,558.48,557.34,556.25,555.12,554.04,552.9,551.8,550.67,549.46,548.22,547.12,545.93,544.9,543.78,542.65,541.63,540.56,539.48,538.5,537.52,536.54,535.55,534.71,533.72
20406,15,115.888,-4.68,11.42,42.73,619.98,965.48,845.91,810.41,823.72,847.52,860.69,809.12,803.46,820.26,839.91,799.88,733.55,726.49,739.78,722.63,704.73,726.28,721.81,711.29,701.29,699.94,699.07,699.54,700.72,701.29,695.51,698.04,698.91,697.68,699.3,699.62,699.67,698.39,699.86,699.93,698.63,699.95,699.48,699.77,699.02,699.94,699.66,699.91,699.95,699.46,699.74,699.92,700.12,699.21,699.73,699.94,699.77,699.84,699.92,699.92,700.02,700.0,699.89,700.15,699.72,699.97,700.01,699.97,700.09,699.59,699.76,700.03,699.93,699.92,700.2,699.91,699.47,699.54,700.34,700.1,699.72,699.45,699.2,698.99,699.87,701.2,700.91,666.07,531.0,397.32,266.17,136.52,30.09,16.12,16.73,17.23,17.54,17.74,17.92,18.14,18.22,18.39,18.52,18.57,18.62,18.8,18.89,18.98,19.15,19.2,19.26,19.4,19.45,19.5,19.64,19.57,19.65,19.71,19.85,19.87,19.9,20.01,20.05,20.09,20.18,20.29,20.25,20.35,20.24,-0.48,-0.47,-0.54,-0.56,2.53,14.28,23.92,35.34,47.34,58.31,61.74,69.43,80.1,91.55,94.5,91.09,96.96,107.14,113.8,123.84,146.27,160.01,172.25,184.95,199.84,217.54,238.7,283.18,355.97,403.27,435.46,458.4,475.09,488.43,497.89,505.92,512.98,519.31,524.93,530.11,535.22,540.14,544.91,549.45,554.22,558.96,563.83,568.79,573.71,578.73,583.55,588.05,592.21,595.93,599.15,602.32,605.14,607.91,610.11,611.52,612.37,612.57,612.3,611.53,610.04,608.08,605.74,603.15,600.55,598.07,595.7,593.4,591.26,589.15,586.92,584.68,582.23,579.47,576.61,573.51,570.37,567.14,563.94,560.81,557.63,554.63,551.96,552.58,555.67,559.42,563.81,568.27,570.05,569.94,569.24,568.32,567.26,566.19,565.12,563.93,562.82,561.67,560.56,559.35,558.25,557.05,556.01,554.89,553.86,552.65,551.51,550.32,549.14,548.0,546.89,545.7,544.57,543.51,542.39,541.29,540.25,539.18,538.17,537.15,536.2,535.28,534.29,533.42
20408,15,115.945,-5.31,10.91,41.4,614.21,963.5,843.85,808.64,822.17,846.31,859.4,807.87,802.38,818.98,838.87,798.67,732.28,725.38,738.62,721.29,703.95,725.83,721.21,711.09,701.19,699.89,698.72,699.41,700.79,700.07,696.93,699.38,697.89,699.0,697.91,699.74,699.79,699.06,699.3,699.74,699.11,699.96,699.79,698.96,699.65,699.85,699.45,699.85,699.89,699.84,700.15,699.88,699.71,699.84,699.27,699.68,699.74,699.86,699.71,699.99,699.92,700.02,700.05,699.92,700.06,700.04,699.92,699.84,699.93,700.0,700.16,699.6,699.3,698.97,700.54,700.78,700.4,700.1,699.8,699.68,699.34,699.22,698.95,700.18,701.79,701.26,696.87,667.33,530.71,396.52,265.56,135.92,29.08,14.53,15.25,15.73,16.03,16.22,16.34,16.6,16.65,16.73,16.98,16.91,17.1,17.24,17.27,17.49,17.54,17.79,17.77,17.86,17.87,18.02,17.92,18.12,18.13,18.11,18.28,18.25,18.33,18.41,18.47,18.47,18.65,18.62,18.67,18.82,18.81,-0.4,-0.36,-0.45,-0.47,2.66,14.48,24.2,35.53,47.45,58.44,61.95,69.61,80.29,91.87,94.69,91.22,96.94,107.09,113.71,123.37,146.22,159.97,172.12,184.91,199.82,217.39,239.03,284.18,356.79,404.46,436.43,459.24,475.83,488.86,498.25,506.18,513.27,519.63,525.28,530.41,535.54,540.4,545.15,549.65,554.41,559.11,563.94,568.89,573.91,578.88,583.74,588.2,592.36,595.99,599.33,602.36,605.13,607.78,609.89,611.38,612.14,612.39,612.05,611.13,609.7,607.73,605.44,602.92,600.32,597.76,595.42,593.2,591.05,588.98,586.71,584.32,581.74,579.06,576.08,573.04,569.87,566.62,563.35,560.17,557.13,554.31,551.7,552.55,555.69,559.71,564.16,568.71,570.68,570.58,569.86,568.9,567.95,566.91,565.78,564.67,563.54,562.43,561.29,560.15,559.08,557.92,556.83,555.71,554.57,553.54,552.39,551.16,550.08,548.85,547.7,546.59,545.49,544.35,543.29,542.19,541.14,540.17,539.15,538.11,537.17,536.25,535.22,534.37
20409,15,115.903,-5.07,10.46,40.5,611.59,962.16,843.91,809.38,823.43,846.91,860.04,808.38,802.74,819.59,839.62,799.53,732.83,725.69,739.05,721.73,704.57,726.13,721.54,710.99,700.98,699.76,698.71,699.65,700.78,701.13,698.89,696.91,698.38,699.09,698.13,699.79,699.73,699.07,699.27,699.73,699.38,699.78,700.0,699.31,699.84,699.92,699.96,699.8,699.58,699.74,700.02,699.85,699.73,699.73,699.71,699.85,699.47,699.56,699.92,699.97,699.94,699.96,699.95,699.92,700.01,699.93,699.84,700.06,699.9,700.11,699.88,699.55,700.03,699.77,699.94,700.0,699.72,699.98,700.09,699.78,699.45,699.34,700.01,700.49,700.25,699.8,699.61,666.48,531.28,396.8,265.74,135.72,29.06,14.8,15.38,15.94,16.1,16.42,16.6,16.71,16.91,16.97,17.09,17.25,17.26,17.4,17.5,17.49,17.63,17.72,17.87,17.87,17.99,18.09,18.1,18.21,18.29,18.26,18.37,18.41,18.56,18.57,18.67,18.69,18.76,18.88,18.89,18.99,18.93,-0.42,-0.41,-0.44,-0.44,2.29,13.86,23.64,35.14,46.97,57.96,61.38,69.1,79.81,91.32,94.26,90.78,96.53,106.69,113.24,123.27,145.6,159.35,171.63,184.29,199.04,216.62,237.84,279.86,353.15,401.94,434.39,457.49,474.52,487.94,497.51,505.76,512.87,519.32,524.87,530.15,535.23,540.14,544.84,549.43,554.22,558.9,563.91,568.86,573.89,578.98,583.89,588.45,592.6,596.32,599.68,602.68,605.62,608.29,610.54,612.16,613.03,613.34,613.09,612.24,610.85,608.92,606.65,604.04,601.51,598.99,596.54,594.33,592.19,589.94,587.82,585.42,582.92,580.11,577.1,573.97,570.62,567.37,563.97,560.84,557.69,554.77,552.12,552.78,555.96,559.97,564.42,568.96,570.9,570.84,570.13,569.16,568.22,567.05,565.93,564.86,563.67,562.56,561.44,560.34,559.16,558.06,556.89,555.88,554.74,553.69,552.56,551.37,550.08,549.02,547.8,546.75,545.58,544.54,543.35,542.35,541.27,540.21,539.15,538.26,537.12,536.3,535.34,534.45
20410,15,115.948,-6.04,10.0,46.05,631.82,965.86,845.42,809.58,823.42,847.78,860.58,808.74,802.98,819.69,839.54,798.84,732.59,725.73,738.95,721.71,704.74,726.0,721.54,711.07,701.0,699.61,699.49,699.92,700.85,700.68,698.77,698.5,699.33,696.45,700.1,699.31,699.67,699.65,698.35,699.65,699.79,699.13,700.03,699.87,699.92,699.85,699.74,699.99,699.84,699.77,700.03,699.79,699.63,699.46,699.83,699.64,699.47,699.82,699.55,700.02,699.93,700.01,699.98,700.02,699.91,700.05,700.04,699.8,699.98,699.94,699.93,699.89,699.94,699.99,700.08,699.72,699.36,700.17,700.36,700.1,699.82,699.51,699.36,699.17,699.13,701.02,701.32,665.55,530.43,396.44,265.84,136.09,29.39,15.85,16.18,16.73,16.99,17.26,17.42,17.59,17.69,17.87,18.02,18.02,18.12,18.28,18.34,18.36,18.54,18.5,18.67,18.84,18.9,18.9,19.0,19.18,19.15,19.25,19.27,19.36,19.45,19.46,19.54,19.59,19.66,19.69,19.79,19.83,19.9,-0.43,-0.44,-0.46,-0.42,3.01,14.94,24.66,36.06,47.93,58.83,62.3,69.97,80.64,92.2,95.05,91.56,97.53,107.87,114.46,125.6,147.55,161.41,173.83,186.78,201.71,220.11,242.46,297.35,366.75,411.5,441.21,462.55,478.47,490.83,499.78,507.73,514.69,520.58,526.13,531.47,536.48,541.22,545.92,550.52,555.19,559.99,564.87,569.88,574.89,579.98,584.81,589.32,593.32,597.14,600.33,603.45,606.14,608.81,611.04,612.68,613.6,613.78,613.44,612.61,611.27,609.41,607.12,604.66,602.18,599.62,597.31,595.14,592.98,590.88,588.79,586.43,583.9,581.07,578.11,574.87,571.57,568.43,565.17,562.13,559.04,556.24,553.92,554.76,558.09,562.23,566.72,571.35,573.29,573.33,572.66,571.78,570.77,569.69,568.67,567.59,566.5,565.38,564.27,563.23,562.06,560.99,559.81,558.85,557.73,556.63,555.55,554.41,553.18,552.03,550.9,549.79,548.71,547.6,546.57,545.57,544.49,543.51,542.54,541.57,540.57,539.67,538.7,537.86
20411,15,116.09,-6.54,9.2,45.74,638.25,964.84,843.28,807.18,820.7,844.65,856.73,804.55,798.24,814.04,832.91,791.78,725.33,718.66,731.96,713.9,698.61,720.75,718.35,709.58,700.97,700.27,700.26,699.72,699.68,700.54,700.5,697.68,700.15,697.73,699.64,699.58,699.86,699.45,698.43,699.83,699.86,698.95,699.78,699.76,700.04,699.44,699.8,700.07,699.92,699.91,699.51,699.68,699.82,699.65,699.99,699.38,699.74,699.96,699.44,699.88,700.02,700.01,699.95,699.96,699.98,700.01,700.01,699.73,700.03,699.84,700.1,699.66,699.86,700.11,699.76,699.47,700.44,700.41,700.03,699.78,699.5,699.34,699.15,699.11,701.07,701.37,701.06,664.86,530.06,396.43,265.85,135.96,29.52,15.85,16.3,16.75,17.09,17.38,17.51,17.6,17.76,17.93,18.0,18.08,18.12,18.36,18.28,18.54,18.62,18.6,18.84,18.79,18.93,18.95,19.01,19.13,19.12,19.23,19.29,19.29,19.47,19.42,19.5,19.56,19.7,19.66,19.81,19.77,19.87,-0.37,-0.41,-0.32,-0.42,2.86,14.78,24.44,35.8,47.71,58.59,61.95,69.62,80.2,91.58,94.32,90.85,96.54,106.81,113.88,126.11,147.5,161.88,175.17,188.32,204.53,224.06,250.68,322.67,384.5,424.45,451.27,471.22,485.26,495.65,504.26,511.85,518.24,523.76,529.22,534.19,538.81,543.32,547.75,552.41,557.15,561.93,566.98,571.92,576.95,581.96,586.8,591.44,595.65,599.53,602.9,605.96,608.63,611.02,613.3,615.3,616.77,617.51,617.32,616.6,615.32,613.71,611.84,609.77,607.59,605.37,603.11,600.98,598.98,596.92,594.95,592.72,590.4,587.82,585.12,582.16,579.11,575.9,572.87,569.86,566.97,564.34,562.25,563.64,567.54,572.35,577.63,582.87,585.2,585.51,585.08,584.34,583.51,582.62,581.62,580.65,579.73,578.67,577.7,576.71,575.76,574.77,573.72,572.72,571.76,570.76,569.7,568.63,567.44,566.51,565.4,564.22,563.15,562.18,561.03,560.07,559.15,558.14,557.21,556.3,555.37,554.48,553.61,552.79
20412,15,116.215,-6.87,8.37,43.12,624.3,953.37,830.82,796.5,809.7,833.06,844.53,792.69,786.49,802.02,820.64,778.35,713.47,706.91,719.98,701.84,689.02,713.66,713.69,707.12,700.51,700.48,700.14,700.15,699.0,699.57,697.01,698.25,697.82,699.02,699.08,699.83,699.55,698.39,699.49,699.8,699.0,699.99,699.48,699.72,699.53,699.97,700.12,700.0,699.78,699.85,699.92,699.91,699.53,699.77,699.64,699.72,699.63,699.96,700.03,699.98,700.03,699.93,699.96,699.91,700.01,700.01,699.78,700.04,699.95,700.04,699.87,700.2,700.14,699.82,699.44,699.17,699.61,700.56,700.22,699.93,699.65,699.49,699.24,698.99,700.06,701.1,700.93,664.67,528.97,395.24,264.18,134.34,30.22,17.56,18.38,18.76,19.12,19.29,19.55,19.67,19.81,19.97,20.02,20.13,20.29,20.25,20.53,20.37,20.65,20.62,20.66,20.83,20.91,20.94,20.91,21.08,21.11,21.17,21.26,21.39,21.39,21.38,21.5,21.56,21.59,21.73,21.71,21.76,21.82,-0.32,-0.41,-0.35,-0.34,3.1,14.63,24.11,35.25,46.91,57.6,60.9,68.29,78.8,89.94,92.33,88.94,94.66,104.64,111.02,122.97,145.36,160.26,174.29,188.27,205.15,225.26,258.26,336.08,393.81,430.43,456.51,475.63,488.62,498.69,507.18,514.41,520.56,526.1,531.31,535.97,540.62,544.91,549.37,554.0,558.89,563.85,568.83,573.79,578.82,583.98,588.95,593.67,597.98,601.87,605.35,608.56,611.27,613.68,615.92,617.96,619.44,620.45,620.87,620.51,619.52,618.08,616.28,614.34,612.35,610.47,608.51,606.52,604.56,602.71,600.75,598.74,596.53,594.17,591.65,588.89,586.05,583.13,580.15,577.22,574.41,571.77,569.64,571.14,575.23,580.23,585.9,591.46,594.23,594.79,594.62,594.21,593.61,592.98,592.19,591.35,590.59,589.65,588.82,587.87,586.91,586.07,585.08,584.19,583.26,582.36,581.43,580.38,579.31,578.28,577.2,576.26,575.16,574.19,573.18,572.21,571.25,570.32,569.39,568.5,567.64,566.81,565.99,565.06
20413,15,116.293,-7.21,8.49,42.46,614.47,943.47,817.97,784.43,798.02,822.61,832.02,780.67,775.95,792.33,811.17,768.44,704.96,698.95,712.36,693.86,682.62,708.92,710.58,705.73,699.19,699.84,700.26,701.06,700.45,698.6,698.07,698.3,696.89,699.73,698.82,699.42,699.02,699.94,699.83,698.94,700.0,699.65,699.34,699.73,699.75,699.7,699.82,699.54,699.69,699.97,699.93,699.84,699.83,699.92,699.67,699.64,699.69,699.86,699.61,700.05,699.99,699.92,700.0,699.98,699.97,699.97,699.95,699.84,700.02,700.05,699.69,699.73,700.31,699.99,699.67,699.37,699.11,698.92,700.26,700.96,700.73,700.3,700.14,699.92,699.68,699.49,699.28,664.63,529.49,394.79,263.83,133.63,29.48,16.81,17.39,17.93,18.25,18.59,18.64,18.87,19.0,19.06,19.18,19.37,19.34,19.5,19.66,19.68,19.76,19.9,19.96,19.98,20.08,20.11,20.17,20.23,20.38,20.44,20.43,20.5,20.6,20.6,20.65,20.74,20.84,20.86,20.98,21.0,21.05,-0.5,-0.44,-0.47,-0.52,2.58,13.72,23.01,34.12,45.55,56.03,59.12,66.55,76.93,88.01,90.23,87.01,92.78,102.66,108.6,119.92,143.1,158.5,172.92,187.27,204.66,225.79,262.75,343.31,399.73,435.75,460.19,478.47,490.85,500.33,508.83,515.75,521.72,527.26,532.15,536.76,541.11,545.54,549.98,554.7,559.38,564.37,569.26,574.21,579.29,584.36,589.32,594.08,598.45,602.31,605.95,609.0,611.79,614.12,616.34,618.27,619.85,620.82,621.33,621.09,620.4,619.2,617.44,615.63,613.62,611.8,610.02,608.31,606.54,604.84,602.94,601.04,598.93,596.65,594.12,591.38,588.55,585.8,583.01,580.19,577.51,575.01,572.81,574.53,578.85,584.22,589.98,596.05,598.96,599.64,599.64,599.37,598.88,598.47,597.93,597.37,596.78,596.07,595.39,594.62,593.87,593.15,592.36,591.49,590.64,589.85,588.99,588.04,587.02,586.06,585.07,584.08,583.09,582.19,581.15,580.26,579.39,578.48,577.58,576.73,575.91,575.06,574.22,573.48
20414,15,116.355,-5.08,10.08,43.54,619.31,939.75,812.25,778.2,791.17,814.24,824.99,775.4,773.82,788.18,806.27,764.3,701.13,695.54,709.02,690.27,680.96,707.0,709.34,705.17,699.75,700.05,699.98,700.9,699.13,699.48,699.52,699.94,696.88,699.54,699.32,699.47,699.12,699.8,699.82,698.91,700.06,699.59,699.25,699.73,699.71,699.94,699.47,699.63,699.93,699.66,699.73,699.63,699.91,699.47,699.72,699.78,700.01,699.75,699.99,699.87,700.02,699.98,700.01,699.93,699.87,700.06,699.93,700.03,699.82,700.03,700.07,699.74,699.97,699.92,699.77,700.19,699.95,699.66,699.36,699.39,700.4,700.29,699.91,699.69,699.41,699.24,698.99,664.29,528.62,394.12,263.39,133.16,28.71,15.62,16.46,16.82,17.12,17.43,17.56,17.76,17.87,17.97,18.08,18.25,18.3,18.49,18.46,18.61,18.65,18.84,18.88,18.93,18.93,19.02,19.02,19.22,19.19,19.38,19.37,19.42,19.49,19.52,19.62,19.7,19.74,19.79,19.81,19.96,19.98,-0.35,-0.35,-0.41,-0.44,3.2,14.09,23.25,34.09,45.47,55.74,58.81,66.39,76.68,87.73,89.95,86.76,92.65,102.5,108.79,121.34,143.81,159.22,173.99,188.79,206.61,228.35,269.94,351.39,405.16,440.31,464.81,481.75,493.63,502.85,511.04,517.7,523.6,528.97,533.7,538.2,542.46,546.8,551.28,555.92,560.68,565.42,570.29,575.32,580.4,585.43,590.42,595.17,599.62,603.48,607.02,610.2,612.97,615.33,617.48,619.51,620.91,622.03,622.33,622.24,621.6,620.42,618.84,617.03,615.11,613.21,611.46,609.8,608.18,606.54,604.77,602.88,600.8,598.62,596.24,593.63,590.86,588.03,585.19,582.33,579.67,577.11,574.94,576.55,580.77,586.09,591.95,597.97,600.95,601.55,601.52,601.21,600.8,600.3,599.83,599.26,598.63,598.06,597.34,596.75,596.1,595.38,594.66,593.92,593.16,592.45,591.6,590.74,589.81,588.8,587.9,586.91,585.94,585.02,584.12,583.1,582.27,581.35,580.48,579.61,578.8,577.91,577.1,576.35
20415,15,116.398,-6.74,8.73,43.88,609.6,933.67,807.55,774.65,788.32,811.51,822.13,771.51,767.44,784.24,803.15,760.08,697.47,692.11,707.05,686.83,678.32,705.07,708.25,704.47,699.43,699.85,699.83,701.3,700.79,698.93,696.84,699.16,697.54,698.26,699.31,699.74,699.1,699.13,699.5,699.33,699.51,699.71,699.05,700.0,699.8,699.88,699.97,699.79,699.84,699.82,699.83,699.66,699.54,699.95,699.67,699.9,699.18,699.73,699.48,699.86,700.02,699.95,699.95,699.94,699.98,699.97,699.99,699.96,699.89,700.03,699.75,699.99,700.2,699.86,699.5,699.26,699.76,700.44,700.23,699.96,699.66,699.47,699.16,698.89,700.31,701.05,700.83,662.63,526.9,393.14,262.54,132.51,27.64,14.62,14.99,15.45,15.87,16.03,16.16,16.36,16.52,16.84,16.97,17.03,16.87,17.13,17.2,17.26,17.51,17.4,17.48,17.48,17.69,17.68,17.73,17.9,17.79,17.87,18.06,18.27,18.31,18.34,18.22,18.3,18.42,18.53,18.56,18.54,18.73,-0.41,-0.42,-0.35,-0.39,2.59,13.2,22.57,33.38,44.65,55.03,58.06,65.56,75.83,86.9,88.95,85.81,91.77,101.52,107.73,120.61,143.15,158.87,173.89,188.6,206.72,228.75,273.14,355.09,408.59,442.4,466.14,482.81,494.23,503.5,511.72,518.27,524.26,529.46,534.15,538.55,542.86,547.13,551.61,556.27,561.03,565.85,570.78,575.87,580.87,586.2,591.03,595.85,600.1,604.21,607.73,611.0,613.73,616.05,618.34,620.37,621.84,622.84,623.21,623.04,622.45,621.42,619.95,618.2,616.25,614.42,612.66,611.04,609.48,607.9,606.31,604.48,602.4,600.24,597.83,595.41,592.62,589.85,587.01,584.32,581.57,579.04,576.93,578.78,583.21,588.59,594.6,600.65,603.79,604.48,604.5,604.25,603.91,603.37,602.96,602.5,601.91,601.31,600.81,600.2,599.66,598.94,598.34,597.76,597.02,596.42,595.55,594.77,593.84,592.89,592.06,591.11,590.12,589.25,588.29,587.5,586.58,585.67,584.87,584.03,583.2,582.32,581.68,580.71
20416,15,116.349,-4.81,9.26,44.27,609.3,931.32,806.96,772.75,785.61,809.77,820.8,770.3,766.06,782.95,802.07,758.59,696.36,691.27,704.54,685.14,676.7,703.82,707.54,704.18,699.36,699.86,700.16,701.44,700.5,695.95,698.9,699.27,697.46,699.02,699.2,699.91,698.42,699.74,699.87,698.99,700.07,699.91,699.05,699.84,699.57,700.1,699.01,700.0,699.82,699.41,699.98,700.07,699.55,699.76,699.83,699.72,699.63,699.84,699.95,700.11,700.05,700.04,700.06,700.08,700.06,700.03,699.89,700.05,700.21,699.7,699.55,700.37,699.97,699.62,699.4,699.28,699.78,700.54,700.26,699.87,699.57,699.18,698.93,698.95,700.33,700.69,700.42,662.74,527.26,393.27,262.59,132.21,27.57,14.87,15.33,15.69,16.14,16.24,16.53,16.74,16.81,17.02,17.12,17.25,17.24,17.41,17.51,17.63,17.62,17.85,17.88,18.0,18.04,18.05,18.23,18.28,18.27,18.27,18.29,18.43,18.49,18.53,18.69,18.7,18.75,18.81,18.89,18.93,19.14,-0.39,-0.33,-0.34,-0.43,2.78,13.53,22.77,33.53,44.83,55.08,58.21,65.68,75.97,86.89,88.95,85.99,91.73,101.81,107.73,120.37,143.08,158.88,174.15,189.08,207.23,229.43,274.71,356.22,408.82,442.19,465.97,482.38,493.74,502.85,510.89,517.35,523.18,528.49,533.14,537.65,541.98,546.23,550.68,555.45,560.1,564.91,569.86,574.9,579.98,585.07,590.11,594.99,599.36,603.31,606.73,610.17,612.92,615.28,617.71,619.59,620.93,621.92,622.37,622.06,621.41,620.3,618.88,617.05,615.02,613.2,611.53,609.8,608.37,606.7,605.04,603.2,601.08,598.9,596.53,594.02,591.3,588.64,585.79,582.98,580.3,577.69,575.68,577.39,581.89,587.12,593.23,599.25,602.18,602.95,602.95,602.63,602.29,601.87,601.35,600.93,600.33,599.66,599.23,598.56,597.9,597.27,596.63,595.91,595.14,594.36,593.58,592.65,591.71,590.76,589.84,588.82,587.98,587.03,586.06,585.18,584.25,583.39,582.57,581.68,580.81,580.03,579.23,578.37
20417,15,116.423,-6.3,9.15,44.4,608.32,931.02,803.41,770.94,784.58,808.02,818.92,771.18,764.67,780.9,799.84,757.18,694.8,689.57,703.09,683.96,675.81,702.98,706.94,703.88,699.46,699.51,700.13,701.4,701.06,695.94,698.69,699.03,697.88,698.04,699.53,699.63,699.18,699.64,699.34,699.66,699.57,699.6,699.42,700.1,699.35,699.55,699.74,700.17,699.9,699.85,699.65,699.81,699.83,699.31,699.67,699.22,699.75,699.28,699.69,699.43,699.99,699.93,700.1,700.04,700.02,700.08,699.96,699.97,700.16,699.99,699.99,699.6,699.89,699.96,699.53,700.21,700.31,699.82,699.43,699.14,698.92,699.87,701.07,700.79,700.34,700.13,700.16,662.77,527.2,393.32,262.49,132.41,27.28,14.48,15.06,15.66,16.0,15.93,16.11,16.31,16.49,16.64,16.81,17.0,17.13,17.25,17.32,17.42,17.58,17.75,17.83,17.87,17.87,17.93,18.04,18.19,18.25,18.14,18.33,18.44,18.38,18.36,18.47,18.59,18.55,18.66,18.87,18.97,19.0,-0.39,-0.36,-0.33,-0.43,2.66,13.42,22.45,33.26,44.74,54.87,57.86,65.36,75.63,86.67,88.8,85.73,91.51,101.41,107.63,120.29,142.87,158.6,173.48,188.48,206.39,228.5,273.47,355.39,408.31,442.37,466.26,482.72,494.3,503.6,511.71,518.18,523.95,529.22,533.77,538.26,542.5,546.78,551.29,555.84,560.53,565.4,570.25,575.29,580.45,585.61,590.68,595.3,599.81,603.74,607.23,610.52,613.14,615.52,617.75,619.72,621.08,622.05,622.46,622.16,621.67,620.56,619.1,617.45,615.48,613.5,611.76,610.19,608.77,607.1,605.61,603.84,601.93,599.82,597.55,594.99,592.38,589.63,586.93,584.25,581.62,579.18,577.12,579.14,583.76,589.12,595.23,601.31,604.33,605.13,605.17,604.89,604.52,604.04,603.63,603.26,602.64,602.13,601.75,601.01,600.44,599.8,599.18,598.59,597.86,597.19,596.64,595.8,594.88,594.0,593.05,592.08,591.09,590.2,589.36,588.46,587.62,586.71,585.82,584.99,584.16,583.38,582.66,581.93
20418,15,116.418,-6.05,8.86,45.68,607.74,929.21,803.17,769.88,783.43,807.02,817.79,767.94,764.22,780.36,799.51,756.25,695.05,689.09,702.17,683.24,674.99,702.32,706.6,703.69,699.19,699.75,700.14,701.31,701.04,698.26,697.08,699.01,698.34,697.79,699.47,699.65,699.09,699.51,699.24,699.77,699.83,699.54,699.56,699.83,699.84,699.87,699.77,699.87,699.57,699.76,700.01,699.97,700.0,699.48,699.75,699.19,699.77,699.85,699.19,699.82,700.13,700.06,700.07,699.95,699.86,700.1,700.21,699.94,699.93,700.04,700.08,699.7,699.79,700.23,699.82,699.46,699.14,700.28,700.52,700.23,699.88,699.52,699.28,699.07,698.81,700.26,701.45,662.87,527.09,393.37,262.54,132.5,27.58,14.73,15.19,15.69,16.05,16.32,16.48,16.65,16.71,16.92,16.99,17.06,17.3,17.35,17.45,17.58,17.61,17.67,17.74,17.82,17.97,17.99,18.0,18.02,18.21,18.41,18.28,18.3,18.52,18.65,18.61,18.68,18.79,18.82,18.86,18.92,18.97,-0.48,-0.44,-0.52,-0.51,2.71,13.33,22.47,33.28,44.58,54.85,58.0,65.54,75.81,86.77,88.76,85.75,91.56,101.49,107.58,120.63,142.65,158.43,173.53,188.59,206.8,228.84,274.71,356.77,409.62,443.05,466.67,483.07,494.47,503.71,511.74,518.13,524.08,529.24,533.77,538.16,542.38,546.71,551.32,555.72,560.46,565.31,570.32,575.36,580.36,585.58,590.47,595.21,599.5,603.47,607.13,610.35,613.13,615.59,617.85,619.83,621.3,622.25,622.67,622.5,621.87,620.75,619.34,617.57,615.76,613.85,612.14,610.61,609.1,607.55,606.02,604.3,602.35,600.47,598.02,595.61,593.01,590.38,587.57,584.91,582.28,579.88,577.73,579.62,584.03,589.46,595.62,601.71,604.75,605.57,605.65,605.44,604.95,604.53,604.24,603.67,603.13,602.6,602.03,601.59,601.0,600.38,599.66,599.06,598.44,597.84,597.18,596.49,595.57,594.65,593.94,592.99,592.08,591.19,590.39,589.54,588.72,587.86,587.01,586.24,585.45,584.59,583.83,583.07
20419,15,116.438,-5.85,8.87,43.56,603.97,927.7,803.05,770.27,783.18,806.83,817.55,767.46,763.5,779.69,798.09,755.15,692.54,687.15,700.33,681.44,673.77,701.44,705.98,703.45,699.49,700.32,699.73,701.22,698.37,700.46,696.16,698.07,699.05,697.73,699.73,699.64,699.94,699.49,698.76,699.87,699.26,698.96,699.48,699.96,699.92,699.94,699.94,699.97,699.96,699.99,699.73,699.47,699.83,700.01,699.2,699.55,699.79,699.35,699.8,699.92,699.99,699.98,699.91,700.02,699.88,699.92,699.93,699.88,699.95,699.9,699.97,699.86,700.02,699.88,699.93,700.08,699.72,699.5,699.32,700.68,700.41,700.14,699.87,699.67,699.39,699.21,699.1,664.15,527.33,393.29,262.49,132.36,27.39,14.48,14.86,15.45,15.74,16.05,16.06,16.23,16.54,16.75,16.82,16.91,16.79,16.81,16.92,17.24,17.33,17.29,17.35,17.35,17.33,17.62,17.6,17.71,17.81,17.67,17.94,18.06,17.93,17.96,18.11,18.27,18.27,18.23,18.38,18.4,18.41,-0.43,-0.49,-0.47,-0.48,2.8,13.49,22.67,33.45,44.61,54.92,58.03,65.43,75.74,86.68,88.71,85.54,91.52,101.23,107.3,120.0,142.18,158.05,173.45,188.11,206.15,227.96,274.2,356.49,409.34,442.89,466.74,483.3,494.51,503.92,511.93,518.55,524.29,529.4,534.08,538.32,542.6,547.05,551.47,556.01,560.7,565.59,570.54,575.63,580.81,585.93,590.89,595.75,600.06,604.12,607.69,610.99,613.87,616.28,618.58,620.74,622.23,623.27,623.62,623.44,622.93,621.83,620.5,618.81,616.99,615.11,613.35,611.74,610.21,608.69,607.12,605.29,603.4,601.26,598.88,596.36,593.55,590.72,588.02,585.37,582.68,580.09,577.94,579.65,584.23,589.68,595.65,601.85,604.91,605.77,605.7,605.45,605.12,604.67,604.22,603.76,603.2,602.53,602.03,601.49,600.72,600.33,599.73,599.11,598.53,597.8,597.14,596.2,595.47,594.53,593.59,592.74,591.88,590.93,590.1,589.29,588.48,587.64,586.94,586.07,585.19,584.41,583.66,582.88
20420,15,116.459,-5.23,9.38,44.82,600.86,928.62,803.5,770.62,783.5,806.83,817.59,767.28,763.53,780.2,798.83,755.12,693.18,687.8,700.96,681.66,673.77,701.3,706.12,703.48,699.6,699.62,699.82,701.29,701.28,697.23,698.01,697.89,699.66,697.16,700.06,699.12,699.88,699.73,698.45,699.77,699.95,699.02,699.98,699.45,699.66,699.17,700.12,699.27,699.86,699.66,699.99,700.1,699.94,699.65,699.79,699.57,699.29,699.84,699.79,699.92,700.11,699.99,700.03,699.98,699.94,700.08,699.92,700.04,699.98,699.97,700.22,699.91,699.43,700.13,700.07,699.7,699.45,699.28,699.28,700.58,700.41,700.15,699.92,699.62,699.31,699.27,699.01,664.2,527.42,393.03,262.18,132.75,27.12,14.15,14.68,15.07,15.55,15.6,15.99,16.0,16.07,16.28,16.52,16.57,16.78,16.95,16.88,16.98,17.04,17.26,17.33,17.26,17.28,17.52,17.43,17.62,17.69,17.58,17.66,17.88,17.95,17.87,17.99,18.12,18.26,18.18,18.36,18.3,18.38,-0.39,-0.46,-0.41,-0.4,2.89,13.5,22.71,33.5,44.8,54.98,58.03,65.44,75.67,86.74,88.61,85.53,91.41,101.36,107.31,120.01,142.16,158.17,173.44,188.8,206.98,229.19,275.52,358.15,410.51,444.24,468.05,484.44,495.18,504.71,512.64,519.09,524.87,529.68,534.32,538.72,542.97,547.42,551.85,556.52,561.15,565.87,570.76,575.8,581.02,586.15,591.17,595.9,600.28,604.23,607.89,611.13,613.94,616.41,618.8,620.86,622.35,623.45,623.8,623.66,623.08,622.16,620.81,619.27,617.36,615.51,613.87,612.23,610.75,609.25,607.69,605.96,604.17,601.96,599.6,597.15,594.51,591.64,588.94,586.42,583.71,581.15,579.13,580.9,585.33,590.68,596.81,602.91,605.99,606.83,606.79,606.58,606.29,605.84,605.26,604.81,604.44,603.84,603.22,602.66,602.12,601.51,600.9,600.24,599.74,599.03,598.37,597.55,596.78,595.92,595.24,594.32,593.47,592.5,591.67,590.74,589.94,589.12,588.16,587.4,586.65,585.81,585.07,584.34
20421,15,116.441,-5.22,9.58,44.9,602.57,925.56,799.91,767.56,781.04,804.58,815.57,765.73,761.98,778.66,797.44,754.33,692.62,687.48,700.84,681.32,674.37,701.76,706.13,703.37,699.54,699.7,699.93,701.42,701.32,696.68,697.82,698.25,699.01,697.43,699.81,699.39,699.57,699.65,699.12,699.98,699.64,698.88,699.77,700.08,700.11,699.6,699.9,699.99,699.88,699.87,699.85,699.45,699.96,700.01,699.39,699.39,699.78,699.79,699.37,700.14,699.97,699.86,699.77,699.84,699.79,700.12,699.91,699.95,699.97,699.87,700.14,699.85,699.47,700.12,700.37,699.9,699.72,699.49,699.22,699.0,700.27,701.28,701.0,700.7,700.61,700.2,699.89,661.56,526.19,392.38,261.75,132.12,29.14,18.15,18.74,19.09,19.43,19.56,19.84,20.17,20.28,20.38,20.68,20.75,20.76,20.88,20.94,21.12,21.14,21.2,21.24,21.37,21.4,21.43,21.54,21.57,21.68,21.81,21.77,21.87,21.97,22.08,22.07,22.17,22.14,22.13,22.22,22.27,22.54,-0.36,-0.46,-0.3,-0.45,2.56,13.33,22.52,33.29,44.71,54.73,57.81,65.27,75.59,86.45,88.46,85.4,91.3,101.13,107.04,120.02,142.52,158.42,173.6,188.85,207.06,229.38,276.93,358.77,410.8,444.22,467.77,483.95,495.0,504.53,512.43,518.71,524.55,529.6,534.05,538.25,542.52,547.0,551.32,556.05,560.65,565.45,570.39,575.45,580.65,585.71,590.81,595.66,600.09,604.09,607.71,610.9,613.76,616.28,618.62,620.69,622.19,623.08,623.51,623.36,622.85,621.85,620.58,618.93,617.19,615.36,613.59,612.1,610.66,609.06,607.63,605.89,604.08,601.96,599.7,597.34,594.55,591.87,589.13,586.44,583.86,581.46,579.36,581.34,585.81,591.28,597.35,603.65,606.61,607.4,607.28,607.07,606.69,606.3,605.91,605.53,604.91,604.47,603.95,603.37,602.77,602.23,601.73,601.02,600.43,599.86,599.15,598.42,597.63,596.76,595.96,595.07,594.22,593.34,592.51,591.54,590.85,589.9,589.12,588.28,587.47,586.65,585.9,585.15
20422,15,116.463,-6.73,8.89,43.84,600.75,925.01,800.53,768.48,781.95,805.45,816.13,766.15,762.28,778.92,797.73,753.97,691.98,686.74,700.58,682.61,675.53,702.87,706.75,703.69,700.72,700.34,699.24,701.11,697.45,700.52,696.09,697.76,699.56,697.46,699.99,699.24,699.78,699.75,698.6,699.75,699.67,698.77,699.97,699.47,699.95,698.75,699.75,699.89,699.83,700.09,699.91,699.97,699.18,699.93,699.87,699.38,699.6,699.74,699.26,699.74,700.05,700.16,699.97,700.01,700.08,699.9,700.06,700.0,699.92,700.01,699.84,700.15,699.85,699.55,700.39,700.2,699.89,699.56,699.32,699.37,699.0,700.19,701.39,700.98,700.74,700.54,699.78,663.01,527.02,392.42,261.62,131.71,29.06,18.18,18.88,19.13,19.52,19.81,19.96,19.95,20.12,20.23,20.47,20.61,20.75,20.79,20.88,20.96,21.14,21.12,21.15,21.29,21.4,21.36,21.36,21.49,21.61,21.74,21.69,21.83,21.92,21.84,21.95,21.93,22.1,22.2,22.09,22.37,22.33,-0.48,-0.48,-0.4,-0.39,2.67,13.24,22.47,33.28,44.7,54.77,58.07,65.49,75.72,86.79,88.67,85.57,91.46,101.17,107.27,120.66,143.1,159.13,174.29,189.8,207.87,230.05,279.03,360.81,412.54,445.19,468.67,484.9,495.68,505.11,513.08,519.4,525.16,530.08,534.72,538.76,543.1,547.56,552.01,556.59,561.23,565.95,571.0,576.12,581.2,586.46,591.55,596.33,600.8,604.84,608.48,611.69,614.47,616.97,619.34,621.29,622.78,623.81,624.24,624.04,623.44,622.27,621.05,619.43,617.65,615.76,614.07,612.49,610.92,609.57,608.02,606.3,604.5,602.6,600.26,597.85,595.26,592.35,589.57,586.78,584.24,581.68,579.79,581.57,586.28,591.79,598.01,604.17,607.24,608.02,608.07,607.72,607.33,606.99,606.56,606.16,605.62,605.09,604.52,604.04,603.41,602.83,602.39,601.67,601.12,600.57,600.03,599.31,598.51,597.69,596.82,596.11,595.22,594.34,593.46,592.71,591.82,591.03,590.26,589.3,588.65,587.94,587.08,586.33
20423,15,116.409,-1.83,10.62,45.78,606.19,924.48,799.72,767.44,780.78,804.91,815.6,765.73,762.15,779.11,798.05,754.7,692.6,687.42,700.83,681.23,673.85,701.54,706.1,703.32,700.21,699.84,699.59,701.2,699.28,700.64,699.32,697.96,699.26,698.86,699.67,699.63,698.79,699.63,699.59,699.77,699.84,699.96,699.86,699.85,699.89,699.74,699.34,699.91,699.63,699.86,699.96,699.63,699.83,699.66,699.53,699.73,699.39,699.47,699.76,699.81,699.86,699.83,699.94,699.9,700.02,700.04,700.12,699.92,700.0,699.96,699.83,700.02,699.87,700.23,699.82,699.59,699.4,700.34,700.05,699.68,699.34,699.32,699.06,699.32,700.89,700.6,700.22,662.27,526.55,392.39,262.07,131.75,29.64,18.79,19.37,19.96,20.21,20.29,20.41,20.58,20.73,20.9,21.19,21.21,21.22,21.39,21.5,21.63,21.68,21.96,21.98,21.95,22.15,22.27,22.22,22.19,22.4,22.45,22.53,22.5,22.62,22.8,22.81,22.81,22.89,23.0,22.83,22.84,23.02,-0.38,-0.42,-0.49,-0.5,2.85,13.52,22.69,33.34,44.61,54.76,57.88,65.37,75.59,86.51,88.58,85.44,91.28,101.29,107.0,119.78,142.54,158.46,173.68,188.89,206.97,229.42,277.21,358.82,411.07,444.47,468.04,483.76,494.85,504.06,512.08,518.42,524.21,529.31,533.78,538.09,542.26,546.68,551.13,555.54,560.14,564.76,569.6,574.67,579.64,584.77,589.75,594.61,598.97,603.04,606.47,609.81,612.55,615.13,617.53,619.49,620.97,621.94,622.27,622.14,621.47,620.46,619.1,617.44,615.55,613.66,611.96,610.31,608.81,607.26,605.63,603.98,601.99,599.78,597.4,594.88,592.22,589.56,586.86,584.2,581.42,578.95,576.86,578.61,583.06,588.5,594.56,600.61,603.47,604.26,604.25,603.91,603.63,603.11,602.55,602.25,601.71,601.08,600.5,599.92,599.36,598.72,598.2,597.5,596.95,596.28,595.61,594.75,593.84,593.01,592.11,591.19,590.26,589.44,588.5,587.6,586.72,585.93,585.02,584.26,583.37,582.62,581.85,581.15
20424,15,116.452,-6.29,8.83,42.95,595.36,925.66,800.93,768.51,781.26,804.55,815.56,765.8,761.98,778.46,797.33,753.91,691.99,686.98,700.26,680.92,673.08,701.32,705.73,703.27,700.59,700.07,699.49,700.97,697.91,700.25,696.12,697.56,699.69,697.75,700.15,699.07,699.45,699.35,699.43,699.19,699.58,699.06,699.79,700.01,699.1,699.75,699.79,699.7,699.64,699.92,700.02,699.82,699.61,699.86,699.69,699.83,699.57,699.76,699.94,700.11,699.87,699.88,699.98,699.99,699.98,699.91,699.86,699.87,700.02,699.98,700.07,699.92,699.96,700.39,699.97,699.68,699.37,699.17,698.99,700.43,700.64,700.26,699.91,699.73,699.41,699.27,698.98,663.96,527.66,393.27,262.41,132.55,26.94,13.75,14.35,14.78,15.14,15.34,15.35,15.6,15.82,16.05,15.95,16.08,16.29,16.37,16.54,16.63,16.61,16.88,16.96,17.06,17.11,16.99,17.1,17.23,17.5,17.38,17.3,17.57,17.66,17.73,17.6,17.75,17.9,17.92,17.91,17.89,18.01,-0.53,-0.4,-0.43,-0.37,2.62,13.27,22.5,33.24,44.46,54.6,57.68,65.23,75.42,86.42,88.35,85.27,91.07,100.92,106.71,119.05,141.86,157.75,172.84,188.17,205.98,227.9,272.46,354.87,408.5,442.23,466.32,483.27,494.31,504.03,512.09,518.49,524.35,529.32,534.01,538.2,542.39,546.9,551.34,555.97,560.66,565.42,570.36,575.51,580.59,585.52,590.64,595.54,600.09,604.07,607.7,610.81,613.67,616.2,618.74,620.63,622.2,623.14,623.52,623.37,622.75,621.65,620.47,618.84,617.05,615.07,613.28,611.67,610.23,608.67,607.09,605.46,603.58,601.55,599.18,596.79,594.09,591.38,588.68,585.9,583.26,580.68,578.62,580.42,584.94,590.37,596.47,602.67,605.79,606.63,606.62,606.32,606.04,605.52,604.94,604.61,603.98,603.5,602.94,602.31,601.71,601.19,600.6,599.98,599.32,598.74,598.07,597.32,596.44,595.8,594.75,593.91,592.99,592.28,591.25,590.37,589.57,588.63,587.81,587.1,586.22,585.41,584.62,583.95
20426,15,116.459,-6.56,9.02,44.39,600.16,926.56,799.54,767.01,780.34,804.01,814.93,765.06,761.52,778.05,796.95,753.75,691.72,686.73,700.16,680.71,672.55,700.83,705.91,703.36,700.25,700.05,699.62,701.2,699.83,700.75,697.74,696.85,699.74,697.21,699.87,699.41,699.84,699.62,698.55,699.77,699.6,698.53,700.06,699.43,699.78,699.34,700.01,699.35,699.96,700.03,699.41,699.94,699.92,699.13,700.01,699.48,699.22,699.92,699.91,699.87,700.13,700.07,699.92,699.95,700.07,699.99,699.89,700.13,699.85,699.57,699.56,700.74,700.42,700.11,699.77,699.43,699.2,699.01,699.27,700.87,700.94,700.63,700.3,700.08,699.77,699.45,699.41,663.95,527.56,393.15,262.33,132.68,27.08,13.9,14.33,14.94,15.18,15.46,15.68,15.76,15.78,16.06,16.15,16.25,16.52,16.53,16.56,16.71,16.75,16.82,16.98,17.04,17.12,17.17,17.29,17.33,17.46,17.43,17.46,17.57,17.63,17.66,17.79,17.73,17.86,17.87,18.01,17.97,18.08,-0.42,-0.38,-0.37,-0.39,2.84,13.55,22.67,33.46,44.65,54.84,58.02,65.3,75.7,86.52,88.54,85.46,91.31,101.3,107.19,119.38,142.12,158.2,173.2,188.75,206.76,228.9,275.79,357.93,410.94,444.13,467.85,484.03,494.88,504.3,512.29,518.67,524.45,529.42,534.0,538.16,542.39,546.77,551.22,555.93,560.54,565.22,570.28,575.3,580.38,585.42,590.56,595.28,599.61,603.87,607.53,610.76,613.61,616.25,618.64,620.52,621.94,622.91,623.39,623.12,622.5,621.49,620.24,618.63,616.73,614.98,613.22,611.56,610.07,608.55,607.05,605.43,603.67,601.51,599.2,596.68,593.99,591.2,588.5,585.76,583.24,580.72,578.62,580.41,584.88,590.35,596.43,602.65,605.88,606.62,606.59,606.44,605.98,605.54,605.13,604.65,604.23,603.63,603.23,602.63,601.97,601.49,600.85,600.3,599.68,599.07,598.46,597.64,596.86,596.03,595.18,594.32,593.46,592.59,591.73,590.89,590.05,589.19,588.4,587.58,586.8,586.04,585.28,584.59
20427,15,116.498,-6.55,8.92,44.81,601.22,925.22,799.61,767.68,780.88,804.06,815.0,764.85,761.02,777.62,796.53,752.96,690.75,685.3,698.43,679.56,672.15,700.35,705.31,702.93,700.54,699.78,699.39,701.23,698.06,700.56,697.1,697.07,699.69,697.48,700.16,698.91,699.69,699.82,698.8,699.56,699.8,698.61,699.86,699.31,699.74,699.49,700.11,699.11,699.86,699.66,699.66,699.92,699.37,699.85,699.62,699.5,699.34,699.57,699.95,699.81,700.03,699.93,699.96,700.02,700.0,699.97,699.87,699.92,700.04,699.95,700.15,700.01,699.73,699.67,700.26,700.08,699.77,699.48,699.5,700.45,700.28,700.07,699.73,699.48,699.36,699.03,699.62,664.14,527.43,393.22,262.37,132.56,26.92,13.84,14.34,14.9,15.18,15.54,15.55,15.7,16.02,16.12,16.15,16.42,16.41,16.53,16.58,16.83,16.84,16.88,16.88,17.08,17.03,17.27,17.14,17.35,17.4,17.46,17.48,17.71,17.6,17.68,17.87,17.86,17.97,17.91,18.12,18.02,18.06,-0.42,-0.39,-0.41,-0.48,2.48,12.83,22.17,32.95,44.16,54.38,57.47,64.96,75.13,86.06,88.13,85.11,90.98,100.9,106.8,119.61,142.3,158.39,173.82,189.28,207.45,229.75,278.92,360.89,412.8,445.52,469.0,485.0,495.78,505.16,512.88,519.24,525.09,529.93,534.57,538.69,543.0,547.49,551.91,556.43,561.09,565.99,570.92,575.85,581.1,586.22,591.31,595.99,600.54,604.59,608.09,611.41,614.45,616.99,619.3,621.34,622.77,623.81,624.22,624.14,623.41,622.58,621.2,619.68,617.99,616.16,614.34,612.77,611.3,609.89,608.35,606.84,605.05,602.84,600.76,598.19,595.62,592.94,590.27,587.58,584.93,582.57,580.47,582.35,587.01,592.59,598.75,605.15,608.34,609.11,609.16,608.92,608.49,608.06,607.65,607.13,606.69,606.26,605.7,605.16,604.55,604.01,603.47,602.84,602.36,601.66,601.09,600.48,599.63,598.93,598.11,597.4,596.58,595.69,594.95,594.17,593.25,592.49,591.67,590.9,590.22,589.32,588.63,587.9
20428,15,116.472,-6.64,8.9,45.01,602.1,923.8,798.52,766.17,779.42,802.97,813.9,763.88,760.53,778.12,795.91,752.62,690.55,685.51,698.85,679.65,672.03,700.02,705.34,703.04,699.98,699.64,699.58,701.36,701.38,696.29,698.67,698.06,699.52,697.49,699.92,699.31,699.99,699.48,698.65,699.65,699.75,698.45,699.84,699.45,699.88,699.1,699.91,699.46,699.82,699.87,699.99,699.81,699.15,699.95,699.82,699.49,699.78,699.87,699.53,700.03,699.98,700.0,699.87,699.91,699.99,699.96,700.1,699.7,699.99,699.84,700.01,699.9,700.11,699.85,699.54,699.36,700.52,700.44,699.97,699.89,699.51,699.3,699.13,699.0,701.15,701.68,700.7,663.25,527.86,392.97,262.46,132.76,26.9,13.81,14.45,14.94,15.25,15.51,15.64,15.83,15.95,16.05,16.28,16.31,16.47,16.55,16.65,16.8,16.84,16.91,17.04,17.08,17.03,17.22,17.31,17.2,17.48,17.44,17.5,17.54,17.62,17.71,17.83,17.79,17.96,17.98,17.96,18.11,18.12,-0.46,-0.41,-0.43,-0.42,2.65,13.27,22.42,33.14,44.34,54.55,57.69,65.16,75.51,86.32,88.34,85.32,91.15,101.13,107.13,119.94,142.33,158.41,173.6,189.08,207.1,229.3,277.14,359.54,411.33,444.84,468.31,484.31,495.35,504.72,512.54,519.04,524.84,529.74,534.2,538.36,542.61,547.07,551.53,556.17,560.75,565.5,570.46,575.48,580.62,585.88,590.93,595.64,600.16,604.15,607.81,611.0,613.74,616.32,618.69,620.59,621.95,622.83,623.11,622.93,622.24,621.15,619.8,618.3,616.49,614.64,612.96,611.26,609.84,608.41,606.92,605.42,603.5,601.47,599.18,596.85,594.27,591.6,588.97,586.28,583.63,581.15,579.12,581.07,585.7,591.36,597.58,603.93,607.18,608.05,608.08,607.95,607.6,607.18,606.86,606.32,605.93,605.39,604.96,604.35,603.89,603.29,602.75,602.18,601.58,601.04,600.41,599.67,598.94,598.17,597.38,596.54,595.74,594.91,593.97,593.19,592.38,591.58,590.88,589.99,589.11,588.32,587.68,586.96
20429,15,116.477,-4.99,9.31,42.93,596.25,922.37,798.6,766.9,780.0,803.05,813.58,763.71,760.28,776.92,796.01,752.74,690.83,685.67,699.74,682.46,674.39,702.21,706.45,703.61,700.05,699.93,699.73,701.19,701.1,700.42,695.31,698.06,699.82,697.21,700.04,699.29,699.74,699.72,698.78,699.53,699.92,698.58,699.78,699.55,699.43,699.6,700.0,699.6,699.82,699.95,699.58,699.55,699.85,699.96,699.26,699.62,699.89,699.47,699.78,699.97,699.93,700.03,699.91,700.01,699.88,700.04,699.98,699.97,699.84,700.01,699.96,699.84,700.03,699.94,699.84,700.27,700.05,699.72,699.34,699.09,698.99,700.17,701.05,700.79,700.53,700.23,700.05,661.92,526.11,392.25,261.68,131.77,28.89,17.46,18.08,18.38,18.9,19.03,19.42,19.4,19.43,19.78,19.83,19.79,20.03,20.17,20.21,20.4,20.44,20.52,20.56,20.69,20.71,20.75,20.9,20.95,20.99,21.07,21.16,21.2,21.3,21.32,21.41,21.4,21.59,21.62,21.69,21.57,21.87,-0.33,-0.4,-0.33,-0.46,2.83,13.33,22.6,33.3,44.61,54.76,57.81,65.4,75.63,86.56,88.55,85.37,91.35,101.19,107.24,120.39,142.93,158.77,173.64,188.73,206.76,228.96,273.94,356.49,410.06,443.2,467.1,483.78,494.55,504.1,512.06,518.48,524.3,529.25,533.85,538.1,542.26,546.71,551.13,555.75,560.35,565.16,570.06,575.09,580.31,585.38,590.4,595.26,599.73,603.75,607.48,610.64,613.55,616.19,618.79,620.79,622.26,623.29,623.65,623.43,622.91,621.78,620.54,618.98,617.16,615.32,613.56,611.88,610.46,608.93,607.49,605.71,603.85,601.86,599.49,597.1,594.5,591.73,589.1,586.28,583.69,581.32,579.16,581.17,585.65,591.18,597.29,603.52,606.58,607.32,607.24,607.0,606.65,606.38,605.91,605.46,604.97,604.43,603.82,603.36,602.83,602.16,601.54,601.04,600.38,599.87,599.21,598.44,597.69,596.92,596.04,595.16,594.33,593.49,592.51,591.8,590.85,590.13,589.31,588.45,587.72,586.91,586.19,585.39
20430,15,116.459,-6.11,8.92,47.55,609.14,925.52,800.15,767.7,780.76,803.87,814.23,764.17,760.53,776.87,795.81,752.63,690.88,685.92,699.56,680.69,672.99,700.56,705.6,703.16,699.85,699.83,699.63,701.35,700.59,700.42,697.32,698.95,697.79,698.27,699.45,699.73,698.82,699.51,699.63,699.54,700.02,700.14,699.5,699.98,699.76,699.85,699.93,699.95,699.69,699.83,699.83,699.53,699.5,699.84,699.87,699.38,699.38,699.87,699.62,700.04,700.03,699.96,699.93,699.95,699.98,699.98,700.03,699.8,699.91,700.04,699.83,700.0,699.86,700.2,700.12,699.79,699.56,699.27,699.08,699.4,700.69,700.64,700.33,700.14,699.78,699.6,699.44,663.56,527.79,393.47,262.48,132.44,27.74,14.81,15.29,15.84,16.13,16.3,16.6,16.62,16.9,17.02,17.01,17.15,17.25,17.35,17.56,17.57,17.74,17.78,17.86,17.93,18.01,18.09,18.22,18.22,18.37,18.41,18.46,18.51,18.55,18.57,18.75,18.82,18.83,18.81,18.98,18.97,18.99,-0.39,-0.45,-0.45,-0.45,2.74,13.45,22.76,33.44,44.7,54.92,57.91,65.47,75.71,86.63,88.52,85.57,91.41,101.3,107.68,120.81,142.89,159.1,174.3,189.62,207.9,230.61,280.82,362.33,413.79,446.4,469.12,484.71,495.61,504.48,512.15,518.31,524.18,529.14,533.57,537.88,542.17,546.46,550.98,555.58,560.28,565.03,569.93,574.95,580.05,585.23,590.19,595.05,599.47,603.54,607.25,610.44,613.35,615.9,618.39,620.39,621.79,622.78,623.15,622.94,622.21,621.23,619.9,618.32,616.56,614.64,613.0,611.3,609.9,608.4,606.94,605.26,603.49,601.48,599.26,596.93,594.25,591.58,588.82,586.18,583.51,581.04,579.05,580.92,585.42,590.88,597.12,603.39,606.4,607.17,607.18,606.92,606.56,606.22,605.77,605.16,604.72,604.17,603.69,603.07,602.53,601.93,601.38,600.87,600.12,599.64,598.96,598.27,597.38,596.59,595.79,594.88,594.04,593.14,592.34,591.49,590.59,589.84,588.96,588.19,587.32,586.58,585.79,585.01
20431,15,116.496,-6.27,8.93,45.49,605.89,925.4,799.23,767.34,780.25,803.07,813.93,764.01,760.58,776.92,795.71,752.16,690.3,685.03,698.54,679.59,672.12,700.01,705.31,703.04,699.41,699.6,700.14,701.4,701.4,697.1,698.25,698.35,699.24,697.24,699.92,699.35,699.79,699.59,698.5,699.9,699.58,698.58,699.84,699.03,700.08,699.51,699.89,699.73,699.82,699.79,699.93,699.82,699.65,699.48,699.8,699.73,699.79,699.3,699.9,699.35,699.95,700.02,699.92,699.99,699.99,699.88,700.03,699.94,699.95,699.78,700.06,699.89,700.08,699.87,699.52,700.22,700.32,699.95,699.72,699.41,699.32,698.91,699.89,701.35,701.15,700.85,700.48,661.57,526.67,392.68,262.38,132.43,27.17,14.05,14.72,15.1,15.39,15.71,15.9,16.08,16.16,16.31,16.43,16.58,16.63,16.76,16.97,17.02,17.1,17.2,17.36,17.3,17.29,17.48,17.49,17.61,17.66,17.75,17.67,17.89,17.91,17.95,17.99,18.13,18.15,18.24,18.27,18.31,18.38,-0.48,-0.48,-0.39,-0.4,2.12,12.56,21.65,32.44,43.71,53.78,56.95,64.47,74.69,85.67,87.6,84.49,90.44,100.23,106.72,119.95,141.94,158.0,173.06,188.39,206.96,229.52,278.5,360.74,412.26,445.37,468.72,484.53,495.37,504.64,512.46,518.79,524.61,529.56,534.12,538.32,542.59,546.91,551.34,556.01,560.6,565.45,570.42,575.42,580.61,585.91,590.99,595.84,600.29,604.32,607.98,611.26,614.15,616.75,619.13,621.15,622.65,623.64,623.95,623.83,623.22,622.17,620.93,619.36,617.58,615.75,614.01,612.37,610.85,609.38,608.02,606.24,604.49,602.49,600.31,597.79,595.33,592.52,589.77,587.01,584.36,581.85,579.94,581.85,586.43,591.94,598.1,604.38,607.6,608.41,608.46,608.24,607.93,607.47,607.05,606.64,606.14,605.67,605.17,604.6,604.04,603.53,603.0,602.44,601.86,601.24,600.67,599.94,599.1,598.44,597.59,596.78,596.06,595.16,594.33,593.52,592.64,591.97,591.11,590.35,589.62,588.8,588.04,587.36
20432,15,116.508,-3.97,9.78,48.94,610.31,924.35,798.73,766.19,779.64,802.86,813.2,763.4,759.96,777.28,796.52,752.58,690.42,685.29,698.72,679.12,672.23,700.18,705.28,703.13,699.56,699.69,699.86,701.43,700.71,695.64,698.58,698.93,697.85,698.74,699.66,699.58,699.05,699.4,699.54,699.58,699.52,699.67,699.06,700.01,699.89,700.08,699.68,700.09,699.93,699.8,699.71,699.72,699.73,699.57,699.86,699.5,699.77,699.53,699.74,699.52,699.89,700.07,699.95,700.03,699.96,700.0,700.0,699.96,699.94,700.11,699.94,700.08,699.9,699.62,699.87,700.04,699.73,700.06,699.99,699.67,699.46,700.3,700.49,700.15,699.88,699.62,699.37,662.98,526.92,392.83,261.85,131.82,29.5,18.65,19.07,19.57,19.88,20.15,20.27,20.59,20.62,20.76,20.84,21.03,21.01,21.16,21.32,21.35,21.51,21.53,21.74,21.77,21.89,21.9,21.99,21.98,22.13,22.14,22.28,22.23,22.41,22.4,22.52,22.48,22.59,22.71,22.7,22.83,22.78,-0.45,-0.44,-0.49,-0.37,2.88,13.64,22.74,33.63,44.74,54.69,57.86,65.39,75.52,86.53,88.46,85.37,91.3,101.32,107.59,120.73,143.06,159.07,174.39,189.85,208.5,231.62,284.94,365.63,415.51,447.66,470.48,485.59,496.47,505.57,513.21,519.49,525.2,530.0,534.43,538.67,543.0,547.25,551.79,556.39,561.14,565.97,570.9,575.99,581.09,586.28,591.2,595.91,600.3,604.27,607.94,610.96,613.84,616.37,618.72,620.65,622.05,622.91,623.19,622.96,622.3,621.21,619.86,618.28,616.62,614.82,613.01,611.48,610.03,608.62,607.24,605.66,603.89,601.95,599.72,597.28,594.74,592.03,589.37,586.62,584.08,581.64,579.54,581.52,586.07,591.61,597.88,604.08,607.12,607.9,607.92,607.73,607.4,607.02,606.59,606.18,605.66,605.18,604.57,604.08,603.54,602.92,602.46,601.84,601.32,600.73,600.13,599.44,598.67,598.05,597.23,596.52,595.76,594.95,594.22,593.35,592.64,591.79,591.08,590.35,589.56,588.81,588.05,587.36
20433,15,116.478,-6.89,8.43,44.94,600.74,922.4,797.78,765.49,779.06,802.28,813.35,763.36,759.95,776.81,795.79,752.29,690.46,685.33,698.67,679.32,671.27,700.07,705.18,702.86,699.8,700.06,699.66,701.17,700.68,700.84,698.5,697.01,699.66,697.47,699.92,699.38,699.88,699.64,698.54,699.87,699.59,698.67,699.91,699.09,699.83,699.02,699.84,699.64,699.93,699.85,699.98,699.62,699.8,699.38,700.03,699.27,699.78,699.91,699.67,699.98,699.89,700.05,699.96,700.0,699.9,700.13,699.83,699.79,700.07,699.67,699.77,700.08,699.8,699.46,700.1,700.14,699.8,699.43,699.28,698.99,700.58,701.1,700.87,700.56,700.2,700.08,699.88,663.34,527.49,393.22,262.43,132.57,26.97,13.84,14.43,14.84,15.18,15.48,15.57,15.74,15.8,15.9,16.09,16.28,16.34,16.45,16.65,16.68,16.72,16.78,16.93,16.97,17.01,17.1,17.26,17.24,17.35,17.43,17.38,17.49,17.56,17.73,17.71,17.81,17.86,17.8,17.94,18.03,18.06,-0.46,-0.43,-0.39,-0.43,3.0,13.76,22.95,33.71,44.82,54.95,57.99,65.49,75.67,86.57,88.52,85.5,91.29,101.16,106.78,119.1,142.27,158.31,173.91,189.15,207.46,229.71,278.11,360.13,412.6,445.41,468.72,484.59,495.46,504.79,512.51,518.93,524.66,529.54,534.06,538.37,542.57,547.0,551.43,556.06,560.65,565.49,570.46,575.42,580.63,585.68,590.83,595.71,600.06,604.05,607.61,610.91,613.66,616.29,618.69,620.65,622.09,623.03,623.43,623.19,622.5,621.52,620.21,618.67,616.86,615.07,613.33,611.75,610.21,608.82,607.33,605.74,603.95,601.99,599.71,597.35,594.73,592.04,589.31,586.7,584.04,581.52,579.54,581.45,586.0,591.55,597.73,603.99,607.22,608.03,608.1,607.87,607.48,607.14,606.64,606.3,605.84,605.35,604.88,604.24,603.8,603.21,602.7,602.18,601.6,601.02,600.39,599.68,598.88,598.08,597.35,596.45,595.61,594.8,594.01,593.11,592.38,591.58,590.72,589.95,589.15,588.42,587.59,586.92
20435,15,116.487,-6.05,9.47,46.04,604.36,923.35,798.08,766.24,779.66,803.21,813.75,764.93,760.09,776.82,795.89,752.61,690.86,685.98,699.44,679.94,672.91,700.71,705.56,703.05,699.58,699.65,699.79,701.47,701.25,696.0,698.63,698.57,698.98,697.54,699.75,699.5,699.62,699.84,698.69,699.92,699.13,698.93,699.65,699.42,700.07,699.09,699.74,699.93,699.54,699.89,699.85,699.22,699.98,699.91,699.45,699.97,699.18,699.82,699.43,699.92,699.98,699.99,699.89,699.88,699.9,699.98,699.85,700.06,700.03,700.17,699.64,699.41,699.56,700.63,700.36,700.16,699.83,699.66,699.44,699.13,698.88,700.86,701.2,700.94,700.77,700.54,700.08,661.46,526.29,392.26,261.55,131.89,29.11,18.1,18.72,19.35,19.49,19.7,19.9,20.05,20.4,20.41,20.38,20.7,20.73,20.86,20.94,20.96,21.21,21.24,21.2,21.29,21.25,21.56,21.59,21.57,21.7,21.83,21.86,21.9,21.87,21.95,22.0,21.97,22.1,22.26,22.39,22.23,22.48,-0.33,-0.36,-0.4,-0.36,2.92,13.7,22.89,33.62,44.78,54.93,57.97,65.4,75.63,86.67,88.6,85.66,91.35,101.32,107.25,120.13,142.68,158.78,174.21,189.39,207.92,230.48,279.76,361.63,412.82,445.74,469.08,484.78,495.62,504.86,512.78,519.05,524.74,529.69,534.07,538.32,542.72,547.04,551.52,556.16,560.75,565.57,570.55,575.6,580.81,586.04,591.07,595.9,600.37,604.56,608.19,611.45,614.29,617.02,619.43,621.47,622.94,623.92,624.26,624.1,623.58,622.56,621.18,619.78,618.1,616.19,614.64,612.97,611.48,610.0,608.5,606.93,605.2,603.17,600.96,598.49,595.9,593.08,590.33,587.61,585.03,582.57,580.68,582.53,587.22,592.79,599.01,605.28,608.34,609.17,609.17,609.0,608.63,608.22,607.84,607.44,606.97,606.46,605.96,605.48,604.99,604.39,603.73,603.27,602.72,602.12,601.41,600.74,600.06,599.34,598.51,597.75,596.99,596.15,595.25,594.62,593.73,592.98,592.22,591.45,590.6,589.93,589.23,588.47
20437,15,116.506,-7.33,8.02,43.97,597.69,924.09,799.01,767.08,780.14,803.17,813.98,763.96,760.41,777.07,795.84,752.48,690.45,685.54,699.06,679.45,672.4,700.89,705.13,702.98,699.44,699.39,700.23,701.22,701.35,696.86,698.89,697.59,699.56,697.62,700.06,699.24,699.58,699.74,698.88,699.59,699.85,698.67,699.78,699.68,699.38,699.54,699.91,699.68,699.77,700.07,699.74,699.43,699.98,699.77,699.34,699.95,699.19,699.75,699.53,700.0,699.82,699.91,700.11,699.89,699.89,700.02,699.99,699.96,700.1,699.89,699.73,700.21,699.93,699.68,699.42,699.3,700.8,700.61,700.37,699.92,699.74,699.57,699.28,699.17,698.92,700.96,701.34,662.42,526.23,392.28,261.46,131.95,28.94,17.41,18.16,18.64,18.87,19.15,19.12,19.39,19.65,19.79,19.78,19.95,20.06,20.04,20.19,20.31,20.58,20.45,20.73,20.71,20.69,20.99,20.98,20.99,20.97,21.09,21.23,21.29,21.18,21.28,21.43,21.45,21.57,21.74,21.67,21.7,21.79,-0.44,-0.39,-0.34,-0.43,2.56,13.29,22.55,33.25,44.5,54.76,57.96,65.16,75.52,86.29,88.42,85.29,91.02,100.96,106.72,119.14,142.21,157.86,173.04,188.25,206.53,228.97,275.32,358.03,410.43,444.22,467.79,484.0,494.92,504.35,512.13,518.55,524.37,529.14,533.77,538.07,542.11,546.57,551.02,555.57,560.22,565.07,569.84,574.9,580.06,585.16,590.22,595.0,599.53,603.63,607.29,610.46,613.28,615.76,618.32,620.35,621.72,622.58,622.99,622.81,622.06,621.15,619.77,618.31,616.46,614.7,612.91,611.25,609.86,608.37,606.93,605.35,603.44,601.34,599.02,596.69,594.01,591.36,588.69,585.99,583.37,580.91,578.91,580.91,585.39,591.18,597.36,603.54,606.6,607.47,607.5,607.38,606.95,606.6,606.16,605.68,605.31,604.84,604.32,603.59,603.11,602.46,601.99,601.47,600.87,600.31,599.68,599.06,598.38,597.59,596.86,596.04,595.19,594.4,593.62,592.81,592.01,591.17,590.39,589.62,588.87,588.01,587.31,586.49
20438,15,116.512,-6.21,8.87,46.21,607.78,924.91,799.5,767.49,780.64,802.88,813.65,763.49,759.96,776.53,795.49,752.73,690.61,685.45,698.81,679.76,672.0,699.91,705.18,703.06,699.43,699.77,699.81,701.44,701.16,696.19,698.36,698.83,698.45,697.75,699.7,699.79,699.62,699.65,698.88,699.83,699.37,699.09,699.55,699.74,700.06,699.51,699.81,699.96,699.6,699.91,699.99,698.87,699.87,700.02,699.24,699.62,699.84,699.54,699.44,699.94,700.0,700.12,699.91,699.93,700.03,699.95,700.02,700.01,699.92,700.05,699.82,700.17,700.05,699.63,699.86,700.4,700.12,699.78,699.54,699.26,699.04,699.48,701.39,701.39,700.95,700.51,697.95,663.47,527.61,393.2,262.53,132.74,27.31,14.45,15.02,15.41,15.71,16.12,16.08,16.3,16.41,16.6,16.7,16.83,16.99,16.96,17.08,17.23,17.38,17.45,17.51,17.44,17.55,17.71,17.75,17.73,17.85,17.85,18.08,18.01,18.12,18.12,18.27,18.31,18.35,18.43,18.44,18.47,18.64,-0.48,-0.39,-0.39,-0.5,2.23,12.86,22.12,32.78,44.07,54.17,57.3,64.72,74.97,85.82,87.94,84.86,90.8,100.51,106.76,119.95,142.15,158.34,173.78,189.1,207.81,230.43,280.87,362.5,413.38,446.2,469.46,484.88,495.84,504.92,512.69,519.01,524.75,529.66,534.0,538.28,542.62,547.0,551.37,555.98,560.78,565.51,570.52,575.58,580.93,586.13,591.19,595.97,600.43,604.58,608.18,611.42,614.2,616.69,619.13,621.27,622.74,623.67,624.0,623.79,623.11,622.25,620.91,619.47,617.81,616.04,614.39,612.92,611.34,609.96,608.56,606.97,605.29,603.31,601.06,598.68,596.13,593.31,590.54,587.83,585.29,582.79,580.75,582.75,587.38,593.03,599.27,605.6,608.78,609.59,609.81,609.47,609.22,608.8,608.35,608.06,607.6,607.12,606.59,606.05,605.49,605.05,604.53,603.91,603.35,602.81,602.19,601.49,600.69,600.04,599.25,598.43,597.57,596.85,596.04,595.29,594.51,593.72,593.01,592.19,591.36,590.67,589.99,589.23
20439,15,116.474,-3.47,9.84,46.4,606.46,922.69,797.76,765.78,779.33,802.84,813.56,763.56,759.97,776.81,796.18,753.14,691.48,686.08,699.77,680.67,672.71,700.46,705.53,703.19,699.56,699.84,699.69,701.33,701.07,700.23,696.23,698.74,698.55,697.65,699.64,699.5,699.33,699.74,698.8,699.69,699.27,699.24,699.68,699.85,700.02,699.44,699.75,699.96,699.75,699.58,699.97,699.73,699.7,699.83,699.3,699.82,699.88,699.51,699.63,699.77,699.98,699.85,699.94,700.04,700.01,699.96,700.01,699.93,699.92,700.14,699.89,700.1,700.31,699.91,699.61,699.3,699.03,699.2,700.76,700.7,700.41,700.21,699.89,699.67,699.51,699.2,699.07,663.82,527.81,393.36,262.53,132.71,27.38,14.62,15.04,15.69,15.94,16.17,16.38,16.53,16.6,16.88,17.0,17.01,17.04,17.23,17.39,17.41,17.6,17.64,17.68,17.75,17.88,17.99,17.94,18.04,18.14,18.23,18.26,18.33,18.42,18.5,18.55,18.66,18.64,18.7,18.75,18.86,18.93,-0.35,-0.37,-0.39,-0.4,2.5,13.25,22.3,33.23,44.28,54.55,57.73,65.04,75.21,86.26,88.2,85.22,91.16,101.04,107.4,120.36,142.14,158.19,173.44,188.49,207.01,229.43,278.4,360.41,412.43,445.2,468.39,484.22,495.1,504.4,512.26,518.54,524.29,529.32,533.64,537.95,542.25,546.52,551.11,555.62,560.32,565.11,570.09,575.07,580.23,585.39,590.46,595.25,599.73,603.89,607.63,610.99,613.93,616.75,619.22,621.31,622.77,623.84,624.36,624.28,623.62,622.67,621.51,619.94,618.16,616.46,614.66,613.07,611.64,610.22,608.82,607.21,605.47,603.47,601.15,598.68,596.1,593.48,590.7,588.02,585.42,582.94,580.85,582.56,587.13,592.62,598.81,605.08,608.22,609.07,609.11,608.81,608.48,608.11,607.58,607.16,606.74,606.17,605.7,605.14,604.55,604.06,603.37,602.92,602.38,601.71,601.14,600.38,599.69,598.81,598.02,597.29,596.29,595.54,594.66,593.95,593.03,592.33,591.42,590.65,589.81,589.15,588.35,587.57
20440,15,116.51,-4.04,9.12,45.28,599.31,922.83,798.47,766.82,779.77,802.73,813.52,763.66,759.9,776.51,795.49,752.44,690.64,686.1,699.87,679.43,672.33,700.27,705.41,702.98,698.87,699.57,700.43,701.19,698.67,698.65,700.53,697.18,699.8,697.23,700.24,698.8,699.8,699.82,698.73,699.49,699.81,698.61,699.89,699.74,699.15,699.55,699.83,699.66,699.64,700.06,699.47,699.36,699.99,699.94,699.2,699.68,700.14,699.8,700.18,699.94,700.03,699.98,699.95,700.01,700.0,699.87,699.91,699.92,699.91,699.86,700.24,699.94,699.64,699.37,700.06,700.14,699.91,699.55,699.27,699.03,699.41,700.49,700.18,700.06,699.76,699.43,699.29,663.34,526.89,392.65,261.67,132.1,28.85,17.2,17.99,18.47,18.75,19.2,19.29,19.29,19.47,19.56,19.72,19.93,19.98,19.95,20.24,20.24,20.36,20.39,20.51,20.61,20.68,20.76,20.8,20.76,20.95,20.98,21.07,21.09,21.22,21.29,21.29,21.33,21.43,21.41,21.57,21.54,21.6,-0.43,-0.47,-0.47,-0.46,2.69,13.23,22.39,33.18,44.15,54.41,57.62,65.03,75.25,86.24,88.18,85.07,90.98,100.76,106.92,119.92,142.13,158.06,173.51,188.58,206.96,229.25,276.23,358.34,411.31,445.05,468.49,484.64,495.3,504.74,512.52,518.92,524.68,529.41,533.9,538.23,542.58,546.98,551.35,555.97,560.55,565.37,570.21,575.26,580.44,585.59,590.77,595.69,600.1,604.08,607.74,611.13,614.02,616.62,619.24,621.27,622.68,623.63,624.05,623.98,623.25,622.31,621.12,619.55,617.9,616.13,614.38,612.81,611.42,609.9,608.38,606.92,605.17,603.22,601.0,598.5,595.97,593.28,590.47,587.82,585.15,582.63,580.57,582.38,586.97,592.58,598.86,604.97,608.01,608.86,608.96,608.67,608.33,607.91,607.55,607.04,606.62,606.17,605.57,604.97,604.42,603.96,603.44,602.79,602.43,601.73,601.11,600.48,599.73,598.84,598.1,597.39,596.55,595.83,594.95,594.18,593.45,592.56,591.93,591.01,590.31,589.53,588.74,588.11
20441,15,116.517,-6.5,9.18,47.49,609.32,924.64,799.57,767.09,780.39,803.73,814.35,764.26,760.51,777.16,796.13,752.7,690.66,685.5,699.17,680.04,672.44,700.7,705.44,703.07,699.41,699.62,700.14,701.44,699.74,695.34,699.65,699.05,698.06,698.76,699.71,699.82,698.77,699.37,699.7,699.54,699.77,699.8,699.19,700.13,699.84,700.02,699.8,699.55,699.83,699.81,700.01,699.94,699.51,699.56,699.68,699.85,699.78,699.47,699.86,699.8,700.07,700.07,700.03,699.98,700.01,699.94,700.02,699.89,700.03,700.15,699.72,699.54,699.96,699.98,699.51,699.73,700.29,699.95,699.62,699.43,699.09,699.86,700.96,700.58,700.29,700.1,699.86,663.68,527.45,393.29,262.57,132.58,27.48,14.59,15.05,15.5,15.9,16.14,16.36,16.49,16.6,16.8,16.81,16.96,17.13,17.13,17.19,17.31,17.5,17.68,17.68,17.54,17.77,17.86,17.88,18.0,17.99,18.11,18.07,18.24,18.31,18.31,18.37,18.6,18.46,18.61,18.56,18.72,18.73,-0.39,-0.4,-0.38,-0.44,2.86,13.53,22.7,33.35,44.61,54.76,57.86,65.43,75.63,86.55,88.48,85.46,91.33,101.1,107.22,120.02,142.78,158.98,174.37,189.73,208.17,231.28,284.81,364.91,414.76,446.72,469.83,484.87,495.83,504.76,512.51,518.79,524.57,529.43,533.79,538.11,542.55,546.73,551.31,555.87,560.47,565.28,570.18,575.29,580.38,585.59,590.68,595.35,599.71,603.84,607.42,610.58,613.36,615.96,618.6,620.54,621.86,622.76,623.11,622.94,622.26,621.23,619.81,618.27,616.56,614.74,612.98,611.47,609.98,608.53,607.14,605.54,603.89,601.85,599.61,597.29,594.76,591.93,589.2,586.45,583.81,581.32,579.32,581.27,585.87,591.29,597.46,603.75,606.93,607.69,607.8,607.55,607.14,606.8,606.35,605.88,605.37,604.9,604.38,603.8,603.29,602.65,602.1,601.58,600.89,600.29,599.67,599.04,598.26,597.49,596.71,596.06,595.2,594.38,593.53,592.68,591.96,591.19,590.36,589.64,588.84,588.0,587.38,586.65
20442,15,116.481,-6.83,8.69,45.66,610.2,926.36,799.71,767.17,780.07,803.84,817.55,764.95,761.28,777.83,796.73,753.57,691.5,686.5,699.91,680.95,673.2,701.32,705.94,703.41,699.51,699.6,700.07,701.53,701.04,695.77,698.62,698.97,698.62,697.98,699.57,699.69,699.37,699.37,698.88,699.62,699.32,699.48,699.37,699.98,700.1,699.53,699.79,700.07,699.91,699.98,699.65,699.86,699.68,699.59,699.61,699.9,699.57,699.36,699.95,699.82,699.99,699.88,699.91,699.88,699.95,699.89,699.93,699.99,699.96,699.97,699.85,699.95,699.78,699.82,700.2,699.91,699.59,699.32,700.36,700.37,699.91,699.59,699.42,699.24,699.02,700.56,701.47,662.79,526.88,393.18,262.59,132.57,27.27,14.47,15.02,15.46,15.8,16.04,16.16,16.49,16.55,16.69,16.68,16.95,16.91,17.18,17.34,17.44,17.45,17.52,17.65,17.65,17.7,17.85,17.9,17.9,17.94,18.05,18.19,18.18,18.15,18.35,18.49,18.56,18.51,18.49,18.57,18.64,18.88,-0.4,-0.39,-0.37,-0.36,2.43,12.99,21.99,32.74,43.76,53.95,57.14,64.54,74.79,85.69,87.77,84.86,90.79,100.67,106.77,119.64,142.07,158.23,173.58,188.94,207.32,229.57,277.95,359.79,411.41,444.52,468.09,483.98,495.09,504.27,512.17,518.5,524.4,529.25,533.62,538.04,542.28,546.56,551.12,555.81,560.36,565.26,570.14,575.08,580.23,585.31,590.42,595.18,599.65,603.78,607.21,610.37,613.22,615.76,618.03,619.99,621.34,622.25,622.48,622.17,621.58,620.5,619.06,617.53,615.84,614.2,612.38,610.79,609.28,607.89,606.43,604.98,603.18,601.1,598.88,596.52,593.89,591.24,588.62,585.79,583.25,580.75,578.67,580.58,585.01,590.6,596.79,602.93,606.13,606.94,606.97,606.83,606.55,606.03,605.64,605.13,604.7,604.29,603.65,603.24,602.66,601.97,601.45,600.95,600.33,599.81,599.17,598.46,597.7,596.91,596.17,595.26,594.45,593.6,592.77,592.04,591.13,590.41,589.68,588.72,588.06,587.24,586.49,585.83
20443,15,116.483,-5.94,9.13,46.5,602.11,924.51,800.3,767.95,781.09,804.01,814.64,764.43,761.08,777.74,796.33,753.06,691.35,686.4,699.67,679.94,673.1,700.72,705.65,703.18,699.92,700.0,700.05,701.32,700.89,700.11,698.01,697.96,699.37,697.35,699.96,699.36,699.92,699.6,698.92,699.76,699.5,698.35,699.95,699.38,699.95,698.94,699.89,699.48,699.85,699.98,699.83,699.72,699.44,700.01,700.1,699.36,699.81,699.64,699.69,700.01,699.89,699.97,699.97,700.07,700.03,700.07,699.95,700.03,700.09,699.92,699.53,700.12,700.12,699.69,699.51,699.17,699.47,701.0,700.58,700.32,700.03,699.79,699.59,699.4,699.12,698.97,701.06,662.94,526.53,392.4,261.81,131.92,28.92,18.05,18.57,18.99,19.3,19.46,19.77,19.94,20.05,20.03,20.28,20.32,20.58,20.59,20.74,20.86,21.0,20.97,21.17,21.13,21.3,21.39,21.33,21.51,21.47,21.54,21.69,21.8,21.75,21.73,21.92,22.07,21.95,22.08,22.06,22.15,22.18,-0.37,-0.36,-0.26,-0.44,2.81,13.52,22.82,33.57,44.71,54.91,57.94,65.38,75.64,86.6,88.58,85.46,91.39,101.2,107.05,119.81,142.37,158.39,173.61,188.85,207.06,229.69,277.52,359.78,412.22,445.36,468.69,484.43,495.25,504.66,512.46,518.79,524.4,529.4,533.96,538.23,542.41,546.79,551.21,555.87,560.44,565.17,570.19,575.21,580.34,585.55,590.53,595.3,599.73,603.9,607.61,610.87,613.81,616.56,618.97,621.01,622.48,623.34,623.64,623.5,622.84,621.75,620.44,618.94,617.13,615.41,613.66,611.94,610.44,609.02,607.51,605.98,604.07,601.99,599.83,597.34,594.63,592.0,589.19,586.45,583.78,581.13,579.13,580.93,585.53,591.06,597.21,603.41,606.46,607.28,607.26,606.99,606.67,606.3,605.76,605.37,604.82,604.32,603.75,603.21,602.58,602.11,601.52,600.98,600.42,599.79,599.17,598.6,597.74,596.93,596.2,595.4,594.53,593.73,592.9,592.08,591.25,590.54,589.74,588.84,588.09,587.39,586.65,585.91
20444,15,116.508,-6.86,8.65,46.32,604.84,924.46,799.38,767.64,780.76,803.91,815.06,764.66,761.07,777.63,796.58,752.87,690.87,685.62,699.17,679.91,672.97,700.49,705.5,703.08,700.12,699.78,699.74,701.33,700.68,700.94,698.27,697.55,699.12,697.99,699.83,699.52,699.65,699.49,698.76,699.8,699.5,699.07,699.58,699.82,700.2,699.44,699.79,699.94,699.67,699.93,699.73,699.83,699.95,699.88,698.82,699.63,700.1,699.93,699.86,700.09,700.03,699.96,700.01,700.03,699.94,699.91,699.97,699.93,700.06,700.08,699.6,699.67,700.33,700.04,699.72,699.4,699.18,698.98,699.94,700.67,700.59,700.14,699.96,699.74,699.51,699.24,699.17,663.17,526.89,392.48,261.98,131.95,28.98,18.08,18.82,19.09,19.44,19.77,20.01,20.08,20.29,20.37,20.49,20.56,20.72,20.86,20.79,20.91,21.05,21.08,21.27,21.26,21.43,21.4,21.37,21.6,21.61,21.73,21.79,21.74,21.85,22.04,21.94,21.96,22.18,22.24,22.22,22.31,22.45,-0.41,-0.43,-0.46,-0.51,2.72,13.42,22.48,33.42,44.68,54.88,57.93,65.35,75.62,86.57,88.38,85.36,91.3,101.2,107.32,120.62,142.79,158.94,174.47,189.82,207.94,230.55,280.19,362.01,413.84,446.34,469.44,484.94,495.76,505.04,512.65,518.96,524.76,529.6,534.05,538.24,542.53,546.8,551.46,556.03,560.66,565.51,570.5,575.53,580.7,585.95,590.94,595.8,600.35,604.36,608.03,611.3,614.21,616.96,619.56,621.54,623.01,624.01,624.44,624.31,623.65,622.78,621.45,620.0,618.31,616.59,614.85,613.25,611.69,610.27,608.86,607.35,605.55,603.56,601.23,598.75,596.15,593.41,590.71,587.88,585.26,582.83,580.77,582.68,587.39,593.01,599.25,605.56,608.58,609.47,609.55,609.35,608.99,608.65,608.21,607.72,607.18,606.73,606.11,605.63,605.06,604.48,603.99,603.48,602.92,602.34,601.77,601.03,600.28,599.54,598.82,598.0,597.24,596.38,595.65,594.89,594.1,593.32,592.56,591.76,590.95,590.25,589.5,588.76
20445,15,116.528,-7.3,8.46,45.01,603.58,923.65,798.43,766.11,779.46,802.94,813.79,763.89,760.26,776.76,795.7,752.42,690.36,685.4,698.55,679.62,672.05,700.16,705.28,703.15,699.73,699.37,699.91,701.56,701.12,695.81,699.43,698.02,699.24,697.66,699.87,699.65,699.86,699.4,699.25,699.83,699.65,698.63,699.86,699.22,700.05,699.03,699.8,700.13,699.69,699.84,699.94,699.88,700.07,699.48,699.75,699.94,699.87,699.68,699.91,700.02,699.92,699.83,699.95,700.14,700.01,700.01,699.95,699.91,699.9,700.05,699.77,700.11,699.69,699.73,700.3,699.95,699.72,699.48,699.29,699.03,699.75,701.35,700.96,700.52,700.32,700.06,699.89,663.14,527.06,393.08,262.37,132.58,27.01,13.89,14.46,14.95,15.29,15.53,15.7,15.85,15.99,16.14,16.24,16.48,16.45,16.63,16.76,16.91,16.92,17.14,17.2,17.18,17.16,17.36,17.41,17.4,17.49,17.6,17.71,17.76,17.76,17.86,17.83,17.99,18.07,18.15,18.09,18.2,18.11,-0.5,-0.4,-0.41,-0.54,2.66,13.3,22.42,33.16,44.35,54.58,57.61,65.03,75.31,86.15,88.16,85.06,90.91,100.82,107.11,120.05,142.14,158.3,173.63,189.0,207.06,230.08,280.27,361.98,413.03,445.89,469.1,484.63,495.54,504.86,512.53,518.88,524.55,529.39,533.88,538.12,542.45,546.76,551.34,555.96,560.51,565.37,570.38,575.4,580.65,585.86,590.88,595.91,600.45,604.45,608.12,611.45,614.38,616.99,619.53,621.52,623.12,624.14,624.4,624.36,623.82,622.77,621.44,620.01,618.32,616.76,614.91,613.22,611.73,610.31,608.79,607.34,605.6,603.49,601.5,598.99,596.43,593.62,590.84,588.03,585.35,582.9,580.8,582.68,587.33,592.95,599.14,605.45,608.76,609.46,609.55,609.4,608.98,608.69,608.13,607.68,607.29,606.81,606.24,605.75,605.15,604.66,604.05,603.66,603.05,602.37,601.73,601.06,600.35,599.64,598.82,598.03,597.27,596.52,595.69,594.98,594.15,593.34,592.57,591.81,591.11,590.31,589.63,588.84
20446,15,116.493,-6.16,9.12,44.34,597.57,923.02,798.32,766.38,779.77,802.95,815.99,764.66,760.74,777.44,796.43,752.83,690.72,685.48,698.68,679.12,672.35,700.21,705.19,703.01,699.54,699.63,700.1,701.35,701.46,697.35,698.62,697.79,699.82,697.58,700.25,699.13,699.7,699.66,699.09,699.47,699.65,698.95,699.69,699.73,699.25,699.74,699.93,699.93,700.01,699.43,699.79,699.77,700.03,699.54,699.78,699.59,699.69,699.43,699.92,700.01,699.97,699.96,699.93,699.88,699.99,699.87,700.06,699.91,700.11,699.72,700.14,700.08,699.74,699.36,699.36,700.29,700.24,699.76,699.55,699.35,699.16,699.03,700.8,700.93,700.5,700.23,700.11,662.53,526.5,392.34,261.59,131.86,29.09,17.86,18.53,18.87,19.34,19.56,19.68,19.93,20.14,20.13,20.27,20.32,20.49,20.64,20.75,20.88,20.96,21.13,21.15,21.15,21.15,21.25,21.39,21.4,21.43,21.57,21.54,21.7,21.67,21.71,21.83,21.9,21.96,22.03,22.16,22.12,22.22,-0.41,-0.38,-0.32,-0.35,2.52,13.09,22.21,32.99,44.13,54.21,57.42,64.87,75.05,85.88,87.96,84.89,90.85,100.61,106.75,119.57,141.7,157.87,172.93,188.19,206.42,228.45,274.55,357.45,410.04,443.83,467.56,483.76,494.4,504.05,511.8,518.18,524.11,528.93,533.46,537.75,541.94,546.39,550.81,555.34,560.06,564.87,569.79,574.86,580.0,585.29,590.35,595.29,599.87,603.86,607.67,611.08,614.12,616.82,619.44,621.47,622.97,623.97,624.54,624.43,623.84,622.85,621.6,620.09,618.4,616.57,614.9,613.29,611.76,610.35,608.92,607.37,605.61,603.72,601.51,599.11,596.53,593.81,591.02,588.22,585.55,583.05,580.99,582.86,587.52,593.17,599.32,605.68,608.78,609.54,609.55,609.3,609.0,608.64,608.19,607.71,607.28,606.84,606.2,605.74,605.26,604.67,604.15,603.55,602.97,602.41,601.82,601.15,600.37,599.62,598.82,598.09,597.3,596.52,595.72,594.86,594.12,593.3,592.56,591.78,591.03,590.22,589.5,588.78
20447,15,116.508,-6.43,8.97,48.55,605.16,923.24,797.99,765.52,778.44,801.63,812.29,762.14,759.13,776.05,795.0,751.56,690.02,685.07,698.33,678.36,671.52,699.58,704.91,702.75,699.16,699.93,700.34,701.54,699.92,695.64,699.64,698.18,699.15,697.64,699.71,699.56,699.57,699.53,698.76,699.8,699.6,698.88,699.76,699.3,700.08,698.99,699.82,700.14,699.83,699.84,699.58,699.46,699.83,699.56,699.83,699.74,699.74,699.47,699.89,699.97,700.01,699.93,699.82,700.12,699.75,699.84,700.01,700.13,700.15,699.75,699.58,699.21,700.28,700.41,699.97,699.66,699.5,699.26,698.94,699.79,701.44,701.21,700.86,700.01,697.19,701.27,701.66,662.51,527.18,392.39,261.83,132.06,29.09,18.08,18.61,18.98,19.38,19.62,19.83,19.9,20.06,20.17,20.32,20.34,20.42,20.7,20.81,20.94,21.05,21.26,21.21,21.33,21.3,21.35,21.57,21.51,21.67,21.69,21.76,21.81,21.9,22.05,22.03,22.05,22.08,22.12,22.17,22.3,22.41,-0.33,-0.35,-0.37,-0.36,2.71,13.26,22.56,33.46,44.56,54.71,57.92,65.46,75.61,86.72,88.54,85.44,91.46,101.36,107.39,120.23,142.51,158.76,174.09,189.36,207.9,230.67,280.73,362.35,413.35,446.23,469.53,485.07,495.98,505.19,512.92,519.27,525.08,529.7,534.13,538.48,542.81,547.18,551.76,556.3,560.89,565.79,570.69,575.82,581.13,586.22,591.2,596.07,600.47,604.53,608.35,611.53,614.46,617.02,619.49,621.6,623.08,623.99,624.47,624.27,623.74,622.6,621.39,619.82,618.3,616.55,614.91,613.28,611.7,610.27,608.86,607.37,605.68,603.73,601.51,599.08,596.37,593.71,590.95,588.21,585.64,583.06,580.97,583.07,587.82,593.47,599.82,606.33,609.5,610.24,610.35,610.18,609.81,609.48,609.04,608.63,608.24,607.85,607.39,606.82,606.35,605.68,605.24,604.71,604.05,603.64,602.99,602.35,601.6,600.97,600.15,599.37,598.57,597.86,597.12,596.33,595.59,594.92,594.12,593.45,592.75,592.01,591.34,590.59
20448,15,116.513,-6.83,8.84,46.46,605.91,922.77,798.08,766.38,779.81,803.0,813.84,763.78,760.36,776.63,795.32,751.89,690.05,684.96,698.36,679.13,672.91,700.58,704.65,702.87,700.75,700.39,699.19,700.91,697.62,700.51,696.74,698.02,698.89,698.02,699.88,699.63,699.68,699.52,698.93,699.76,699.36,699.27,699.43,699.95,700.11,699.38,699.87,700.1,699.75,699.81,699.98,699.42,699.92,699.92,699.47,700.0,699.17,699.92,699.97,699.99,700.0,699.97,699.99,700.02,700.03,699.86,699.94,700.13,699.96,699.63,699.99,700.2,699.93,699.6,699.36,699.21,698.95,700.63,700.54,700.46,700.11,699.88,699.68,699.46,699.23,699.03,700.25,663.33,526.63,392.48,261.81,131.78,29.03,18.09,18.64,18.96,19.41,19.51,19.88,19.92,20.04,20.22,20.37,20.4,20.65,20.68,20.77,21.1,21.2,21.03,21.05,21.26,21.34,21.43,21.45,21.48,21.56,21.6,21.68,21.74,21.81,21.9,21.89,22.02,22.09,22.14,22.23,22.28,22.26,-0.34,-0.43,-0.49,-0.47,2.7,13.25,22.45,33.15,44.29,54.49,57.51,65.13,75.28,86.08,88.13,85.14,91.01,100.78,106.91,119.96,142.1,157.58,173.13,189.42,207.64,230.2,280.33,361.87,413.18,445.71,468.89,484.32,495.24,504.45,512.31,518.54,524.35,529.26,533.68,537.82,542.15,546.38,551.01,555.57,560.29,565.14,569.99,575.01,580.27,585.48,590.51,595.35,599.85,603.93,607.61,610.95,613.76,616.51,618.97,621.07,622.57,623.53,623.92,623.77,623.15,622.14,620.87,619.31,617.7,615.95,614.23,612.46,611.0,609.53,608.17,606.64,604.88,602.91,600.62,598.34,595.76,593.13,590.4,587.69,585.06,582.53,580.57,582.48,587.06,592.66,599.0,605.33,608.47,609.27,609.31,609.12,608.74,608.35,607.98,607.42,607.0,606.52,606.02,605.51,604.94,604.34,603.73,603.24,602.69,602.13,601.55,600.93,600.2,599.39,598.71,597.93,597.13,596.39,595.59,594.79,593.99,593.21,592.59,591.78,591.07,590.26,589.56,588.81
20449,15,116.513,-6.24,9.02,45.42,603.53,922.62,797.64,766.07,778.99,802.12,813.08,763.25,760.1,776.91,796.07,752.72,690.89,685.85,699.2,679.71,672.82,700.64,705.47,703.06,699.92,700.02,700.0,701.37,701.19,700.15,695.78,698.32,699.4,697.46,699.76,699.62,699.98,699.41,698.94,699.84,699.46,698.64,699.83,699.22,700.03,699.8,699.8,699.99,699.91,699.87,699.67,699.82,699.54,699.66,699.74,699.89,699.77,699.25,699.81,699.56,700.01,700.05,699.99,700.04,699.92,700.04,699.95,700.06,699.65,699.9,699.97,699.7,700.1,700.3,699.92,699.58,699.35,699.09,699.02,700.72,701.16,700.82,700.53,700.31,700.0,699.91,699.58,663.29,526.91,392.64,261.9,131.9,29.28,18.36,18.72,19.16,19.61,19.83,19.98,20.26,20.25,20.44,20.53,20.58,20.78,20.86,20.97,21.08,21.2,21.22,21.42,21.54,21.52,21.49,21.63,21.69,21.77,21.88,21.93,22.04,22.13,22.13,22.26,22.23,22.24,22.42,22.45,22.47,22.54,-0.37,-0.34,-0.41,-0.43,2.87,13.49,22.66,33.36,44.58,54.66,57.77,65.19,75.46,86.31,88.33,85.31,91.17,100.99,107.0,120.0,142.49,158.62,174.09,189.29,207.72,230.06,279.42,361.52,413.22,445.51,468.78,484.46,495.31,504.59,512.27,518.72,524.38,529.22,533.72,537.86,542.22,546.51,550.98,555.5,560.1,564.84,569.88,574.84,579.95,585.22,590.15,594.9,599.36,603.49,607.2,610.49,613.43,616.13,618.54,620.68,622.11,623.16,623.67,623.53,622.87,621.97,620.69,619.27,617.66,615.84,614.22,612.64,611.15,609.67,608.25,606.82,605.06,603.14,601.01,598.56,595.97,593.41,590.7,588.04,585.5,583.02,581.01,582.87,587.47,593.04,599.42,605.59,608.65,609.39,609.53,609.23,608.88,608.43,607.99,607.54,607.15,606.69,606.18,605.61,605.13,604.6,603.98,603.44,602.89,602.29,601.65,601.19,600.26,599.49,598.75,598.04,597.21,596.45,595.59,594.83,594.04,593.19,592.38,591.62,590.88,590.16,589.39,588.7
20450,15,116.516,-5.35,9.14,46.26,605.24,925.96,802.04,769.34,782.06,805.45,815.74,765.59,761.56,777.82,796.66,753.03,690.9,685.78,699.06,679.37,670.64,700.9,705.22,703.12,699.93,699.77,699.89,701.36,701.15,700.17,695.93,698.29,699.32,697.19,699.86,699.37,699.68,699.77,698.5,699.82,699.38,698.56,699.79,699.3,700.0,699.34,699.81,699.88,699.78,699.89,700.14,699.5,699.68,699.74,699.54,699.94,699.23,699.38,699.88,699.77,700.07,699.92,699.96,700.04,699.94,699.92,699.91,699.99,699.93,700.03,699.84,700.01,700.18,699.83,699.56,699.36,699.92,700.35,699.94,699.77,699.47,699.27,699.01,699.3,701.44,701.27,701.04,661.68,526.46,393.03,262.51,132.71,27.13,14.11,14.65,15.16,15.58,15.72,16.0,16.12,16.34,16.28,16.59,16.55,16.73,16.79,16.89,16.95,17.17,17.21,17.17,17.46,17.49,17.52,17.5,17.68,17.68,17.7,17.89,17.76,17.99,18.0,18.08,18.18,18.21,18.24,18.33,18.47,18.37,-0.34,-0.42,-0.37,-0.4,4.1,15.52,24.97,35.55,46.72,56.84,59.58,66.89,77.22,88.11,89.82,86.41,92.07,101.87,107.29,116.46,141.92,158.4,174.04,190.02,208.77,232.19,285.47,366.12,416.28,447.92,470.59,485.66,496.12,505.45,512.97,519.33,524.98,529.82,534.3,538.49,542.81,547.16,551.68,556.36,561.01,565.79,570.86,575.84,581.13,586.33,591.35,596.22,600.64,604.57,608.3,611.42,614.41,616.91,619.41,621.52,623.0,623.97,624.25,624.17,623.46,622.29,620.97,619.45,617.74,616.03,614.27,612.61,610.97,609.63,608.17,606.63,604.87,602.88,600.65,598.48,596.0,593.32,590.62,587.92,585.28,582.83,580.81,582.62,587.27,592.96,599.13,605.48,608.73,609.56,609.51,609.33,608.93,608.45,608.11,607.74,607.29,606.7,606.26,605.71,605.19,604.64,604.18,603.68,603.07,602.4,601.83,601.23,600.58,599.81,598.92,598.15,597.38,596.61,595.91,595.14,594.44,593.6,592.84,592.11,591.36,590.64,590.02,589.21
20451,15,116.497,-6.49,8.85,46.03,605.05,922.21,796.84,765.44,779.22,802.51,813.45,763.29,759.96,776.68,795.3,752.38,691.68,686.19,698.8,679.24,671.59,700.07,705.07,703.01,699.57,699.54,699.98,701.49,700.81,695.41,699.4,698.45,698.99,697.39,699.68,699.53,699.56,699.26,699.32,699.75,699.54,698.83,699.63,699.55,700.01,699.47,699.7,700.06,699.72,699.83,699.88,699.6,699.94,699.91,699.43,699.58,699.56,699.87,699.59,699.91,699.89,700.02,699.99,699.93,700.0,699.83,699.89,699.94,699.99,699.95,699.88,700.23,699.96,699.56,699.28,700.35,700.27,700.04,699.67,699.44,699.26,699.03,699.76,700.95,700.67,700.5,700.22,662.59,526.95,392.87,262.3,132.73,27.14,14.18,14.7,15.12,15.63,15.71,15.99,16.15,16.26,16.31,16.47,16.59,16.82,16.81,16.86,17.13,17.1,17.14,17.31,17.32,17.37,17.59,17.61,17.7,17.68,17.68,17.86,17.88,17.94,18.03,18.08,17.98,18.15,18.25,18.26,18.33,18.41,-0.49,-0.44,-0.49,-0.49,3.02,13.63,22.71,33.45,44.76,54.8,57.94,65.48,75.65,86.62,88.48,85.53,91.37,101.12,107.14,119.89,142.6,158.79,174.07,189.45,207.85,230.82,282.17,363.15,413.62,446.34,469.4,484.78,495.57,504.67,512.41,518.65,524.44,529.4,533.68,537.87,542.15,546.51,551.13,555.51,560.29,564.99,570.02,574.95,580.18,585.28,590.48,595.33,599.85,603.86,607.65,610.89,613.76,616.3,618.75,620.71,622.21,623.14,623.49,623.36,622.68,621.67,620.41,618.84,617.14,615.58,613.73,612.24,610.63,609.24,607.92,606.34,604.62,602.8,600.65,598.27,595.97,593.39,590.65,588.04,585.35,582.91,580.83,582.8,587.41,593.11,599.36,605.77,608.97,609.83,609.9,609.73,609.4,609.07,608.68,608.17,607.68,607.2,606.69,606.17,605.63,605.12,604.5,603.98,603.42,602.85,602.31,601.67,600.86,600.09,599.47,598.67,598.0,597.15,596.44,595.66,594.86,594.15,593.45,592.62,591.83,591.16,590.42,589.75
20452,15,116.567,-5.54,8.89,46.2,606.49,923.61,799.63,766.22,778.73,801.8,812.62,762.92,759.46,776.1,795.0,751.74,690.12,684.81,697.94,678.87,671.54,699.95,705.0,703.01,699.74,697.91,700.05,701.58,698.9,695.8,699.53,698.65,698.51,698.04,699.62,699.75,699.44,699.71,698.86,699.93,699.44,699.01,699.53,699.85,700.2,699.39,699.7,700.14,699.56,699.85,699.89,699.29,699.91,700.0,699.3,699.74,699.82,699.96,699.78,699.98,699.99,700.02,700.03,699.97,699.86,699.77,699.91,700.09,699.85,699.99,699.77,700.21,700.12,699.81,699.48,699.26,699.11,699.27,700.71,700.77,700.25,700.05,699.89,699.66,699.47,699.15,699.08,663.75,527.67,393.38,262.37,132.61,27.12,14.15,14.59,15.14,15.55,15.74,15.91,16.04,16.17,16.25,16.41,16.57,16.68,16.77,16.92,17.04,17.07,17.17,17.24,17.35,17.43,17.48,17.53,17.58,17.7,17.7,17.73,17.88,17.89,17.87,18.04,18.0,18.05,18.18,18.26,18.34,18.36,-0.38,-0.35,-0.45,-0.5,3.12,13.59,22.74,33.6,44.71,54.78,58.01,65.44,75.63,86.49,88.62,85.42,91.47,101.28,107.43,120.48,142.84,159.12,174.6,189.91,207.49,231.08,283.12,363.11,413.38,445.91,469.2,484.71,495.69,504.94,512.65,518.91,524.63,529.55,534.02,538.27,542.67,546.91,551.43,556.19,560.9,565.64,570.63,575.76,580.91,586.14,591.21,596.08,600.51,604.6,608.27,611.64,614.63,617.18,619.56,621.65,623.15,624.1,624.57,624.44,623.86,622.75,621.45,620.02,618.43,616.73,615.07,613.45,611.95,610.63,609.32,607.85,606.29,604.34,602.14,599.86,597.34,594.8,592.05,589.4,586.86,584.29,582.29,584.25,588.93,594.55,600.9,607.29,610.63,611.46,611.62,611.42,611.11,610.68,610.33,609.92,609.5,609.06,608.57,608.08,607.53,607.02,606.38,605.95,605.37,604.87,604.25,603.61,602.88,602.11,601.38,600.61,599.84,599.15,598.33,597.64,596.97,596.11,595.39,594.63,593.99,593.2,592.47,591.75
20453,15,116.516,-5.04,9.25,46.39,606.48,922.4,797.49,765.85,779.18,802.32,813.09,763.12,759.43,776.19,794.9,751.56,689.57,684.53,698.2,678.96,672.23,699.95,705.05,702.85,699.48,699.4,699.99,701.57,700.84,695.55,699.24,698.76,698.64,697.89,699.77,699.46,699.31,699.7,698.75,699.63,699.31,699.39,699.57,699.93,699.99,699.84,699.92,699.78,699.87,699.29,700.11,699.33,699.67,700.02,699.02,699.72,699.76,699.75,699.82,700.06,699.94,699.93,700.08,699.89,699.93,700.01,699.99,699.98,699.93,700.01,699.91,700.2,699.77,699.46,699.18,700.26,700.78,700.3,699.99,699.82,699.54,699.24,699.19,698.96,700.8,701.99,700.07,662.43,527.07,392.52,261.82,131.97,29.32,18.57,19.07,19.52,19.87,20.16,20.25,20.44,20.52,20.71,20.84,20.96,21.02,21.17,21.2,21.35,21.45,21.54,21.43,21.68,21.88,21.82,21.95,21.94,22.1,22.15,22.15,22.22,22.24,22.33,22.36,22.47,22.57,22.59,22.61,22.67,22.72,-0.57,-0.46,-0.49,-0.57,2.66,13.3,22.31,33.12,44.3,54.48,57.49,64.96,75.09,86.08,88.07,85.05,90.83,100.76,107.01,120.11,142.14,158.16,173.5,188.95,207.51,230.26,281.83,363.0,413.35,445.85,469.06,484.41,495.22,504.48,512.17,518.38,524.12,528.9,533.31,537.54,541.86,546.19,550.64,555.3,559.93,564.72,569.67,574.73,579.78,585.01,590.2,595.01,599.46,603.53,607.15,610.44,613.44,616.21,618.66,620.68,622.09,622.99,623.56,623.25,622.63,621.61,620.35,618.75,617.24,615.41,613.67,612.08,610.7,609.38,608.07,606.42,604.66,602.85,600.66,598.35,595.87,593.28,590.64,587.93,585.15,582.66,580.63,582.43,587.02,592.46,598.67,604.87,607.93,608.64,608.74,608.35,607.95,607.64,607.18,606.65,606.23,605.82,605.18,604.67,604.1,603.63,603.05,602.51,601.92,601.34,600.79,600.08,599.39,598.68,597.87,597.18,596.39,595.64,594.85,593.98,593.14,592.51,591.7,591.01,590.2,589.43,588.75,588.09
20454,15,116.547,-6.9,8.8,48.58,609.09,923.24,797.8,765.48,778.16,801.22,811.65,761.53,758.38,775.15,794.06,751.87,691.61,684.72,698.0,678.66,670.97,699.25,704.81,702.7,699.67,699.61,699.76,701.48,700.37,695.38,699.35,699.16,698.31,698.15,699.61,699.57,699.27,699.23,699.38,699.58,699.17,699.54,699.27,700.13,699.93,699.43,699.69,700.08,699.92,700.1,699.67,699.92,699.88,699.44,699.77,699.72,699.57,699.58,700.01,699.57,700.03,700.08,700.05,699.91,699.94,700.03,699.98,700.06,699.9,699.93,699.64,699.87,700.22,700.01,699.5,699.3,699.1,700.01,700.44,700.14,699.83,699.65,699.5,699.24,699.01,699.61,701.56,663.04,526.99,393.3,262.43,132.58,27.52,14.45,14.92,15.33,15.67,15.96,16.1,16.2,16.38,16.61,16.61,16.73,16.79,16.91,16.93,17.0,17.19,17.22,17.43,17.48,17.59,17.6,17.82,17.74,17.86,17.93,18.09,17.94,18.11,18.14,18.14,18.35,18.35,18.44,18.55,18.64,18.71,-0.51,-0.51,-0.52,-0.54,2.93,13.47,22.61,33.32,44.42,54.55,57.52,64.97,75.3,86.19,88.16,85.07,90.91,100.87,107.18,120.13,142.63,158.81,174.13,189.58,208.23,231.19,284.31,365.09,415.18,447.33,470.22,485.21,495.9,504.9,512.63,518.79,524.52,529.33,533.58,537.87,542.17,546.53,551.14,555.75,560.37,565.11,570.18,575.25,580.55,585.7,590.82,595.74,600.09,604.26,607.89,611.2,614.15,616.82,619.36,621.32,622.91,623.84,624.19,624.03,623.46,622.41,621.12,619.72,618.04,616.35,614.73,613.07,611.55,610.18,608.71,607.23,605.65,603.61,601.45,598.92,596.45,593.75,591.06,588.22,585.55,583.13,581.05,582.99,587.6,593.26,599.52,606.15,609.45,610.24,610.37,610.13,609.82,609.58,609.06,608.69,608.29,607.78,607.24,606.73,606.2,605.65,605.07,604.55,604.01,603.52,602.88,602.27,601.45,600.71,600.07,599.2,598.42,597.74,597.06,596.37,595.57,594.82,594.14,593.36,592.63,591.92,591.19,590.42
20455,15,116.558,-5.11,8.89,47.79,609.86,924.61,799.67,767.82,780.08,803.15,813.7,763.61,759.54,775.76,794.25,750.73,688.85,683.79,697.3,678.05,670.28,699.31,704.54,702.71,699.72,699.14,699.93,701.28,701.08,697.13,697.12,698.96,698.2,698.08,699.63,699.55,699.28,699.56,698.92,699.54,699.36,699.41,699.5,700.1,699.85,699.66,699.71,700.14,699.73,699.47,699.92,699.99,699.88,699.51,699.67,699.91,699.82,699.7,699.67,699.87,699.93,699.92,700.0,700.02,699.89,700.1,699.87,699.94,699.95,700.02,699.93,699.95,700.07,699.93,699.99,699.92,700.2,699.99,699.79,699.43,699.57,700.39,699.97,699.76,699.49,699.17,699.05,663.78,527.53,393.38,262.42,132.62,27.46,14.65,15.27,15.75,16.02,16.25,16.51,16.66,16.76,16.84,17.01,17.13,17.23,17.24,17.36,17.55,17.6,17.75,17.71,17.91,17.86,18.03,18.04,18.12,18.11,18.31,18.4,18.35,18.43,18.4,18.63,18.59,18.68,18.72,18.8,18.85,18.82,-0.45,-0.41,-0.33,-0.34,4.02,15.11,24.42,35.17,46.45,56.55,59.23,66.7,76.79,87.61,89.42,86.23,92.05,101.85,107.69,120.18,143.16,159.22,174.4,190.04,208.53,231.56,287.31,367.27,416.51,448.24,470.66,485.63,496.33,505.41,512.97,519.04,524.81,529.48,533.75,538.05,542.28,546.69,551.2,555.76,560.41,565.24,570.12,575.24,580.39,585.62,590.7,595.47,599.93,604.09,607.66,610.9,613.84,616.44,618.82,620.8,622.22,623.32,623.61,623.52,622.87,621.83,620.65,619.1,617.62,615.95,614.19,612.63,611.2,609.72,608.35,606.87,605.31,603.39,601.32,599.02,596.41,593.84,591.14,588.35,585.77,583.34,581.19,583.09,587.81,593.47,599.75,606.4,609.7,610.57,610.66,610.56,610.21,609.92,609.53,609.08,608.69,608.16,607.68,607.12,606.61,606.17,605.64,605.11,604.64,604.08,603.54,602.85,602.12,601.41,600.76,599.9,599.32,598.5,597.7,597.03,596.36,595.65,594.94,594.31,593.55,592.98,592.21,591.47
20456,15,116.524,-5.65,8.81,47.16,609.01,922.46,797.42,765.68,778.99,803.68,812.86,762.85,759.71,776.18,794.95,751.65,690.02,684.99,698.42,678.9,672.12,700.11,705.22,702.91,699.63,699.62,699.92,701.43,700.52,695.51,699.13,698.96,697.92,698.53,699.56,699.57,699.95,699.38,699.02,699.42,699.6,699.63,699.13,700.1,699.9,699.47,699.66,700.12,699.62,699.7,699.87,699.86,699.96,699.27,699.96,699.48,699.44,699.83,699.84,699.97,699.88,700.03,700.05,700.04,700.05,699.97,699.9,700.0,699.98,699.95,699.7,700.03,700.1,699.69,699.5,700.51,700.26,699.95,699.76,699.55,699.24,698.99,699.79,701.21,700.91,700.64,700.38,661.39,526.11,392.41,261.71,131.88,29.5,18.53,19.14,19.49,19.93,20.18,20.38,20.52,20.7,20.73,20.91,21.04,21.06,21.22,21.22,21.43,21.49,21.56,21.66,21.67,21.75,21.87,21.81,22.0,22.03,22.19,22.19,22.24,22.33,22.38,22.45,22.47,22.62,22.66,22.77,22.7,22.78,-0.47,-0.4,-0.42,-0.43,2.88,13.66,22.88,33.55,44.88,54.98,57.94,65.42,75.63,86.57,88.49,85.44,91.26,101.06,107.16,120.24,142.85,159.04,174.54,189.97,208.62,231.94,286.22,366.31,415.66,447.63,470.44,485.29,496.1,505.16,512.76,519.07,524.63,529.42,533.62,537.99,542.39,546.66,551.11,555.81,560.51,565.25,570.08,575.27,580.4,585.45,590.62,595.62,600.08,604.23,607.81,611.18,614.01,616.55,619.15,621.17,622.58,623.67,623.96,623.72,623.17,622.14,620.82,619.4,617.79,615.98,614.36,612.73,611.2,609.77,608.33,606.92,605.18,603.3,601.17,598.86,596.35,593.81,591.13,588.42,585.78,583.33,581.32,583.33,587.94,593.56,599.9,606.27,609.39,610.19,610.25,609.96,609.71,609.35,608.94,608.49,608.02,607.6,607.04,606.56,606.0,605.45,604.96,604.38,603.9,603.38,602.79,602.2,601.4,600.69,599.93,599.24,598.5,597.84,597.02,596.34,595.55,594.86,594.11,593.32,592.61,591.9,591.19,590.56
20457,15,116.549,-3.89,9.86,50.34,609.61,922.32,797.57,765.51,778.81,801.91,812.21,762.23,758.95,776.11,795.32,751.28,689.28,684.1,697.65,678.86,671.54,699.55,705.03,702.82,699.59,699.69,699.99,701.39,700.99,696.55,697.88,699.14,698.2,698.56,699.59,699.71,699.0,699.56,699.31,699.64,699.54,699.55,699.12,700.17,699.96,699.66,699.72,700.21,699.71,699.75,699.95,699.58,699.85,699.49,699.89,699.66,699.92,699.74,699.97,699.94,699.95,700.04,699.96,699.95,699.96,699.92,699.94,700.0,699.94,700.12,699.77,699.48,699.85,700.1,699.85,699.55,699.29,699.27,700.63,700.48,700.16,699.88,699.63,699.4,699.22,699.01,700.22,663.85,527.4,393.21,262.46,132.85,27.5,14.63,15.07,15.44,15.85,16.12,16.26,16.46,16.63,16.7,16.9,16.89,17.0,17.2,17.22,17.34,17.46,17.59,17.69,17.73,17.83,17.82,17.94,18.04,18.11,18.18,18.22,18.32,18.4,18.42,18.49,18.59,18.6,18.62,18.68,18.74,18.83,-0.5,-0.45,-0.45,-0.45,2.53,12.97,22.09,32.75,44.0,54.0,56.98,64.43,74.77,85.68,87.55,84.58,90.34,100.24,106.59,119.95,142.11,158.36,173.87,189.19,207.99,231.27,284.59,365.5,415.49,447.6,470.23,485.31,496.17,505.15,512.74,519.14,524.82,529.54,533.91,538.23,542.54,546.88,551.49,556.1,560.83,565.54,570.56,575.71,580.93,586.13,591.28,596.05,600.64,604.78,608.5,611.8,614.76,617.33,619.76,621.71,623.1,624.02,624.35,624.23,623.51,622.46,621.12,619.66,618.03,616.28,614.57,612.99,611.37,609.96,608.54,607.05,605.39,603.47,601.19,598.74,596.17,593.51,590.7,588.0,585.21,582.74,580.61,582.67,587.44,593.24,599.73,606.27,609.57,610.54,610.56,610.31,609.99,609.6,609.22,608.81,608.4,607.89,607.38,606.88,606.34,605.86,605.18,604.74,604.15,603.54,602.93,602.27,601.52,600.72,600.04,599.31,598.52,597.72,596.95,596.26,595.46,594.72,593.93,593.27,592.44,591.7,591.01,590.33
20458,15,116.555,-6.83,8.77,46.02,602.51,921.64,796.17,764.64,777.94,800.69,811.44,761.75,758.8,775.75,794.82,751.51,689.77,684.62,698.17,680.19,672.14,700.48,705.49,703.16,699.36,699.62,700.24,701.35,699.46,696.56,700.44,697.69,699.94,697.44,700.02,699.03,699.68,699.91,698.55,699.82,699.92,698.59,699.85,699.28,699.47,699.25,699.98,699.77,699.94,699.88,699.44,699.83,699.63,700.01,699.25,699.51,699.78,699.79,699.71,700.01,699.93,699.91,699.97,700.05,700.01,700.02,699.87,700.02,700.0,700.18,699.79,699.47,699.27,700.4,700.36,699.94,699.69,699.49,699.25,699.04,699.61,701.34,701.36,700.92,700.23,697.2,700.98,663.91,526.83,393.07,262.13,132.61,26.94,13.65,14.25,14.83,15.09,15.35,15.54,15.63,15.79,15.93,16.08,16.25,16.42,16.47,16.54,16.64,16.75,16.76,16.92,16.98,17.04,17.13,17.13,17.21,17.31,17.36,17.46,17.57,17.64,17.67,17.75,17.75,17.81,17.85,17.87,17.92,18.07,-0.4,-0.44,-0.39,-0.43,2.13,12.44,21.58,32.28,43.52,53.66,56.74,64.16,74.34,85.24,87.35,84.25,90.05,100.0,106.2,119.18,141.7,157.76,173.07,188.26,206.66,229.46,278.82,360.86,412.74,446.11,469.38,485.02,495.4,504.8,512.46,518.82,524.49,529.24,533.72,537.95,542.19,546.67,551.01,555.68,560.28,565.21,570.14,575.19,580.45,585.68,590.91,595.89,600.32,604.46,608.17,611.6,614.4,616.94,619.4,621.44,622.89,623.83,624.29,624.03,623.45,622.42,621.06,619.6,617.96,616.32,614.63,613.03,611.54,610.04,608.6,607.13,605.5,603.63,601.41,599.1,596.48,593.74,590.98,588.23,585.55,583.09,580.93,583.05,587.89,593.77,600.24,606.82,610.21,611.17,611.3,611.03,610.78,610.36,610.02,609.57,609.18,608.64,608.13,607.59,607.1,606.64,606.07,605.55,605.01,604.47,603.82,603.13,602.43,601.72,601.0,600.2,599.4,598.67,597.92,597.17,596.43,595.69,595.0,594.22,593.56,592.7,592.12,591.4
20459,15,116.496,-3.47,9.86,49.74,613.56,922.79,796.82,764.91,778.19,801.45,812.05,762.21,758.73,775.51,794.42,750.8,689.05,683.86,697.49,678.42,671.84,699.62,704.92,702.86,699.99,699.68,699.63,701.46,700.58,696.4,698.05,699.29,697.34,699.45,699.44,699.77,698.71,699.66,699.74,699.08,699.78,699.92,699.08,699.93,699.96,700.05,699.0,700.01,699.81,699.87,700.03,699.61,699.66,699.39,699.75,699.77,699.59,699.4,699.93,699.88,699.98,700.01,700.02,700.05,699.93,700.01,700.07,699.99,700.02,699.96,700.03,699.95,699.59,699.89,700.18,699.78,699.32,699.54,700.32,700.18,699.79,699.57,699.26,699.04,699.34,700.87,700.82,662.02,526.61,392.62,262.01,131.7,29.9,19.06,19.54,19.85,20.24,20.49,20.7,20.8,20.94,21.09,21.14,21.33,21.44,21.51,21.57,21.67,21.84,21.85,22.09,22.04,22.33,22.3,22.44,22.45,22.6,22.65,22.7,22.81,22.7,22.9,22.95,23.0,23.07,23.11,23.0,23.13,23.14,-0.39,-0.45,-0.44,-0.41,2.61,13.07,22.19,32.95,44.13,54.18,57.32,64.71,74.94,85.84,87.75,84.71,90.7,100.52,107.09,120.66,142.74,158.86,174.44,189.98,208.59,232.17,288.29,367.94,416.88,448.28,470.5,485.37,496.07,504.99,512.51,518.78,524.33,529.1,533.52,537.88,542.19,546.47,550.91,555.48,560.19,564.9,569.68,574.58,579.78,584.8,589.92,594.51,598.77,602.74,606.35,609.51,612.39,615.07,617.53,619.48,620.89,621.71,622.07,621.9,621.13,620.01,618.77,617.27,615.6,613.78,612.07,610.53,609.06,607.66,606.28,604.66,602.98,600.93,598.63,596.23,593.67,590.83,588.2,585.44,582.77,580.26,578.17,580.14,584.79,590.36,596.73,603.01,606.0,606.75,606.86,606.6,606.21,605.87,605.48,605.01,604.58,604.06,603.52,602.96,602.44,601.84,601.33,600.74,600.2,599.72,599.02,598.39,597.51,596.81,596.07,595.27,594.43,593.67,592.79,592.09,591.26,590.47,589.71,588.95,588.11,587.47,586.67,585.93
20460,15,116.553,-5.93,9.16,48.57,610.08,922.26,797.34,765.3,778.24,801.5,812.67,763.65,760.05,776.46,795.28,751.82,690.19,685.02,698.25,678.88,672.29,699.98,705.18,703.02,699.45,699.59,700.11,701.59,699.98,695.53,699.23,698.96,698.02,698.36,699.6,699.62,699.67,699.7,699.11,699.5,699.02,699.65,698.83,699.79,699.95,699.36,699.76,700.1,699.88,700.11,699.69,700.03,700.01,699.29,699.85,699.59,699.35,699.7,699.79,699.77,699.96,700.03,699.89,699.96,700.03,700.08,700.02,699.96,699.54,700.13,700.11,699.67,699.41,699.24,700.31,700.44,700.12,699.82,699.57,699.4,699.19,698.96,700.52,701.01,700.53,700.31,700.1,662.41,526.39,392.59,261.76,131.71,29.41,18.49,19.11,19.56,19.92,20.13,20.28,20.52,20.61,20.66,20.82,21.07,21.01,21.24,21.31,21.41,21.55,21.52,21.68,21.75,21.8,21.87,21.85,21.98,22.01,22.13,22.19,22.26,22.31,22.5,22.41,22.51,22.46,22.67,22.62,22.68,22.83,-0.43,-0.41,-0.36,-0.44,2.73,13.35,22.58,33.3,44.43,54.6,57.58,65.16,75.42,86.24,88.13,85.12,91.03,100.95,107.01,120.21,142.58,159.02,174.66,190.25,208.9,232.37,287.76,367.65,417.1,448.89,471.64,486.38,497.11,506.18,513.73,519.98,525.58,530.32,534.59,538.9,543.28,547.5,552.14,556.79,561.5,566.25,571.28,576.48,581.66,586.89,591.97,597.03,601.45,605.65,609.29,612.66,615.61,618.11,620.61,622.65,624.12,625.1,625.52,625.3,624.66,623.65,622.39,620.91,619.44,617.76,616.09,614.53,613.08,611.67,610.28,608.84,607.16,605.29,603.17,600.86,598.27,595.62,592.74,590.04,587.36,584.81,582.88,584.88,589.69,595.52,601.91,608.32,611.45,612.31,612.37,612.18,611.9,611.51,611.09,610.62,610.23,609.76,609.25,608.67,608.13,607.57,607.05,606.55,605.98,605.4,604.86,604.25,603.48,602.77,602.16,601.39,600.64,599.88,599.17,598.48,597.76,597.02,596.45,595.65,594.95,594.32,593.57,592.94
20462,15,116.508,-5.76,8.78,50.08,614.79,924.21,798.52,765.76,779.05,802.57,813.35,763.53,760.39,776.89,795.88,752.39,690.78,685.45,698.76,679.47,672.44,699.96,705.22,703.24,699.09,700.02,699.06,701.44,700.54,700.03,696.92,699.25,696.97,699.55,699.05,699.5,699.07,699.71,699.71,698.51,699.8,700.08,699.08,699.94,699.51,700.0,699.44,699.88,699.97,699.86,699.99,699.4,699.73,699.49,699.74,699.83,699.38,699.57,699.9,699.57,699.99,699.94,699.93,699.98,700.06,699.89,699.97,699.77,700.0,700.01,700.13,699.76,699.77,700.07,699.88,699.57,699.96,700.1,699.83,699.46,700.09,700.29,699.95,699.68,699.46,699.26,698.99,663.02,527.02,392.77,261.86,131.64,29.85,18.9,19.47,19.96,20.27,20.5,20.55,20.79,20.9,21.07,21.23,21.29,21.36,21.71,21.54,21.71,21.86,21.87,22.02,21.96,22.09,22.16,22.19,22.31,22.37,22.37,22.47,22.52,22.55,22.63,22.66,22.82,22.67,22.95,23.09,22.92,22.99,-0.47,-0.45,-0.43,-0.4,2.82,13.45,22.71,33.4,44.63,54.75,57.79,65.31,75.54,86.41,88.38,85.36,91.32,101.3,107.78,121.27,143.06,159.45,174.88,189.94,208.67,230.81,284.56,364.88,415.38,447.39,469.83,485.07,495.99,504.94,512.64,518.88,524.52,529.38,533.68,537.92,542.36,546.76,551.25,555.77,560.62,565.45,570.36,575.39,580.61,585.79,591.04,595.96,600.42,604.42,608.09,611.41,614.34,617.09,619.6,621.63,623.15,624.13,624.53,624.3,623.69,622.72,621.34,619.98,618.27,616.48,614.81,613.18,611.75,610.31,608.85,607.42,605.79,603.82,601.71,599.34,596.77,594.1,591.42,588.72,585.98,583.59,581.47,583.29,588.0,593.59,599.85,606.26,609.25,610.03,610.06,609.85,609.5,609.03,608.71,608.27,607.81,607.29,606.77,606.33,605.69,605.18,604.58,604.06,603.47,602.99,602.39,601.78,601.11,600.26,599.53,598.84,598.05,597.23,596.58,595.81,595.02,594.25,593.56,592.71,592.05,591.28,590.57,589.94
20465,15,116.549,-2.66,9.89,50.04,615.97,924.62,798.69,766.24,779.45,802.86,813.51,763.52,759.8,776.83,795.53,752.04,690.4,685.19,698.69,679.62,673.01,700.67,705.25,703.11,699.82,699.84,699.82,701.31,700.61,699.18,696.46,699.3,697.16,699.35,699.22,699.79,698.79,699.69,699.86,698.82,700.01,699.92,698.96,699.85,699.8,699.82,699.9,699.67,700.03,699.53,699.94,699.57,699.62,699.65,699.59,699.84,699.89,698.88,699.99,699.93,699.99,699.94,699.99,699.98,699.97,699.92,700.1,699.91,700.18,699.72,700.19,699.86,699.68,700.13,699.99,699.52,699.57,700.63,700.26,700.09,699.67,699.4,699.28,699.08,699.59,701.41,701.26,661.65,526.32,392.54,261.81,131.94,29.69,18.93,19.1,19.7,20.05,20.25,20.62,20.47,20.69,20.81,21.0,20.95,20.98,21.11,21.31,21.37,21.65,21.53,21.76,21.71,21.6,21.83,21.98,22.01,22.07,22.1,22.27,22.41,22.52,22.42,22.42,22.53,22.62,22.62,22.8,22.73,22.65,-0.41,-0.32,-0.47,-0.45,3.01,13.75,22.91,33.56,44.78,54.94,58.01,65.58,75.66,86.66,88.54,85.5,91.33,101.33,107.67,121.0,143.31,159.31,174.86,190.29,208.88,232.35,288.62,368.29,417.49,448.9,470.84,485.64,496.31,505.36,512.93,519.03,524.7,529.56,533.74,538.15,542.43,546.81,551.29,555.87,560.6,565.43,570.38,575.48,580.51,585.68,590.94,595.85,600.38,604.41,608.23,611.35,614.28,616.88,619.53,621.49,622.99,623.92,624.36,624.22,623.57,622.61,621.34,619.83,618.35,616.63,614.98,613.37,611.89,610.47,609.19,607.81,606.15,604.25,602.19,599.81,597.42,594.82,592.14,589.61,586.82,584.34,582.37,584.38,589.08,594.73,601.11,607.34,610.59,611.34,611.51,611.27,610.92,610.62,610.2,609.77,609.38,608.8,608.39,607.87,607.18,606.75,606.23,605.72,605.24,604.62,604.11,603.38,602.79,601.95,601.13,600.58,599.73,599.08,598.26,597.49,596.89,596.04,595.36,594.57,593.92,593.16,592.55,591.67
20466,15,116.555,-5.11,9.07,48.8,619.55,926.57,800.63,768.15,780.94,804.3,815.18,765.34,761.66,777.96,796.69,753.41,691.12,686.03,699.29,680.38,672.95,700.6,705.52,703.11,699.07,699.71,700.03,701.7,699.78,696.39,698.81,699.44,696.68,699.84,698.76,699.63,699.07,700.05,699.65,699.19,699.97,699.81,699.22,699.82,699.71,699.74,699.29,699.75,699.82,699.77,699.53,699.85,700.05,699.1,699.87,699.45,699.87,699.81,699.49,699.94,700.12,700.08,700.05,699.91,700.07,699.76,700.06,699.86,699.94,699.97,699.87,700.03,699.75,699.84,700.39,700.15,699.67,699.46,699.35,698.9,699.56,701.16,700.96,700.66,700.45,700.24,700.08,661.71,526.89,392.94,262.32,132.21,27.65,14.55,15.44,15.74,15.99,16.41,16.53,16.82,17.1,17.04,17.39,17.56,17.74,17.83,17.71,17.72,17.83,17.95,18.05,17.9,18.07,18.2,18.27,18.44,18.41,18.57,18.46,18.59,18.65,18.66,18.82,18.86,18.75,18.8,19.01,19.05,19.08,-0.49,-0.4,-0.36,-0.41,2.52,13.28,22.49,33.23,44.37,54.58,57.84,65.22,75.34,86.36,88.29,85.34,91.08,101.0,107.39,120.82,142.97,159.05,174.5,189.96,208.83,232.59,290.32,369.22,417.84,448.9,471.01,485.6,496.25,505.21,512.67,518.88,524.43,529.38,533.63,537.91,542.34,546.58,551.03,555.54,560.34,565.09,570.1,575.16,580.2,585.52,590.52,595.27,599.86,603.81,607.5,610.76,613.56,616.35,618.81,620.75,622.04,622.95,623.37,623.11,622.43,621.44,620.02,618.71,617.03,615.42,613.72,612.18,610.79,609.24,607.89,606.49,604.83,602.94,600.87,598.54,596.01,593.2,590.45,587.8,585.27,582.71,580.7,582.66,587.28,592.92,599.2,605.64,608.9,609.78,609.71,609.68,609.22,608.89,608.61,608.13,607.6,607.17,606.6,606.1,605.69,605.02,604.49,604.04,603.47,602.95,602.34,601.71,601.01,600.18,599.4,598.78,598.02,597.21,596.54,595.78,595.02,594.35,593.53,592.75,592.22,591.43,590.76,590.04
20467,15,116.54,-5.16,9.27,46.16,604.57,923.2,798.07,765.95,778.97,802.41,813.42,763.89,760.24,776.64,795.66,752.13,690.36,685.28,698.54,679.19,672.6,700.24,705.1,702.94,699.95,700.14,699.95,701.36,701.23,698.86,696.62,698.78,699.11,697.46,699.67,699.53,699.57,699.57,698.52,699.9,699.47,698.89,699.81,699.26,700.24,699.88,699.86,700.02,699.91,699.84,700.03,699.75,699.84,699.37,699.76,699.87,699.58,699.94,699.88,700.0,699.94,699.99,699.9,700.04,699.91,699.97,700.02,700.04,699.76,700.12,699.95,699.79,700.39,700.06,699.84,699.51,699.34,699.0,699.37,700.56,700.67,700.26,699.87,699.62,699.42,699.27,698.96,663.05,526.99,392.69,261.9,132.29,28.92,17.88,18.36,18.74,19.17,19.38,19.56,19.88,19.91,19.97,20.25,20.29,20.37,20.55,20.51,20.74,20.83,20.87,21.05,21.06,21.09,21.04,21.33,21.33,21.45,21.4,21.56,21.6,21.65,21.73,21.71,21.87,21.8,21.95,22.05,22.02,22.18,-0.41,-0.3,-0.34,-0.41,2.91,13.58,22.76,33.6,44.66,54.64,57.87,65.37,75.55,86.26,88.42,85.44,91.37,101.05,107.27,120.51,142.66,158.91,174.17,189.62,208.07,230.93,281.33,362.95,414.1,446.33,469.3,484.87,495.57,504.73,512.37,518.68,524.46,529.31,533.61,537.83,542.15,546.44,550.99,555.56,560.37,565.23,570.1,575.17,580.36,585.61,590.73,595.54,600.15,604.27,607.91,611.08,614.08,616.93,619.44,621.4,622.93,624.01,624.3,624.13,623.5,622.52,621.22,619.84,618.12,616.52,614.79,613.19,611.61,610.1,608.81,607.26,605.65,603.81,601.6,599.22,596.81,594.23,591.5,588.79,586.17,583.69,581.77,583.76,588.42,594.06,600.27,606.73,609.85,610.78,610.72,610.39,610.25,609.86,609.34,608.91,608.44,608.04,607.59,607.05,606.47,605.95,605.42,604.92,604.45,603.78,603.06,602.47,601.79,600.91,600.18,599.46,598.71,597.99,597.29,596.52,595.73,595.01,594.38,593.66,592.87,592.03,591.37,590.72
20468,15,116.584,-6.05,9.18,48.35,607.85,923.86,799.58,767.01,778.96,801.96,812.42,761.94,758.64,775.16,794.27,750.8,689.53,686.07,700.14,679.05,671.62,699.69,705.11,702.87,699.6,699.59,700.14,701.58,699.59,695.35,699.97,698.31,699.02,697.99,699.8,699.58,699.8,699.38,699.06,699.83,699.5,698.87,699.71,699.21,699.97,699.28,699.82,699.88,699.87,700.08,699.93,699.77,699.66,699.49,699.77,699.89,699.44,699.46,699.88,700.07,700.07,699.91,700.04,700.02,699.86,700.02,699.96,699.83,699.82,700.02,699.82,699.95,699.94,699.84,699.62,700.3,700.18,699.89,699.57,699.37,699.18,698.96,700.37,701.04,700.63,700.43,700.23,662.6,526.89,393.08,262.25,132.44,27.05,13.97,14.64,15.13,15.44,15.58,15.85,16.02,16.09,16.17,16.43,16.38,16.55,16.55,16.81,16.87,16.95,17.11,17.09,17.12,17.2,17.4,17.41,17.43,17.52,17.54,17.6,17.79,17.83,17.9,17.75,17.99,18.05,18.05,18.16,18.27,18.15,-0.54,-0.52,-0.41,-0.6,2.88,13.51,22.67,33.35,44.66,54.79,57.77,65.07,75.43,86.52,88.3,85.26,91.2,101.08,107.37,120.45,142.86,158.97,174.36,189.71,208.3,231.62,284.79,365.51,415.65,447.88,470.62,485.52,496.18,505.31,512.72,519.01,524.62,529.46,533.62,538.03,542.43,546.75,551.03,555.62,560.26,565.19,570.18,575.09,580.54,585.76,590.81,595.51,600.02,604.14,607.89,611.14,614.0,616.61,619.12,621.15,622.68,623.88,624.25,624.0,623.5,622.51,621.16,619.76,618.18,616.56,615.11,613.54,611.97,610.57,609.04,607.6,606.04,604.34,602.23,599.9,597.59,594.88,592.11,589.54,586.95,584.52,582.44,584.46,589.04,594.94,601.21,607.83,611.21,611.95,612.1,611.87,611.64,611.25,610.96,610.54,610.14,609.76,609.22,608.74,608.22,607.63,607.19,606.54,606.17,605.53,605.01,604.32,603.64,602.81,602.17,601.37,600.64,599.93,599.19,598.5,597.79,597.18,596.55,595.8,594.96,594.37,593.73,593.11
20469,15,116.558,-4.79,9.01,46.01,605.57,921.68,797.24,765.08,778.71,801.89,812.72,762.75,759.24,776.04,795.16,751.76,689.78,684.81,698.14,678.91,672.02,699.8,705.2,702.9,700.18,699.93,699.97,701.45,701.08,700.59,696.65,698.74,698.81,698.16,699.82,699.56,699.36,699.31,699.07,699.63,699.24,699.25,699.43,699.35,700.05,699.37,699.71,700.14,699.93,699.78,699.97,699.57,699.77,699.89,699.47,699.62,699.65,699.82,699.64,699.78,700.04,699.79,700.06,699.95,699.96,700.03,699.92,700.01,700.12,699.75,699.92,700.21,699.93,699.66,699.34,699.12,700.2,700.51,700.33,700.01,699.72,699.59,699.29,699.16,699.05,700.71,701.18,662.41,526.42,392.3,261.74,131.98,28.96,17.99,18.41,18.89,19.31,19.5,19.7,19.88,20.03,20.07,20.24,20.51,20.46,20.4,20.72,20.75,20.7,20.85,20.87,21.04,21.14,21.02,20.99,21.28,21.29,21.39,21.43,21.49,21.64,21.65,21.71,21.79,21.74,22.02,22.02,22.05,22.08,-0.59,-0.54,-0.52,-0.49,2.71,13.29,22.32,33.24,44.22,54.48,57.69,65.04,75.31,86.19,88.15,85.21,91.01,100.83,107.22,120.4,142.43,158.83,174.07,189.96,208.41,231.9,285.5,366.42,416.41,447.75,470.19,484.92,495.58,504.72,512.18,518.4,523.96,528.87,533.09,537.49,541.8,546.09,550.64,555.41,559.94,564.83,570.01,574.94,580.1,585.35,590.35,595.32,599.86,604.19,607.81,611.31,614.13,616.85,619.5,621.41,623.02,623.93,624.43,624.22,623.63,622.67,621.34,619.94,618.33,616.77,615.07,613.44,612.02,610.57,609.23,607.87,606.1,604.22,602.15,599.82,597.38,594.72,592.07,589.46,586.76,584.28,582.14,584.26,589.0,594.59,601.04,607.46,610.62,611.42,611.56,611.26,611.02,610.6,610.28,609.86,609.39,608.88,608.4,607.96,607.57,607.09,606.37,605.88,605.3,604.81,604.31,603.55,602.8,601.95,601.31,600.55,599.86,599.18,598.37,597.61,597.06,596.21,595.57,594.82,594.15,593.32,592.78,591.93
20470,15,116.558,-5.75,9.44,49.52,613.42,923.13,796.9,764.85,778.63,803.38,814.3,763.88,760.44,776.82,795.42,751.68,689.85,684.65,697.91,678.65,670.89,699.64,704.87,702.97,699.62,699.46,699.82,701.4,700.19,695.44,698.98,699.28,697.12,698.97,699.21,699.76,698.95,699.6,699.46,699.51,699.87,699.72,699.24,699.92,699.71,699.92,699.96,700.04,699.81,699.69,700.03,699.8,699.3,699.8,699.62,699.7,699.89,699.7,699.85,700.03,699.86,699.94,699.96,700.04,699.9,700.05,699.83,700.03,700.08,699.88,700.1,700.05,699.65,700.14,700.22,699.77,699.49,699.17,699.03,700.7,701.02,700.66,700.35,700.07,699.96,699.78,699.53,663.49,527.78,393.25,262.61,132.62,27.82,14.76,15.49,15.87,16.19,16.54,16.6,16.95,17.0,17.07,17.13,17.43,17.47,17.42,17.6,17.64,17.91,17.86,18.09,18.12,18.03,18.24,18.24,18.32,18.47,18.44,18.5,18.7,18.78,18.79,18.75,18.97,18.92,18.97,19.07,19.09,19.2,-0.44,-0.39,-0.43,-0.38,3.05,13.81,22.9,33.58,44.77,54.95,57.93,65.54,75.6,86.54,88.52,85.37,91.32,101.1,107.2,119.55,142.58,158.85,174.44,190.11,209.05,232.76,290.94,369.92,418.23,449.38,471.66,485.98,496.66,505.6,513.06,519.3,524.75,529.51,533.64,538.01,542.4,546.75,551.2,555.83,560.4,565.31,570.3,575.43,580.49,585.74,590.89,595.69,600.2,604.36,608.05,611.35,614.25,616.77,619.22,621.28,622.83,623.65,624.12,623.98,623.41,622.32,621.14,619.62,618.22,616.61,614.98,613.41,612.03,610.52,609.15,607.8,606.2,604.49,602.27,599.97,597.38,594.84,592.11,589.48,586.86,584.43,582.32,584.31,588.95,594.77,601.3,607.86,611.02,612.14,612.17,612.02,611.6,611.35,611.02,610.74,610.42,609.9,609.27,608.78,608.27,607.74,607.23,606.77,606.26,605.73,605.24,604.49,603.76,603.06,602.23,601.53,600.78,600.09,599.43,598.76,598.13,597.39,596.8,596.04,595.52,594.71,594.08,593.48
20471,15,116.608,-6.75,8.87,50.4,616.28,926.1,798.5,765.71,778.77,801.96,812.69,762.84,758.9,775.43,794.56,751.58,689.34,684.21,697.72,679.25,672.01,699.75,705.12,702.96,699.89,699.95,699.51,701.43,700.45,696.21,698.37,699.26,697.36,699.06,699.31,699.47,698.91,699.72,699.65,699.38,699.29,699.83,698.79,699.97,699.55,699.78,699.37,700.01,699.73,699.79,699.93,699.97,699.8,699.41,699.77,699.98,699.73,699.86,699.94,699.91,700.03,699.96,700.01,700.01,699.95,700.08,699.97,699.88,699.98,700.08,700.06,699.77,699.8,700.31,700.01,699.78,699.54,699.25,699.06,699.37,700.96,700.75,700.39,700.14,699.94,699.66,699.54,663.58,527.68,393.41,262.45,132.5,27.32,14.42,14.95,15.48,15.74,15.95,16.3,16.42,16.46,16.65,16.7,16.77,16.99,16.96,17.18,17.29,17.33,17.45,17.56,17.61,17.65,17.68,17.79,17.86,17.96,18.08,18.05,18.1,18.24,18.31,18.23,18.32,18.4,18.48,18.62,18.66,18.69,-0.54,-0.53,-0.49,-0.42,2.01,12.29,21.4,32.2,43.33,53.61,56.71,64.26,74.53,85.31,87.5,84.53,90.52,100.51,107.6,121.14,142.75,158.81,174.31,189.74,208.44,232.19,289.73,369.15,417.9,449.24,471.27,485.83,496.42,505.45,512.78,519.12,524.59,529.32,533.45,537.78,542.21,546.44,550.99,555.7,560.42,565.05,570.02,575.21,580.33,585.64,590.74,595.76,600.36,604.4,608.23,611.64,614.53,617.18,619.72,621.77,623.3,624.23,624.7,624.57,623.91,622.94,621.69,620.13,618.68,617.09,615.37,613.74,612.28,610.87,609.45,607.94,606.51,604.7,602.61,600.29,597.67,595.09,592.38,589.64,587.03,584.56,582.48,584.43,589.12,594.91,601.32,607.85,611.16,612.06,612.17,611.97,611.71,611.41,610.99,610.57,610.13,609.73,609.16,608.72,608.15,607.64,607.16,606.55,606.05,605.58,604.9,604.36,603.64,603.02,602.24,601.52,600.75,600.1,599.33,598.66,597.98,597.36,596.63,595.98,595.38,594.59,594.05,593.39
20472,15,116.579,-6.78,8.61,47.55,608.21,926.22,797.79,765.6,778.57,801.58,812.22,762.53,759.15,775.89,794.87,752.31,689.81,684.59,697.89,679.03,671.47,699.63,704.78,702.42,700.29,699.94,699.83,701.43,697.91,700.74,698.22,697.37,699.12,698.0,699.83,699.56,699.64,699.67,698.87,699.77,699.45,698.66,699.83,699.1,700.06,699.42,699.9,699.53,699.8,699.8,700.12,699.71,700.06,699.39,699.94,699.24,699.74,699.93,698.99,699.9,699.93,699.98,700.05,699.96,699.93,699.98,700.03,699.68,700.15,699.91,699.55,700.32,700.07,699.83,699.49,699.34,699.05,699.32,700.78,700.72,700.48,700.2,699.96,699.74,699.52,699.33,699.15,663.59,527.65,393.15,262.44,132.5,26.91,13.79,14.24,15.05,15.31,15.55,15.64,15.78,15.87,16.12,16.07,16.25,16.4,16.52,16.53,16.8,16.84,16.8,16.91,17.06,17.07,17.13,17.21,17.29,17.33,17.42,17.59,17.66,17.63,17.73,17.78,17.79,17.9,17.89,17.96,17.97,18.03,-0.47,-0.49,-0.41,-0.46,2.27,12.72,21.79,32.51,43.71,53.88,57.04,64.48,74.76,85.58,87.7,84.66,90.54,100.42,106.97,120.06,142.17,157.99,172.69,188.56,207.14,230.33,281.66,363.36,414.52,447.01,470.08,484.99,495.88,504.97,512.52,518.84,524.49,529.19,533.64,537.8,542.13,546.48,550.97,555.58,560.27,565.14,570.07,575.15,580.41,585.7,590.93,595.94,600.31,604.67,608.46,611.74,614.68,617.34,619.82,621.88,623.43,624.55,624.98,624.97,624.4,623.4,622.14,620.74,619.19,617.63,615.98,614.45,612.94,611.53,610.15,608.77,607.27,605.37,603.35,601.01,598.52,595.88,593.22,590.58,587.92,585.42,583.31,585.29,590.04,595.8,602.16,608.87,612.28,613.17,613.32,613.07,612.7,612.46,612.11,611.58,611.33,610.8,610.46,609.78,609.32,608.85,608.22,607.78,607.21,606.69,606.09,605.46,604.67,603.97,603.22,602.49,601.84,601.17,600.39,599.69,599.1,598.36,597.72,597.05,596.5,595.69,595.08,594.42
20473,15,116.565,-4.98,9.31,48.73,611.46,923.04,796.45,764.58,778.43,800.81,811.62,761.85,758.52,775.25,793.92,750.63,688.99,684.09,697.71,678.35,671.66,699.57,704.83,702.76,700.12,699.66,699.79,701.36,700.81,695.7,698.33,699.08,697.63,698.5,699.38,699.82,699.15,699.39,699.37,699.37,699.23,699.6,698.93,700.08,699.59,699.45,699.65,700.06,699.59,699.75,699.89,699.57,699.78,699.5,699.86,699.28,699.49,699.94,699.49,699.92,700.01,700.01,699.98,700.0,700.02,699.91,699.95,700.08,699.73,699.89,700.01,699.66,700.12,700.14,699.9,699.56,699.34,699.14,699.01,700.35,700.52,700.33,700.01,699.69,699.6,699.29,699.15,663.11,526.98,392.61,261.83,131.94,29.48,18.52,19.06,19.59,19.98,20.17,20.32,20.45,20.55,20.81,20.85,21.05,21.05,21.06,21.28,21.36,21.54,21.57,21.67,21.71,21.78,21.85,21.87,21.96,22.07,22.08,22.24,22.34,22.35,22.38,22.49,22.47,22.52,22.55,22.63,22.72,22.81,-0.5,-0.47,-0.49,-0.45,2.64,13.26,22.41,33.1,44.43,54.45,57.6,64.97,75.24,86.16,88.17,85.22,91.07,100.87,107.23,120.35,142.56,158.68,174.21,189.77,208.2,231.4,284.71,365.27,415.07,447.05,469.73,484.72,495.52,504.66,512.23,518.5,524.12,528.94,533.15,537.49,541.78,546.08,550.76,555.31,560.19,564.82,569.74,574.82,579.93,585.0,590.26,595.14,599.59,603.74,607.38,610.76,613.58,616.3,618.9,620.85,622.29,623.29,623.67,623.43,622.8,621.85,620.52,619.02,617.45,615.87,614.21,612.61,611.04,609.7,608.34,606.88,605.24,603.36,601.19,598.71,596.2,593.61,590.74,588.13,585.56,583.09,581.04,583.03,587.63,593.34,599.64,606.06,609.25,610.07,610.18,609.95,609.65,609.26,608.95,608.53,608.05,607.69,607.14,606.6,606.14,605.58,605.09,604.55,603.95,603.43,602.9,602.2,601.56,600.81,600.02,599.3,598.64,597.81,597.13,596.39,595.7,595.0,594.25,593.49,592.85,592.09,591.41,590.7
20474,15,116.582,-6.3,9.23,51.36,615.77,923.35,797.67,765.35,778.34,801.55,811.98,762.1,759.66,776.42,794.25,750.96,689.23,684.23,697.6,678.85,672.48,699.77,705.02,702.69,700.37,699.85,699.78,701.25,699.85,700.27,699.31,699.75,696.53,699.5,699.02,699.73,698.84,699.75,699.76,698.79,699.73,699.98,698.43,699.73,699.8,699.94,699.97,699.56,700.03,699.8,700.07,699.16,699.85,699.89,699.15,699.74,699.81,699.44,699.69,699.8,700.01,699.94,699.86,700.0,700.07,699.98,699.83,700.0,699.92,700.03,699.64,700.18,700.04,699.71,699.37,700.16,700.37,699.97,699.62,699.45,699.12,698.93,700.22,701.51,701.12,700.85,699.77,662.43,527.31,392.59,261.74,131.8,29.68,18.73,19.24,19.75,20.16,20.36,20.53,20.64,20.76,21.02,21.05,21.18,21.26,21.39,21.55,21.57,21.68,21.76,21.94,21.97,22.07,22.13,22.12,22.27,22.4,22.46,22.42,22.59,22.61,22.65,22.65,22.76,22.82,22.88,22.94,22.95,23.03,-0.4,-0.37,-0.42,-0.41,2.9,13.56,22.73,33.44,44.58,54.73,57.96,65.33,75.67,86.63,88.61,85.46,91.62,101.43,108.47,122.23,143.81,159.96,175.52,191.01,209.67,233.21,290.11,369.82,418.57,450.13,472.31,486.35,497.04,505.84,513.32,519.48,524.94,529.73,533.94,538.31,542.65,546.99,551.4,556.03,560.79,565.68,570.56,575.61,580.87,585.97,591.06,595.81,600.25,604.36,608.02,611.23,614.17,616.79,619.14,621.01,622.45,623.4,623.65,623.51,622.76,621.73,620.36,618.99,617.36,615.87,614.29,612.7,611.24,609.91,608.56,607.2,605.58,603.8,601.76,599.47,597.12,594.44,591.81,589.05,586.59,584.16,582.26,584.32,589.12,594.95,601.33,607.96,611.2,612.04,612.17,611.96,611.72,611.38,611.1,610.6,610.28,609.86,609.38,608.85,608.43,607.85,607.37,606.92,606.32,605.79,605.36,604.62,604.03,603.28,602.67,601.92,601.13,600.59,599.78,599.1,598.44,597.72,597.1,596.36,595.74,595.08,594.37,593.77
20475,15,116.584,-6.69,8.85,49.24,612.16,922.99,796.75,764.6,777.21,800.3,811.17,761.25,757.88,774.53,793.29,749.89,688.24,683.56,698.65,679.26,671.97,699.85,705.12,702.82,699.7,699.83,699.63,701.37,700.39,695.08,698.87,699.35,697.49,698.78,699.54,699.72,699.03,699.18,699.61,699.21,699.64,699.73,699.0,700.09,699.85,699.68,699.76,700.07,700.04,699.69,699.74,700.01,699.97,699.2,699.97,699.35,699.38,700.03,699.04,699.93,699.96,700.01,700.02,699.98,699.97,700.18,700.05,699.72,700.06,699.93,699.71,700.18,699.91,699.65,699.37,699.85,700.62,700.39,700.0,699.76,699.54,699.35,699.12,699.16,700.86,701.0,700.79,662.57,526.76,393.02,262.53,132.46,27.43,14.71,15.08,15.65,15.87,16.11,16.26,16.54,16.54,16.68,16.89,16.95,17.11,17.07,17.22,17.32,17.6,17.59,17.66,17.73,17.73,17.95,18.03,18.08,18.07,18.26,18.23,18.35,18.44,18.43,18.47,18.55,18.63,18.73,18.73,18.78,18.83,-0.63,-0.54,-0.45,-0.47,2.9,13.51,22.65,33.28,44.48,54.56,57.56,65.07,75.22,86.19,87.97,84.98,90.83,100.66,107.37,120.75,142.95,159.01,174.36,189.94,208.72,232.46,288.49,368.02,416.92,448.48,471.08,485.61,496.24,505.32,512.81,519.02,524.44,529.21,533.48,537.79,542.24,546.6,551.14,555.64,560.38,565.24,570.16,575.24,580.38,585.64,590.75,595.79,600.13,604.25,608.0,611.35,614.21,616.77,619.39,621.27,622.85,623.72,624.21,624.07,623.28,622.22,621.04,619.49,618.04,616.4,614.82,613.18,611.74,610.33,608.96,607.46,605.82,604.01,601.9,599.56,597.17,594.49,591.77,589.13,586.42,583.93,581.85,583.87,588.53,594.25,600.63,607.07,610.37,611.28,611.32,611.15,610.87,610.46,610.2,609.74,609.33,608.9,608.41,607.93,607.48,606.83,606.41,605.85,605.26,604.81,604.06,603.53,602.68,602.02,601.24,600.57,599.82,599.06,598.26,597.62,596.91,596.17,595.52,594.81,594.21,593.51,592.81,592.27
20476,15,116.558,-6.82,8.66,50.58,613.59,922.22,797.37,765.99,777.97,801.32,811.79,761.84,758.34,774.8,793.69,749.48,688.13,683.37,696.97,678.12,671.9,699.43,704.92,702.84,699.84,699.15,699.91,701.33,699.17,695.77,698.83,699.58,696.8,699.35,699.08,699.78,698.59,699.84,699.82,699.17,699.95,700.07,699.89,700.13,699.68,699.8,699.84,699.91,699.96,699.8,699.92,699.29,699.83,699.98,699.48,699.65,699.71,699.93,699.28,699.99,700.02,699.92,699.96,700.01,699.94,700.06,699.99,700.06,699.49,699.99,699.98,699.53,699.52,700.4,700.32,699.87,699.61,699.47,699.28,699.05,699.89,700.82,700.56,700.37,700.11,699.77,699.6,662.98,527.17,392.87,261.83,131.75,29.44,18.51,18.9,19.38,19.9,20.14,20.18,20.35,20.61,20.62,20.77,20.9,20.9,21.0,21.27,21.31,21.3,21.5,21.56,21.58,21.7,21.76,21.81,21.75,21.93,21.87,22.02,22.07,22.09,22.34,22.29,22.32,22.37,22.48,22.48,22.47,22.7,-0.46,-0.32,-0.32,-0.35,2.95,13.56,22.73,33.55,44.64,54.93,57.87,65.39,75.57,86.45,88.3,85.35,91.2,101.06,107.86,121.29,143.01,159.35,174.91,190.46,208.92,232.51,288.43,367.27,416.4,447.81,470.45,485.06,495.89,504.83,512.45,518.69,524.36,529.17,533.52,537.83,542.22,546.59,551.14,555.75,560.48,565.27,570.23,575.34,580.47,585.71,590.74,595.65,600.12,604.28,607.99,611.39,614.39,617.07,619.56,621.74,623.09,624.12,624.44,624.24,623.65,622.63,621.36,619.9,618.3,616.63,615.0,613.43,611.95,610.5,609.02,607.61,605.99,604.21,602.14,599.87,597.26,594.52,591.88,589.15,586.53,584.0,581.96,583.96,588.63,594.24,600.64,606.91,610.05,610.78,610.9,610.57,610.28,609.98,609.58,609.11,608.65,608.2,607.58,607.11,606.51,606.05,605.44,604.9,604.37,603.76,603.2,602.54,601.86,601.08,600.41,599.67,598.9,598.24,597.52,596.82,596.14,595.37,594.63,593.72,593.09,592.52,591.66,591.05
20477,15,116.551,-4.09,9.68,53.54,623.05,923.98,797.52,764.38,777.02,800.11,811.0,760.96,757.97,774.54,793.86,751.04,689.76,684.65,698.4,679.55,672.05,699.94,705.23,702.79,700.39,700.02,699.43,701.28,699.84,699.88,698.86,700.08,696.6,700.2,699.11,699.69,699.32,699.95,699.66,698.98,699.8,699.65,699.68,699.38,699.92,699.67,699.78,699.25,700.06,699.96,699.89,699.55,699.93,699.95,699.31,699.39,699.47,699.82,699.63,699.98,699.95,699.93,699.98,699.94,699.99,699.82,700.06,699.96,699.4,700.29,699.97,699.58,699.36,699.2,700.39,700.5,700.32,699.94,699.63,699.47,699.31,699.05,699.75,701.45,701.51,700.98,697.38,663.7,527.73,393.4,262.35,132.37,27.74,14.31,14.9,15.37,15.66,15.99,16.28,16.5,16.79,16.83,17.11,17.32,17.36,17.46,17.37,17.61,17.41,17.84,17.71,17.74,17.93,18.08,18.07,18.19,18.17,18.2,18.26,18.29,18.5,18.4,18.56,18.57,18.49,18.84,18.84,18.93,18.92,-0.52,-0.51,-0.43,-0.43,3.08,13.82,22.91,33.61,44.75,54.82,57.82,65.23,75.44,86.36,88.46,85.4,91.51,101.3,107.82,121.33,143.39,159.68,175.49,191.2,209.91,233.64,293.18,371.67,419.64,450.73,472.6,486.71,497.18,506.32,513.5,519.78,525.25,529.82,534.16,538.43,542.94,547.2,551.7,556.46,561.1,565.94,570.83,575.98,581.29,586.43,591.62,596.54,601.07,605.13,608.9,612.27,615.11,617.89,620.36,622.5,624.05,625.08,625.36,625.28,624.65,623.54,622.21,620.94,619.35,617.67,616.14,614.5,613.15,611.77,610.29,608.8,607.16,605.45,603.28,600.93,598.52,596.13,593.27,590.51,587.8,585.44,583.46,585.47,590.31,596.02,602.33,608.82,612.12,613.04,613.19,612.94,612.86,612.25,611.93,611.6,611.1,610.69,610.16,609.73,609.16,608.58,608.05,607.55,607.07,606.3,605.72,605.08,604.36,603.69,602.93,602.1,601.33,600.64,600.01,599.18,598.67,597.88,597.26,596.47,595.73,594.98,594.34,593.66
20478,15,116.569,-6.44,8.72,51.96,619.1,923.34,796.74,764.77,777.93,801.12,811.53,761.66,758.17,774.53,793.14,749.46,689.58,684.64,696.95,677.98,671.52,699.24,704.57,702.51,699.01,699.76,700.34,701.52,697.34,696.44,698.73,699.77,696.27,699.98,698.58,699.78,698.92,699.85,699.57,698.89,700.12,699.62,699.3,699.44,699.86,699.83,699.69,699.73,699.89,699.54,699.99,699.73,699.58,699.58,699.66,699.6,699.57,699.15,699.83,699.72,699.84,699.89,700.03,699.99,699.97,700.04,700.06,700.08,699.95,699.66,699.39,700.22,699.91,699.73,699.29,699.59,700.37,700.08,699.73,699.54,699.16,698.84,699.79,701.17,700.93,700.55,700.34,661.18,526.14,392.65,261.88,131.58,29.7,18.25,19.01,19.37,19.79,19.81,20.0,20.46,20.52,20.62,20.9,20.95,21.15,21.09,21.35,21.29,21.35,21.5,21.5,21.58,21.8,21.77,21.79,21.81,21.97,21.93,22.05,22.04,22.25,22.32,22.2,22.55,22.54,22.45,22.65,22.6,22.63,-0.38,-0.38,-0.35,-0.43,2.8,13.49,22.68,33.47,44.53,54.69,57.61,65.12,75.35,86.45,88.04,85.28,91.09,101.03,108.04,121.62,143.46,159.78,175.17,190.82,209.75,233.86,294.08,371.43,419.52,450.07,472.1,486.36,496.98,505.88,513.17,519.4,524.93,529.5,533.85,538.17,542.46,546.81,551.28,555.9,560.65,565.57,570.51,575.7,580.79,586.11,591.27,596.13,600.51,604.5,608.33,611.53,614.48,617.07,619.73,621.79,623.16,624.13,624.43,624.22,623.72,622.52,621.17,619.75,618.29,616.71,614.96,613.39,611.93,610.35,609.07,607.63,606.04,604.15,602.1,599.96,597.53,594.93,592.1,589.63,587.04,584.58,582.64,584.56,589.39,594.98,601.41,607.84,611.08,611.86,612.02,611.98,611.49,611.16,610.77,610.43,610.05,609.54,609.16,608.57,608.09,607.52,607.02,606.52,605.92,605.53,604.88,604.29,603.76,602.88,602.27,601.56,600.95,600.07,599.38,598.71,598.1,597.42,596.79,596.16,595.4,594.59,594.02,593.41
20479,15,116.601,-6.62,8.76,51.86,617.86,923.14,797.25,764.36,777.62,800.91,811.3,761.42,758.18,774.39,792.85,749.46,687.81,682.92,696.35,677.02,670.64,699.08,704.48,702.66,699.94,699.69,699.7,701.35,700.6,696.72,697.79,699.22,696.61,699.45,698.99,699.64,698.89,699.86,699.88,698.93,699.86,699.92,699.12,699.94,699.41,699.87,700.03,700.12,699.99,699.97,699.46,699.76,699.74,699.76,699.43,699.7,699.81,699.44,699.91,699.91,699.98,699.84,700.06,699.96,700.13,699.9,700.02,699.96,700.01,699.96,699.67,700.02,699.98,700.0,700.13,699.77,699.61,699.45,700.45,700.28,700.02,699.62,699.36,699.06,698.9,700.64,701.43,662.23,526.43,392.58,261.89,131.82,29.65,18.73,19.19,19.71,19.99,20.3,20.42,20.62,20.74,20.81,21.04,21.08,21.2,21.27,21.32,21.58,21.52,21.82,21.79,21.88,21.93,21.99,21.97,22.13,22.21,22.24,22.34,22.39,22.44,22.56,22.58,22.59,22.67,22.64,22.8,22.84,22.92,-0.44,-0.41,-0.46,-0.44,3.21,14.03,23.1,33.7,44.93,54.96,58.05,65.46,75.67,86.51,88.45,85.36,91.23,101.08,107.26,120.39,143.35,159.87,175.89,191.74,210.93,234.97,296.65,374.09,421.17,451.6,473.04,487.09,497.74,506.42,513.76,519.98,525.38,530.07,534.26,538.59,542.92,547.42,551.93,556.6,561.28,566.17,571.19,576.18,581.49,586.64,591.78,596.42,600.92,605.11,608.59,611.9,614.93,617.46,619.87,621.95,623.53,624.36,624.69,624.62,623.93,622.91,621.7,620.17,618.71,617.21,615.52,613.98,612.59,611.16,609.83,608.47,606.89,605.05,603.08,600.75,598.23,595.66,593.03,590.45,587.72,585.26,583.22,585.33,590.12,595.71,602.29,608.69,611.88,612.77,612.89,612.67,612.44,612.09,611.8,611.41,610.91,610.53,609.99,609.53,609.09,608.57,608.03,607.56,607.12,606.55,606.0,605.41,604.69,603.92,603.21,602.51,601.76,601.09,600.41,599.69,599.08,598.27,597.65,597.05,596.3,595.76,595.09,594.45
20480,15,116.569,-6.41,9.14,52.56,619.92,923.5,796.34,763.52,776.88,800.49,810.91,761.07,757.29,774.0,792.89,749.55,687.78,682.55,696.19,677.41,670.96,698.77,704.54,702.59,699.88,699.9,699.69,701.34,700.28,699.69,696.65,699.3,696.81,700.02,699.16,699.31,698.84,699.95,699.76,698.91,700.02,699.97,699.4,699.6,699.55,700.23,699.29,699.74,699.91,699.83,699.35,699.97,700.04,699.3,699.93,699.18,699.68,699.99,699.47,699.96,700.04,699.99,699.77,700.05,699.85,699.95,700.04,699.96,699.93,699.76,700.12,699.88,699.58,699.32,699.51,700.59,700.35,699.89,699.79,699.45,699.38,699.06,699.03,701.07,701.48,701.13,700.17,662.0,527.08,392.57,261.88,131.68,29.8,19.05,19.58,20.04,20.34,20.64,20.66,21.03,21.07,21.13,21.4,21.46,21.54,21.75,21.83,21.89,22.0,21.97,22.12,22.15,22.19,22.35,22.44,22.39,22.51,22.65,22.52,22.77,22.72,22.93,22.87,22.98,23.0,23.02,23.13,23.26,23.11,-0.41,-0.32,-0.43,-0.42,2.79,13.6,22.61,33.28,44.48,54.54,57.64,65.08,75.22,86.23,88.19,85.19,91.1,100.93,107.91,121.63,143.23,159.53,175.18,190.95,209.95,234.03,295.3,373.02,420.67,451.07,472.47,486.65,497.33,506.12,513.3,519.54,524.99,529.83,533.91,538.18,542.63,547.13,551.6,556.17,560.9,565.63,570.62,575.84,581.05,586.36,591.42,596.42,600.93,605.0,608.82,612.06,614.98,617.64,620.13,622.08,623.54,624.52,624.91,624.95,624.36,623.23,621.96,620.46,619.02,617.65,615.93,614.28,612.82,611.52,609.94,608.5,607.02,605.27,603.25,601.06,598.7,596.22,593.62,590.92,588.32,585.72,583.79,585.83,590.47,596.45,602.98,609.42,612.46,613.39,613.33,613.15,612.82,612.6,612.15,611.74,611.44,610.86,610.42,609.89,609.47,608.92,608.41,607.89,607.44,606.91,606.32,605.79,605.11,604.28,603.73,602.88,602.28,601.51,600.74,600.14,599.45,598.67,598.02,597.37,596.7,596.01,595.3,594.7
20481,15,116.597,-6.47,9.24,53.69,621.57,923.53,796.79,764.4,777.18,800.16,810.5,760.64,757.56,774.15,793.95,749.69,687.85,683.16,696.68,677.92,670.63,698.6,704.42,702.56,700.32,699.98,699.75,701.27,699.66,700.07,699.24,700.0,697.1,700.0,699.99,699.11,699.06,699.72,699.61,698.98,700.02,699.72,699.52,699.64,699.84,699.84,699.75,699.21,699.91,699.57,699.82,699.67,699.87,699.57,699.67,699.69,700.02,699.64,699.97,699.92,700.02,700.0,699.92,699.96,699.89,699.89,700.01,699.74,700.03,699.94,700.07,699.92,699.72,700.25,700.07,699.66,699.46,699.22,699.07,700.08,700.74,700.42,700.07,699.87,699.73,699.46,699.19,663.46,528.08,393.38,262.51,132.41,27.59,14.27,14.85,15.41,15.75,15.94,16.13,16.4,16.49,16.61,16.72,16.84,17.01,17.16,17.05,17.18,17.33,17.42,17.46,17.49,17.56,17.64,17.71,17.83,17.86,17.94,17.99,18.02,18.18,18.28,18.24,18.31,18.49,18.47,18.59,18.57,18.66,-0.48,-0.36,-0.47,-0.42,2.82,13.45,22.57,33.37,44.4,54.39,57.57,65.12,75.3,86.25,88.19,85.11,91.04,101.06,108.18,121.55,143.27,159.39,175.14,191.14,209.81,233.89,295.54,373.58,420.81,451.77,473.41,486.97,497.52,506.37,513.44,519.68,525.01,529.6,533.89,538.23,542.57,546.91,551.28,556.01,560.66,565.54,570.42,575.5,580.71,585.95,590.97,595.93,600.37,604.47,608.16,611.46,614.34,616.87,619.31,621.27,622.74,623.67,624.0,623.77,623.16,622.09,620.74,619.24,617.74,616.2,614.6,613.06,611.62,610.15,608.92,607.44,605.96,604.32,602.33,600.02,597.57,594.95,592.36,589.73,587.16,584.72,582.65,584.52,589.26,594.95,601.39,607.89,611.17,612.16,612.28,612.02,611.8,611.4,611.08,610.73,610.21,609.88,609.39,608.94,608.45,607.79,607.41,606.88,606.42,605.81,605.39,604.72,603.99,603.24,602.61,601.91,601.11,600.36,599.66,599.07,598.34,597.66,597.0,596.4,595.72,595.12,594.43,593.83
20482,15,116.583,-5.57,8.63,51.86,617.17,922.08,796.34,764.07,777.45,800.54,811.06,761.11,757.65,774.64,793.3,749.19,687.74,683.12,696.75,677.71,671.28,699.34,704.74,702.56,699.75,699.5,700.2,701.62,697.34,696.54,699.03,699.82,696.6,699.63,698.86,699.8,699.21,699.83,699.79,698.38,699.86,700.01,699.06,699.79,699.76,699.94,699.96,699.43,700.09,699.44,699.95,699.55,699.79,699.45,699.8,699.41,699.43,699.57,699.68,699.84,699.93,700.06,700.07,700.03,699.94,699.97,699.75,700.18,699.77,699.48,700.02,699.92,699.69,700.18,699.89,699.69,700.13,699.97,699.82,699.64,700.11,700.43,699.99,699.77,699.44,699.47,699.17,663.1,527.31,392.75,261.79,131.73,29.75,18.76,19.28,19.89,20.13,20.52,20.54,20.8,20.8,20.84,21.11,21.17,21.23,21.52,21.67,21.57,21.74,21.79,21.77,21.85,21.97,21.97,22.3,22.34,22.25,22.29,22.57,22.4,22.53,22.64,22.59,22.83,22.82,22.99,22.83,22.99,23.1,-0.54,-0.54,-0.6,-0.47,2.9,13.41,22.57,33.32,44.39,54.5,57.62,64.91,75.17,85.96,87.89,84.9,90.88,100.82,107.26,120.8,142.91,159.26,175.16,190.92,209.78,233.94,294.73,371.8,419.75,450.17,472.19,486.35,496.93,505.73,513.05,519.34,524.83,529.5,533.58,538.03,542.52,546.7,551.25,555.95,560.52,565.36,570.46,575.46,580.58,585.91,590.94,595.8,600.42,604.48,608.14,611.53,614.37,616.83,619.32,621.29,622.78,623.71,623.98,623.69,622.95,621.84,620.48,619.12,617.7,616.0,614.27,612.79,611.25,609.8,608.3,606.9,605.29,603.47,601.41,599.21,596.68,594.11,591.36,588.71,586.14,583.72,581.84,583.71,588.56,594.36,600.78,607.31,610.5,611.28,611.46,611.26,610.94,610.7,610.15,609.81,609.39,608.9,608.47,608.06,607.47,607.04,606.45,606.05,605.4,604.96,604.4,603.84,603.14,602.36,601.71,601.04,600.35,599.64,598.88,598.36,597.57,596.97,596.21,595.69,594.92,594.25,593.75,593.02
20483,15,116.593,-5.22,8.9,49.6,608.6,922.33,796.4,763.69,776.49,800.04,810.77,760.9,757.5,774.06,792.76,749.4,687.39,682.35,695.93,676.52,670.16,698.12,704.12,702.4,699.57,699.53,700.18,701.31,699.12,695.61,699.45,698.51,698.92,697.99,699.66,699.58,699.41,699.42,698.98,699.63,699.48,699.41,699.45,699.59,700.11,699.21,699.78,700.14,699.64,699.88,699.92,699.0,699.93,700.01,699.43,699.43,699.59,699.79,699.92,700.09,699.97,699.97,700.0,699.96,699.92,700.02,700.1,700.01,700.0,699.97,699.77,700.1,700.12,699.74,699.58,699.34,699.24,700.73,700.78,700.46,700.12,699.96,699.61,699.45,699.26,699.05,699.74,663.47,526.77,392.6,261.76,132.02,29.3,18.35,18.95,19.39,19.75,19.89,20.16,20.46,20.52,20.58,20.75,20.87,20.89,20.95,21.15,21.32,21.35,21.41,21.51,21.56,21.65,21.65,21.8,21.77,21.95,21.97,21.95,22.12,22.09,22.16,22.32,22.34,22.48,22.46,22.59,22.57,22.59,-0.44,-0.43,-0.41,-0.43,2.77,13.47,22.54,33.24,44.3,54.52,57.62,65.0,75.19,86.12,88.0,84.98,90.85,100.61,107.07,120.48,142.73,159.09,174.58,190.39,209.34,233.08,290.21,369.41,418.15,449.65,472.06,486.34,496.89,505.72,513.28,519.55,525.02,529.73,533.87,538.28,542.81,547.03,551.65,556.32,560.9,565.64,570.76,575.84,581.01,586.17,591.32,596.25,600.89,605.04,608.73,612.18,615.08,617.81,620.39,622.5,624.05,625.11,625.6,625.43,624.94,623.9,622.68,621.3,619.77,618.28,616.73,615.13,613.65,612.34,611.0,609.6,608.06,606.17,604.15,601.89,599.5,597.01,594.36,591.68,589.09,586.58,584.56,586.51,591.39,597.15,603.53,610.11,613.35,614.27,614.34,614.16,613.9,613.56,613.16,612.85,612.39,611.99,611.51,611.01,610.51,610.03,609.48,608.96,608.43,607.89,607.31,606.73,605.95,605.26,604.59,603.85,603.13,602.36,601.65,601.0,600.35,599.66,598.89,598.33,597.63,597.05,596.35,595.72
20484,15,116.576,-6.72,8.72,53.01,621.59,923.33,795.95,763.07,776.39,799.89,810.5,761.42,758.59,774.31,793.44,750.11,688.36,683.29,696.93,678.1,671.38,699.33,704.7,702.83,699.59,699.64,700.12,701.41,698.68,696.37,698.54,699.11,696.21,700.01,698.66,699.45,699.39,699.87,699.62,698.64,699.94,699.89,699.49,699.66,699.89,699.83,699.89,699.2,699.87,700.05,699.65,700.03,699.79,699.81,699.31,699.64,699.3,699.77,699.59,699.82,699.98,700.05,699.95,700.01,699.87,700.05,700.01,699.97,699.94,699.63,700.02,699.82,699.99,700.22,699.91,699.5,699.41,699.08,699.89,700.26,700.09,699.73,699.49,699.39,699.09,699.57,700.9,662.82,526.81,392.61,261.99,131.69,29.87,18.45,19.12,19.75,20.03,20.31,20.32,20.58,20.64,20.82,21.0,21.12,21.17,21.32,21.43,21.57,21.74,21.73,21.78,21.97,21.87,22.06,22.0,22.14,22.41,22.35,22.18,22.46,22.55,22.5,22.47,22.7,22.78,22.92,22.9,22.84,23.08,-0.47,-0.46,-0.52,-0.39,3.19,14.04,23.15,33.88,44.97,54.99,58.05,65.51,75.74,86.69,88.57,85.49,91.32,101.31,108.13,121.86,143.77,160.14,175.82,191.43,210.49,235.03,297.66,374.3,421.42,451.71,473.05,487.23,497.64,506.59,513.74,519.94,525.39,530.03,534.3,538.5,542.9,547.37,551.88,556.49,561.25,566.09,570.87,576.01,581.24,586.43,591.61,596.6,601.09,605.05,608.9,612.1,615.04,617.66,620.25,622.29,623.86,624.79,625.26,625.15,624.45,623.39,622.14,620.66,619.16,617.51,616.0,614.36,612.87,611.36,610.06,608.56,607.13,605.26,603.25,600.91,598.54,595.84,593.29,590.64,588.09,585.64,583.58,585.63,590.28,595.88,602.27,608.61,611.77,612.82,612.83,612.48,612.23,611.91,611.62,611.3,610.69,610.33,609.97,609.4,608.86,608.43,607.85,607.46,606.77,606.29,605.7,605.11,604.47,603.62,603.0,602.19,601.49,600.8,600.07,599.46,598.8,598.15,597.33,596.65,596.11,595.34,594.81,594.04
20485,15,116.577,-6.45,8.15,51.03,619.74,922.97,796.05,763.62,776.89,800.16,810.76,760.89,757.7,774.39,793.18,749.85,688.64,685.68,697.09,678.21,671.5,699.23,704.75,702.75,698.78,699.4,700.36,701.43,697.77,696.36,698.72,699.46,696.56,699.83,698.48,699.68,699.0,699.93,699.69,698.78,700.06,699.87,699.12,699.6,699.68,700.04,699.62,699.36,700.06,699.84,699.88,700.01,699.34,699.69,699.95,699.52,699.66,699.81,699.35,699.97,700.05,700.02,700.01,700.01,699.95,699.91,700.09,699.81,699.57,700.02,700.1,699.95,699.75,700.23,700.13,699.87,699.47,699.22,699.2,699.33,700.73,700.69,700.4,700.03,699.8,699.53,699.45,662.84,527.27,392.69,261.71,131.84,29.77,18.67,19.06,19.54,19.83,20.06,20.4,20.44,20.58,20.72,20.86,20.93,21.18,21.1,21.2,21.38,21.44,21.6,21.61,21.79,21.72,21.94,22.0,21.99,22.08,22.13,22.16,22.26,22.26,22.47,22.5,22.5,22.55,22.51,22.7,22.75,22.85,-0.43,-0.44,-0.45,-0.39,3.19,13.81,22.97,33.75,44.84,54.96,57.91,65.41,75.67,86.54,88.5,85.37,91.27,101.28,108.32,121.83,143.45,159.76,175.1,190.8,209.82,234.1,294.81,372.42,420.24,450.48,472.33,486.63,497.17,505.93,513.31,519.55,524.88,529.67,533.95,538.15,542.58,546.89,551.49,556.11,560.83,565.62,570.36,575.59,580.72,585.94,591.12,595.99,600.59,604.63,608.6,611.92,614.74,617.65,619.99,621.94,623.44,624.4,624.76,624.49,623.99,622.74,621.45,619.94,618.48,616.84,615.24,613.52,612.07,610.58,609.21,607.69,606.25,604.42,602.51,600.33,597.95,595.33,592.75,589.97,587.36,584.88,582.81,584.75,589.48,595.25,601.57,608.06,611.26,612.19,612.11,611.87,611.58,611.3,610.94,610.56,610.09,609.67,609.1,608.66,608.19,607.77,607.21,606.57,606.03,605.54,605.01,604.32,603.75,602.91,602.27,601.52,600.88,600.03,599.37,598.61,597.89,597.33,596.54,595.96,595.24,594.63,593.97,593.3
20486,15,116.62,-7.27,8.05,51.19,617.0,922.67,796.77,764.61,777.4,800.44,810.92,761.03,757.7,774.28,792.65,748.5,687.22,682.33,695.75,676.42,669.96,698.08,704.09,702.37,699.88,699.14,699.77,701.2,700.3,696.53,697.94,699.13,697.13,699.62,699.1,699.73,698.86,699.73,699.72,699.06,699.76,700.03,699.18,699.93,699.48,699.95,699.83,699.65,699.77,699.79,699.88,699.42,699.71,699.89,699.59,699.69,699.99,699.88,699.85,699.99,699.96,700.02,700.05,699.94,700.05,699.87,700.01,699.92,700.16,699.82,699.64,700.49,700.2,699.84,699.49,699.34,699.17,699.03,700.87,701.07,700.62,700.37,700.18,699.85,699.75,699.59,699.41,662.97,526.98,392.82,261.83,131.95,29.65,18.75,19.18,19.64,19.88,20.16,20.41,20.53,20.7,20.83,20.93,21.05,21.0,21.23,21.27,21.45,21.52,21.6,21.75,21.79,21.92,21.96,21.97,22.08,22.18,22.16,22.36,22.26,22.43,22.42,22.45,22.56,22.6,22.64,22.74,22.86,22.88,-0.41,-0.4,-0.42,-0.47,3.18,13.88,23.08,33.63,44.87,54.95,57.92,65.33,75.61,86.48,88.29,85.21,91.13,101.01,107.65,121.19,143.21,159.68,175.55,191.0,209.47,233.94,294.79,373.05,420.55,451.26,472.82,486.94,497.59,506.35,513.53,519.75,525.17,529.76,533.96,538.32,542.65,547.08,551.61,556.22,560.92,565.86,570.86,575.92,581.18,586.43,591.54,596.49,601.05,605.22,608.9,612.29,615.18,617.81,620.25,622.24,623.81,624.84,625.23,625.16,624.5,623.58,622.28,620.92,619.36,617.95,616.38,614.95,613.37,611.98,610.65,609.3,607.75,606.12,603.88,601.7,599.31,596.76,594.08,591.44,589.02,586.56,584.6,586.58,591.41,597.21,603.8,610.34,613.6,614.51,614.61,614.42,614.13,613.93,613.51,613.2,612.78,612.43,611.93,611.51,611.02,610.44,610.04,609.52,609.0,608.43,607.95,607.26,606.68,605.91,605.33,604.53,603.82,603.03,602.5,601.69,601.04,600.43,599.64,599.04,598.42,597.84,597.32,596.5
20487,15,116.601,-5.95,8.78,53.12,621.84,923.01,795.32,762.95,777.26,801.02,810.49,760.6,757.35,773.88,792.94,749.65,687.78,683.01,696.75,678.09,671.44,699.22,704.63,702.62,699.29,699.6,700.06,701.64,698.44,696.53,698.71,699.14,696.44,700.06,698.42,699.84,699.39,699.65,699.49,698.84,700.04,699.65,699.55,699.63,699.91,699.74,699.92,699.73,699.86,699.97,699.33,700.19,699.55,699.83,699.61,700.01,699.36,699.68,699.89,699.51,699.9,699.96,700.06,699.94,700.1,699.69,700.03,699.87,699.99,700.16,699.79,699.66,699.6,700.18,700.03,699.77,699.58,699.36,699.13,699.56,700.73,700.42,700.26,699.85,699.77,699.48,699.35,663.09,527.23,392.79,261.81,131.55,29.64,18.51,19.15,19.73,20.13,20.31,20.59,20.6,20.9,20.93,21.07,21.26,21.36,21.44,21.59,21.65,21.73,21.71,21.98,21.89,21.98,22.11,22.06,22.21,22.17,22.34,22.38,22.42,22.43,22.53,22.59,22.7,22.64,22.83,22.82,22.91,23.02,-0.41,-0.41,-0.38,-0.43,3.3,14.01,23.02,33.7,44.86,55.03,57.96,65.52,75.78,86.73,88.71,85.6,91.45,101.36,108.24,122.15,143.59,160.01,175.71,191.25,210.35,234.34,295.05,372.45,420.17,450.61,472.3,486.58,497.09,505.92,513.24,519.59,524.99,529.53,533.74,538.08,542.49,547.0,551.33,555.93,560.6,565.5,570.48,575.48,580.7,585.83,590.96,595.93,600.37,604.56,608.23,611.58,614.74,617.2,619.72,621.93,623.38,624.38,624.77,624.68,624.03,623.17,621.85,620.39,618.84,617.32,615.6,614.2,612.71,611.26,609.9,608.48,606.94,605.25,603.31,601.14,598.5,596.03,593.46,590.68,588.23,585.76,583.85,585.62,590.48,596.17,602.74,609.06,612.29,613.13,613.23,612.98,612.68,612.41,612.08,611.54,611.34,610.77,610.39,609.95,609.31,608.97,608.47,607.87,607.5,606.84,606.34,605.69,605.0,604.31,603.61,602.92,602.16,601.49,600.79,600.01,599.31,598.7,598.03,597.35,596.71,596.04,595.41,594.77
20488,15,116.611,-5.81,9.46,51.79,613.65,922.86,797.95,765.02,777.22,800.55,811.14,761.06,758.24,776.65,793.23,749.26,687.92,682.9,696.4,677.08,670.71,698.74,704.44,702.61,700.0,699.73,699.93,701.31,700.62,696.07,698.13,699.18,697.31,699.07,699.39,699.49,699.69,699.32,699.67,698.51,699.63,699.78,699.01,700.01,699.85,699.92,699.9,699.92,699.89,699.85,699.87,699.82,699.38,699.79,699.76,699.91,699.61,699.45,699.88,699.56,700.01,700.06,699.94,700.03,699.82,699.91,700.0,699.96,699.91,699.95,700.04,699.7,699.59,700.13,700.07,699.73,699.43,699.2,699.62,700.54,700.25,699.87,699.64,699.39,699.21,699.0,700.07,663.29,526.61,392.74,261.84,131.88,29.55,18.79,19.46,19.9,20.1,20.42,20.55,20.75,20.89,21.02,21.05,21.21,21.22,21.5,21.41,21.56,21.88,21.82,21.83,21.93,22.14,22.13,22.26,22.24,22.44,22.46,22.57,22.48,22.63,22.71,22.74,22.75,22.85,22.93,22.96,23.04,23.1,-0.39,-0.43,-0.43,-0.37,3.26,13.85,23.1,33.73,44.81,54.82,57.84,65.38,75.76,86.52,88.5,85.46,91.19,101.13,107.79,121.2,143.34,159.73,175.36,191.0,209.96,233.98,294.68,372.81,420.3,451.02,472.84,486.84,497.56,506.34,513.6,519.87,525.22,529.76,534.0,538.43,542.64,547.03,551.58,556.21,561.03,565.72,570.72,575.76,581.0,586.3,591.38,596.32,601.01,605.02,608.76,611.96,614.97,617.59,620.04,622.17,623.69,624.69,625.07,624.91,624.38,623.37,622.06,620.61,619.11,617.62,616.06,614.56,613.09,611.55,610.24,608.82,607.32,605.62,603.67,601.43,598.98,596.46,593.85,591.3,588.68,586.24,584.24,586.26,591.05,596.82,603.39,609.98,613.19,614.11,614.23,614.21,613.84,613.55,613.17,612.85,612.48,612.13,611.58,611.19,610.74,610.25,609.72,609.17,608.7,608.25,607.65,607.12,606.47,605.72,605.03,604.45,603.6,602.96,602.25,601.56,600.93,600.2,599.58,598.96,598.37,597.73,597.14,596.49
20489,15,116.6,-6.87,8.56,52.32,620.46,922.1,795.83,763.09,776.39,800.02,810.64,760.8,757.3,774.23,793.02,749.12,687.87,683.55,697.86,677.55,671.05,698.98,704.54,702.61,699.79,699.86,699.6,701.27,700.17,699.12,697.15,699.22,696.58,699.94,698.76,699.66,699.09,699.87,699.75,698.85,700.11,699.88,699.74,699.7,699.76,699.95,699.51,699.68,699.98,699.92,699.98,699.81,699.74,699.86,699.54,699.64,699.89,699.17,699.54,699.82,699.88,700.01,699.9,699.97,700.12,700.01,699.95,699.94,699.94,699.97,700.08,699.62,699.84,700.27,699.83,699.58,699.31,699.88,700.71,700.41,699.96,699.73,699.49,699.3,699.28,698.9,700.27,663.02,526.83,392.62,261.86,131.73,29.55,18.47,18.98,19.25,19.75,19.97,20.06,20.25,20.55,20.63,20.61,20.7,20.84,21.09,21.13,21.2,21.4,21.56,21.46,21.67,21.74,21.81,21.84,21.71,21.85,22.12,21.99,22.17,22.22,22.14,22.4,22.41,22.42,22.48,22.59,22.59,22.7,-0.58,-0.49,-0.48,-0.55,2.89,13.51,22.74,33.36,44.56,54.65,57.8,65.32,75.46,86.22,88.07,85.17,91.04,100.94,107.85,121.51,143.27,159.49,175.27,191.02,209.93,233.91,295.88,373.36,420.7,451.27,472.35,486.45,496.97,505.87,513.12,519.22,524.72,529.31,533.66,537.9,542.48,546.88,551.35,555.83,560.67,565.52,570.33,575.37,580.7,585.93,591.04,595.78,600.38,604.45,608.15,611.4,614.38,617.06,619.44,621.59,623.21,624.14,624.44,624.35,623.66,622.58,621.35,619.8,618.26,616.76,615.06,613.51,612.07,610.68,609.21,607.79,606.28,604.41,602.46,600.24,597.84,595.29,592.84,590.09,587.48,585.15,582.89,584.87,589.64,595.37,601.88,608.37,611.55,612.3,612.46,612.17,611.95,611.57,611.11,610.76,610.36,609.98,609.45,608.92,608.42,608.01,607.36,606.84,606.42,605.77,605.29,604.74,603.99,603.28,602.54,601.95,601.23,600.53,599.81,599.17,598.46,597.83,597.28,596.64,595.93,595.2,594.57,593.93
20490,15,116.616,-4.31,9.07,53.09,623.34,924.11,797.47,765.01,777.89,801.32,811.84,761.43,757.74,774.18,793.16,749.5,687.91,682.95,696.37,677.87,670.66,698.74,704.61,702.59,700.29,699.78,699.88,701.2,700.1,700.22,697.84,699.94,696.77,699.87,699.03,699.42,699.27,699.83,699.51,698.97,700.11,699.69,699.36,699.47,699.8,699.75,699.98,699.76,699.94,699.75,699.72,699.7,699.72,699.57,699.77,699.69,699.98,699.68,700.01,699.96,699.98,699.99,700.04,699.98,700.06,699.95,700.11,699.98,699.88,699.7,700.03,699.91,699.68,700.19,699.91,699.53,699.42,700.14,700.16,699.78,699.6,699.26,699.08,699.56,701.09,700.94,700.67,662.31,527.08,393.13,262.42,132.31,27.51,14.58,15.0,15.59,15.93,16.13,16.28,16.51,16.52,16.69,16.91,16.95,17.03,17.12,17.22,17.31,17.43,17.43,17.48,17.57,17.73,17.78,17.88,18.02,17.88,18.1,18.07,18.22,18.26,18.25,18.46,18.45,18.55,18.7,18.45,18.7,18.74,-0.42,-0.47,-0.41,-0.4,2.08,12.66,21.83,32.52,43.73,53.87,56.96,64.44,74.67,85.55,87.49,84.56,90.37,100.35,107.37,120.92,143.02,159.34,175.1,190.99,210.04,234.66,298.96,376.0,422.79,452.98,474.12,487.63,498.08,506.82,513.98,520.11,525.38,529.88,534.16,538.45,542.93,547.41,551.7,556.44,561.07,566.07,570.94,576.08,581.37,586.59,591.66,596.53,601.16,605.13,608.83,612.26,615.13,617.65,620.17,622.26,623.64,624.62,625.07,624.83,624.12,623.15,621.81,620.3,618.77,617.21,615.67,614.07,612.49,611.12,609.62,608.21,606.71,604.96,603.0,600.83,598.5,595.92,593.31,590.64,588.01,585.55,583.47,585.42,590.24,595.95,602.44,608.97,612.33,613.13,613.24,613.11,612.69,612.41,612.05,611.59,611.23,610.77,610.39,609.79,609.34,608.82,608.37,607.79,607.3,606.77,606.24,605.64,604.89,604.13,603.36,602.69,601.89,601.29,600.58,599.88,599.27,598.65,597.94,597.37,596.78,596.13,595.53,594.94
20491,15,116.616,-6.01,9.05,52.81,622.28,924.0,795.93,763.85,777.03,800.7,811.61,760.98,757.68,773.95,792.71,749.6,687.8,682.88,696.53,677.34,671.11,699.03,704.53,702.62,699.85,699.54,699.83,701.18,698.76,696.13,698.47,699.21,696.21,700.04,698.52,699.83,699.01,699.86,699.38,699.01,700.07,699.66,699.26,699.37,699.83,699.8,699.78,699.3,699.92,699.59,700.06,699.64,699.83,699.51,699.67,699.76,700.06,699.46,699.86,699.76,699.89,699.95,700.17,700.07,700.06,699.88,699.84,699.97,699.99,699.73,699.95,700.08,699.84,699.66,699.4,699.94,700.4,700.11,699.8,699.54,699.27,699.15,699.02,700.78,700.98,700.69,700.43,661.67,526.22,392.36,261.77,131.44,29.87,18.68,19.33,19.86,20.11,20.38,20.61,20.71,21.09,21.25,21.46,21.6,21.6,21.76,21.79,21.9,21.98,22.08,22.04,22.11,22.27,22.26,22.29,22.37,22.37,22.56,22.64,22.66,22.78,22.63,22.75,23.02,22.98,23.04,23.04,23.11,23.15,-0.46,-0.29,-0.37,-0.45,3.47,14.31,23.32,33.96,44.98,55.13,57.94,65.47,75.79,86.54,88.41,85.45,91.34,101.15,107.78,121.27,143.67,159.92,175.71,191.67,210.82,235.42,300.75,376.35,422.62,452.54,473.77,487.3,497.76,506.51,513.67,519.91,525.12,529.63,533.88,538.21,542.68,546.91,551.39,556.03,560.72,565.54,570.43,575.62,580.74,586.04,591.27,596.11,600.58,604.62,608.21,611.51,614.41,617.18,619.62,621.64,623.12,624.03,624.55,624.27,623.64,622.66,621.21,619.64,618.13,616.7,615.04,613.48,612.02,610.61,609.29,607.88,606.32,604.7,602.74,600.64,598.3,595.81,593.24,590.6,588.19,585.7,583.57,585.8,590.45,596.32,602.75,609.25,612.55,613.47,613.6,613.39,613.13,612.89,612.54,612.11,611.76,611.31,610.85,610.48,610.0,609.64,609.08,608.5,608.04,607.55,607.07,606.48,605.82,604.98,604.37,603.67,602.98,602.31,601.59,600.93,600.21,599.64,598.93,598.26,597.72,597.05,596.47,595.8
20492,15,116.586,-6.34,8.74,50.49,614.51,922.45,795.85,763.38,776.08,799.55,810.07,759.89,756.72,774.61,793.35,748.68,687.07,682.43,695.83,676.53,670.04,698.26,704.06,702.39,699.25,699.4,700.15,701.42,698.04,695.78,699.32,699.3,697.6,698.67,699.35,699.79,698.67,699.72,699.64,699.39,699.21,699.89,698.48,700.14,699.92,700.13,699.77,699.91,699.55,699.85,700.07,699.7,699.6,699.56,699.76,699.78,699.94,700.03,699.65,699.85,699.93,700.02,700.01,699.98,699.92,700.04,699.98,699.93,699.99,700.01,699.87,699.72,700.04,700.24,699.89,699.57,699.39,699.15,699.26,700.86,700.85,700.49,700.16,699.92,699.78,699.58,699.3,662.98,527.14,392.71,261.94,131.88,29.48,18.55,19.15,19.65,19.95,20.08,20.43,20.52,20.76,20.81,20.95,21.06,21.1,21.16,21.31,21.39,21.54,21.61,21.67,21.69,21.81,21.85,21.98,21.87,21.96,22.14,22.21,22.17,22.31,22.3,22.42,22.48,22.48,22.61,22.65,22.71,22.81,-0.41,-0.34,-0.43,-0.48,2.74,13.41,22.6,33.17,44.23,54.35,57.33,64.8,74.98,85.95,87.83,84.79,90.65,100.44,106.99,120.44,142.63,158.88,174.5,190.33,209.26,233.24,292.55,370.94,419.1,450.03,472.4,486.47,497.01,505.75,512.98,519.27,524.74,529.33,533.49,537.96,542.3,546.65,551.27,555.9,560.63,565.51,570.43,575.36,580.59,585.76,590.95,595.72,600.31,604.54,608.2,611.59,614.57,617.09,619.68,621.74,623.24,624.19,624.52,624.33,623.7,622.64,621.39,619.94,618.32,616.74,615.32,613.79,612.29,610.9,609.62,608.13,606.64,605.03,602.98,600.82,598.41,595.8,593.17,590.48,587.87,585.42,583.37,585.4,590.28,596.09,602.67,609.32,612.54,613.39,613.51,613.3,613.01,612.69,612.28,611.85,611.49,611.01,610.63,610.18,609.6,609.13,608.6,608.17,607.52,607.01,606.55,606.0,605.3,604.7,603.93,603.26,602.48,601.74,601.09,600.35,599.66,599.14,598.41,597.7,597.12,596.52,595.8,595.24
20493,15,116.61,-6.39,8.5,53.35,622.58,923.34,795.88,763.29,776.14,799.61,810.38,760.25,756.52,772.88,791.74,748.35,686.69,681.62,695.19,676.33,670.12,698.02,704.07,702.23,699.6,699.5,699.94,701.29,699.23,696.09,698.39,699.37,696.15,699.96,698.86,699.43,699.17,699.83,699.82,698.76,700.0,699.71,699.54,699.73,699.72,700.04,699.35,699.64,699.89,699.87,699.73,699.87,699.97,699.1,699.75,699.84,699.67,699.64,699.65,700.03,699.81,699.98,699.94,699.79,700.04,699.95,699.87,699.97,699.91,700.06,699.79,700.32,699.99,699.67,699.33,699.47,700.71,700.49,700.11,699.88,699.62,699.46,699.21,699.05,700.02,701.92,701.35,660.62,526.42,392.41,261.65,131.79,29.9,18.84,19.26,19.8,20.05,20.34,20.49,20.57,20.79,20.89,21.04,21.13,21.25,21.41,21.45,21.56,21.64,21.67,21.76,21.93,22.04,22.17,22.3,22.28,22.39,22.32,22.49,22.54,22.62,22.66,22.67,22.81,22.88,22.84,22.97,22.92,22.98,-0.37,-0.4,-0.34,-0.39,3.12,13.73,22.97,33.61,44.72,54.78,57.86,65.29,75.5,86.41,88.43,85.22,91.17,101.07,107.99,121.48,143.21,159.88,175.83,191.82,210.84,235.37,299.82,376.14,422.92,452.87,474.11,487.85,498.44,507.07,514.26,520.52,525.69,530.26,534.51,538.8,543.08,547.6,552.07,556.76,561.47,566.25,571.27,576.38,581.67,586.99,592.13,596.97,601.51,605.61,609.32,612.71,615.61,618.21,620.66,622.72,624.36,625.32,625.8,625.7,625.12,624.13,622.85,621.42,619.9,618.49,616.96,615.4,613.98,612.64,611.18,609.82,608.26,606.55,604.59,602.44,600.07,597.55,594.86,592.29,589.58,587.06,585.03,587.04,591.82,597.71,604.23,610.83,614.1,614.97,615.09,614.94,614.59,614.27,613.93,613.59,613.16,612.72,612.27,611.81,611.32,610.82,610.27,609.8,609.19,608.7,608.13,607.57,606.77,606.11,605.37,604.75,603.97,603.32,602.54,601.89,601.19,600.48,599.83,599.29,598.52,598.03,597.3,596.72
20494,15,116.59,-6.24,8.34,52.84,617.87,921.17,794.83,762.28,775.35,798.91,809.66,759.68,756.48,773.27,792.19,748.27,686.84,682.15,695.54,676.52,670.59,698.43,704.32,702.62,699.53,699.33,700.08,701.33,697.87,696.01,699.18,699.59,696.87,699.4,699.13,699.92,698.67,699.82,699.75,698.66,699.71,699.8,698.44,699.96,699.62,699.88,698.91,699.58,700.02,699.74,699.64,700.11,699.82,699.54,699.91,699.51,699.27,699.87,699.45,699.8,699.99,699.97,699.96,700.02,699.91,699.96,700.03,699.89,699.98,700.07,699.96,699.83,700.22,700.01,699.78,699.46,699.21,700.36,700.31,700.02,699.77,699.44,699.29,698.97,699.54,700.93,700.87,662.34,526.46,392.5,261.89,131.84,29.53,18.38,19.04,19.56,19.85,20.08,20.31,20.44,20.48,20.71,20.82,20.93,20.97,21.19,21.14,21.3,21.48,21.56,21.58,21.61,21.78,21.79,21.96,21.98,21.99,22.06,22.14,22.24,22.31,22.22,22.38,22.54,22.41,22.49,22.71,22.73,22.78,-0.43,-0.44,-0.44,-0.41,3.06,13.7,22.79,33.45,44.6,54.74,57.65,65.07,75.29,86.2,88.14,85.06,91.0,100.97,107.57,121.12,143.16,159.57,175.48,191.36,210.25,234.59,298.14,374.74,421.89,452.18,473.87,487.58,497.98,506.72,513.93,520.08,525.54,530.09,534.16,538.56,542.83,547.2,551.78,556.41,561.07,565.88,570.75,576.0,581.14,586.42,591.61,596.62,601.14,605.39,609.2,612.46,615.47,618.03,620.56,622.63,624.12,625.06,625.53,625.35,624.79,623.79,622.52,621.09,619.65,618.17,616.71,615.16,613.75,612.29,611.02,609.56,608.1,606.41,604.44,602.38,599.95,597.36,594.86,592.29,589.59,587.18,585.15,587.27,591.97,597.8,604.23,610.84,614.13,615.0,615.12,614.99,614.79,614.47,614.08,613.76,613.26,612.97,612.46,612.0,611.54,611.02,610.54,610.03,609.51,608.98,608.37,607.82,607.1,606.4,605.7,605.01,604.31,603.63,602.86,602.23,601.49,600.8,600.14,599.51,598.86,598.35,597.65,597.14
20495,15,116.57,-7.21,8.18,50.01,642.42,936.49,799.23,761.74,773.79,797.07,809.65,760.16,755.35,771.34,789.93,750.97,686.8,680.94,694.22,678.15,667.4,697.42,703.8,702.2,699.58,699.45,700.14,701.25,698.07,695.89,699.04,699.21,697.46,698.54,699.3,699.69,698.91,699.81,699.53,699.25,699.44,699.9,698.75,700.05,699.98,699.97,699.24,699.84,699.72,699.76,699.87,699.94,699.76,699.8,699.38,699.54,699.77,699.91,699.91,699.98,699.85,699.92,699.99,699.96,699.95,700.01,699.79,699.99,700.02,699.99,699.68,699.85,700.25,699.92,699.69,699.38,699.22,698.94,700.46,701.28,700.94,700.79,700.46,700.07,698.73,697.88,702.35,666.03,531.05,397.12,266.56,136.6,30.6,17.21,17.6,18.19,18.56,18.75,18.93,19.1,19.3,19.34,19.46,19.48,19.73,19.82,19.92,20.05,20.16,20.19,20.29,20.34,20.43,20.52,20.62,20.59,20.64,20.73,20.77,20.9,20.96,20.97,21.05,21.05,21.22,21.31,21.21,21.37,21.41,-0.51,-0.48,-0.5,-0.6,3.62,14.84,23.49,33.92,44.96,55.03,57.98,65.27,75.36,86.34,88.74,85.24,90.91,100.74,107.51,118.71,141.4,157.77,172.51,189.11,208.33,233.47,297.06,373.57,420.65,450.91,472.87,486.6,497.19,505.94,513.25,519.42,524.84,529.46,533.61,538.05,542.44,546.73,551.27,555.8,560.44,565.23,570.21,575.36,580.59,585.78,591.08,596.06,600.7,605.05,608.87,612.27,615.53,618.42,621.15,623.32,625.03,626.15,626.71,626.69,626.09,625.15,623.89,622.35,620.82,619.16,617.42,615.71,614.16,612.56,611.08,609.66,608.15,606.4,604.28,601.99,599.59,597.02,594.29,591.52,588.87,586.15,583.93,585.55,590.12,595.59,601.82,608.21,611.38,612.22,612.23,611.87,611.49,611.02,610.62,610.14,609.65,609.2,608.67,608.11,607.55,606.93,606.46,605.87,605.31,604.77,604.18,603.5,602.81,602.03,601.21,600.55,599.8,598.97,598.3,597.5,596.86,596.12,595.38,594.72,594.07,593.37,592.73,592.08
20496,15,116.66,-6.83,8.52,53.52,621.54,923.15,796.87,763.92,776.9,800.3,810.81,761.06,757.79,774.38,793.67,751.74,687.59,682.13,695.34,676.21,669.76,697.98,704.07,702.22,700.23,699.67,699.59,701.17,700.41,700.28,696.65,699.69,697.19,699.83,699.04,699.32,699.08,699.79,699.89,698.7,700.02,699.83,699.24,699.72,699.53,699.88,700.07,699.31,700.08,699.43,699.91,700.17,699.48,699.75,699.91,699.38,699.37,699.83,699.29,699.88,700.0,699.88,700.02,699.67,699.84,700.07,699.64,699.83,700.26,699.85,699.53,699.29,699.02,699.21,700.76,700.72,700.41,700.05,699.88,699.65,699.47,699.26,699.06,699.55,701.15,701.36,700.91,661.05,526.02,392.39,261.7,131.69,29.71,18.4,18.98,19.5,19.86,19.97,20.22,20.43,20.55,20.63,20.78,20.88,21.02,21.09,21.23,21.33,21.44,21.56,21.56,21.62,21.73,21.84,21.93,21.89,22.0,22.07,22.09,22.16,22.28,22.37,22.4,22.5,22.5,22.56,22.59,22.66,22.72,-0.45,-0.38,-0.36,-0.45,3.28,13.92,23.18,33.97,45.02,55.09,58.16,65.53,75.91,86.88,88.74,85.67,91.52,101.39,108.1,121.65,143.98,160.29,176.25,192.38,211.39,236.27,302.37,378.43,424.64,454.36,475.19,488.4,498.9,507.53,514.45,520.56,525.72,530.27,534.52,538.9,543.24,547.64,552.11,556.74,561.54,566.43,571.29,576.44,581.7,587.03,592.27,597.09,601.7,605.76,609.41,612.72,615.56,618.06,620.49,622.6,624.07,625.1,625.61,625.31,624.72,623.82,622.59,621.04,619.54,618.09,616.65,615.24,613.83,612.42,610.97,609.52,607.98,606.26,604.46,602.2,599.89,597.41,594.87,592.29,589.61,587.16,585.17,587.31,592.01,597.99,604.55,611.21,614.51,615.41,615.57,615.45,615.25,614.93,614.6,614.26,613.91,613.51,613.06,612.61,612.16,611.64,611.17,610.67,610.16,609.66,609.22,608.59,607.96,607.14,606.48,605.82,605.13,604.48,603.72,603.07,602.41,601.75,601.06,600.43,599.84,599.19,598.67,598.07
20497,15,116.59,-7.29,7.98,51.23,619.82,922.26,794.87,762.07,775.33,798.99,809.98,760.57,757.1,773.62,792.63,749.47,687.78,682.57,696.25,677.15,670.35,698.77,704.46,702.37,699.62,699.32,700.05,701.33,698.73,695.45,698.68,699.68,696.17,699.65,698.58,699.4,698.97,699.79,699.54,698.44,699.88,699.97,699.33,699.98,699.59,699.92,699.12,699.76,699.95,699.55,699.81,700.07,699.5,699.61,699.93,699.6,699.5,699.77,699.93,699.64,699.96,699.97,699.92,699.96,699.86,699.96,700.03,699.62,699.65,700.02,699.66,699.79,700.14,699.91,699.59,699.2,699.3,700.61,700.43,700.29,699.94,699.7,699.48,699.28,699.07,699.38,700.81,663.34,527.33,393.27,262.55,132.33,27.72,14.45,15.02,15.67,15.84,16.35,16.28,16.48,16.61,16.79,16.83,17.06,17.18,17.17,17.37,17.41,17.51,17.64,17.67,17.73,17.81,17.85,18.18,18.0,18.13,18.13,18.26,18.26,18.29,18.46,18.47,18.47,18.57,18.45,18.58,18.61,18.73,-0.41,-0.29,-0.45,-0.43,3.6,14.3,23.46,34.11,45.16,55.3,58.22,65.66,75.83,86.6,88.65,85.52,91.39,101.29,107.29,120.21,142.99,159.43,175.12,191.12,210.13,234.75,298.61,374.87,421.46,451.54,473.02,486.9,497.38,505.98,513.36,519.51,525.04,529.51,533.8,537.99,542.48,546.9,551.39,555.92,560.59,565.46,570.31,575.45,580.65,585.73,590.91,595.76,600.38,604.53,608.22,611.52,614.41,617.14,619.69,621.62,623.12,623.99,624.39,624.27,623.63,622.61,621.1,619.77,618.24,616.68,615.13,613.68,612.41,610.79,609.38,608.05,606.45,604.74,602.71,600.63,598.3,595.77,593.29,590.62,588.13,585.66,583.71,585.6,590.38,596.21,602.65,609.23,612.68,613.76,613.9,613.7,613.25,612.95,612.81,612.43,612.08,611.52,611.18,610.69,610.22,609.81,609.32,609.01,608.44,607.78,607.21,606.59,605.81,605.37,604.56,603.86,603.16,602.49,601.75,601.08,600.36,599.79,599.09,598.44,597.83,597.19,596.65,595.93
20498,15,116.619,-7.41,8.12,51.99,619.14,922.58,796.4,764.75,777.69,799.76,809.96,760.22,756.73,773.24,792.18,748.9,687.2,682.39,695.88,676.72,670.17,698.48,704.4,702.62,698.94,699.5,700.18,701.44,697.83,696.26,698.74,699.47,696.08,699.72,699.22,699.08,698.99,699.86,699.69,698.25,699.98,700.17,699.19,699.8,699.74,699.82,700.08,699.9,699.84,699.52,699.63,699.95,699.9,699.51,699.78,699.57,699.91,700.07,699.59,699.95,699.91,700.04,699.83,699.89,699.96,699.97,700.05,700.09,699.78,700.0,700.06,699.81,699.26,699.0,699.35,700.8,700.49,700.22,699.88,699.74,699.47,699.36,699.09,699.12,701.26,701.68,701.16,660.39,526.2,392.4,261.68,131.75,29.9,18.93,19.56,20.04,20.27,20.54,20.75,20.85,21.09,21.04,21.2,21.3,21.41,21.58,21.63,21.76,22.04,21.88,22.06,21.95,22.26,22.17,22.37,22.33,22.44,22.43,22.61,22.53,22.72,22.68,22.76,22.85,22.83,22.92,23.04,23.0,23.17,-0.38,-0.36,-0.45,-0.37,3.44,13.88,22.99,33.72,44.86,54.94,57.82,65.33,75.54,86.36,88.27,85.18,91.01,100.92,107.32,120.96,143.11,159.72,175.62,191.14,210.32,234.82,297.45,374.11,421.35,451.56,473.31,487.16,497.65,506.62,513.65,519.85,525.28,529.85,534.12,538.43,542.84,547.19,551.7,556.34,560.92,565.94,570.8,576.03,581.13,586.21,591.53,596.42,601.01,605.06,608.84,612.11,615.07,617.62,620.13,622.16,623.65,624.61,624.89,624.77,624.04,623.04,621.64,620.25,618.59,617.09,615.91,614.32,612.77,611.34,609.94,608.49,606.94,605.26,603.37,601.11,598.8,596.38,593.84,591.26,588.53,585.94,583.99,586.14,590.82,596.99,603.34,609.93,613.22,613.98,614.01,613.9,613.62,613.19,612.87,612.55,612.09,611.64,611.18,610.74,610.25,609.73,609.0,608.98,608.52,607.74,607.03,606.57,606.07,605.21,604.58,603.93,603.13,602.43,601.8,601.23,600.56,599.79,599.1,598.58,597.95,597.24,596.7,596.06
20499,15,116.588,-5.51,8.83,49.63,610.79,919.98,794.83,762.25,775.27,798.17,809.3,759.99,757.76,773.04,791.87,747.86,686.81,682.15,695.65,676.41,670.06,698.18,704.06,702.4,699.24,699.67,700.12,701.56,699.2,695.25,699.26,699.08,697.7,698.24,699.24,699.64,699.63,699.93,699.18,699.11,699.16,699.67,698.52,699.92,699.67,699.54,699.69,700.07,699.87,699.67,699.58,700.03,699.49,699.26,699.84,699.5,699.59,699.89,699.83,699.94,699.99,699.92,700.04,699.78,700.03,699.95,700.11,699.97,699.92,699.55,700.36,700.3,699.95,699.67,699.37,699.21,699.01,699.99,700.78,700.64,700.25,699.95,699.83,699.71,699.27,699.11,698.98,663.33,526.95,392.65,261.84,131.88,29.75,18.75,19.35,19.88,20.18,20.27,20.69,20.78,20.86,20.93,21.1,21.29,21.33,21.41,21.55,21.73,21.81,21.8,21.96,22.06,22.22,22.14,22.1,22.29,22.36,22.4,22.42,22.42,22.75,22.6,22.75,22.75,22.79,22.89,23.02,22.99,23.09,-0.19,-0.65,-0.53,-0.43,2.76,13.44,22.66,33.16,44.63,54.65,57.74,65.11,75.35,86.22,88.16,85.05,90.98,100.81,107.58,121.04,142.96,159.18,174.83,190.17,209.06,232.7,290.1,369.34,418.28,449.53,471.8,486.08,496.82,505.63,513.01,519.29,524.81,529.4,533.41,537.75,542.24,546.74,551.33,556.0,560.55,565.35,570.29,575.49,580.64,585.87,591.09,595.95,600.49,604.74,608.6,612.04,614.94,617.69,620.26,622.49,624.0,625.04,625.56,625.37,624.86,623.82,622.45,621.0,619.47,618.03,616.41,614.84,613.4,612.02,610.67,609.34,607.99,606.21,604.16,602.0,599.66,597.09,594.53,591.83,589.36,586.77,584.74,586.57,591.37,597.2,603.47,609.88,613.16,614.0,614.24,614.03,613.69,613.39,613.07,612.68,612.28,611.92,611.37,610.95,610.48,609.99,609.45,608.93,608.38,607.96,607.34,606.67,606.09,605.43,604.62,603.95,603.47,602.19,601.52,601.0,600.44,599.84,599.16,598.42,597.82,597.25,596.63,596.0
20500,15,116.617,-6.56,8.78,53.42,621.55,922.82,796.06,763.57,776.39,799.76,810.1,760.54,757.05,773.26,792.27,749.34,688.39,682.37,695.65,676.91,670.2,698.19,704.0,702.43,699.57,699.54,699.71,701.41,699.52,696.02,698.31,699.13,696.24,700.06,698.24,699.55,699.22,699.85,699.61,698.56,700.14,700.02,699.18,699.52,699.75,699.96,700.26,699.51,700.04,699.4,699.73,699.95,699.21,699.99,699.77,699.42,699.78,699.84,699.82,699.93,700.04,699.96,700.05,700.05,700.18,699.46,699.03,700.09,700.02,699.81,699.71,700.79,700.42,700.09,699.74,699.82,699.36,699.19,698.97,700.83,701.71,701.19,697.31,700.63,702.42,696.8,702.36,661.59,526.0,392.43,261.8,131.69,29.72,18.56,19.09,19.65,19.92,20.18,20.37,20.5,20.69,20.72,20.83,20.91,21.15,21.16,21.28,21.22,21.5,21.69,21.66,21.87,21.89,21.89,21.9,22.18,22.12,22.22,22.23,22.33,22.34,22.5,22.43,22.54,22.62,22.56,22.69,22.74,22.8,-0.4,-0.45,-0.41,-0.32,2.89,13.38,22.53,33.26,44.55,54.56,57.6,65.1,75.38,86.13,88.07,85.19,91.1,100.87,108.17,121.9,143.36,159.75,175.62,191.2,209.97,233.98,294.99,372.89,420.38,450.66,472.31,486.61,497.06,505.75,512.96,519.31,524.76,529.36,533.58,538.03,542.28,546.93,551.3,555.98,560.73,565.56,570.51,575.59,580.7,585.96,591.15,596.05,600.55,604.7,608.58,611.85,614.76,617.57,620.18,622.26,623.76,624.73,624.93,624.65,624.38,623.27,621.86,620.39,618.88,617.37,615.74,614.13,612.66,611.31,609.66,608.42,606.93,605.22,603.28,600.94,598.35,595.73,593.14,590.59,588.07,585.55,583.67,585.71,590.42,596.35,602.8,609.22,612.48,613.32,613.37,613.29,613.04,612.61,612.3,611.88,611.48,611.12,610.56,610.11,609.64,609.01,608.56,608.13,607.55,607.01,606.45,605.95,605.23,604.49,603.83,603.09,602.3,601.67,600.95,600.37,599.5,598.92,598.29,597.51,596.93,596.39,595.65,595.03
20501,15,116.6,-7.36,8.42,55.24,628.31,922.67,797.24,763.28,776.18,799.61,810.64,760.55,757.29,773.84,792.47,749.11,687.47,682.64,696.12,677.29,671.05,698.68,704.2,702.5,699.69,699.69,699.75,701.15,698.99,699.41,698.41,697.69,696.8,700.0,699.13,699.79,699.54,698.82,699.34,699.31,699.13,699.91,699.93,699.37,699.91,699.08,699.97,699.31,699.74,699.94,700.03,699.91,699.36,699.72,699.7,699.87,699.81,699.59,699.58,699.51,700.03,699.75,699.57,699.82,700.01,699.63,699.89,700.02,699.78,700.01,700.2,699.84,699.55,699.49,700.61,700.46,700.07,699.92,699.57,699.35,699.16,698.95,700.82,702.09,698.79,699.38,702.62,661.04,526.57,392.32,261.64,131.65,29.62,17.95,18.62,19.26,19.55,19.71,19.95,20.18,20.4,20.57,20.7,20.88,20.93,21.07,20.97,21.1,21.15,21.32,21.37,21.41,21.53,21.49,21.61,21.65,21.66,21.86,21.79,21.84,21.96,22.12,22.05,22.09,22.17,22.21,22.3,22.37,22.4,-0.34,-0.4,-0.37,-0.27,3.1,13.85,22.97,33.7,44.79,54.99,57.94,65.48,75.76,86.33,88.45,85.35,91.36,101.16,108.39,122.29,143.86,160.5,176.31,192.06,211.64,236.68,304.82,378.98,424.86,454.5,474.52,488.2,498.46,507.33,514.31,520.5,525.54,530.13,534.36,538.52,542.98,547.45,551.98,556.55,561.19,566.13,571.05,576.13,581.32,586.69,591.84,596.83,601.28,605.48,609.32,612.56,615.57,618.28,620.65,622.57,624.22,625.34,625.59,625.49,624.96,623.9,622.68,621.2,619.65,618.18,616.66,615.27,613.85,612.5,611.04,609.64,608.1,606.51,604.55,602.37,600.06,597.39,594.67,592.05,589.4,586.88,584.89,586.95,591.71,597.55,604.05,610.59,613.88,614.75,614.91,614.72,614.46,614.23,613.76,613.46,613.15,612.74,612.24,611.81,611.39,610.91,610.4,609.87,609.33,608.86,608.4,607.72,607.11,606.3,605.65,604.87,604.29,603.62,602.88,602.3,601.71,601.08,600.37,599.78,599.19,598.5,598.03,597.38
20502,15,116.637,-7.14,8.13,51.63,616.55,921.66,795.58,762.69,775.5,799.88,810.2,760.15,756.78,773.14,791.99,748.11,686.49,681.41,694.83,675.91,669.69,697.98,703.83,702.26,700.12,700.01,700.08,701.43,699.06,699.5,698.35,699.04,697.0,698.93,698.99,700.02,698.48,699.63,699.68,698.93,699.58,699.83,699.07,699.79,699.92,699.95,699.13,699.86,699.69,699.75,699.76,700.02,699.78,699.43,699.57,699.68,700.02,699.44,699.77,699.93,699.69,699.83,699.93,699.95,699.96,699.96,700.08,699.54,699.49,700.43,700.21,699.86,699.6,699.33,699.19,698.94,700.43,700.92,700.54,700.3,700.06,699.79,699.56,699.43,699.08,699.03,700.9,662.95,526.56,392.6,261.91,131.83,29.59,18.79,19.14,19.61,20.01,20.26,20.47,20.59,20.75,20.85,21.03,21.05,21.12,21.32,21.34,21.42,21.65,21.65,21.76,21.8,21.91,22.0,22.04,22.19,22.13,22.24,22.28,22.45,22.39,22.53,22.58,22.62,22.68,22.7,22.74,22.86,22.93,-0.54,-0.44,-0.38,-0.51,2.77,13.43,22.64,33.23,44.4,54.51,57.53,65.08,75.2,86.08,87.93,85.0,90.89,100.73,107.35,120.8,143.01,159.31,175.18,191.02,210.03,234.22,297.1,374.75,422.01,452.35,473.67,487.25,497.86,506.57,513.75,519.85,525.19,529.8,533.98,538.31,542.62,546.97,551.53,556.14,560.78,565.72,570.58,575.72,580.96,586.04,591.3,596.26,600.76,604.9,608.62,611.99,614.94,617.63,620.18,622.23,623.73,624.81,625.17,625.0,624.4,623.43,622.11,620.68,619.1,617.63,616.08,614.63,613.18,611.84,610.5,609.15,607.57,605.82,603.89,601.72,599.4,596.95,594.4,591.74,589.12,586.63,584.47,586.62,591.33,597.18,603.6,610.15,613.37,614.27,614.4,614.16,613.88,613.57,613.21,612.81,612.43,612.01,611.52,610.98,610.47,610.0,609.54,609.04,608.45,608.02,607.38,606.9,606.26,605.6,604.89,604.16,603.48,602.76,602.06,601.39,600.72,600.0,599.39,598.79,598.06,597.59,596.97,596.26
20503,15,116.628,-6.83,8.46,52.19,618.77,921.83,794.99,762.56,775.6,798.87,809.42,759.86,756.74,772.97,791.89,748.75,687.07,682.28,695.85,676.66,670.15,698.42,704.21,702.39,700.03,699.69,699.61,701.42,699.97,695.96,698.17,699.22,696.43,699.63,698.54,699.72,699.28,699.85,699.77,698.5,699.95,699.93,698.81,699.75,699.64,699.97,699.77,699.72,699.96,699.98,699.75,699.67,699.92,699.55,699.38,699.79,699.92,699.83,699.83,699.98,699.88,699.87,699.93,700.0,699.82,700.0,699.92,699.97,699.99,700.04,699.67,700.07,699.94,699.65,699.62,700.31,700.02,699.72,699.49,699.21,699.02,700.05,701.21,700.81,700.52,700.35,700.14,661.36,526.17,392.34,261.71,131.87,29.58,18.73,19.16,19.65,19.99,20.26,20.44,20.62,20.71,20.85,21.0,21.08,21.16,21.23,21.28,21.52,21.57,21.65,21.66,21.75,21.78,21.84,21.93,22.02,22.04,22.15,22.22,22.23,22.36,22.47,22.51,22.51,22.53,22.73,22.66,22.84,22.87,-0.37,-0.42,-0.34,-0.4,2.78,13.37,22.48,33.19,44.29,54.5,57.54,65.03,75.24,86.2,88.17,85.04,90.94,100.87,107.63,120.93,143.03,159.46,175.21,191.0,209.87,233.58,293.61,372.08,419.89,450.56,472.21,486.29,497.08,505.92,513.22,519.51,524.92,529.54,533.65,538.1,542.47,546.87,551.37,556.05,560.84,565.63,570.51,575.69,580.8,586.02,591.13,596.08,600.54,604.76,608.43,611.76,614.65,617.43,619.9,621.88,623.39,624.38,624.74,624.51,623.96,622.89,621.57,620.1,618.53,617.06,615.51,614.01,612.55,611.1,609.72,608.2,606.77,604.97,603.03,600.87,598.52,595.95,593.27,590.61,588.05,585.55,583.51,585.66,590.41,596.2,602.79,609.42,612.61,613.46,613.59,613.43,613.13,612.83,612.42,612.12,611.72,611.31,610.78,610.33,609.85,609.38,608.86,608.37,607.8,607.36,606.81,606.32,605.61,604.96,604.33,603.57,602.86,602.25,601.53,600.86,600.16,599.55,598.84,598.25,597.62,596.99,596.39,595.76
20504,15,116.616,-7.14,8.14,49.22,614.75,921.15,795.01,762.25,775.48,798.9,809.44,759.58,756.36,772.85,791.59,748.41,686.55,681.68,696.06,677.37,671.09,699.15,704.58,702.79,699.69,699.39,700.13,701.18,698.71,695.45,699.02,699.28,696.74,699.09,699.13,699.63,699.54,699.58,699.64,698.98,699.7,699.91,698.53,700.01,699.92,699.8,699.92,699.84,699.64,699.87,699.83,699.99,699.62,699.79,699.85,699.58,699.58,699.66,699.67,699.44,699.92,699.88,699.92,699.94,699.94,699.94,699.96,699.85,700.14,699.9,699.52,699.71,700.09,699.76,699.52,700.1,700.04,699.72,699.45,699.51,700.82,700.67,700.18,699.95,699.66,699.47,699.34,663.09,527.1,392.7,261.89,131.82,29.49,18.5,18.88,19.38,19.76,19.92,20.03,20.25,20.5,20.52,20.76,20.82,20.86,21.03,21.12,21.21,21.26,21.42,21.49,21.49,21.66,21.75,21.78,21.89,21.99,22.08,22.07,22.15,22.17,22.3,22.27,22.35,22.41,22.38,22.55,22.61,22.64,-0.34,-0.28,-0.33,-0.4,3.15,14.04,23.1,33.78,44.92,54.93,57.87,65.37,75.54,86.35,88.26,85.28,90.97,100.83,107.08,120.41,143.15,159.84,175.6,191.45,210.29,234.74,298.23,374.65,421.59,451.91,473.53,487.14,497.77,506.44,513.69,519.92,525.2,529.83,534.0,538.44,542.8,547.05,551.63,556.28,561.05,565.85,570.8,575.87,581.02,586.31,591.51,596.35,600.95,605.08,608.86,612.09,615.03,617.79,620.24,622.29,623.84,624.87,625.33,625.15,624.52,623.57,622.26,620.76,619.28,617.7,616.27,614.68,613.22,611.79,610.41,608.95,607.41,605.77,603.77,601.57,599.14,596.56,593.96,591.3,588.8,586.32,584.33,586.35,591.21,597.1,603.66,610.28,613.62,614.51,614.72,614.51,614.34,613.94,613.67,613.26,612.85,612.49,612.06,611.59,611.08,610.58,610.08,609.61,609.12,608.62,608.06,607.46,606.77,606.13,605.45,604.79,603.97,603.26,602.58,601.9,601.25,600.64,599.96,599.32,598.67,598.11,597.53,596.82
20505,15,116.617,-6.84,7.86,50.74,614.68,921.46,795.54,763.38,776.81,799.16,810.08,760.41,756.78,773.21,792.16,748.39,686.97,682.19,695.65,676.25,669.63,698.29,703.88,702.27,699.41,699.57,699.82,701.45,699.72,695.08,698.71,699.24,696.83,699.13,699.46,699.48,699.08,699.59,699.75,698.55,699.67,699.96,698.3,700.0,699.66,700.05,699.43,700.0,699.71,699.5,699.99,699.67,699.72,699.55,699.42,699.9,699.55,699.46,699.86,699.71,700.05,699.91,699.98,699.89,699.84,699.96,700.0,700.04,699.85,700.1,699.97,699.66,700.17,700.29,699.93,699.64,699.49,699.2,698.96,699.93,700.97,700.8,700.37,700.17,699.95,699.77,699.46,663.0,526.99,392.63,261.85,131.88,29.5,18.63,19.09,19.44,19.92,20.04,20.21,20.47,20.56,20.69,20.75,20.91,20.98,21.02,21.2,21.27,21.39,21.51,21.65,21.74,21.8,21.98,22.02,22.06,22.12,22.18,22.22,22.24,22.28,22.41,22.42,22.52,22.47,22.65,22.65,22.75,22.76,-0.43,-0.39,-0.45,-0.43,3.46,14.27,23.34,33.98,45.1,55.12,58.11,65.61,75.83,86.64,88.54,85.38,91.31,101.19,107.28,120.46,143.17,159.43,175.08,190.92,210.03,234.22,295.45,373.32,420.58,451.03,472.94,486.74,497.39,506.27,513.47,519.72,525.18,529.78,533.92,538.21,542.66,547.01,551.53,556.19,561.1,565.81,570.83,575.81,581.01,586.18,591.36,596.31,600.96,605.06,608.82,612.22,615.11,617.76,620.3,622.39,623.8,624.79,625.15,624.92,624.33,623.24,621.94,620.41,618.9,617.46,615.88,614.45,612.98,611.48,610.11,608.75,607.3,605.59,603.69,601.42,599.12,596.6,593.97,591.27,588.76,586.25,584.13,586.13,590.91,596.7,603.14,609.75,613.01,613.8,613.93,613.73,613.52,613.18,612.81,612.4,612.06,611.62,611.29,610.77,610.24,609.79,609.29,608.79,608.24,607.75,607.18,606.6,605.91,605.22,604.55,603.84,603.1,602.42,601.65,600.97,600.3,599.64,599.01,598.4,597.8,597.1,596.44,595.89
20506,15,116.572,-7.5,8.49,48.5,611.5,920.8,794.0,762.18,775.62,799.05,809.6,759.59,757.89,772.99,791.55,748.42,686.9,682.0,695.51,676.54,670.15,698.21,704.15,702.42,699.53,699.62,699.98,701.44,700.28,695.34,698.68,699.24,696.89,699.08,699.18,699.75,698.93,699.64,699.67,699.37,699.54,699.92,698.38,700.05,699.58,699.97,699.48,699.94,699.92,699.89,699.69,699.72,699.8,699.45,699.65,699.58,699.93,699.74,699.4,699.59,699.94,699.93,700.02,699.93,699.95,699.99,699.91,700.04,699.83,700.11,700.01,699.73,699.49,699.97,700.67,700.22,699.9,699.61,699.4,699.25,699.06,699.86,701.61,701.43,699.98,697.17,702.9,661.81,526.12,392.29,261.76,131.83,29.31,18.46,18.98,19.38,19.77,19.9,20.09,20.25,20.39,20.6,20.69,20.88,20.81,20.92,21.08,21.13,21.34,21.4,21.53,21.58,21.62,21.74,21.74,21.84,21.92,21.88,21.96,22.09,22.16,22.25,22.28,22.39,22.42,22.52,22.54,22.62,22.66,-0.45,-0.48,-0.45,-0.5,3.11,13.69,22.83,33.43,44.54,54.64,57.73,65.07,75.31,86.21,88.17,85.01,90.96,100.81,107.33,120.68,142.85,159.06,174.76,190.52,209.13,232.81,290.44,369.58,418.01,449.08,471.3,485.67,496.36,505.24,512.6,518.7,524.27,528.92,533.2,537.48,541.94,546.25,550.74,555.37,560.14,564.91,569.91,574.99,580.16,585.23,590.39,595.27,599.79,603.93,607.81,611.07,614.06,616.64,619.09,621.14,622.58,623.43,623.84,623.56,622.98,621.96,620.63,619.09,617.67,616.19,614.64,613.19,611.81,610.41,608.98,607.64,606.15,604.45,602.57,600.44,598.0,595.5,592.83,590.25,587.68,585.31,583.23,585.35,590.12,596.0,602.46,608.93,612.22,613.15,613.26,613.03,612.87,612.59,612.21,611.79,611.32,611.0,610.6,610.15,609.68,609.16,608.66,608.11,607.59,607.07,606.53,605.96,605.38,604.62,603.93,603.25,602.51,601.81,601.05,600.42,599.67,599.04,598.35,597.8,597.1,596.5,595.88,595.29
20508,15,116.641,-7.28,8.0,52.33,619.45,922.86,795.0,762.83,776.33,799.73,810.09,759.72,756.14,772.39,791.03,747.34,685.65,681.04,694.74,675.39,669.08,697.26,703.62,702.12,700.04,699.1,699.82,701.3,698.21,695.83,698.84,699.65,696.32,699.76,698.67,699.83,698.73,699.93,699.72,699.02,700.03,699.82,699.03,699.62,699.79,699.97,699.2,699.74,699.99,700.03,699.15,700.02,699.71,699.53,699.83,699.63,699.33,699.66,699.73,699.49,699.89,700.04,699.97,699.95,699.86,699.94,700.01,699.84,700.08,700.07,700.02,700.12,699.85,699.61,699.31,699.78,700.55,700.37,700.06,699.8,699.56,699.19,699.18,699.35,701.11,701.15,700.81,661.49,526.35,392.41,261.71,131.78,29.93,18.85,19.44,19.91,20.26,20.41,20.62,20.69,20.92,21.12,21.19,21.35,21.38,21.45,21.51,21.64,21.79,21.84,22.05,21.86,22.02,22.18,22.18,22.21,22.26,22.39,22.51,22.57,22.62,22.64,22.76,22.69,22.86,22.88,22.83,23.06,23.2,-0.43,-0.46,-0.45,-0.32,2.98,13.58,22.75,33.43,44.54,54.66,57.73,65.12,75.34,86.06,87.97,84.82,90.68,100.69,107.28,120.86,142.87,159.37,174.97,191.07,209.87,234.31,297.45,374.15,421.25,451.31,473.0,486.8,497.29,505.98,513.24,519.44,524.71,529.35,533.57,538.0,542.39,546.78,551.18,555.92,560.47,565.3,570.32,575.34,580.67,585.76,590.96,596.01,600.53,604.61,608.31,611.6,614.55,617.13,619.56,621.52,622.98,623.99,624.27,624.03,623.28,622.25,620.89,619.47,617.99,616.48,615.07,613.54,612.05,610.68,609.33,607.86,606.26,604.55,602.48,600.26,597.87,595.23,592.66,589.92,587.19,584.79,582.72,584.84,589.53,595.4,601.92,608.43,611.65,612.48,612.62,612.5,612.24,611.81,611.51,611.14,610.75,610.3,609.93,609.42,608.9,608.45,607.87,607.4,606.9,606.31,605.8,605.21,604.55,603.84,603.1,602.42,601.71,600.97,600.31,599.59,598.94,598.32,597.69,596.98,596.35,595.7,595.14,594.53
20509,15,116.634,-7.72,7.8,51.95,617.53,921.77,795.14,762.42,774.97,799.58,809.14,759.21,755.75,771.98,790.65,747.3,685.66,680.54,694.05,675.0,668.98,697.44,703.59,702.18,700.11,699.77,699.59,701.03,700.68,699.59,695.62,699.07,697.21,699.02,699.29,699.57,698.86,699.75,699.63,698.81,699.54,699.99,698.36,700.17,699.89,699.98,699.6,699.83,699.78,699.93,699.95,699.76,699.77,699.49,699.76,699.74,699.76,699.38,699.81,699.82,699.91,699.98,699.95,699.99,699.92,700.01,699.91,699.88,699.86,699.91,699.99,699.85,700.41,700.13,699.75,699.53,699.3,699.05,699.29,700.83,700.79,700.36,700.13,699.85,699.63,699.48,699.35,663.16,526.97,392.61,262.0,132.0,29.55,18.67,19.26,19.56,20.0,20.17,20.32,20.53,20.62,20.78,20.82,20.93,21.03,21.23,21.3,21.32,21.52,21.55,21.61,21.76,21.82,21.87,22.13,22.1,22.14,22.26,22.28,22.33,22.5,22.52,22.6,22.57,22.55,22.77,22.9,22.88,22.84,-0.52,-0.49,-0.43,-0.45,3.09,13.68,22.87,33.61,44.72,54.72,57.77,65.23,75.43,86.3,88.32,85.11,91.13,100.86,107.58,121.04,143.13,159.48,175.51,191.52,210.7,235.18,299.4,376.37,423.15,453.08,474.04,487.66,498.29,506.82,513.97,520.08,525.4,529.88,534.14,538.46,542.91,547.21,551.77,556.34,561.04,565.84,570.83,575.97,581.2,586.57,591.67,596.51,601.05,605.14,608.91,612.18,615.11,617.69,620.2,622.16,623.66,624.62,624.97,624.85,624.18,623.13,621.83,620.41,618.76,617.29,615.88,614.34,612.95,611.51,610.16,608.9,607.42,605.89,604.0,601.75,599.37,596.88,594.3,591.6,589.02,586.53,584.44,586.39,591.12,596.93,603.54,610.06,613.31,614.27,614.33,614.16,613.9,613.62,613.29,612.92,612.5,612.16,611.72,611.28,610.78,610.26,609.76,609.33,608.85,608.28,607.84,607.19,606.55,605.87,605.12,604.38,603.71,602.95,602.36,601.69,600.98,600.33,599.65,599.03,598.41,597.91,597.25,596.71
20510,15,116.605,-7.01,9.56,52.64,620.01,923.3,795.85,762.4,775.22,799.08,809.77,759.97,757.18,773.0,791.47,748.24,686.73,681.76,695.36,677.18,670.09,698.21,704.16,702.33,699.82,699.61,699.92,701.34,699.76,696.25,698.04,699.19,696.54,699.84,698.5,699.97,698.32,699.88,699.88,698.55,699.98,700.01,699.1,699.83,699.87,699.88,699.31,699.81,700.01,700.11,699.82,699.94,699.87,699.67,699.64,699.54,699.47,699.32,699.86,699.93,699.97,700.03,699.78,699.8,700.02,700.02,700.03,699.87,699.96,699.94,699.97,699.74,699.91,700.35,700.15,699.78,699.54,699.26,699.07,699.11,700.85,700.89,700.44,700.14,699.99,699.83,699.51,663.34,527.8,393.42,262.52,132.56,27.74,14.83,15.35,15.8,16.2,16.51,16.66,16.77,16.93,16.95,17.21,17.33,17.28,17.37,17.57,17.75,17.78,17.84,18.03,18.08,18.11,18.2,18.24,18.25,18.36,18.39,18.5,18.65,18.68,18.72,18.81,18.79,18.88,18.89,18.96,19.09,19.18,-0.51,-0.51,-0.51,-0.5,2.48,13.17,22.34,32.98,44.02,54.43,57.54,65.01,75.18,86.16,88.13,85.11,91.09,101.01,108.03,121.75,143.52,159.83,175.4,191.18,209.98,234.25,294.54,372.39,420.06,450.7,472.36,486.5,497.19,505.91,513.27,519.42,524.76,529.45,533.67,538.1,542.45,546.92,551.37,556.07,560.76,565.7,570.45,575.64,580.9,586.19,591.21,596.2,600.68,604.8,608.54,611.92,614.81,617.52,619.99,621.98,623.57,624.43,624.87,624.61,623.98,622.92,621.58,620.13,618.63,617.17,615.59,614.1,612.6,611.16,609.79,608.4,606.93,605.09,603.0,600.71,598.22,595.46,592.75,590.09,587.46,585.03,582.93,584.9,589.83,595.68,602.27,608.96,612.42,613.28,613.51,613.39,613.1,612.83,612.43,612.11,611.75,611.26,610.83,610.33,609.83,609.37,608.9,608.37,607.92,607.38,606.84,606.21,605.4,604.71,604.03,603.36,602.68,601.99,601.23,600.62,599.94,599.31,598.69,597.96,597.48,596.87,596.24,595.61
20511,15,116.635,-5.89,8.85,54.7,629.28,925.5,796.08,763.34,776.23,799.4,810.16,760.01,756.18,772.38,791.45,748.19,686.6,683.28,696.71,676.63,670.35,698.37,704.21,702.52,699.78,699.78,699.78,701.22,699.51,699.73,697.58,698.59,696.86,700.13,698.83,699.7,699.54,699.4,699.27,699.19,699.69,699.52,699.77,698.98,699.97,699.85,699.96,699.0,699.81,699.93,699.44,699.96,699.68,699.65,699.4,699.56,699.66,699.37,699.86,699.79,699.91,699.97,699.98,699.98,699.94,700.0,699.99,700.02,699.94,699.8,700.19,700.1,699.67,699.47,699.69,700.52,700.3,699.93,699.72,699.5,699.2,699.09,699.79,701.32,701.06,700.78,700.5,661.04,526.14,392.45,261.79,131.59,29.93,18.56,19.3,19.76,20.12,20.2,20.45,20.62,20.72,20.86,20.92,20.97,21.18,21.26,21.36,21.51,21.59,21.7,21.69,21.82,21.87,21.9,22.02,22.07,22.09,22.16,22.24,22.31,22.43,22.48,22.54,22.43,22.64,22.7,22.76,22.82,22.96,-0.42,-0.5,-0.51,-0.48,2.97,13.65,22.81,33.46,44.53,54.66,57.77,65.15,75.47,86.22,88.2,85.16,91.03,100.98,108.19,121.81,143.73,160.17,175.85,191.69,210.99,235.93,302.05,377.36,423.57,453.36,473.71,487.49,497.93,506.62,513.73,519.96,525.15,529.81,534.01,538.27,542.62,547.06,551.46,556.16,560.85,565.72,570.67,575.74,580.98,586.18,591.32,596.26,600.8,605.07,608.73,611.85,614.94,617.67,620.07,622.16,623.67,624.65,625.08,624.95,624.33,623.29,622.03,620.61,619.16,617.72,616.32,614.83,613.46,612.15,610.69,609.26,607.68,605.75,603.72,601.26,598.62,595.82,592.93,590.12,587.35,584.83,582.84,585.01,589.94,595.96,602.61,609.35,612.69,613.71,613.94,613.86,613.6,613.29,612.91,612.56,612.21,611.73,611.26,610.82,610.23,609.75,609.29,608.74,608.35,607.88,607.23,606.58,605.94,605.26,604.56,603.8,603.17,602.5,601.8,601.19,600.53,599.9,599.25,598.61,598.03,597.42,596.91,596.3
20512,15,116.65,-4.84,9.11,54.45,622.41,922.82,796.34,763.15,775.75,799.09,809.95,760.14,756.58,773.18,792.19,748.38,687.01,682.07,695.68,676.68,670.51,698.5,704.22,702.34,700.58,699.49,699.76,701.19,699.47,699.89,698.92,700.14,696.17,700.12,698.45,699.74,699.22,699.79,699.88,698.58,699.93,699.85,699.36,699.62,699.84,699.69,700.03,699.87,699.79,699.88,700.04,700.04,699.88,699.52,699.74,699.73,699.82,699.62,699.78,699.95,700.02,699.95,699.95,699.99,699.98,699.9,700.0,699.93,699.95,700.06,699.89,699.58,700.05,700.19,699.78,699.59,699.32,699.07,700.2,700.5,700.07,699.92,699.56,699.38,699.06,698.99,701.25,662.64,526.62,392.57,261.7,131.73,29.8,18.65,19.17,19.68,19.97,20.24,20.45,20.61,20.7,20.82,20.97,21.07,21.21,21.33,21.38,21.55,21.73,21.7,21.8,21.88,21.95,21.97,22.13,22.22,22.23,22.29,22.4,22.44,22.44,22.62,22.54,22.66,22.69,22.78,22.86,22.8,22.96,-0.45,-0.46,-0.47,-0.49,3.05,13.65,22.77,33.45,44.62,54.62,57.69,65.08,75.29,86.15,88.1,85.11,91.04,100.95,107.59,121.26,143.45,159.91,175.72,191.82,210.41,234.94,299.08,375.5,421.6,451.97,473.36,486.86,497.5,506.1,513.28,519.48,524.82,529.47,533.65,537.95,542.39,546.98,551.42,556.17,560.85,565.83,570.85,576.02,581.11,586.38,591.76,596.69,601.25,605.36,609.18,612.52,615.6,618.36,620.8,622.84,624.45,625.5,625.92,625.73,625.09,624.09,622.8,621.45,619.91,618.36,616.82,615.41,613.83,612.4,611.03,609.63,608.12,606.46,604.41,602.11,599.64,597.12,594.45,591.78,589.21,586.68,584.66,586.74,591.56,597.48,604.06,610.73,613.92,614.83,614.95,614.83,614.57,614.27,613.87,613.54,613.1,612.74,612.34,611.81,611.39,610.9,610.35,609.94,609.39,608.84,608.35,607.77,607.12,606.42,605.64,605.02,604.28,603.61,602.93,602.19,601.53,600.99,600.26,599.65,599.05,598.45,597.84,597.24
20514,15,116.654,-6.66,8.68,53.25,626.17,922.65,795.32,762.82,775.85,799.24,810.2,760.45,757.31,773.56,791.57,748.2,686.49,681.5,695.03,676.6,670.03,698.02,704.01,702.27,700.69,700.11,699.41,701.22,699.18,699.54,698.59,699.83,696.01,700.05,698.54,699.78,699.51,699.52,699.82,698.93,699.65,699.69,699.75,699.11,699.97,699.55,699.87,699.8,699.91,699.94,699.76,699.84,699.87,699.95,699.24,699.66,699.95,699.81,699.89,700.04,699.98,699.99,699.88,699.99,700.0,699.99,699.87,699.93,699.91,700.06,699.95,699.62,699.95,700.52,700.21,699.84,699.62,699.51,699.15,699.0,700.11,701.43,701.26,700.9,699.01,697.81,702.69,661.59,526.48,392.5,261.76,131.62,29.66,18.42,19.14,19.61,19.82,20.11,20.3,20.46,20.68,20.76,20.84,20.9,21.1,21.17,21.32,21.35,21.43,21.54,21.65,21.73,21.78,21.83,21.89,22.0,21.93,22.03,22.14,22.19,22.24,22.32,22.38,22.48,22.4,22.62,22.67,22.7,22.81,-0.41,-0.44,-0.46,-0.44,2.85,13.66,22.8,33.44,44.48,54.45,57.45,64.91,75.14,86.02,87.96,84.95,90.72,100.59,108.32,121.39,143.33,160.0,176.16,192.22,211.41,235.85,302.89,378.46,423.74,453.84,474.6,488.02,498.37,507.09,514.03,520.26,525.37,529.96,534.21,538.47,542.92,547.37,551.75,556.37,561.21,566.03,571.06,576.13,581.54,586.67,592.05,596.94,601.62,605.78,609.62,613.0,616.0,618.77,621.25,623.52,625.09,626.17,626.6,626.49,625.97,624.97,623.73,622.37,620.92,619.44,618.13,616.67,615.24,613.88,612.51,611.21,609.71,608.06,606.07,603.94,601.53,598.99,596.33,593.81,591.16,588.63,586.53,588.63,593.4,599.24,605.71,612.4,615.69,616.6,616.68,616.59,616.32,616.03,615.68,615.25,614.89,614.49,614.12,613.62,613.13,612.58,612.1,611.71,611.13,610.64,610.07,609.49,608.87,608.15,607.47,606.71,606.03,605.38,604.63,603.94,603.32,602.62,601.97,601.28,600.71,600.03,599.43,598.83
20515,15,116.645,-7.09,8.27,51.27,617.34,920.48,794.21,761.87,774.85,798.2,809.27,759.22,755.4,771.83,790.41,747.01,685.33,680.36,694.23,676.42,668.34,697.35,703.66,702.13,700.47,699.75,699.63,701.26,699.59,700.61,698.16,698.88,697.31,699.19,699.59,699.6,698.75,699.6,699.7,698.93,699.53,699.92,698.65,699.99,699.91,699.96,699.64,699.92,699.62,699.66,699.88,699.89,699.75,699.69,699.76,699.49,699.82,699.43,699.53,699.8,699.95,699.94,700.05,700.02,699.99,699.91,699.94,699.97,700.1,699.83,699.63,700.04,700.17,699.95,699.61,699.32,699.06,698.91,700.87,701.13,700.77,700.48,700.2,700.02,699.87,699.59,699.47,663.44,527.61,393.18,262.63,132.78,27.36,14.42,14.97,15.47,15.81,16.02,16.3,16.47,16.5,16.62,16.8,16.9,16.94,17.08,17.24,17.29,17.44,17.59,17.42,17.79,17.67,17.83,17.93,18.0,18.08,18.13,18.23,18.23,18.24,18.47,18.3,18.52,18.59,18.66,18.54,18.72,18.78,-0.47,-0.39,-0.45,-0.47,2.56,13.19,22.42,33.1,44.36,54.56,57.48,65.05,75.15,86.07,88.06,84.98,90.85,100.7,107.35,120.37,143.04,159.77,175.66,191.75,210.58,234.91,298.07,375.66,422.63,452.91,474.16,487.78,498.43,507.13,514.16,520.31,525.5,530.08,534.17,538.59,542.91,547.26,551.84,556.45,561.14,565.94,570.88,575.93,581.01,586.3,591.55,596.34,600.89,605.05,608.78,612.12,614.97,617.61,620.06,622.21,623.72,624.73,625.13,625.02,624.38,623.3,622.07,620.63,619.05,617.62,616.17,614.69,613.27,611.83,610.48,609.17,607.73,606.06,604.17,601.95,599.66,597.21,594.72,592.21,589.64,587.27,585.33,587.12,591.96,597.81,604.44,611.13,614.52,615.49,615.72,615.57,615.31,614.93,614.62,614.31,613.88,613.47,612.98,612.57,612.12,611.63,611.13,610.67,610.14,609.69,609.18,608.55,607.87,607.16,606.4,605.74,605.06,604.34,603.66,602.9,602.27,601.58,600.95,600.34,599.61,599.05,598.47,597.87
20516,15,116.614,-7.16,8.44,52.5,618.5,920.25,793.95,761.45,773.87,797.17,807.98,758.12,755.05,771.53,790.6,747.53,686.05,681.18,694.84,675.42,669.21,697.41,703.67,702.22,699.34,699.7,700.27,701.17,698.99,695.17,698.67,699.72,696.11,699.29,698.78,699.93,698.81,699.74,699.77,698.17,700.06,699.88,698.82,699.83,699.73,700.21,699.1,699.98,700.02,700.11,699.63,700.02,699.88,699.38,699.47,699.64,699.65,699.68,700.12,699.81,699.76,699.87,700.03,699.86,699.9,699.92,700.03,699.93,700.12,699.79,699.51,700.13,699.96,699.6,700.0,700.13,699.74,699.48,699.21,698.96,699.71,700.56,700.46,700.12,699.85,699.58,699.25,662.66,527.38,392.77,261.92,131.91,29.65,18.97,19.38,19.98,20.38,20.49,20.74,20.82,21.03,21.15,21.17,21.3,21.46,21.51,21.62,21.75,21.87,21.87,22.1,22.15,22.14,22.27,22.32,22.31,22.43,22.53,22.57,22.62,22.62,22.74,22.72,22.86,22.93,22.95,22.98,23.12,23.12,-0.42,-0.47,-0.45,-0.51,2.98,13.54,22.65,33.31,44.49,54.52,57.48,64.93,75.15,85.99,88.0,84.96,90.9,100.83,107.61,120.98,143.12,159.58,175.72,191.56,210.75,235.65,301.33,377.14,423.32,453.0,474.37,487.8,498.39,506.89,514.19,520.26,525.38,530.08,534.18,538.65,543.03,547.32,551.68,556.24,560.92,565.66,570.47,575.64,580.66,585.9,590.94,595.76,599.99,604.21,607.94,611.13,614.09,616.82,619.51,621.51,623.17,624.16,624.69,624.5,623.99,623.07,621.78,620.37,618.95,617.5,616.02,614.53,613.03,611.68,610.3,608.84,607.28,605.61,603.71,601.62,599.17,596.66,594.02,591.32,588.69,586.25,584.19,586.16,590.9,596.69,603.2,609.85,613.06,613.83,614.01,613.72,613.45,613.13,612.75,612.33,612.0,611.61,611.03,610.64,610.12,609.57,609.05,608.57,608.12,607.5,607.04,606.36,605.74,604.98,604.29,603.59,602.84,602.16,601.39,600.67,599.97,599.37,598.64,597.99,597.36,596.78,596.13,595.55
20517,15,116.612,-5.39,8.59,52.52,620.27,920.31,793.4,761.67,775.13,798.65,809.16,759.38,755.86,772.27,790.79,746.99,685.95,680.97,694.7,675.74,669.59,697.87,703.88,702.34,699.25,699.59,700.27,701.19,697.51,695.82,698.65,699.57,695.78,699.85,698.68,699.74,698.82,699.95,699.66,698.86,699.98,699.98,699.02,699.78,699.53,699.93,699.75,699.49,699.94,700.1,699.45,699.95,699.87,699.29,699.72,699.81,699.65,699.51,699.94,699.82,699.99,699.94,700.06,700.02,699.93,699.94,700.03,700.01,699.97,699.87,699.84,700.12,699.95,699.82,699.99,699.74,699.41,699.91,700.27,699.88,699.63,699.45,699.19,699.06,699.87,700.9,700.46,662.28,526.71,392.52,262.02,131.93,29.74,18.83,19.56,20.08,20.19,20.43,20.65,20.79,20.86,21.11,21.13,21.21,21.36,21.6,21.78,21.84,22.09,22.04,22.06,22.13,22.18,22.34,22.43,22.41,22.57,22.6,22.64,22.79,22.77,22.83,22.95,22.84,23.04,23.12,23.15,23.19,23.26,-0.41,-0.41,-0.39,-0.47,3.3,14.07,23.03,33.72,44.77,54.84,57.75,65.24,75.44,86.38,88.15,85.14,90.88,100.92,107.48,120.89,143.04,159.61,175.32,191.29,210.57,235.64,302.32,377.06,423.08,452.58,473.79,487.51,498.21,506.8,513.81,519.98,525.16,529.65,533.87,538.21,542.55,546.96,551.53,556.13,560.71,565.59,570.55,575.73,580.93,586.1,591.38,596.36,600.69,604.85,608.5,611.96,614.95,617.54,620.08,622.07,623.64,624.55,625.01,624.83,624.09,623.01,621.68,620.13,618.69,617.21,615.82,614.33,612.9,611.41,610.07,608.66,607.27,605.57,603.85,601.76,599.4,597.02,594.56,591.87,589.31,586.91,585.03,587.15,591.99,597.79,604.15,610.87,614.39,615.16,615.36,615.09,614.91,614.58,614.18,613.79,613.38,613.04,612.63,612.14,611.68,611.17,610.63,610.2,609.73,609.16,608.58,608.01,607.37,606.64,605.89,605.24,604.44,603.71,603.06,602.4,601.71,600.99,600.38,599.8,599.12,598.5,598.04,597.37
20518,15,116.664,-7.18,8.08,52.37,619.12,921.78,794.38,761.6,774.66,797.88,808.68,758.66,755.39,771.93,790.45,748.86,688.26,681.17,694.25,675.19,668.96,697.34,703.63,702.14,699.15,699.69,700.16,701.3,698.27,695.49,698.54,699.51,696.19,699.51,698.7,699.63,698.84,699.94,699.77,698.75,699.88,699.98,699.26,699.92,699.75,699.77,700.06,699.56,699.94,699.63,699.87,699.77,699.62,699.74,699.54,699.89,699.95,699.84,699.98,699.98,700.0,699.96,699.96,700.01,699.96,700.04,699.85,700.07,699.89,699.65,700.2,700.03,699.67,699.39,699.18,700.42,700.53,700.2,699.85,699.61,699.36,699.23,699.02,700.58,701.6,701.29,699.09,662.42,527.23,392.62,261.85,131.99,29.41,18.57,18.87,19.35,19.76,19.84,20.09,20.33,20.52,20.58,20.76,20.88,20.87,21.04,21.14,21.35,21.36,21.6,21.57,21.69,21.65,21.74,21.94,21.93,21.95,22.17,22.11,22.07,22.21,22.29,22.28,22.41,22.43,22.47,22.57,22.53,22.66,-0.33,-0.29,-0.38,-0.45,3.05,13.72,22.7,33.36,44.51,54.63,57.59,65.02,75.26,86.14,87.95,85.13,91.0,100.82,107.68,121.35,143.39,159.75,175.79,191.76,210.93,235.66,300.53,376.25,422.66,452.46,473.91,487.51,498.12,506.81,513.88,520.07,525.32,529.91,534.06,538.44,542.76,547.3,551.74,556.42,561.11,566.0,570.96,576.03,581.24,586.54,591.71,596.61,600.97,605.2,608.94,612.37,615.22,617.89,620.43,622.5,624.0,624.98,625.39,625.19,624.56,623.43,622.09,620.58,619.04,617.44,615.95,614.5,613.0,611.49,610.2,608.72,607.05,605.46,603.55,601.45,599.11,596.57,594.12,591.32,588.76,586.21,584.24,586.08,591.0,596.9,603.43,610.19,613.39,614.22,614.34,614.19,613.99,613.63,613.24,612.97,612.54,612.17,611.83,611.29,610.76,610.24,609.82,609.25,608.76,608.23,607.77,607.18,606.46,605.72,605.08,604.36,603.69,603.03,602.26,601.63,600.86,600.31,599.52,598.94,598.29,597.69,597.16,596.52
20519,15,116.69,-6.89,8.44,53.72,624.57,922.4,795.21,762.1,774.87,798.48,809.13,759.13,755.71,772.16,791.0,747.7,686.27,681.18,694.84,676.03,669.93,697.95,703.74,702.29,699.92,699.59,699.55,701.29,699.44,696.83,698.17,698.68,696.31,699.99,698.56,699.86,699.44,699.78,699.69,698.67,699.87,699.61,699.43,699.38,699.89,699.99,699.68,699.12,699.88,699.85,699.91,699.64,699.82,699.7,699.53,699.67,699.77,699.78,699.92,699.93,699.98,700.05,699.95,700.04,699.95,700.07,700.0,700.02,699.91,699.75,700.16,700.03,699.65,699.58,700.14,699.94,699.67,699.48,700.18,700.43,700.23,699.78,699.66,699.17,698.9,699.14,700.94,662.72,526.76,392.79,262.02,131.69,29.77,18.64,19.17,19.93,20.25,20.42,20.61,20.8,20.95,21.2,21.54,21.53,21.76,21.65,21.85,21.93,21.86,22.02,22.15,22.18,22.13,22.19,22.21,22.43,22.3,22.46,22.45,22.58,22.66,22.65,22.77,22.74,22.89,22.84,23.09,22.98,23.04,-0.43,-0.35,-0.52,-0.47,3.19,13.9,23.01,33.53,44.68,54.75,57.86,65.23,75.4,86.17,88.2,85.05,91.13,101.04,108.05,121.86,143.7,160.15,176.02,191.85,210.64,235.5,302.56,377.78,423.77,453.39,473.87,487.66,498.11,506.76,513.9,520.05,525.18,529.72,534.03,538.22,542.67,547.13,551.6,556.33,560.96,565.97,570.83,575.98,581.29,586.5,591.69,596.63,601.25,605.22,609.08,612.46,615.38,618.04,620.63,622.63,624.14,625.23,625.6,625.41,624.9,623.84,622.55,621.15,619.61,618.19,616.75,615.33,613.93,612.59,611.12,609.66,608.15,606.54,604.64,602.4,600.03,597.48,594.94,592.3,589.71,587.28,585.22,587.36,592.06,598.07,604.63,611.46,614.84,615.72,615.89,615.8,615.56,615.33,615.02,614.67,614.23,613.89,613.49,613.02,612.59,612.3,611.77,611.1,610.67,610.23,609.7,609.15,608.44,607.77,607.1,606.35,605.72,605.03,604.28,603.62,602.97,602.25,601.68,601.04,600.55,599.9,599.14,598.58
20520,15,116.659,-6.53,8.54,54.86,628.02,922.57,795.38,762.84,775.41,798.55,809.46,759.58,756.12,772.71,791.31,748.07,686.33,681.24,694.68,675.85,669.5,697.86,703.93,702.38,699.86,699.65,699.68,701.13,698.58,697.0,698.47,697.97,697.06,700.25,698.26,699.69,699.53,699.12,699.53,699.29,699.76,699.64,699.89,699.22,699.96,699.66,700.08,699.1,699.96,700.03,699.88,699.94,699.74,699.64,699.46,699.58,699.69,699.52,699.77,699.98,699.92,699.73,700.01,699.86,700.05,699.97,699.88,700.04,700.02,700.15,699.87,700.03,700.09,699.79,699.49,699.69,700.58,700.32,700.03,699.79,699.63,699.42,699.2,698.99,701.08,701.67,701.16,660.63,526.26,392.48,261.62,131.66,29.74,18.47,18.95,19.57,19.88,20.16,20.3,20.45,20.59,20.78,20.92,21.04,21.22,21.18,21.24,21.37,21.4,21.45,21.73,21.77,21.68,21.88,21.95,21.98,22.14,22.08,22.2,22.17,22.32,22.38,22.46,22.56,22.57,22.59,22.55,22.78,22.82,-0.48,-0.51,-0.46,-0.43,3.29,13.93,23.14,33.72,44.88,54.94,57.9,65.33,75.52,86.37,88.28,85.19,91.15,101.0,108.21,121.72,143.89,160.58,176.82,192.75,212.38,237.83,307.73,381.08,426.07,455.14,475.16,488.69,498.95,507.41,514.35,520.45,525.5,529.98,534.35,538.58,543.08,547.61,551.98,556.55,561.33,566.23,571.13,576.34,581.69,587.01,592.2,597.05,601.54,605.78,609.44,612.76,615.76,618.38,620.82,623.01,624.6,625.65,626.16,626.08,625.43,624.48,623.26,621.84,620.39,619.03,617.65,616.29,614.93,613.56,612.18,610.78,609.12,607.39,605.37,603.02,600.57,597.95,595.11,592.26,589.55,586.94,584.94,587.1,592.03,597.98,604.62,611.47,614.8,615.91,616.07,615.91,615.74,615.39,615.04,614.76,614.39,613.99,613.54,613.11,612.57,612.14,611.6,611.1,610.63,610.11,609.54,608.91,608.31,607.52,606.77,606.1,605.37,604.8,604.04,603.45,602.73,602.09,601.41,600.85,600.27,599.72,599.06,598.42
20521,15,116.647,-6.7,8.73,54.82,620.02,921.07,794.32,761.7,774.54,798.12,809.26,759.22,755.61,772.33,791.29,747.28,685.97,681.28,694.53,674.96,668.59,697.49,703.58,702.11,699.35,699.32,700.27,701.27,697.47,695.89,698.65,699.71,696.01,699.46,698.55,699.84,698.61,699.84,699.83,698.92,700.02,699.99,699.05,699.85,699.74,699.93,699.9,699.55,700.11,699.64,699.77,699.93,699.85,699.81,699.17,699.55,699.78,699.21,699.78,699.83,700.03,699.97,699.98,699.98,699.97,699.97,699.97,700.0,699.83,700.07,699.98,700.15,700.0,699.71,699.43,699.43,700.42,700.13,699.94,699.71,699.43,699.13,698.92,700.73,701.19,700.9,700.54,661.22,526.13,392.44,261.58,131.76,29.8,18.83,19.3,19.74,20.03,20.26,20.47,20.6,20.76,20.83,21.03,21.12,21.2,21.36,21.46,21.59,21.58,21.69,21.76,21.79,21.92,22.01,22.05,22.14,22.21,22.28,22.36,22.37,22.41,22.42,22.53,22.59,22.51,22.69,22.74,22.78,22.95,-0.38,-0.43,-0.35,-0.36,3.11,14.03,23.19,33.88,44.91,55.03,58.0,65.5,75.68,86.56,88.43,85.33,91.16,101.05,107.18,120.39,143.31,159.8,175.65,191.65,210.89,235.93,301.67,376.95,423.27,452.85,474.13,487.48,497.98,506.72,514.0,520.12,525.32,529.85,534.07,538.49,542.88,547.24,551.74,556.48,561.18,565.99,570.98,576.15,581.32,586.6,591.78,596.8,601.34,605.4,609.18,612.48,615.49,618.17,620.85,622.93,624.45,625.55,626.03,625.9,625.22,624.31,623.02,621.56,620.13,618.54,617.12,615.7,614.29,612.85,611.48,610.08,608.52,606.77,604.72,602.41,599.9,597.28,594.49,591.6,588.86,586.34,584.36,586.37,591.27,597.27,603.9,610.73,614.06,615.02,615.18,615.1,614.8,614.57,614.14,613.86,613.45,613.0,612.61,612.14,611.65,611.07,610.61,610.06,609.64,609.11,608.58,608.01,607.3,606.58,605.91,605.25,604.55,603.78,603.15,602.52,601.77,601.17,600.54,599.88,599.24,598.62,598.08,597.47
20522,15,116.635,-5.84,8.3,48.67,610.93,920.92,794.07,761.66,774.68,798.21,808.56,758.91,755.12,771.38,789.88,746.09,684.71,680.17,693.82,674.33,668.09,696.98,702.98,701.17,698.98,699.58,700.43,701.01,698.3,696.03,699.08,698.65,697.93,698.36,699.51,699.26,699.72,699.16,699.38,699.72,699.16,699.3,698.99,699.79,699.93,699.19,699.63,699.97,700.01,699.99,700.02,699.8,699.86,700.03,699.55,699.78,699.74,699.8,699.43,699.85,699.91,699.93,700.11,699.99,700.01,699.92,700.04,699.94,700.08,699.75,700.0,700.1,699.78,699.49,700.09,700.31,699.94,699.68,699.56,699.29,699.1,699.3,700.9,700.81,700.61,700.36,700.08,662.04,526.17,392.34,261.88,132.13,29.04,18.12,18.53,19.09,19.3,19.6,19.82,20.0,20.13,20.28,20.35,20.52,20.55,20.63,20.78,20.95,20.9,20.99,21.16,21.02,21.19,21.29,21.45,21.48,21.6,21.5,21.69,21.79,21.87,21.86,21.95,21.92,22.0,22.11,22.23,22.07,22.34,-0.48,-0.42,-0.48,-0.43,3.0,13.69,22.74,33.34,44.42,54.53,57.5,65.09,75.25,85.92,87.87,84.87,90.82,100.64,106.75,119.78,142.56,158.61,173.92,190.42,209.5,233.46,293.24,371.65,419.55,450.29,472.32,486.32,497.08,505.75,513.06,519.2,524.58,529.17,533.42,537.73,542.04,546.34,550.98,555.59,560.36,565.07,570.22,575.41,580.51,585.79,590.93,595.92,600.58,604.93,608.7,612.18,615.12,617.9,620.39,622.54,624.13,625.23,625.69,625.67,625.1,624.08,622.83,621.39,619.92,618.49,616.97,615.54,614.0,612.71,611.27,609.9,608.42,606.73,604.86,602.78,600.46,597.95,595.19,592.62,589.97,587.53,585.43,587.42,592.21,598.02,604.66,611.31,614.59,615.48,615.58,615.39,615.14,614.9,614.39,614.14,613.65,613.25,612.84,612.31,611.86,611.36,610.88,610.28,609.85,609.36,608.84,608.16,607.47,606.85,606.16,605.45,604.72,603.98,603.35,602.57,601.9,601.3,600.61,599.96,599.35,598.67,598.06,597.55
20523,15,116.666,-5.99,8.3,51.48,617.72,922.41,795.45,762.53,775.88,798.47,808.84,758.87,755.56,772.11,791.06,747.6,685.92,680.98,694.51,675.3,669.17,697.69,703.59,702.17,700.07,699.72,699.84,701.24,700.88,695.94,697.58,699.24,696.71,698.96,699.01,699.83,698.53,699.72,699.7,698.75,699.89,699.94,698.76,699.83,699.69,699.99,699.49,699.9,699.97,699.68,699.98,699.69,699.75,699.54,699.59,699.8,699.69,699.63,699.84,699.81,699.95,699.95,700.01,699.95,700.05,700.01,700.07,699.87,699.79,700.07,699.98,700.09,699.74,699.53,699.75,700.16,699.86,699.53,699.32,699.6,700.51,700.28,699.89,699.68,699.47,699.22,698.98,663.21,527.05,392.58,262.09,132.07,29.5,18.75,19.17,19.73,19.97,20.26,20.36,20.57,20.7,20.77,20.94,20.97,21.07,21.22,21.33,21.47,21.56,21.69,21.86,21.85,21.94,21.98,22.0,22.09,22.13,22.3,22.3,22.34,22.49,22.47,22.61,22.56,22.7,22.7,22.78,22.76,22.93,-0.52,-0.45,-0.46,-0.52,2.89,13.54,22.67,33.21,44.32,54.42,57.52,64.88,75.11,85.78,87.81,84.69,90.62,100.44,107.06,120.37,142.69,158.94,174.84,190.72,209.88,234.4,298.31,375.52,421.84,451.94,473.17,486.95,497.62,506.19,513.5,519.53,524.78,529.37,533.47,537.86,542.3,546.61,551.12,555.69,560.4,565.18,570.18,575.31,580.52,585.65,590.81,595.77,600.39,604.48,608.26,611.77,614.77,617.4,619.88,621.9,623.47,624.44,624.79,624.65,623.99,622.92,621.54,620.06,618.54,617.02,615.59,614.08,612.63,611.26,609.81,608.5,607.02,605.45,603.64,601.55,599.28,596.86,594.29,591.66,589.08,586.58,584.52,586.46,591.19,596.94,603.38,609.97,613.22,614.09,614.23,613.97,613.66,613.37,613.02,612.68,612.28,611.87,611.32,610.87,610.42,609.85,609.38,608.91,608.45,607.93,607.34,606.82,606.13,605.4,604.75,604.0,603.27,602.61,601.86,601.2,600.49,599.73,599.17,598.53,597.87,597.3,596.68,596.09
20524,15,116.685,-6.27,8.98,52.63,616.88,919.53,793.79,762.04,774.64,797.9,808.11,758.17,754.38,770.93,789.7,745.9,684.78,679.81,693.63,675.07,668.92,697.31,703.55,702.17,700.06,699.38,700.07,701.22,699.53,695.2,698.53,699.49,696.49,699.22,699.02,699.8,698.49,699.7,699.84,698.89,699.96,699.89,699.16,700.03,699.62,700.09,699.44,699.89,699.86,699.79,699.76,699.8,699.85,699.88,699.47,699.86,699.21,699.76,699.95,699.86,699.97,699.92,699.92,699.99,699.95,700.1,699.8,699.83,700.1,699.79,699.93,700.01,699.83,700.34,700.03,699.68,699.45,699.28,699.14,700.52,700.72,700.44,700.06,699.72,699.59,699.28,699.16,663.01,527.08,392.71,261.9,131.9,29.58,18.63,19.18,19.66,20.01,20.36,20.32,20.67,20.85,20.85,21.01,21.11,21.21,21.31,21.36,21.56,21.75,21.68,21.79,21.83,21.88,21.99,22.0,22.08,22.22,22.2,22.36,22.35,22.43,22.55,22.54,22.62,22.73,22.76,22.82,22.79,22.94,-0.48,-0.57,-0.49,-0.54,3.07,13.64,22.73,33.34,44.45,54.51,57.52,65.0,75.07,85.83,87.83,84.77,90.76,100.57,107.48,120.98,143.05,159.51,175.25,191.5,210.54,235.14,300.27,376.45,422.75,452.64,473.95,487.43,498.02,506.49,513.62,519.74,524.88,529.39,533.64,538.04,542.45,546.89,551.34,556.04,560.79,565.54,570.53,575.63,580.84,586.13,591.32,596.29,600.81,604.76,608.5,611.81,614.81,617.4,619.81,621.85,623.49,624.35,624.71,624.49,623.85,622.79,621.45,619.96,618.45,616.94,615.48,614.02,612.57,611.25,609.87,608.53,607.18,605.61,603.85,601.69,599.42,597.11,594.67,592.04,589.55,587.04,584.98,586.97,591.91,597.83,604.42,611.13,614.42,615.4,615.5,615.31,615.16,614.8,614.55,614.11,613.79,613.45,613.02,612.61,612.12,611.59,611.23,610.7,610.15,609.76,609.2,608.81,608.1,607.44,606.71,606.06,605.38,604.64,604.01,603.3,602.63,602.04,601.41,600.76,600.11,599.56,598.87,598.35
20525,15,116.685,-6.93,7.98,53.43,624.54,921.05,794.06,761.61,774.78,798.05,808.12,758.28,755.05,771.6,790.24,746.43,685.16,680.38,694.81,674.56,669.05,697.28,703.48,702.0,699.03,699.4,700.32,701.22,696.58,696.49,698.53,699.38,695.89,699.91,698.61,699.8,699.24,699.66,699.46,699.03,700.13,699.82,699.4,699.58,699.89,699.77,699.73,699.29,700.07,699.75,699.86,699.7,699.77,699.46,699.58,699.92,699.47,699.48,699.81,699.89,699.95,699.96,700.01,699.96,699.91,699.95,699.89,700.11,699.89,699.68,700.14,700.04,699.64,699.46,699.68,700.24,700.06,699.69,699.5,699.29,699.09,699.74,701.23,700.9,700.6,700.34,700.06,660.9,525.63,391.9,261.04,131.02,28.61,17.08,17.83,18.33,18.51,18.72,18.81,19.12,19.31,19.32,19.43,19.67,19.82,19.85,19.99,20.02,20.26,20.3,20.4,20.38,20.43,20.63,20.74,20.73,20.86,20.86,21.02,21.1,21.01,21.03,21.26,21.28,21.38,21.36,21.32,21.37,21.6,-0.42,-0.51,-0.44,-0.48,3.34,14.05,23.05,33.75,44.86,54.95,57.88,65.24,75.48,86.23,88.09,85.14,91.04,101.11,108.07,121.96,143.94,160.53,176.46,192.45,212.38,238.13,307.99,381.05,426.35,455.21,475.79,488.97,499.05,507.61,514.69,520.75,525.69,530.15,534.46,538.74,543.29,547.71,552.11,556.86,561.5,566.46,571.2,576.41,581.72,587.07,592.28,597.21,601.61,605.7,609.35,612.78,615.61,618.24,620.71,622.8,624.3,625.37,625.8,625.65,625.03,623.99,622.74,621.19,619.66,618.18,616.83,615.38,613.96,612.58,611.17,609.79,608.32,606.66,604.79,602.79,600.52,598.05,595.49,592.86,590.25,587.8,585.83,587.95,592.8,598.62,605.29,612.04,615.32,616.34,616.38,616.22,615.97,615.8,615.35,614.98,614.66,614.37,613.91,613.45,613.02,612.46,612.13,611.6,611.05,610.53,610.13,609.57,608.7,608.16,607.55,606.82,606.13,605.37,604.72,604.0,603.39,602.8,602.15,601.44,600.89,600.34,599.69,599.1
20526,15,116.66,-6.97,8.37,56.46,630.13,918.82,791.86,761.24,773.73,797.22,808.13,758.27,755.12,771.39,789.92,746.51,685.0,679.91,693.39,674.74,668.61,697.06,703.3,702.14,699.8,699.17,700.11,700.98,698.37,697.19,698.77,697.18,697.21,699.86,698.99,699.91,699.73,698.57,699.7,699.6,698.96,699.93,699.9,699.16,699.97,699.4,699.94,699.51,699.72,699.93,700.11,699.92,699.93,699.45,699.77,699.6,699.77,699.24,699.75,699.87,699.99,699.95,700.02,700.01,700.05,699.95,699.96,700.22,699.83,699.42,699.66,700.26,699.95,699.75,699.51,699.21,699.43,701.12,700.85,700.68,700.36,699.94,699.83,699.76,699.29,699.2,698.91,663.23,527.18,393.01,261.83,131.69,29.58,17.9,18.79,19.33,19.56,19.88,20.05,20.18,20.57,20.7,20.84,21.06,21.09,21.17,21.24,21.35,21.45,21.5,21.49,21.64,21.63,21.74,21.77,21.9,21.85,21.94,22.04,22.02,22.12,22.19,22.19,22.28,22.26,22.35,22.48,22.36,22.53,-0.53,-0.49,-0.47,-0.56,3.3,14.01,23.05,33.7,44.82,54.93,57.99,65.4,75.53,86.56,88.44,85.31,91.24,101.13,108.43,122.3,144.39,161.09,177.15,193.31,212.96,239.37,313.12,384.34,428.18,456.79,476.11,489.55,499.48,507.95,514.9,520.91,525.76,530.2,534.57,538.73,543.13,547.62,552.03,556.63,561.34,566.28,571.29,576.33,581.6,587.05,592.12,596.98,601.58,605.64,609.41,612.71,615.72,618.16,620.76,622.89,624.29,625.35,625.71,625.54,624.94,624.08,622.64,621.28,619.88,618.37,616.92,615.63,614.17,612.76,611.41,610.12,608.61,606.85,604.99,603.01,600.72,598.18,595.63,593.18,590.61,588.2,586.13,588.15,593.06,598.9,605.43,612.14,615.52,616.46,616.56,616.47,616.17,615.93,615.53,615.28,614.98,614.49,614.21,613.72,613.27,612.79,612.44,611.85,611.38,610.89,610.39,609.77,609.14,608.44,607.7,607.07,606.34,605.73,604.97,604.29,603.62,603.02,602.36,601.72,601.14,600.47,599.93,599.34
20528,15,116.688,-6.49,8.43,55.0,617.57,918.31,792.99,760.04,773.12,796.73,807.52,757.86,754.47,770.95,789.68,745.74,685.56,679.96,693.27,674.52,668.26,696.86,703.24,701.96,699.43,699.37,700.25,701.35,697.45,695.81,698.72,699.6,695.81,699.56,698.46,699.68,698.65,699.94,699.85,698.84,699.86,700.04,698.55,699.75,700.02,699.72,699.17,699.61,699.94,699.88,699.36,700.06,699.76,700.02,699.04,699.64,699.92,699.97,699.57,699.91,699.95,700.01,699.98,699.8,699.95,699.93,700.14,699.73,699.82,700.2,699.86,699.56,699.5,700.67,700.51,700.28,699.93,699.75,699.42,699.17,699.08,699.72,700.91,700.88,700.6,700.28,700.14,661.63,526.27,392.57,261.84,132.17,29.59,18.69,19.14,19.75,19.97,20.21,20.38,20.5,20.83,20.78,20.92,21.05,21.1,21.24,21.35,21.47,21.5,21.54,21.71,21.75,21.86,21.9,21.91,22.07,22.14,22.23,22.28,22.34,22.41,22.44,22.48,22.68,22.49,22.64,22.64,22.71,22.9,-0.34,-0.37,-0.39,-0.37,2.89,13.58,22.65,33.34,44.43,54.48,57.55,65.09,75.34,86.13,87.95,85.0,90.77,100.71,107.78,121.46,143.15,159.68,175.83,191.78,211.08,235.95,302.56,377.74,423.69,453.34,474.37,487.6,498.23,506.71,513.79,519.9,525.15,529.59,533.9,538.19,542.54,546.94,551.46,556.28,561.02,565.82,570.72,575.98,581.28,586.39,591.65,596.62,601.13,605.38,608.99,612.46,615.43,618.09,620.56,622.6,624.18,625.19,625.65,625.55,624.93,623.89,622.58,621.16,619.69,618.24,616.77,615.38,614.01,612.61,611.17,609.79,608.31,606.65,604.77,602.75,600.34,597.74,595.06,592.43,589.75,587.36,585.44,587.51,592.52,598.47,605.26,612.05,615.44,616.38,616.61,616.49,616.22,615.98,615.56,615.31,614.95,614.49,614.12,613.65,613.2,612.65,612.22,611.66,611.23,610.69,610.16,609.61,608.91,608.27,607.58,606.92,606.18,605.47,604.75,604.12,603.39,602.77,602.18,601.51,600.98,600.34,599.79,599.21
20627,20,114.534,31.97,46.34,59.92,563.3,995.56,908.87,874.59,887.27,910.41,925.41,873.63,863.52,879.14,898.32,866.65,794.26,783.21,794.64,782.29,745.8,761.24,745.18,723.73,703.12,699.12,699.87,699.16,699.89,699.69,700.07,698.16,700.81,696.48,699.07,697.39,699.55,699.67,699.56,699.66,698.76,699.98,700.17,699.55,699.68,699.99,699.47,699.75,700.03,699.69,699.57,699.98,699.76,699.27,699.88,699.54,699.49,699.77,699.77,699.73,699.95,699.84,699.97,699.93,700.03,699.92,699.94,699.89,699.92,699.95,699.73,699.92,699.89,699.97,699.82,700.0,699.67,700.08,699.72,699.86,699.97,699.83,700.24,700.04,699.77,699.37,699.13,674.01,542.16,407.37,276.01,145.97,35.16,26.34,25.8,36.6,44.24,31.75,27.3,26.4,25.6,25.84,24.61,25.42,25.38,25.38,25.18,25.04,25.11,24.87,25.1,25.09,25.12,25.05,24.98,25.14,24.88,25.29,25.12,25.13,25.12,26.1,24.31,25.2,25.28,25.04,25.19,25.19,25.47,-0.6,-0.47,-0.52,-0.5,0.6,11.4,21.54,33.24,45.31,56.75,60.41,67.59,77.98,89.21,93.28,89.22,94.16,103.59,110.34,111.45,132.67,143.94,151.41,159.11,169.82,183.67,198.44,215.0,233.95,261.75,318.89,364.22,395.08,418.83,435.86,449.15,460.03,469.37,477.25,484.31,490.81,496.83,502.32,507.59,512.74,517.49,522.31,527.0,531.38,535.63,539.63,543.35,546.72,549.72,552.43,555.01,557.22,559.24,560.84,562.19,562.97,562.99,562.28,560.74,558.6,555.72,552.23,548.46,544.39,540.25,535.97,531.81,527.64,523.67,519.81,516.1,512.34,508.49,504.68,500.4,495.8,491.08,486.27,481.48,476.63,472.03,467.48,466.27,467.87,470.35,473.48,476.96,475.02,463.96,460.81,458.47,456.38,454.41,452.54,450.74,448.91,447.17,445.53,443.88,442.32,440.72,439.15,437.59,436.06,434.39,432.73,431.11,429.37,427.85,426.33,424.87,423.37,421.89,420.43,419.05,417.66,416.35,415.06,413.75,412.49,411.29,410.17,409.0
20628,20,114.553,30.59,45.28,58.33,552.84,991.78,906.57,871.48,884.73,907.92,923.49,871.98,862.07,877.59,896.86,864.33,792.22,781.59,794.01,780.45,744.25,760.01,743.93,723.08,702.88,698.93,699.29,700.02,700.44,699.66,698.23,699.77,696.99,697.99,696.65,699.63,698.25,700.02,699.68,698.37,700.02,700.11,699.11,699.5,699.54,699.85,700.1,699.5,699.76,699.72,699.82,700.03,699.88,699.47,699.73,699.79,699.64,699.44,699.45,699.65,699.47,699.89,699.91,699.96,699.92,699.85,699.78,699.92,700.01,699.85,700.05,699.66,700.15,699.93,699.44,699.56,700.63,700.31,699.86,699.47,699.3,698.96,699.23,701.56,701.54,700.55,697.05,674.1,541.01,406.59,275.41,145.48,35.44,25.53,25.83,39.9,42.58,30.11,27.38,25.94,25.75,25.26,25.36,25.38,25.53,25.01,24.92,25.16,25.05,25.07,25.02,25.33,24.43,25.07,25.09,25.03,25.03,25.2,25.24,24.92,24.95,25.11,25.18,25.29,25.47,24.94,25.18,25.22,25.02,-0.43,-0.4,-0.38,-0.45,0.65,11.17,21.4,33.11,45.16,56.56,60.45,67.53,77.95,89.2,93.15,89.18,94.3,103.56,110.41,111.16,132.15,143.7,151.37,158.98,169.81,183.35,198.21,214.4,233.09,259.05,315.63,361.07,393.41,417.69,435.65,449.06,460.16,469.57,477.5,484.79,491.34,497.24,502.67,508.07,513.09,518.14,522.85,527.43,531.89,536.03,540.07,543.82,547.36,550.37,553.24,555.67,557.97,559.97,561.61,562.9,563.71,563.88,563.33,561.82,559.72,556.85,553.56,549.71,545.77,541.52,537.29,533.06,528.92,524.89,521.11,517.21,513.52,509.66,505.85,501.71,497.13,492.5,487.63,482.87,478.17,473.51,469.08,467.92,469.58,472.15,475.15,478.63,476.49,465.52,462.12,459.71,457.62,455.57,453.61,451.8,449.89,448.19,446.53,444.96,443.29,441.73,440.15,438.52,436.94,435.37,433.73,431.97,430.35,428.83,427.26,425.7,424.31,422.78,421.32,419.97,418.57,417.24,415.89,414.7,413.36,412.17,411.04,409.88
20629,20,114.538,30.46,44.68,57.98,553.34,990.6,904.71,869.47,882.59,907.32,922.7,870.7,860.79,876.35,895.71,862.89,791.15,780.68,792.16,778.95,743.52,759.2,743.5,722.74,702.85,699.17,698.83,700.01,700.38,700.12,699.43,699.36,698.61,696.23,696.8,699.6,698.94,699.93,699.68,698.52,700.11,699.67,699.06,699.45,699.94,699.99,700.06,699.46,699.79,699.71,699.96,699.9,699.82,699.67,699.4,699.97,699.09,699.73,699.86,699.3,699.93,699.88,699.93,699.91,699.94,699.96,700.05,699.63,700.06,699.49,699.7,700.02,700.14,699.65,700.02,699.92,699.48,699.77,700.13,700.07,699.77,699.43,699.03,699.99,701.46,701.21,700.99,670.66,539.71,405.68,274.78,144.69,34.85,25.95,26.06,37.66,44.18,30.84,27.25,26.23,25.7,25.36,25.23,25.51,25.41,25.18,25.11,25.11,24.98,24.77,25.04,25.13,25.02,24.94,25.2,24.86,24.89,25.27,25.16,25.08,25.09,25.4,24.71,25.27,25.17,25.33,25.15,25.21,25.28,-0.43,-0.38,-0.32,-0.55,0.6,11.52,21.64,33.04,45.24,56.53,60.22,67.36,77.64,88.89,92.78,88.85,93.93,103.32,109.98,110.91,132.1,143.57,151.38,159.08,170.11,183.58,198.69,215.1,234.22,262.01,319.81,364.77,395.84,419.82,437.48,450.72,461.64,470.8,478.78,485.85,492.33,498.23,503.68,509.08,514.12,519.06,523.81,528.35,532.83,537.01,541.0,544.66,548.12,551.12,553.9,556.47,558.78,560.81,562.43,563.84,564.61,564.8,564.25,562.79,560.7,557.9,554.54,550.81,546.71,542.65,538.28,534.05,529.95,525.99,522.1,518.32,514.59,510.82,506.99,502.68,498.21,493.58,488.78,484.09,479.28,474.61,470.11,469.0,470.66,473.17,476.34,479.79,477.65,466.75,463.56,461.24,459.02,457.07,455.09,453.26,451.54,449.73,448.05,446.42,444.82,443.16,441.56,440.03,438.44,436.82,435.18,433.43,431.88,430.24,428.7,427.15,425.77,424.2,422.76,421.33,419.99,418.72,417.43,416.09,414.86,413.67,412.47,411.36
20631,20,114.588,31.98,44.3,58.35,561.7,990.12,900.01,864.84,878.29,902.67,918.42,866.64,856.55,871.9,890.99,858.9,787.28,776.88,788.61,776.09,740.88,757.37,742.52,722.25,702.79,698.99,699.49,699.55,700.25,699.99,700.71,699.12,699.97,698.78,696.49,699.78,698.83,699.95,699.67,698.72,700.04,699.77,699.34,699.39,699.91,699.88,699.84,699.77,699.87,699.85,699.92,699.28,699.49,699.55,699.75,699.69,699.84,699.43,699.67,699.82,699.87,699.94,700.05,699.97,699.75,699.95,699.76,699.89,699.89,699.84,699.93,700.1,699.82,700.04,700.16,699.68,699.29,699.51,700.96,700.86,700.43,700.11,699.78,699.51,699.21,698.99,699.21,673.88,540.91,406.57,275.48,145.31,35.49,25.72,25.57,37.18,44.18,31.2,27.44,26.19,25.9,24.81,25.51,25.3,25.27,25.23,25.03,25.26,24.84,25.06,25.13,25.16,25.03,25.02,24.99,24.8,25.2,25.07,25.05,25.1,25.07,25.05,25.04,25.17,25.06,25.17,25.1,25.33,25.01,-0.47,-0.3,-0.34,-0.5,0.76,11.33,21.31,32.76,44.78,56.25,60.06,67.27,77.63,88.76,92.77,88.86,93.85,103.13,109.91,111.52,132.72,144.17,151.98,160.08,170.96,184.84,199.65,216.46,235.98,266.82,325.2,369.68,400.25,423.3,440.46,453.24,463.76,472.87,480.66,487.67,493.96,499.79,505.12,510.29,515.29,520.11,524.82,529.32,533.79,538.02,541.87,545.5,548.83,551.91,554.78,557.28,559.47,561.38,563.07,564.43,565.27,565.44,564.74,563.16,561.0,558.16,554.82,551.08,547.09,543.05,538.76,534.6,530.43,526.46,522.59,518.81,515.11,511.18,507.07,502.51,497.89,493.05,488.13,483.33,478.58,473.8,469.37,468.08,469.57,471.94,474.78,478.0,475.67,464.8,461.79,459.32,457.19,455.01,453.09,451.25,449.42,447.64,445.91,444.33,442.56,441.05,439.33,437.77,436.17,434.49,432.83,431.09,429.43,427.86,426.31,424.8,423.19,421.8,420.38,418.98,417.6,416.25,414.91,413.53,412.44,411.18,409.99,408.78
20633,20,114.637,31.01,43.23,56.63,553.39,986.95,896.65,862.95,876.72,900.86,916.31,864.64,855.07,870.96,890.51,856.81,785.91,775.7,787.57,774.57,740.37,756.94,742.38,722.03,702.87,699.69,699.52,699.83,700.06,700.56,698.13,698.18,698.28,699.25,695.65,699.96,697.98,699.53,699.74,699.0,699.38,699.91,699.08,700.1,699.13,700.01,699.64,699.81,699.33,700.05,699.53,699.73,699.8,699.87,699.35,699.67,699.36,699.12,699.78,699.6,699.94,699.99,699.88,699.98,699.91,699.91,699.96,699.94,699.95,699.91,699.96,699.9,699.9,700.02,699.93,700.1,699.83,700.07,700.18,699.82,699.53,699.25,699.24,700.99,700.96,700.61,700.31,671.69,539.89,405.62,274.87,144.77,34.79,25.86,25.59,38.33,43.45,30.56,27.46,25.88,25.54,25.52,25.46,25.22,25.12,25.27,24.99,25.18,25.02,24.94,25.1,25.03,25.13,24.67,25.12,25.03,25.09,25.07,25.06,24.88,25.05,25.04,25.09,25.25,25.27,25.48,25.07,25.13,25.05,-0.54,-0.49,-0.52,-0.58,0.61,11.18,21.15,32.77,44.67,56.05,59.79,66.92,77.25,88.47,92.18,88.26,93.5,102.85,109.45,111.09,132.37,143.64,151.61,159.78,171.19,184.58,199.64,216.28,235.58,265.85,325.03,368.67,399.87,422.95,440.77,453.45,464.17,473.24,480.98,488.07,494.42,500.24,505.72,510.87,515.92,520.75,525.41,529.97,534.38,538.62,542.55,546.11,549.47,552.65,555.45,557.85,560.15,562.08,563.78,565.14,566.02,566.05,565.46,564.0,561.88,559.1,555.76,551.97,547.95,543.77,539.53,535.34,531.21,527.15,523.24,519.4,515.63,511.78,507.57,503.01,498.3,493.52,488.65,483.75,479.0,474.32,469.81,468.71,470.28,472.61,475.57,478.76,476.44,465.5,462.31,459.89,457.69,455.65,453.69,451.78,449.96,448.26,446.54,444.88,443.3,441.65,440.03,438.37,436.83,435.26,433.52,431.89,430.19,428.56,427.07,425.56,424.07,422.56,421.18,419.78,418.43,417.01,415.65,414.46,413.14,411.92,410.73,409.59
20635,20,114.653,29.77,42.94,56.54,556.49,986.14,894.44,861.1,874.49,898.22,913.81,862.33,852.7,868.13,887.07,854.22,782.84,772.74,784.59,771.63,737.13,754.64,740.73,721.06,702.22,698.7,699.03,699.63,699.8,699.69,698.87,697.5,698.6,699.43,695.95,699.6,698.68,699.48,699.59,699.32,699.56,699.99,699.26,700.02,698.94,699.99,699.57,699.77,699.6,699.97,699.75,699.65,699.76,699.72,699.53,699.69,699.83,699.03,699.82,699.65,699.98,699.99,699.89,699.99,699.94,699.95,699.96,699.83,700.06,700.1,699.78,699.85,699.91,700.02,700.2,699.75,700.0,699.97,699.75,700.16,699.89,699.58,699.42,699.61,700.56,700.41,700.11,672.71,540.43,405.83,274.79,144.86,34.71,25.92,25.44,36.5,44.62,31.03,27.33,26.24,25.36,25.22,25.09,25.08,25.15,25.09,24.85,24.86,24.83,25.09,24.75,24.98,24.78,24.92,24.94,24.9,25.11,24.99,25.03,25.0,25.18,25.17,25.24,25.16,25.16,25.25,25.09,25.5,25.29,-0.41,-0.46,-0.37,-0.52,0.84,11.27,21.17,32.59,44.43,55.89,59.51,66.76,77.16,88.34,92.25,88.2,93.41,102.81,109.6,110.94,132.47,143.9,151.93,159.84,171.12,185.18,200.5,216.99,236.68,269.74,329.87,372.75,403.26,425.75,443.33,455.59,466.33,475.31,482.75,489.89,496.15,501.73,507.21,512.2,517.2,521.92,526.58,531.0,535.48,539.68,543.57,547.07,550.34,553.52,556.11,558.53,560.67,562.53,564.15,565.26,565.81,565.88,564.94,563.34,561.02,558.06,554.54,550.56,546.64,542.3,537.96,533.94,529.79,525.71,521.82,518.04,514.2,510.16,505.73,501.01,496.23,491.44,486.53,481.65,476.89,472.05,467.72,466.5,468.03,470.31,473.07,476.13,473.76,462.78,459.62,457.23,454.93,452.83,450.93,449.03,447.21,445.61,443.89,442.06,440.59,438.93,437.19,435.69,434.07,432.48,430.77,429.03,427.43,425.85,424.24,422.79,421.21,419.85,418.38,416.97,415.7,414.23,412.95,411.73,410.44,409.2,408.06,406.93
20637,20,114.633,30.29,43.36,55.3,542.69,987.24,899.8,867.48,879.74,902.39,917.46,865.71,856.0,871.61,890.96,857.29,786.46,776.31,788.07,774.97,740.15,756.43,742.16,722.02,702.63,699.01,698.37,699.64,699.38,700.17,698.36,697.68,698.81,699.94,696.73,698.61,699.16,699.61,698.69,699.78,699.36,698.77,699.49,699.97,699.9,699.91,699.05,699.96,699.95,699.88,699.59,699.69,699.8,699.7,699.73,699.82,699.54,699.4,699.77,699.75,699.56,699.97,699.95,699.97,699.85,699.92,699.94,699.94,699.9,699.99,699.99,699.98,699.89,700.12,699.85,700.1,699.87,700.1,699.75,699.63,700.37,699.96,699.64,699.36,698.96,699.07,700.84,672.91,539.91,405.82,274.69,144.92,34.83,25.77,25.89,38.13,43.64,30.51,27.29,26.11,25.54,25.39,25.25,25.21,25.04,25.07,25.01,25.09,25.0,24.98,24.98,24.94,25.29,24.63,25.12,25.24,25.08,25.2,25.06,25.45,24.77,25.33,25.19,25.27,25.22,25.32,25.1,25.08,25.32,-0.49,-0.35,-0.42,-0.34,0.69,11.66,21.77,33.47,45.16,56.55,60.13,67.15,77.51,88.61,92.32,88.25,93.3,102.72,109.15,109.48,129.37,142.5,150.08,157.38,168.78,182.56,197.62,213.8,233.35,262.22,321.54,366.35,398.49,421.67,439.98,452.72,463.67,472.84,480.78,487.79,494.17,499.76,505.22,510.4,515.42,519.97,524.62,529.16,533.56,537.78,541.89,545.38,548.64,551.63,554.37,556.86,559.07,560.9,562.53,563.62,564.58,564.77,564.06,562.73,560.66,557.83,554.56,550.88,546.86,542.67,538.3,534.12,529.94,525.97,522.1,518.27,514.52,510.66,506.55,502.09,497.3,492.66,487.91,483.09,478.46,473.79,469.17,467.96,469.7,472.22,475.17,478.56,476.29,465.27,461.77,459.35,456.98,454.86,452.89,451.02,449.12,447.34,445.61,443.84,442.31,440.65,439.01,437.49,435.86,434.3,432.67,430.85,429.24,427.77,426.13,424.52,423.12,421.64,420.21,418.81,417.47,416.05,414.85,413.59,412.41,411.07,409.71,408.63
20639,20,114.681,29.14,41.75,55.99,549.63,985.41,895.82,862.38,875.22,898.54,913.59,861.74,851.9,867.23,886.14,852.52,781.48,771.48,782.99,769.48,735.31,753.21,739.89,720.95,702.62,699.83,698.77,699.39,699.73,700.18,699.34,696.5,699.21,699.45,697.58,698.06,699.51,699.43,698.7,699.82,699.48,699.02,699.7,699.67,699.8,699.99,699.91,699.86,699.96,699.94,699.43,699.91,699.79,699.72,699.43,699.7,699.76,699.74,699.71,700.02,699.98,699.93,699.94,699.99,700.02,699.99,699.87,699.94,699.96,699.97,700.05,699.98,700.08,699.92,699.48,699.96,699.86,699.96,700.17,699.98,699.61,699.3,700.18,700.45,700.12,699.89,699.56,672.89,540.33,405.73,274.62,144.94,34.77,25.69,25.72,36.44,44.64,30.97,27.26,26.47,25.58,25.32,25.08,25.38,25.19,25.06,24.91,25.05,24.98,25.31,24.38,24.95,24.8,24.87,24.77,25.01,24.84,24.93,24.97,24.93,25.09,25.08,25.29,24.95,25.28,25.16,25.24,25.16,25.28,-0.54,-0.48,-0.5,-0.55,0.67,11.17,21.07,32.57,44.41,55.53,59.36,66.44,76.77,87.8,91.53,87.65,92.66,102.12,108.66,109.63,131.15,143.06,150.92,159.07,170.76,184.41,199.51,216.37,236.67,271.59,331.86,374.68,405.09,427.32,444.79,457.16,467.68,476.43,484.16,490.88,497.06,502.63,508.03,513.0,517.8,522.62,527.3,531.78,536.24,540.33,544.17,547.7,551.02,554.12,556.65,559.09,561.25,563.2,564.69,565.95,566.63,566.62,565.99,564.35,562.24,559.35,555.95,552.17,548.16,543.96,539.66,535.51,531.44,527.38,523.57,519.75,515.95,511.92,507.67,503.02,498.26,493.37,488.44,483.57,478.77,473.98,469.56,468.38,469.88,472.3,475.22,478.45,476.09,465.13,461.92,459.55,457.36,455.29,453.46,451.47,449.59,447.88,446.19,444.48,442.88,441.28,439.74,438.04,436.33,434.71,433.0,431.48,429.8,428.31,426.59,425.19,423.6,422.24,420.76,419.35,418.05,416.64,415.4,413.98,412.87,411.61,410.35,409.23
20645,20,114.677,30.28,44.08,56.11,539.88,984.54,895.58,863.74,875.87,898.95,913.94,862.56,853.36,869.82,891.27,856.45,784.93,774.74,786.49,773.33,737.83,754.68,740.65,721.76,702.78,698.84,699.21,699.69,699.94,699.72,698.86,697.34,699.36,699.2,697.82,697.91,699.73,699.49,698.91,699.74,699.59,698.9,699.94,699.54,700.05,699.76,699.95,699.83,699.86,699.77,699.97,699.81,699.72,699.55,699.62,699.79,699.8,699.78,699.75,699.96,699.97,699.98,699.98,699.99,699.89,699.94,699.97,699.96,699.91,699.94,700.05,699.85,700.04,699.87,699.89,700.01,699.86,700.03,699.79,699.98,700.06,699.85,699.46,699.59,700.49,700.32,699.88,673.52,541.17,406.23,275.37,145.53,35.33,25.65,25.36,37.34,43.56,31.02,27.43,26.38,25.55,25.36,25.28,25.31,25.12,25.13,25.03,25.09,25.1,24.91,24.98,24.7,25.13,25.17,25.03,25.08,25.08,25.1,25.1,25.12,25.26,25.41,25.28,25.13,25.09,25.17,25.02,25.13,25.23,-0.48,-0.42,-0.44,-0.55,1.07,12.56,22.53,33.76,45.45,56.45,59.8,66.89,77.2,88.13,91.92,87.86,92.69,101.93,108.5,108.25,127.52,141.27,149.41,157.12,168.46,182.27,197.21,213.74,232.98,262.11,321.35,366.43,398.69,421.8,440.31,453.57,464.23,473.48,481.47,488.3,494.83,500.55,505.84,511.01,515.82,520.67,525.18,529.74,534.0,537.95,541.85,545.46,548.81,551.83,554.48,556.86,559.02,560.89,562.46,563.74,564.52,564.65,564.04,562.64,560.51,557.69,554.39,550.66,546.67,542.39,538.08,533.79,529.64,525.57,521.56,517.73,513.89,509.7,505.3,500.65,495.91,490.99,486.2,481.34,476.47,471.79,467.29,466.05,467.77,470.27,473.42,476.86,474.66,463.69,460.38,457.93,455.68,453.52,451.54,449.59,447.72,445.9,444.25,442.58,440.94,439.34,437.69,436.11,434.49,432.85,431.32,429.67,428.12,426.52,424.99,423.55,422.04,420.55,419.19,417.71,416.35,414.97,413.64,412.3,411.11,409.82,408.59,407.41
20646,20,114.598,29.58,42.38,56.73,553.39,988.52,900.26,864.59,877.04,900.69,916.4,865.09,855.73,871.66,891.27,858.14,787.25,778.01,791.04,776.27,741.5,757.67,742.67,722.22,702.73,699.37,699.06,699.7,700.15,699.02,698.89,698.58,698.2,699.11,696.69,699.91,698.47,699.69,699.84,699.05,699.85,700.16,699.5,700.12,699.52,699.93,699.98,699.74,699.46,699.88,699.74,699.96,699.66,699.58,699.89,699.45,699.96,699.7,699.79,699.49,699.97,700.02,699.78,699.88,699.98,699.95,699.93,699.91,699.95,699.94,699.99,700.03,699.81,699.99,699.98,700.15,699.65,700.01,699.77,699.94,700.08,699.93,699.68,699.29,699.5,700.69,700.59,671.94,539.46,404.97,273.98,144.18,34.42,25.97,25.48,32.74,46.3,33.07,26.79,26.67,25.74,25.32,25.23,25.1,25.38,24.97,25.22,25.18,25.02,25.08,25.12,25.08,24.89,25.03,25.09,24.97,25.1,25.04,25.08,24.94,25.14,25.11,25.14,25.25,25.41,25.05,25.23,25.07,25.0,-0.38,-0.32,-0.27,-0.4,0.99,11.99,21.9,33.31,45.18,56.47,60.04,67.2,77.45,88.43,92.2,88.16,93.24,102.57,109.02,110.1,131.29,142.7,150.29,158.21,169.32,182.79,197.64,214.1,232.95,262.92,322.37,366.57,398.08,421.82,439.95,453.4,464.25,473.45,481.16,488.17,494.76,500.43,505.99,510.96,515.82,520.68,525.08,529.54,533.95,538.07,541.97,545.5,548.89,551.92,554.65,557.04,559.14,561.01,562.55,563.81,564.61,564.72,564.06,562.61,560.4,557.62,554.32,550.51,546.42,542.01,537.64,533.24,528.98,524.82,520.86,516.91,512.76,508.25,503.63,498.78,493.91,488.99,484.1,479.16,474.31,469.49,464.9,463.68,465.26,467.66,470.59,473.88,471.58,460.65,457.33,454.86,452.58,450.47,448.29,446.44,444.59,442.78,441.07,439.41,437.71,436.05,434.38,432.85,431.19,429.55,427.92,426.31,424.62,423.03,421.46,419.91,418.38,416.9,415.47,414.04,412.63,411.35,409.96,408.67,407.39,406.23,404.96,403.78
20647,20,114.665,30.22,41.91,52.64,530.87,984.93,898.41,864.75,877.8,901.49,916.81,864.41,854.54,870.06,889.03,855.74,784.05,773.69,785.15,771.64,737.49,754.17,740.4,721.04,702.43,699.14,698.98,699.46,699.74,700.1,699.64,697.92,700.04,697.92,699.67,696.25,700.1,699.57,700.01,699.13,698.75,699.71,699.21,699.97,699.38,699.36,700.03,699.81,699.38,699.96,699.75,699.94,699.36,699.88,699.81,699.29,699.6,699.89,699.85,699.29,699.85,699.94,699.91,699.95,699.86,699.93,699.92,700.04,699.91,699.9,699.95,699.89,699.99,699.81,700.22,699.77,699.49,699.97,700.13,699.53,699.96,700.04,699.78,699.46,699.12,700.13,700.28,673.15,540.24,405.75,274.52,144.78,35.01,25.9,25.66,36.27,44.52,31.18,27.5,25.84,25.63,25.19,25.29,25.13,25.04,25.18,25.24,25.06,24.99,24.99,24.86,24.89,25.24,24.94,24.85,25.08,25.04,25.18,26.1,24.28,25.08,25.01,25.3,25.19,25.04,24.93,24.82,25.1,25.15,-0.51,-0.47,-0.49,-0.47,0.51,10.91,20.92,32.4,44.34,55.68,59.21,66.37,76.48,87.51,91.32,87.37,92.38,101.68,108.08,108.26,128.81,141.55,149.35,157.18,168.54,181.98,196.76,213.02,232.32,260.41,319.95,366.38,398.65,422.48,440.61,454.37,465.27,474.35,482.24,489.18,495.54,501.24,506.56,511.7,516.68,521.39,526.0,530.51,534.81,538.97,542.84,546.47,549.75,552.79,555.37,558.01,560.11,561.89,563.52,564.72,565.39,565.42,564.77,563.37,561.34,558.52,555.3,551.58,547.4,543.32,538.85,534.61,530.36,526.17,522.21,518.27,514.35,509.96,505.48,500.68,495.75,490.93,485.95,481.1,476.19,471.27,466.91,465.57,467.12,469.59,472.6,476.01,473.55,462.48,459.27,456.67,454.37,452.24,450.15,448.35,446.61,444.8,443.0,441.28,439.64,437.93,436.32,434.66,433.09,431.52,429.55,427.94,426.33,424.78,423.31,421.57,420.17,418.6,417.11,415.68,414.28,413.02,411.71,410.21,409.0,407.66,406.74,405.56
20648,20,114.666,28.87,41.49,53.54,534.21,984.32,897.17,863.68,876.37,900.36,915.73,864.05,854.87,870.76,890.37,855.95,785.52,775.9,787.5,774.24,740.16,756.48,741.84,721.48,702.38,699.16,698.45,699.51,699.94,700.05,699.27,697.98,699.91,698.92,699.44,696.59,699.78,699.82,699.52,699.17,699.48,699.0,700.03,700.05,699.7,699.63,700.01,699.77,699.86,699.58,699.87,699.91,699.55,699.87,699.56,700.02,699.07,699.46,699.76,699.48,699.86,699.93,699.87,699.94,699.84,699.92,699.87,699.98,699.98,699.95,699.76,699.86,700.02,699.86,699.52,699.81,699.98,700.13,700.04,699.77,699.32,699.29,700.67,700.52,700.26,699.95,699.57,672.77,539.65,405.15,274.0,144.22,34.47,25.88,25.89,34.42,45.45,31.85,27.1,26.4,25.6,25.15,25.31,25.12,25.24,25.12,25.13,25.18,24.99,24.94,24.86,25.15,24.77,24.94,24.84,24.86,25.0,24.97,25.16,25.05,25.03,25.19,25.14,25.28,25.19,25.03,24.9,25.23,25.03,-0.15,-0.28,-0.28,-0.52,0.55,10.76,20.68,32.26,44.03,55.33,59.05,66.23,76.44,87.62,91.23,87.3,92.54,101.64,108.31,108.8,129.69,141.49,149.03,156.73,167.84,181.03,195.81,211.85,230.62,256.69,314.74,362.07,395.64,419.96,438.8,453.01,463.97,473.41,481.51,488.46,494.72,500.67,506.07,511.27,516.14,520.87,525.69,530.15,534.54,538.58,542.58,546.18,549.37,552.47,555.19,557.56,559.75,561.71,563.23,564.46,565.27,565.64,565.0,563.63,561.54,558.71,555.6,551.72,547.71,543.48,539.09,534.74,530.51,526.27,522.41,518.28,514.11,509.47,504.64,499.98,495.08,489.97,485.06,480.09,475.2,470.39,465.89,464.71,466.22,468.63,471.67,475.0,472.48,461.41,458.11,455.5,453.18,451.04,449.1,447.12,445.23,443.42,441.64,440.01,438.37,436.64,435.0,433.36,431.77,430.2,428.59,426.59,425.01,423.67,422.07,420.47,418.85,417.47,415.97,414.55,413.16,411.7,410.53,409.18,407.92,406.72,405.43,404.29
20649,20,114.622,29.2,41.34,53.92,538.87,984.7,897.55,864.03,876.46,899.77,915.08,863.35,853.89,869.65,888.82,855.4,784.34,774.96,788.89,773.54,738.63,755.52,741.35,721.81,702.68,699.76,699.02,699.67,699.78,699.47,698.94,697.45,699.73,698.87,698.55,697.1,699.79,699.64,699.12,699.37,699.7,698.36,699.98,699.73,700.08,699.79,699.9,699.79,699.91,699.92,699.62,699.98,699.83,699.38,699.94,699.89,699.6,699.67,699.88,699.56,699.9,699.89,700.03,700.0,699.96,699.93,699.83,699.97,699.82,700.02,699.91,700.03,699.96,699.96,699.99,700.05,699.67,700.03,700.23,699.78,699.47,699.11,699.59,700.92,700.65,700.32,700.12,672.81,540.23,405.63,274.55,144.87,34.7,25.86,25.94,36.13,44.45,31.42,26.75,26.51,25.72,25.38,25.18,25.28,25.3,25.12,25.09,25.19,24.98,25.04,25.13,25.05,24.72,25.14,25.1,24.95,25.17,25.16,24.88,24.99,25.11,25.04,25.05,25.01,25.19,24.7,25.14,25.3,25.22,-0.5,-0.43,-0.42,-0.62,0.54,10.82,20.86,32.3,44.27,55.36,59.08,66.19,76.43,87.44,91.21,87.25,92.26,101.49,107.93,108.21,129.11,141.48,149.29,156.91,168.36,181.58,196.24,212.7,231.75,260.43,319.98,365.94,398.41,422.02,440.6,454.28,465.18,474.25,482.29,489.01,495.2,501.12,506.53,511.72,516.61,521.26,525.99,530.36,534.61,538.75,542.58,546.2,549.28,552.45,555.27,557.71,559.91,561.74,563.31,564.58,565.54,565.68,565.06,563.7,561.63,559.0,555.67,552.0,547.91,543.63,539.13,534.87,530.68,526.4,522.42,518.46,514.33,509.82,505.11,500.29,495.51,490.57,485.64,480.58,475.72,470.98,466.38,465.22,466.71,469.24,472.21,475.57,473.2,462.12,458.66,456.16,453.86,451.73,449.62,447.7,445.96,443.89,442.33,440.67,439.02,437.34,435.72,434.1,432.57,430.75,429.19,427.48,425.93,424.24,422.73,421.05,419.63,418.1,416.65,415.24,413.94,412.45,411.12,409.91,408.5,407.37,406.14,405.0
20650,20,114.632,29.85,41.56,53.33,536.82,984.05,896.24,863.39,875.84,898.57,913.39,861.48,852.24,868.57,887.9,854.54,783.87,774.23,788.93,777.95,742.25,758.42,743.13,722.61,702.86,699.51,699.09,699.39,699.79,699.76,699.58,696.88,699.81,698.22,699.24,697.2,699.79,699.64,699.14,699.19,699.77,698.6,699.91,699.95,699.95,699.14,700.05,699.83,699.98,699.9,699.63,699.94,699.68,699.51,699.84,699.76,700.03,699.37,699.93,699.59,699.89,699.89,699.97,700.01,699.94,699.9,699.87,699.91,700.02,699.9,700.05,699.95,699.97,699.87,699.84,700.12,699.71,699.28,699.4,700.56,700.49,700.08,699.72,699.53,699.24,698.99,699.65,673.71,540.01,405.57,274.63,144.92,34.87,25.94,25.71,34.38,45.24,32.06,27.1,26.23,25.83,25.43,25.17,25.27,24.97,25.22,25.23,25.17,25.04,24.99,25.09,25.51,24.16,24.91,24.96,24.91,24.98,25.1,25.04,24.97,25.0,24.96,24.98,25.08,25.08,25.01,25.1,25.05,25.08,-0.45,-0.37,-0.38,-0.52,0.78,11.75,21.72,33.13,45.01,56.15,59.73,66.78,77.05,88.06,91.65,87.69,92.71,101.84,108.31,109.08,129.34,142.28,149.93,157.44,168.7,182.19,197.3,213.8,233.26,264.53,324.65,369.23,400.81,424.02,442.11,455.71,466.24,475.14,482.98,489.98,496.02,501.92,507.16,512.29,517.04,521.66,526.16,530.58,534.93,538.87,542.71,546.33,549.37,552.34,555.04,557.43,559.42,561.42,562.76,563.97,564.64,564.7,563.95,562.46,560.29,557.34,554.04,550.17,546.08,541.75,537.24,532.92,528.67,524.62,520.61,516.67,512.52,507.91,503.23,498.4,493.57,488.6,483.71,478.75,473.89,469.21,464.57,463.35,464.85,467.23,470.25,473.56,471.27,460.2,456.77,454.38,451.97,449.82,447.73,445.8,443.99,442.23,440.54,438.77,437.1,435.5,433.85,432.26,430.64,429.01,427.32,425.64,423.97,422.41,420.77,419.29,417.74,416.26,414.84,413.38,411.99,410.64,409.28,408.02,406.75,405.47,404.35,403.13
20651,20,114.625,28.48,40.52,56.9,551.7,986.18,897.1,863.68,876.05,898.5,913.53,861.72,852.4,868.62,888.39,855.94,787.69,775.19,786.49,772.82,738.71,755.57,741.22,721.36,702.61,699.56,698.82,699.86,700.04,699.24,699.57,697.07,698.65,699.4,695.8,699.6,699.07,699.44,699.29,699.58,699.78,699.93,699.1,699.94,699.86,699.97,699.33,699.77,699.58,700.06,699.92,699.54,699.85,699.84,699.36,699.76,699.91,699.37,699.6,699.83,699.73,700.0,699.95,699.83,700.0,699.88,700.02,699.89,699.86,699.89,699.92,699.99,699.89,699.9,700.05,699.97,700.03,699.68,699.92,700.12,699.66,699.36,699.79,700.56,700.22,699.85,699.67,672.27,539.9,405.19,274.14,144.23,34.47,25.75,25.84,32.73,46.41,32.32,26.92,26.59,25.88,25.5,25.25,25.12,25.22,25.08,25.08,24.99,25.1,24.84,24.79,24.82,24.98,24.97,24.93,25.03,25.04,25.17,24.65,25.19,25.05,25.11,25.13,25.05,25.02,25.05,25.1,25.0,25.21,-0.4,-0.37,-0.34,-0.47,0.84,11.47,21.37,32.85,44.71,55.86,59.52,66.51,76.73,87.72,91.29,87.39,92.46,101.75,108.15,109.04,130.54,142.11,149.87,157.8,169.04,182.71,197.87,214.81,234.16,269.86,330.32,372.93,403.38,425.83,443.8,456.77,467.17,475.98,483.58,490.53,496.85,502.29,507.71,512.79,517.58,522.3,526.76,531.03,535.31,539.38,543.15,546.56,549.82,552.75,555.34,557.63,559.6,561.33,562.75,563.88,564.44,564.48,563.57,562.04,559.78,556.85,553.44,549.59,545.39,541.07,536.72,532.4,528.1,524.04,520.04,516.09,512.07,507.54,502.97,498.15,493.34,488.52,483.6,478.64,473.8,469.11,464.64,463.39,465.0,467.43,470.41,473.74,471.36,460.31,457.01,454.55,452.22,450.12,448.09,446.21,444.35,442.52,440.81,439.12,437.51,435.9,434.25,432.63,431.07,429.36,427.69,426.07,424.37,422.84,421.26,419.77,418.18,416.74,415.34,413.83,412.45,411.14,409.87,408.5,407.28,406.0,404.84,403.66
20652,20,114.668,28.53,40.25,52.13,525.88,980.77,893.1,861.18,873.67,895.99,910.81,859.76,852.11,868.03,886.18,853.24,782.53,772.69,784.76,771.2,737.42,754.18,740.18,720.89,702.2,698.34,699.61,699.6,699.85,699.94,699.4,698.02,700.83,697.7,699.36,697.82,699.67,699.82,699.65,699.94,698.41,699.89,699.6,699.43,699.06,700.1,699.39,699.98,700.05,699.99,700.03,699.49,699.52,699.76,699.61,699.71,699.76,699.37,699.76,699.83,699.8,699.99,699.86,700.02,699.98,700.04,699.99,699.98,699.95,699.93,700.03,699.88,699.99,699.65,699.97,699.9,699.91,700.07,699.83,699.77,700.11,699.85,699.39,699.1,700.45,700.6,700.24,672.29,539.32,405.0,273.81,143.79,34.44,26.04,25.86,34.37,44.94,32.06,27.38,26.48,25.62,25.29,25.29,25.13,25.16,25.12,25.21,25.16,25.02,25.2,24.62,24.97,24.89,24.65,24.76,25.08,24.93,24.89,25.04,24.99,25.02,25.13,25.21,25.37,25.21,25.12,25.01,25.16,25.18,-0.54,-0.49,-0.46,-0.61,0.48,10.71,20.62,32.17,43.97,55.01,58.55,65.6,75.86,86.83,90.5,86.63,91.6,100.69,107.11,107.37,127.48,140.25,148.15,155.83,166.94,180.72,195.48,211.68,230.8,258.28,317.86,365.25,397.76,422.27,440.4,454.74,465.48,474.53,482.47,489.36,495.7,501.45,506.77,511.74,516.66,521.3,526.09,530.56,534.81,538.92,542.69,546.17,549.48,552.56,555.19,557.64,559.67,561.49,563.12,564.32,565.16,565.29,564.74,563.29,561.28,558.52,555.23,551.6,547.55,543.19,538.84,534.57,530.36,526.18,522.21,518.24,514.03,509.53,504.93,500.1,495.19,490.28,485.32,480.43,475.49,470.71,466.11,464.93,466.54,468.99,472.05,475.33,473.01,462.05,458.56,456.16,453.9,451.73,449.65,447.74,445.89,444.15,442.36,440.65,439.07,437.44,435.81,434.16,432.56,430.86,429.19,427.5,425.87,424.32,422.68,421.13,419.62,418.11,416.72,415.21,413.85,412.47,411.18,409.9,408.62,407.34,406.14,404.91
20653,20,114.637,27.04,39.61,52.84,537.95,981.96,892.87,859.85,872.44,896.08,910.8,859.62,851.12,867.46,886.72,852.9,782.04,772.38,784.57,771.11,737.45,754.55,740.36,721.16,702.56,699.29,698.9,699.55,699.95,700.13,699.53,696.64,699.99,698.19,699.19,697.03,699.77,699.76,699.04,699.47,699.91,698.75,700.11,699.54,700.0,699.44,699.99,700.02,699.83,699.96,699.69,699.97,699.89,699.47,699.92,699.59,699.59,699.89,699.99,699.62,699.98,700.02,699.84,699.9,699.92,700.01,699.83,699.93,699.88,699.95,699.94,699.95,699.97,699.98,699.7,700.1,699.91,699.55,700.26,700.12,699.74,699.39,699.16,698.85,700.36,701.35,701.1,671.48,538.75,404.47,273.91,144.08,34.26,25.92,25.8,33.4,45.46,32.54,27.24,26.49,25.55,25.33,25.03,25.34,25.08,25.16,25.01,25.0,24.96,24.92,24.9,24.93,24.94,25.08,24.94,25.01,24.97,24.88,24.96,25.0,25.05,25.08,25.08,25.12,25.11,25.22,25.1,25.32,24.86,-0.39,-0.43,-0.37,-0.46,0.7,11.09,21.01,32.47,44.19,55.28,58.96,66.07,76.27,87.25,90.92,87.08,92.05,101.26,107.76,108.53,129.22,141.44,149.26,157.25,168.53,182.09,197.29,213.84,233.54,265.83,326.65,371.13,402.41,425.26,443.27,456.92,467.39,476.28,484.03,490.74,496.75,502.61,507.78,512.8,517.67,522.37,526.88,531.27,535.49,539.62,543.49,546.96,550.1,553.04,555.77,558.04,560.21,562.11,563.59,564.75,565.56,565.58,564.98,563.48,561.41,558.48,555.34,551.4,547.39,543.06,538.68,534.36,530.25,526.16,522.24,518.33,514.16,509.76,505.08,500.37,495.57,490.65,485.77,480.91,476.02,471.26,466.69,465.51,467.17,469.6,472.56,475.9,473.42,462.29,458.81,456.34,453.98,451.82,449.8,447.77,445.95,444.2,442.43,440.73,439.15,437.5,435.8,434.24,432.61,431.05,429.35,427.56,425.97,424.46,422.81,421.22,419.77,418.26,416.8,415.45,413.99,412.54,411.31,409.93,408.73,407.52,406.31,405.12
20654,20,114.656,27.3,39.5,52.93,536.29,983.31,894.43,861.0,873.19,895.25,909.65,858.18,849.84,866.17,885.46,851.27,781.47,772.06,783.94,769.54,736.24,753.44,739.23,720.94,702.44,698.06,699.47,699.71,699.92,699.66,699.67,696.58,700.05,698.01,699.48,697.06,699.91,699.75,699.47,698.78,699.56,698.95,700.16,699.43,699.72,699.7,699.97,699.75,699.78,699.98,699.97,699.89,699.64,699.95,699.52,699.84,699.7,699.78,699.33,699.84,699.92,699.94,699.83,700.05,699.87,700.02,700.0,699.82,700.07,699.95,699.89,699.86,699.82,700.16,699.87,699.39,700.07,700.21,699.92,699.56,699.35,698.98,699.28,700.77,700.76,700.42,700.06,671.4,538.32,404.02,273.2,143.45,34.04,25.9,25.81,34.94,44.61,31.72,27.19,26.57,25.49,25.46,25.3,25.3,25.03,25.12,24.88,25.08,24.99,24.99,24.97,25.02,24.97,24.93,24.87,24.75,24.91,25.01,25.02,25.13,24.91,25.02,25.13,25.08,25.11,25.12,25.26,24.98,25.34,-0.51,-0.46,-0.44,-0.51,0.82,11.53,21.57,32.95,44.74,55.77,59.29,66.34,76.65,87.53,90.95,87.06,92.1,101.24,107.44,107.87,128.24,140.84,149.01,156.3,167.18,181.08,196.7,213.73,233.62,267.06,327.92,372.19,403.44,426.37,444.14,457.51,467.91,476.82,484.39,491.3,497.25,503.01,508.21,513.17,517.9,522.59,527.13,531.59,535.78,539.91,543.64,547.17,550.3,553.2,555.92,558.33,560.37,562.27,563.61,564.87,565.56,565.68,565.16,563.73,561.62,558.74,555.54,551.81,547.78,543.51,539.1,534.85,530.69,526.61,522.72,518.77,514.75,510.32,505.66,500.93,496.09,491.34,486.31,481.32,476.48,471.77,467.16,466.04,467.64,470.05,473.02,476.4,473.97,462.95,459.56,457.02,454.71,452.55,450.54,448.55,446.59,444.83,443.05,441.38,439.75,438.09,436.42,434.84,433.21,431.63,429.98,428.36,426.59,424.98,423.5,421.86,420.32,418.84,417.42,415.95,414.62,413.29,411.8,410.63,409.26,408.04,406.78,405.76
20655,20,114.676,27.47,40.23,54.94,539.76,983.16,892.89,859.45,871.61,893.95,909.1,857.95,849.26,865.49,884.94,851.48,781.38,771.67,783.13,769.11,736.16,753.29,739.42,720.68,702.43,699.13,699.07,699.51,699.87,699.96,699.91,696.36,700.06,697.79,699.48,697.09,699.86,699.69,699.89,699.01,699.62,698.63,700.0,699.79,699.85,699.94,699.87,699.55,699.91,699.68,700.1,699.62,699.63,699.76,699.73,699.87,699.71,699.46,699.79,699.86,699.84,700.06,699.94,699.79,699.78,699.91,699.98,699.8,699.94,699.8,700.1,700.03,699.41,699.58,700.26,699.92,699.37,699.09,698.81,700.24,700.94,700.67,700.28,699.99,699.75,699.57,699.28,672.14,539.31,404.3,273.22,143.56,34.06,25.99,25.69,33.04,45.03,33.01,27.21,26.44,25.56,25.33,25.35,25.23,25.4,24.94,25.05,25.01,24.98,24.96,24.94,24.92,24.79,24.92,24.9,24.92,24.99,25.13,25.04,25.04,25.02,25.16,25.05,25.29,25.41,24.85,25.2,25.16,25.05,-0.5,-0.5,-0.45,-0.57,0.52,10.82,20.82,32.19,43.98,55.17,58.77,65.86,76.04,86.95,90.52,86.75,91.69,100.77,107.24,107.73,128.31,140.78,148.7,156.77,168.16,181.8,196.85,213.57,233.67,268.47,329.32,373.25,403.91,426.4,444.22,457.45,467.79,476.65,484.23,491.1,497.06,502.68,507.94,512.91,517.8,522.39,526.8,531.19,535.42,539.43,543.19,546.8,549.91,552.9,555.61,557.95,560.14,561.92,563.4,564.6,565.42,565.58,564.96,563.51,561.36,558.63,555.38,551.72,547.63,543.42,539.03,534.82,530.62,526.55,522.57,518.68,514.59,510.03,505.45,500.65,495.75,490.86,485.97,481.08,476.2,471.41,466.79,465.59,467.22,469.58,472.56,475.76,473.36,462.3,459.06,456.45,454.1,452.0,449.85,447.95,446.07,444.27,442.52,440.81,439.12,437.51,435.85,434.23,432.66,430.99,429.33,427.68,425.99,424.41,422.82,421.31,419.76,418.28,416.82,415.41,413.98,412.67,411.31,410.03,408.67,407.52,406.22,405.12
20656,20,114.691,27.44,40.53,54.02,540.94,982.66,892.21,858.91,870.77,893.46,908.8,857.63,849.32,865.32,885.07,851.52,781.5,771.6,783.44,769.14,735.75,753.08,739.66,720.66,702.37,699.45,698.91,699.63,699.86,699.85,700.15,696.68,699.79,698.11,699.11,697.23,699.79,699.81,699.01,699.54,699.83,698.79,700.04,699.7,700.02,699.68,699.64,699.88,699.89,699.47,699.85,700.03,699.88,699.3,700.02,699.1,699.45,699.74,699.36,699.82,699.85,700.0,699.92,699.97,699.97,699.98,699.92,700.02,699.87,700.04,699.88,699.89,699.85,700.05,699.48,699.94,699.98,699.65,699.5,700.21,700.14,699.65,699.36,699.04,700.18,700.62,700.37,671.72,538.56,404.2,273.26,143.65,33.91,25.91,25.8,33.62,45.56,32.41,27.23,26.49,25.73,25.39,25.27,25.13,25.07,25.07,25.05,24.89,25.19,25.31,24.5,25.06,24.98,25.03,24.86,25.0,25.08,24.95,25.17,25.0,25.04,25.01,25.33,24.64,25.3,25.05,25.16,25.01,25.17,-0.44,-0.39,-0.43,-0.47,0.62,11.09,20.99,32.42,44.13,55.16,58.74,65.87,76.09,86.97,90.51,86.64,91.79,100.93,107.24,107.7,128.48,141.05,148.93,156.92,168.37,182.04,197.14,213.95,234.04,269.72,330.65,374.14,404.83,427.32,445.0,458.33,468.6,477.31,485.0,491.76,497.76,503.49,508.68,513.63,518.4,522.93,527.52,531.87,536.0,539.96,543.8,547.17,550.3,553.2,555.92,558.19,560.25,561.96,563.45,564.46,565.13,565.14,564.39,562.95,560.72,557.85,554.42,550.71,546.55,542.29,537.98,533.65,529.36,525.32,521.42,517.41,513.31,508.76,504.12,499.21,494.32,489.39,484.42,479.5,474.59,469.75,465.27,463.98,465.6,468.13,471.08,474.38,472.03,461.17,457.88,455.39,453.14,450.95,448.93,447.04,445.22,443.42,441.71,440.0,438.29,436.69,435.06,433.48,431.83,430.29,428.53,426.93,425.27,423.65,422.08,420.56,419.06,417.54,416.04,414.62,413.2,411.93,410.6,409.18,408.02,406.76,405.64,404.39
20657,20,114.676,27.98,40.33,53.32,534.46,980.84,890.67,857.39,869.89,892.41,906.9,855.62,847.48,864.1,883.63,849.7,779.8,770.3,782.12,767.85,734.55,751.73,738.74,720.22,702.19,698.43,699.48,699.47,699.94,699.97,700.12,696.7,700.55,697.13,699.75,696.8,699.57,699.49,700.01,699.09,699.24,699.63,699.76,700.03,699.34,699.58,700.07,699.74,699.92,699.96,699.4,699.74,699.79,699.41,699.85,699.75,699.77,699.66,699.74,699.88,699.96,700.07,699.94,699.99,699.96,699.94,700.06,699.92,699.82,699.95,699.93,700.01,699.96,699.93,699.79,699.98,699.82,699.66,700.17,699.85,699.47,699.7,700.67,700.3,699.99,699.7,699.51,672.21,539.1,404.4,273.27,143.38,34.05,26.09,25.79,33.74,45.02,32.43,27.3,26.43,25.43,25.68,24.92,25.31,25.22,25.13,25.05,25.03,24.96,25.07,24.99,24.99,24.88,24.83,24.89,24.84,24.9,25.1,24.95,25.0,25.08,25.29,24.8,25.14,25.21,25.28,25.31,25.13,25.21,-0.38,-0.32,-0.32,-0.42,0.81,11.32,21.25,32.65,44.42,55.38,58.83,65.84,76.08,86.98,90.55,86.58,91.74,100.83,107.08,107.19,126.79,140.55,148.7,156.73,168.08,182.09,197.13,213.5,233.43,266.71,327.44,372.06,403.0,426.25,443.9,457.52,467.81,476.74,484.36,491.11,497.37,503.02,508.36,513.36,518.01,522.69,527.23,531.55,535.75,539.76,543.46,547.03,550.24,553.15,555.83,558.1,560.27,562.1,563.46,564.49,565.18,565.28,564.42,562.82,560.64,557.68,554.2,550.43,546.37,541.96,537.58,533.27,529.02,524.99,521.03,516.99,512.76,508.19,503.38,498.6,493.77,488.84,483.86,479.0,474.03,469.26,464.75,463.49,465.03,467.45,470.55,473.76,471.38,460.44,457.13,454.54,452.34,450.14,448.02,446.14,444.34,442.43,440.82,439.13,437.43,435.83,434.23,432.67,430.92,429.41,427.66,426.01,424.38,422.74,421.23,419.58,418.19,416.66,415.23,413.79,412.41,411.02,409.67,408.4,407.12,405.94,404.71,403.53
20658,20,114.665,27.71,39.99,52.06,521.24,977.13,889.29,857.17,869.19,891.42,906.82,856.11,847.7,864.06,883.65,850.46,780.62,771.02,782.75,768.55,735.26,752.12,738.87,720.67,702.25,699.22,698.83,699.37,699.91,699.88,699.55,698.16,700.75,698.32,697.98,698.75,699.85,699.65,699.35,699.45,699.29,699.73,700.13,698.78,699.73,699.94,700.0,699.52,699.79,699.94,699.65,699.92,699.56,699.8,699.68,699.56,699.86,699.74,699.66,699.91,699.96,699.91,699.92,700.0,700.01,699.99,700.06,699.7,699.91,699.98,699.98,699.89,700.07,699.9,699.97,699.65,700.17,699.92,699.62,699.29,699.29,700.63,700.51,700.13,699.84,699.62,699.37,671.94,539.33,404.69,273.3,143.24,33.95,26.14,25.67,35.38,44.36,31.5,27.02,26.82,24.97,25.41,25.27,25.14,25.23,25.12,25.01,24.78,24.94,24.94,25.07,24.88,25.17,24.83,24.97,24.99,24.97,25.09,24.92,25.1,24.92,25.08,25.01,25.23,25.04,25.21,25.12,25.18,25.26,-0.4,-0.34,-0.32,-0.45,0.58,10.92,20.88,32.25,43.93,54.88,58.44,65.54,75.68,86.61,90.16,86.24,91.36,100.48,106.67,106.81,125.72,139.85,148.06,155.78,167.07,180.31,195.04,211.16,230.28,258.43,318.61,366.22,398.75,423.46,441.57,456.29,466.95,476.0,483.86,490.62,496.99,502.76,508.03,512.99,517.89,522.61,527.1,531.46,535.7,539.81,543.55,547.1,550.45,553.5,556.19,558.6,560.71,562.62,564.17,565.46,566.18,566.34,565.84,564.47,562.51,559.81,556.54,552.86,548.72,544.46,540.04,535.71,531.43,527.23,523.29,519.22,514.75,510.06,505.28,500.54,495.52,490.61,485.64,480.67,475.77,471.02,466.44,465.18,466.67,469.16,472.15,475.3,472.93,461.86,458.47,455.79,453.48,451.32,449.27,447.29,445.4,443.48,441.79,440.12,438.39,436.82,435.16,433.46,431.98,430.29,428.57,426.89,425.23,423.61,422.05,420.42,418.92,417.42,415.92,414.52,413.12,411.81,410.4,409.04,407.86,406.52,405.38,404.16
20659,20,114.697,27.37,39.68,52.58,528.83,981.31,891.85,858.32,869.96,892.42,907.15,855.48,846.85,863.14,882.63,851.03,780.53,769.6,781.41,768.08,734.76,752.44,739.19,720.46,702.36,699.01,698.97,699.23,699.93,699.12,699.05,700.68,699.0,694.91,699.58,696.9,699.44,699.58,699.89,699.75,698.2,699.91,699.6,699.86,699.5,699.93,699.88,699.8,699.73,700.13,699.69,699.41,699.94,700.08,698.92,699.84,699.98,699.88,699.57,699.84,699.85,699.92,700.02,699.86,699.95,699.96,699.98,699.89,699.92,699.85,700.01,700.06,699.96,699.54,699.88,700.0,699.93,700.03,699.99,699.55,699.77,700.02,699.74,699.86,700.4,700.09,699.72,672.64,539.67,405.07,273.77,144.14,34.64,26.03,25.65,34.2,44.8,32.4,27.03,26.52,25.62,25.38,25.14,25.24,25.19,25.13,25.07,25.04,25.05,25.11,25.26,24.5,24.74,24.89,24.98,25.0,25.08,25.04,24.93,25.02,24.88,25.11,25.12,25.41,24.79,25.17,25.08,25.15,25.36,-0.49,-0.43,-0.41,-0.47,0.54,10.73,20.6,32.01,43.79,54.92,58.46,65.54,75.7,86.57,90.14,86.3,91.39,100.55,106.84,107.64,128.72,140.69,148.55,156.6,167.84,181.5,196.55,213.02,232.67,265.46,327.02,371.55,402.58,426.17,444.01,457.85,468.16,477.24,484.86,491.59,497.86,503.48,508.88,513.69,518.56,523.22,527.77,532.07,536.4,540.41,544.11,547.6,550.92,553.79,556.34,558.69,560.88,562.58,563.93,565.15,565.87,566.07,565.33,563.89,561.79,559.08,555.85,552.12,547.98,543.66,539.28,535.02,530.74,526.7,522.66,518.66,514.47,509.97,505.27,500.5,495.63,490.65,485.85,480.93,476.03,471.17,466.59,465.45,467.07,469.53,472.59,476.06,473.71,462.58,459.13,456.57,454.24,452.07,450.01,448.05,446.14,444.27,442.59,440.87,439.24,437.62,436.02,434.34,432.67,431.2,429.43,427.81,426.14,424.49,422.85,421.39,419.84,418.33,416.86,415.44,414.05,412.68,411.42,410.06,408.75,407.46,406.33,405.17
20660,20,114.695,28.81,41.01,53.03,530.48,979.8,889.94,857.08,869.04,891.93,907.27,856.25,847.83,864.62,884.14,850.53,780.75,771.19,783.07,768.84,735.48,752.98,739.54,720.46,702.25,699.41,698.88,699.28,699.89,700.04,700.17,697.34,700.4,697.26,699.58,696.65,699.82,699.66,699.92,699.54,698.62,699.87,699.25,700.02,699.54,699.74,699.85,699.85,699.45,700.05,699.39,699.76,699.48,699.78,699.37,699.64,699.69,699.97,699.6,699.85,699.96,700.05,700.0,699.85,699.94,699.87,699.95,699.89,699.98,699.56,699.88,699.93,699.98,699.86,700.11,699.94,699.39,699.82,700.41,699.84,699.5,699.25,699.04,699.35,701.16,701.06,700.84,671.06,537.89,404.2,273.09,143.43,34.11,26.09,25.91,33.5,45.07,32.72,27.21,26.32,25.69,25.16,25.27,25.09,25.35,25.08,25.0,25.01,25.27,24.76,25.04,25.01,24.98,24.79,24.84,25.01,25.08,25.01,24.97,25.02,25.08,25.3,25.12,25.01,25.34,25.23,25.14,25.24,25.24,-0.47,-0.41,-0.47,-0.49,0.52,10.71,20.58,31.98,43.7,54.78,58.3,65.44,75.59,86.59,90.13,86.32,91.41,100.63,106.7,107.6,128.55,140.45,148.28,156.41,167.9,181.29,196.39,212.78,232.41,263.87,324.97,370.5,401.96,425.52,443.29,457.31,467.87,476.94,484.52,491.38,497.63,503.26,508.58,513.56,518.22,522.96,527.45,531.74,536.01,540.02,543.85,547.24,550.55,553.54,556.16,558.66,560.83,562.73,564.16,565.3,566.13,566.33,565.72,564.32,562.3,559.57,556.36,552.63,548.57,544.31,539.87,535.57,531.21,527.16,523.06,519.12,514.81,510.19,505.42,500.66,495.81,490.8,485.97,481.1,476.12,471.21,466.7,465.45,467.1,469.49,472.6,475.87,473.46,462.51,459.15,456.58,454.28,452.07,450.0,447.96,446.13,444.27,442.48,440.74,439.13,437.49,435.87,434.27,432.59,430.93,429.32,427.63,425.98,424.32,422.74,421.19,419.59,418.1,416.66,415.16,413.84,412.45,411.08,409.76,408.42,407.28,406.01,404.83
20661,20,114.673,27.88,40.29,52.46,529.05,978.61,890.82,859.28,872.13,893.51,908.52,856.99,848.57,864.8,884.28,849.62,779.79,770.56,782.07,768.13,735.42,752.68,738.99,720.62,702.26,699.44,698.71,699.15,699.94,699.59,699.77,700.7,700.56,695.24,699.41,697.51,699.46,699.7,699.75,699.73,698.59,700.14,700.02,699.94,699.56,699.95,699.8,699.98,699.87,699.5,699.84,699.95,699.63,699.99,699.66,699.57,699.83,699.8,699.93,699.41,699.94,699.93,699.91,700.05,699.88,700.01,699.87,699.88,699.98,699.87,699.55,699.93,700.0,699.97,699.95,700.19,699.81,699.53,699.46,700.27,700.1,699.7,699.4,699.13,698.89,700.25,701.01,671.94,538.53,404.33,273.17,143.32,33.96,26.41,25.43,35.57,44.31,31.66,27.4,26.27,25.76,25.07,25.33,25.24,25.2,25.17,25.07,25.48,24.4,25.13,25.0,24.99,24.95,25.13,24.86,24.57,25.01,25.09,24.93,25.03,25.02,25.1,25.11,24.99,25.05,25.14,25.05,25.13,25.22,-0.47,-0.49,-0.37,-0.45,0.68,11.15,21.04,32.42,44.06,55.01,58.59,65.61,75.73,86.72,90.13,86.31,91.39,100.52,106.72,107.15,127.67,140.32,148.49,156.25,167.67,180.96,195.98,212.4,231.86,263.23,324.43,370.14,401.4,424.97,442.84,457.04,467.43,476.57,484.22,490.84,497.25,503.01,508.18,513.17,518.0,522.64,527.04,531.44,535.59,539.5,543.33,546.75,550.08,553.01,555.57,557.93,560.1,561.81,563.24,564.28,565.04,564.99,564.24,562.81,560.62,557.8,554.45,550.73,546.62,542.34,537.98,533.64,529.39,525.23,521.23,517.12,512.72,508.14,503.39,498.58,493.66,488.8,483.82,478.97,474.06,469.24,464.67,463.53,465.03,467.53,470.54,473.79,471.46,460.53,457.18,454.72,452.33,450.18,448.16,446.26,444.34,442.57,440.87,439.16,437.48,435.83,434.26,432.65,431.03,429.42,427.73,426.1,424.41,422.75,421.28,419.67,418.18,416.63,415.21,413.77,412.49,411.07,409.79,408.48,407.16,405.93,404.74,403.57
20662,20,114.667,28.1,39.99,51.82,524.96,979.28,891.57,858.31,870.6,893.2,907.55,856.26,847.68,863.79,883.66,850.02,779.94,770.59,782.33,768.76,735.21,752.21,739.25,720.64,702.31,698.7,699.46,699.3,699.95,699.92,699.84,697.87,700.68,698.17,698.71,698.22,699.18,699.7,699.7,699.68,698.81,699.93,699.74,699.1,699.55,700.1,699.92,699.9,699.82,699.56,699.74,700.07,698.97,699.97,699.98,699.01,699.25,699.85,699.24,699.72,699.62,700.0,699.92,699.95,699.88,699.93,699.94,699.98,699.98,699.98,700.01,699.93,700.01,700.09,699.87,700.03,699.53,699.95,700.06,699.62,699.79,700.29,699.96,699.55,699.3,698.98,699.29,673.19,539.6,405.37,273.79,143.85,34.41,26.27,25.34,34.85,44.3,32.17,27.23,26.81,25.07,25.35,25.27,25.27,25.08,25.02,25.04,25.0,25.02,25.18,25.18,24.95,24.81,24.82,24.73,25.0,24.98,24.94,25.12,25.11,24.87,25.22,25.04,25.05,25.17,25.26,25.31,24.78,25.29,-0.39,-0.32,-0.32,-0.43,0.73,11.29,21.2,32.58,44.28,55.27,58.86,65.87,75.97,86.8,90.35,86.41,91.43,100.52,106.94,107.1,126.42,140.08,148.14,155.76,166.98,180.45,194.97,211.39,230.71,260.71,321.39,367.99,400.08,424.35,442.13,456.59,467.25,476.38,484.26,490.84,497.21,502.92,508.15,513.11,518.02,522.63,527.16,531.57,535.75,539.88,543.59,546.96,550.22,553.35,555.89,558.26,560.34,562.01,563.42,564.62,565.37,565.43,564.77,563.32,561.24,558.47,555.1,551.34,547.16,542.8,538.29,533.91,529.61,525.41,521.28,517.09,512.57,507.82,503.05,498.22,493.35,488.41,483.51,478.64,473.7,468.95,464.38,463.07,464.66,467.1,470.1,473.35,471.01,459.98,456.63,454.03,451.62,449.45,447.34,445.36,443.49,441.65,439.88,438.28,436.53,434.98,433.26,431.75,430.01,428.38,426.77,424.99,423.4,421.74,420.15,418.64,417.08,415.62,414.15,412.73,411.26,409.97,408.62,407.38,406.03,404.81,403.6,402.41
20663,20,114.67,27.57,39.93,53.26,526.87,978.96,890.09,857.42,870.02,893.09,907.96,856.74,848.6,865.19,885.04,851.24,782.08,771.6,783.0,768.93,735.32,752.36,739.17,720.73,702.23,698.63,699.22,699.29,700.02,699.91,700.72,697.21,700.84,697.09,699.14,697.84,699.46,699.69,699.69,699.79,698.43,699.86,699.58,699.61,699.62,699.99,699.98,699.87,700.0,699.77,699.92,699.58,699.84,699.79,699.36,699.91,699.47,699.2,699.87,699.49,699.94,699.94,699.97,700.0,699.94,699.73,699.94,700.01,700.05,699.88,699.89,699.87,700.04,699.77,700.11,699.87,700.11,699.98,699.54,699.46,700.34,699.98,699.61,699.3,699.13,698.92,700.94,672.16,538.51,404.4,273.18,143.21,34.11,26.13,25.86,35.4,43.99,31.59,27.1,26.43,25.72,25.45,25.4,25.15,25.31,24.92,25.14,25.05,25.1,24.92,25.23,24.88,24.93,24.9,25.03,24.98,24.99,25.7,23.85,25.22,25.12,25.06,25.12,25.39,24.91,25.04,24.93,25.08,25.02,-0.38,-0.32,-0.38,-0.44,0.67,10.92,20.93,32.39,44.09,55.1,58.67,65.75,75.91,86.9,90.36,86.54,91.6,100.65,106.92,107.06,126.29,140.18,148.23,156.23,167.36,181.11,196.08,212.32,231.65,262.28,322.79,369.14,400.64,424.77,442.47,456.91,467.48,476.48,484.25,490.93,497.15,502.73,508.1,512.94,517.79,522.4,527.0,531.16,535.41,539.38,543.16,546.61,549.92,552.83,555.38,557.71,559.8,561.46,562.85,564.02,564.72,564.63,563.99,562.5,560.28,557.52,554.09,550.3,546.04,541.66,537.23,532.86,528.57,524.36,520.23,516.01,511.44,506.86,502.07,497.22,492.32,487.4,482.51,477.59,472.74,467.96,463.34,462.18,463.69,466.15,469.07,472.25,469.97,458.93,455.65,453.04,450.68,448.4,446.36,444.41,442.44,440.67,438.93,437.15,435.58,433.9,432.32,430.7,429.09,427.41,425.74,424.09,422.39,420.74,419.25,417.7,416.17,414.61,413.22,411.73,410.36,408.96,407.68,406.32,405.08,403.83,402.63,401.38
20664,20,114.67,27.96,41.08,53.33,529.51,981.01,892.91,860.01,871.71,894.0,909.12,857.42,848.96,865.46,884.7,851.84,781.47,771.85,783.77,770.03,735.9,753.12,739.66,720.74,702.24,698.62,699.62,699.69,699.83,699.55,699.96,697.83,700.66,697.55,699.7,696.85,699.39,699.51,699.93,699.81,698.33,700.04,700.05,699.91,699.5,699.88,699.93,699.86,699.92,700.06,699.48,699.72,699.93,699.87,699.5,699.84,699.58,699.8,699.12,699.75,699.57,699.95,700.01,699.87,699.9,699.97,700.07,699.87,699.96,699.94,699.92,700.0,699.94,699.91,700.04,699.88,700.1,699.61,699.88,700.07,699.64,699.38,700.25,700.12,699.8,699.54,699.29,672.69,539.82,405.32,273.83,144.0,34.55,26.22,25.32,35.13,44.37,32.15,27.13,26.28,25.6,25.43,25.29,25.21,25.16,25.07,25.12,24.99,25.08,25.24,24.82,25.07,25.0,25.02,24.98,25.35,25.3,23.96,25.27,24.95,25.01,24.92,25.35,24.61,25.26,25.17,25.17,25.21,25.28,-0.51,-0.41,-0.44,-0.57,0.48,10.53,20.48,31.96,43.76,54.85,58.54,65.5,75.66,86.68,90.24,86.38,91.42,100.52,106.86,107.14,127.5,140.27,148.21,156.05,167.34,180.94,195.83,211.9,230.83,260.09,320.44,366.9,399.2,423.46,441.5,456.04,466.77,475.88,483.69,490.62,496.75,502.53,507.91,512.85,517.59,522.33,526.75,531.04,535.3,539.33,543.18,546.59,550.01,552.96,555.55,558.05,560.12,561.86,563.28,564.51,565.27,565.39,564.72,563.37,561.22,558.46,555.18,551.37,547.22,542.88,538.33,533.98,529.65,525.39,521.31,516.87,512.18,507.39,502.57,497.67,492.75,487.86,482.84,477.92,473.02,468.26,463.61,462.31,463.78,466.1,469.03,472.31,469.83,458.82,455.45,452.78,450.37,448.21,446.0,444.0,442.1,440.21,438.46,436.8,435.11,433.43,431.77,430.07,428.52,426.9,425.15,423.4,421.77,420.16,418.54,416.99,415.45,413.93,412.5,410.98,409.61,408.26,406.93,405.6,404.34,403.05,401.89,400.66
20665,20,114.629,27.96,40.61,53.14,533.24,981.65,892.13,858.58,871.14,893.91,909.23,858.01,849.31,865.75,885.36,851.64,781.42,771.95,783.71,769.77,736.52,753.54,739.8,720.7,702.46,699.0,699.07,699.4,699.83,700.08,700.15,697.21,700.16,697.48,699.66,696.35,699.75,699.69,699.92,699.05,699.36,699.29,699.91,700.05,699.32,699.69,700.12,699.48,699.92,699.93,700.07,699.57,699.97,699.62,699.66,699.79,699.65,699.16,699.86,699.19,699.91,700.08,699.89,699.86,700.0,699.94,699.96,700.03,699.98,700.05,699.99,699.78,700.02,699.95,699.95,700.16,699.8,699.47,699.88,700.2,699.86,699.46,699.19,700.34,701.15,700.86,700.51,670.92,538.04,403.99,273.33,143.53,33.94,25.98,25.97,34.13,45.28,31.88,27.23,26.32,25.65,25.5,25.02,25.29,25.23,25.12,25.11,25.09,25.28,25.0,24.84,25.01,24.78,25.01,24.97,25.21,24.51,24.97,24.9,25.16,25.09,25.13,25.17,25.13,25.13,25.11,25.08,25.1,25.2,-0.5,-0.35,-0.4,-0.48,0.46,10.47,20.49,31.89,43.71,54.78,58.51,65.6,75.69,86.64,90.24,86.43,91.5,100.66,106.86,107.52,128.07,140.51,148.37,156.33,167.72,181.09,196.13,212.39,231.76,262.55,323.17,368.64,400.47,424.0,442.1,456.35,467.19,476.03,483.81,490.77,496.76,502.48,507.82,512.88,517.57,522.13,526.57,530.97,535.12,539.27,542.96,546.51,549.9,552.73,555.55,557.87,559.81,561.63,563.09,564.18,564.86,565.09,564.37,562.92,560.88,558.1,554.74,550.92,546.79,542.39,537.98,533.51,529.22,524.97,520.86,516.37,511.66,506.9,502.06,497.14,492.25,487.3,482.36,477.33,472.42,467.61,463.01,461.77,463.33,465.78,468.73,472.07,469.72,458.72,455.38,452.89,450.59,448.4,446.3,444.39,442.46,440.65,438.86,437.18,435.59,433.91,432.33,430.68,429.11,427.6,425.86,424.17,422.45,420.77,419.24,417.75,416.22,414.69,413.23,411.82,410.39,409.06,407.75,406.45,405.19,403.98,402.76,401.53
20666,20,114.679,27.55,40.05,51.91,525.61,980.71,893.26,860.5,872.8,894.62,908.95,857.59,848.93,864.89,884.29,851.09,780.86,771.04,782.87,769.32,735.81,753.13,739.71,720.79,702.48,699.3,698.68,699.31,699.83,700.03,700.1,697.76,700.75,697.52,699.16,697.36,699.72,699.69,699.84,699.92,698.63,699.84,699.63,699.6,699.7,700.02,699.97,699.83,699.8,699.1,699.8,699.64,699.91,699.36,699.74,699.52,699.69,699.47,699.6,699.88,699.85,699.96,699.98,699.97,699.87,699.96,700.0,700.02,699.89,700.08,699.93,700.06,699.86,700.04,699.81,700.15,699.78,699.38,699.48,700.31,699.99,699.58,699.43,699.08,699.02,700.7,701.0,672.23,539.15,404.97,273.77,143.97,34.52,26.06,25.81,33.96,44.73,32.49,27.19,26.46,25.45,25.29,25.35,25.28,25.27,24.97,25.13,25.08,24.94,24.99,24.89,24.89,24.91,25.02,24.87,25.01,25.03,25.0,25.0,24.99,25.03,24.84,25.06,25.1,25.21,25.12,25.15,25.68,24.61,-0.4,-0.31,-0.26,-0.48,0.55,10.71,20.68,32.16,43.82,54.9,58.46,65.51,75.7,86.55,90.27,86.4,91.42,100.56,106.95,107.34,127.91,140.34,148.2,155.94,167.44,180.94,195.9,211.73,231.08,260.26,320.67,367.39,399.67,424.13,442.04,456.76,467.39,476.46,484.39,491.09,497.24,502.96,508.3,513.23,518.1,522.78,527.28,531.58,535.76,539.78,543.45,546.89,550.28,553.26,556.14,558.48,560.59,562.38,563.89,565.16,565.86,566.07,565.49,564.14,562.1,559.52,556.26,552.49,548.4,544.11,539.72,535.27,530.96,526.82,522.75,518.45,513.92,509.24,504.46,499.54,494.63,489.63,484.7,479.79,474.81,469.94,465.32,464.06,465.52,467.97,470.94,474.28,471.89,460.96,457.66,455.12,452.75,450.48,448.34,446.44,444.45,442.73,440.94,439.27,437.53,435.9,434.24,432.64,431.05,429.35,427.73,426.0,424.33,422.73,421.19,419.62,418.07,416.63,415.15,413.76,412.26,410.91,409.57,408.27,406.96,405.77,404.52,403.34
20667,20,114.669,27.59,39.92,52.12,530.89,981.2,892.5,859.21,871.33,893.37,908.15,856.94,848.26,864.49,883.92,851.49,780.85,771.09,782.69,769.34,735.06,751.81,738.73,720.91,702.55,698.1,699.67,699.74,700.13,699.7,699.93,697.43,700.86,696.72,699.4,697.41,699.63,699.69,699.78,699.78,698.58,699.94,699.34,699.84,699.58,700.05,699.92,699.86,699.95,699.88,699.82,699.99,699.35,700.02,699.9,699.3,699.68,699.93,699.36,699.83,699.65,699.96,699.92,700.04,700.03,699.93,699.94,700.05,699.93,699.93,699.99,700.01,699.94,699.96,699.85,700.06,700.0,699.88,700.07,699.93,700.11,699.82,700.03,700.06,699.78,699.45,699.46,673.71,540.4,406.0,274.6,144.59,34.99,25.99,25.52,34.7,44.68,31.79,27.15,26.61,25.72,25.55,25.29,25.13,25.31,25.23,24.85,25.04,24.92,25.02,24.87,25.04,24.86,24.98,24.78,24.9,24.86,24.99,25.06,24.98,25.27,25.22,25.16,25.29,25.22,25.2,25.01,25.05,25.08,-0.47,-0.37,-0.41,-0.53,0.56,11.07,21.02,32.53,44.18,55.16,58.72,65.59,75.82,86.75,90.42,86.42,91.41,100.59,106.7,106.53,125.99,139.85,147.92,155.85,167.09,181.07,195.98,212.68,232.11,263.11,324.21,370.24,401.9,425.75,443.49,457.85,468.42,477.32,484.94,491.7,497.85,503.49,508.8,513.72,518.5,523.06,527.49,531.85,535.96,539.94,543.62,547.2,550.41,553.48,556.08,558.44,560.51,562.32,563.76,564.89,565.74,565.9,565.31,563.87,561.82,559.1,555.86,552.04,548.05,543.63,539.26,534.82,530.58,526.29,522.28,518.01,513.43,508.76,503.96,499.14,494.23,489.31,484.39,479.49,474.57,469.73,465.14,463.87,465.35,467.73,470.63,473.89,471.54,460.51,457.21,454.54,452.13,449.98,447.84,445.78,443.93,442.07,440.31,438.57,436.92,435.28,433.62,431.98,430.4,428.8,427.1,425.35,423.64,422.16,420.5,419.0,417.39,415.96,414.47,413.01,411.67,410.25,408.92,407.58,406.36,405.08,403.85,402.68
20668,20,114.684,28.78,40.75,52.73,526.39,979.27,891.12,858.55,870.72,892.99,907.8,856.82,848.3,864.39,883.67,850.3,781.48,770.76,782.41,768.6,734.74,752.13,739.05,720.52,702.28,698.48,699.7,699.43,700.13,699.65,700.79,699.35,700.3,696.7,698.89,697.79,699.44,699.68,699.57,699.7,698.68,700.0,699.93,699.02,699.53,700.14,699.96,699.66,699.84,699.8,699.9,699.73,700.13,699.59,699.67,699.85,699.5,699.83,698.97,699.86,699.9,700.01,699.98,699.83,700.05,700.05,700.02,700.13,699.8,699.98,699.96,700.05,700.18,699.67,700.1,699.79,700.11,699.92,699.97,699.94,699.85,700.17,700.06,699.87,699.65,699.39,699.07,672.47,539.97,405.28,273.9,144.0,34.4,26.29,25.51,34.71,44.5,32.81,26.4,26.63,25.6,25.23,25.23,25.16,25.17,25.08,25.03,25.14,25.1,25.09,25.11,24.64,24.88,24.97,25.0,24.79,24.93,25.16,24.81,25.12,24.95,25.1,25.05,25.09,25.29,25.36,25.23,25.09,25.16,-0.42,-0.4,-0.35,-0.42,0.9,11.42,21.24,32.56,44.35,55.25,58.8,65.78,75.91,86.88,90.43,86.44,91.58,100.59,106.86,107.12,126.5,140.06,148.2,156.2,167.39,181.5,196.21,212.84,232.42,264.1,325.32,371.03,402.22,426.19,443.92,458.16,468.56,477.64,485.41,492.02,498.25,504.02,509.17,513.91,518.76,523.43,527.82,532.25,536.38,540.27,544.04,547.56,550.84,553.87,556.61,559.08,561.14,562.94,564.37,565.72,566.56,566.75,566.25,564.84,562.88,560.27,556.98,553.33,549.25,544.86,540.64,536.11,531.78,527.6,523.55,519.42,514.79,510.08,505.33,500.4,495.56,490.52,485.63,480.66,475.63,470.93,466.24,464.91,466.32,468.9,471.8,475.15,472.75,461.84,458.51,455.97,453.56,451.43,449.38,447.29,445.52,443.65,441.84,440.21,438.53,436.94,435.27,433.63,432.06,430.45,428.67,427.11,425.29,423.8,422.13,420.52,419.0,417.6,416.04,414.65,413.2,411.79,410.53,409.24,407.94,406.7,405.45,404.25
20669,20,114.653,28.51,40.65,52.66,530.97,979.34,890.23,858.11,870.18,893.03,907.56,857.4,850.21,865.34,884.14,849.95,780.33,771.11,783.03,768.62,735.41,752.48,739.05,720.54,702.14,698.83,699.11,699.31,700.04,699.82,700.76,696.91,700.61,696.53,699.73,696.32,699.97,699.75,700.09,699.32,698.77,699.8,699.49,700.15,699.74,699.79,700.03,699.65,699.91,700.01,699.26,699.8,700.07,699.12,699.99,699.48,699.39,699.78,699.48,699.62,699.98,699.91,699.93,699.98,699.99,699.94,700.03,699.99,699.9,699.99,699.99,699.98,700.02,699.89,700.07,699.75,699.82,699.97,700.02,699.91,699.72,700.1,699.94,699.63,700.32,700.37,700.1,672.34,538.91,404.57,273.24,143.36,34.13,26.07,25.89,35.13,44.38,32.07,27.14,26.24,25.58,25.35,25.45,24.83,25.21,25.23,25.07,24.99,24.82,25.11,24.95,24.91,24.97,24.75,24.92,24.88,24.99,24.98,25.05,25.01,25.13,25.0,25.53,24.5,25.07,25.25,25.48,25.2,25.23,-0.5,-0.42,-0.43,-0.49,0.8,11.59,21.4,32.69,44.39,55.36,58.8,65.74,76.04,86.79,90.21,86.29,91.43,100.56,106.88,107.13,126.62,140.24,148.22,156.25,167.9,181.34,196.39,212.94,232.74,265.87,326.64,371.63,402.73,426.25,443.65,457.97,468.28,477.36,484.87,491.67,497.86,503.48,508.83,513.81,518.38,523.02,527.39,531.74,535.91,539.69,543.39,547.03,550.16,552.99,555.7,557.99,559.93,561.69,563.17,564.22,564.83,564.97,564.33,562.92,560.85,558.01,554.73,550.86,546.83,542.39,537.97,533.63,529.26,525.11,521.05,516.73,512.05,507.33,502.49,497.57,492.75,487.79,482.83,477.8,472.91,467.99,463.52,462.25,463.75,466.23,469.1,472.37,469.99,458.96,455.56,452.99,450.59,448.45,446.39,444.39,442.54,440.73,438.96,437.3,435.62,433.96,432.25,430.68,429.08,427.46,425.79,424.09,422.36,420.75,419.17,417.61,416.16,414.56,413.22,411.72,410.28,408.98,407.64,406.34,404.98,403.94,402.57,401.4
20670,20,114.661,28.5,40.09,51.88,528.37,980.09,890.88,858.68,870.6,892.63,907.49,856.45,847.87,863.84,883.73,849.97,780.02,770.7,782.21,768.81,735.31,752.66,739.62,720.46,702.41,699.27,698.94,699.19,699.9,699.86,700.92,697.27,700.8,696.38,698.98,697.27,699.63,699.63,699.59,699.92,698.41,699.91,699.56,699.47,699.7,699.96,699.97,699.63,700.03,699.69,699.9,699.88,699.75,699.74,699.92,699.77,699.69,699.4,699.7,699.72,699.8,699.82,699.79,699.97,699.98,699.87,700.07,699.83,700.0,699.86,700.06,699.97,700.02,700.03,699.49,699.67,700.33,699.88,699.34,699.13,698.79,700.06,700.88,700.63,700.3,700.06,699.91,672.61,539.77,405.34,273.99,144.02,34.58,25.97,25.73,35.62,44.16,31.4,27.13,26.32,25.73,25.3,25.16,25.21,25.14,25.06,25.17,25.11,24.86,24.91,24.81,25.05,24.94,25.06,25.19,24.43,24.81,24.98,25.21,25.02,25.12,25.12,25.06,25.17,25.06,25.27,25.3,25.34,24.93,-0.41,-0.36,-0.39,-0.52,0.48,10.58,20.59,31.98,43.7,54.65,58.33,65.4,75.53,86.31,89.95,86.08,91.15,100.03,106.39,106.71,127.07,139.79,147.6,155.53,167.03,180.48,195.44,211.72,231.46,262.9,323.92,369.81,401.24,425.16,442.91,457.42,468.15,477.22,484.97,491.44,497.58,503.02,508.45,513.32,518.01,522.76,527.2,531.53,535.75,539.72,543.51,547.0,550.18,553.1,555.83,558.17,560.21,561.95,563.34,564.53,565.36,565.43,564.75,563.38,561.46,558.73,555.4,551.69,547.49,543.17,538.86,534.35,530.08,525.92,521.74,517.42,512.78,508.02,503.31,498.4,493.54,488.52,483.52,478.51,473.56,468.74,464.1,462.79,464.47,466.82,469.7,472.96,470.7,459.71,456.26,453.66,451.26,448.98,447.04,444.95,443.03,441.18,439.32,437.78,436.03,434.37,432.72,431.08,429.45,427.91,426.15,424.43,422.69,421.2,419.54,417.97,416.58,415.15,413.68,412.25,410.81,409.33,407.93,406.66,405.51,404.1,402.95,401.78
20671,20,114.709,26.93,39.68,51.46,523.02,979.97,891.36,858.4,869.97,891.96,906.38,854.92,846.3,862.74,882.15,848.67,778.69,769.15,781.0,767.31,733.92,751.65,738.81,720.4,702.3,699.38,698.4,699.48,700.07,699.98,700.21,700.65,700.33,695.26,698.24,698.14,699.38,699.81,699.75,699.45,699.37,699.35,700.14,699.61,699.82,700.01,699.97,699.84,699.54,699.97,699.56,699.86,699.77,700.01,699.47,699.58,699.74,699.49,699.59,699.88,699.84,699.96,699.98,699.93,699.95,700.07,699.95,700.04,699.97,699.88,700.07,699.7,699.98,699.95,699.96,699.99,699.9,700.22,699.81,699.39,699.22,700.65,700.55,700.39,700.02,699.78,699.53,672.44,540.13,405.32,273.94,143.8,34.36,26.07,25.8,35.72,44.05,31.82,27.23,26.58,25.17,25.47,25.14,25.16,25.19,25.18,25.09,24.91,24.99,24.94,24.87,24.82,24.9,24.94,24.84,24.87,24.92,24.88,25.04,25.91,24.19,25.44,25.33,25.07,25.23,25.29,25.29,25.09,25.19,-0.44,-0.43,-0.43,-0.51,0.47,10.54,20.48,31.89,43.57,54.65,58.3,65.17,75.37,86.16,89.83,85.95,90.98,100.01,106.38,106.75,127.16,139.69,147.6,155.73,167.31,180.21,195.15,211.48,231.01,261.43,322.98,369.28,400.79,424.99,442.9,457.61,468.24,477.19,485.09,491.74,497.93,503.64,508.81,513.8,518.5,523.18,527.57,531.84,536.04,540.04,543.76,547.25,550.46,553.48,556.13,558.52,560.63,562.45,563.84,565.1,565.88,565.93,565.5,564.09,562.1,559.5,556.27,552.58,548.48,544.14,539.7,535.34,530.99,526.72,522.59,518.37,513.7,508.96,504.1,499.33,494.41,489.43,484.43,479.5,474.62,469.83,465.22,464.04,465.55,467.98,470.96,474.31,471.91,460.94,457.57,454.97,452.52,450.32,448.22,446.24,444.33,442.5,440.76,439.0,437.4,435.76,434.12,432.45,430.9,429.3,427.56,425.96,424.18,422.58,421.01,419.41,417.9,416.46,414.94,413.49,412.09,410.77,409.48,408.15,406.87,405.63,404.41,403.17
20672,20,114.699,28.66,40.81,53.32,535.22,981.32,891.13,857.72,869.36,892.2,907.5,856.19,847.29,863.55,883.06,849.2,780.55,770.11,781.31,767.41,734.21,751.95,738.83,720.51,702.31,699.32,698.61,699.38,700.01,699.86,700.93,696.59,700.44,696.94,699.72,696.37,700.11,699.31,700.09,699.54,698.33,699.83,700.02,700.02,699.46,699.73,699.9,699.79,699.84,699.95,699.34,699.93,700.0,699.54,699.71,699.72,700.02,699.88,699.66,699.55,699.97,700.02,700.0,699.84,699.95,700.01,699.99,699.99,699.91,699.94,699.94,699.85,700.0,699.95,699.98,699.68,700.04,699.78,699.87,700.04,700.2,700.16,699.7,699.51,699.12,700.06,700.72,672.67,539.22,405.03,273.79,144.1,34.55,26.06,25.65,33.86,45.09,32.52,27.28,26.27,25.64,25.23,25.18,25.18,25.38,24.88,25.24,24.95,24.97,25.05,25.0,24.97,24.99,25.06,25.01,24.89,25.14,25.05,24.76,25.04,25.05,25.05,25.13,25.16,25.13,25.04,25.07,25.0,25.25,-0.52,-0.47,-0.43,-0.5,0.48,10.56,20.54,31.89,43.68,54.7,58.3,65.25,75.57,86.26,89.91,86.03,91.05,100.19,106.51,107.08,127.71,140.19,148.15,156.38,168.02,181.31,196.4,212.99,232.79,267.41,328.57,373.08,403.98,427.32,444.65,458.98,469.21,478.11,485.64,492.29,498.41,504.16,509.45,514.37,518.88,523.53,528.02,532.37,536.59,540.37,543.94,547.56,550.67,553.57,556.41,558.68,560.81,562.72,564.14,565.16,565.9,566.19,565.46,564.18,562.08,559.41,556.05,552.34,548.17,543.83,539.46,535.07,530.77,526.57,522.49,518.27,513.59,508.8,504.04,499.18,494.23,489.38,484.38,479.44,474.49,469.59,464.91,463.68,465.12,467.61,470.33,473.68,471.17,460.17,456.71,454.09,451.71,449.49,447.36,445.34,443.4,441.59,439.75,438.12,436.35,434.69,433.04,431.37,429.8,428.16,426.42,424.73,423.04,421.41,419.82,418.26,416.72,415.23,413.7,412.32,410.86,409.48,408.15,406.83,405.47,404.28,403.05,401.86
20673,20,114.638,28.46,40.88,53.12,533.33,979.6,889.2,857.44,869.69,891.73,906.41,855.23,846.75,864.41,882.88,848.85,778.77,769.54,781.55,767.35,734.34,752.05,738.92,720.28,702.26,699.14,699.32,699.48,700.0,699.81,699.97,697.1,700.87,696.74,699.43,697.22,699.49,699.62,699.96,699.58,698.78,699.94,699.82,699.95,699.74,699.93,700.03,699.66,699.91,699.86,699.47,699.84,699.8,699.43,699.77,699.77,699.64,699.84,699.78,699.87,699.74,699.98,699.94,700.01,699.96,699.88,699.93,699.94,700.02,699.99,700.02,700.02,699.83,699.98,699.85,700.0,700.02,699.51,699.53,700.26,699.95,699.55,699.21,700.75,700.88,700.43,700.14,671.67,538.43,404.37,273.14,143.24,34.15,26.17,25.72,34.98,44.92,31.87,27.1,26.4,25.57,25.33,25.33,25.51,24.61,25.29,25.16,25.05,24.99,25.14,24.96,25.07,25.0,24.87,24.86,24.93,24.99,24.54,25.05,25.0,24.98,25.08,25.22,25.08,25.17,25.18,25.16,25.16,25.1,-0.35,-0.32,-0.36,-0.44,0.6,10.79,20.66,31.97,43.72,54.71,58.24,65.34,75.39,86.3,89.8,85.97,91.06,100.21,106.53,107.27,128.18,140.19,148.35,156.42,167.82,181.3,196.22,212.8,232.29,265.71,327.14,372.15,403.27,426.85,444.33,458.6,469.04,477.91,485.48,492.24,498.28,504.02,509.27,514.21,518.91,523.48,527.83,532.24,536.5,540.36,544.06,547.57,550.73,553.73,556.37,558.7,560.8,562.64,564.02,565.1,565.85,565.91,565.34,563.84,561.84,559.03,555.79,551.99,547.79,543.42,538.98,534.59,530.32,526.1,521.98,517.53,512.82,507.92,503.14,498.11,493.14,488.21,483.23,478.17,473.19,468.28,463.62,462.39,463.92,466.21,469.17,472.38,470.01,458.78,455.22,452.68,450.32,448.14,445.93,443.96,442.06,440.16,438.38,436.81,435.0,433.39,431.78,430.05,428.46,426.83,425.06,423.36,421.59,420.07,418.44,416.88,415.37,413.87,412.35,410.95,409.52,408.12,406.78,405.44,404.15,402.91,401.66,400.55
20674,20,114.676,27.86,40.61,53.59,529.94,979.04,889.67,857.03,869.58,892.83,907.44,855.8,847.53,863.71,883.15,848.8,779.18,770.01,782.07,767.86,735.15,752.4,739.07,720.46,702.26,698.84,699.67,699.46,699.88,699.73,700.33,697.31,700.85,696.99,698.94,697.1,699.82,699.67,699.66,699.85,698.41,699.84,699.56,699.85,699.87,699.99,700.11,699.8,699.73,699.75,699.82,699.53,699.98,699.74,699.63,700.1,699.03,699.59,699.7,699.53,699.97,700.02,699.99,700.02,699.93,700.02,699.93,699.95,700.04,700.04,700.01,699.9,700.01,699.93,700.05,699.85,700.04,699.64,699.88,699.82,700.12,699.65,699.91,700.23,699.79,699.44,699.2,672.23,539.26,404.68,273.19,143.27,34.12,26.09,25.87,35.67,44.41,31.74,27.18,26.27,25.53,25.45,25.46,25.03,25.11,25.11,24.99,25.01,25.02,25.11,24.84,25.12,25.08,24.95,24.86,25.07,24.84,25.03,25.05,25.0,25.01,25.17,25.43,24.9,25.3,25.34,25.19,25.19,25.04,-0.38,-0.3,-0.33,-0.43,0.64,10.71,20.64,31.96,43.67,54.73,58.42,65.46,75.58,86.47,89.91,86.15,91.28,100.44,106.66,107.18,127.61,139.95,148.07,156.1,167.39,180.9,195.85,212.06,231.33,262.85,323.92,369.74,401.24,425.41,442.95,457.75,468.28,477.17,484.95,491.53,497.78,503.45,508.65,513.56,518.32,522.89,527.29,531.66,535.86,539.84,543.59,547.1,550.29,553.25,555.93,558.29,560.38,562.15,563.49,564.67,565.35,565.48,564.89,563.44,561.41,558.59,555.26,551.43,547.28,542.8,538.32,533.9,529.5,525.3,521.02,516.34,511.64,506.83,501.96,497.03,492.18,487.18,482.27,477.32,472.35,467.47,462.83,461.55,463.03,465.39,468.26,471.41,469.01,457.89,454.57,451.95,449.47,447.25,445.08,443.15,441.13,439.33,437.58,435.88,434.2,432.5,430.83,429.22,427.48,425.89,424.21,422.54,420.8,419.13,417.63,416.09,414.46,412.98,411.46,410.09,408.62,407.28,405.92,404.55,403.3,402.04,400.84,399.63
20675,20,114.678,29.38,41.69,53.25,529.09,979.77,890.62,858.05,869.9,892.28,906.8,855.41,847.62,862.7,882.13,848.57,778.52,769.03,780.91,767.19,733.79,751.53,738.49,720.46,702.15,698.93,699.51,699.7,699.95,699.69,700.11,696.97,700.86,696.53,699.06,697.32,699.85,699.65,699.84,699.87,698.29,700.0,699.92,699.78,699.58,699.85,699.51,699.9,699.8,699.88,699.94,699.51,699.95,699.99,699.29,699.54,699.8,699.88,699.94,699.66,700.02,699.95,700.02,700.04,700.17,699.85,700.12,699.86,700.13,699.99,699.98,700.05,699.97,700.04,699.92,699.9,700.03,700.18,699.64,699.97,699.99,699.7,699.36,699.18,700.59,700.65,700.26,672.23,539.31,405.02,273.78,144.06,34.54,26.06,25.9,38.89,42.6,30.41,27.3,26.21,25.63,25.18,25.5,24.98,25.32,25.17,25.09,24.95,25.32,24.89,24.88,25.17,25.04,24.99,25.08,25.05,25.1,25.07,25.22,25.06,25.1,25.04,25.17,24.92,25.12,25.03,25.03,24.98,25.11,-0.41,-0.29,-0.3,-0.52,0.6,10.73,20.7,32.08,43.7,54.64,58.3,65.43,75.55,86.43,89.83,85.96,90.99,100.14,106.5,107.03,127.44,139.84,147.86,155.77,167.16,180.98,196.02,212.56,231.69,264.27,325.4,370.74,402.0,425.96,443.55,458.13,468.63,477.62,485.21,491.86,498.0,503.64,508.87,513.74,518.44,522.88,527.27,531.63,535.75,539.68,543.32,546.87,549.95,552.72,555.34,557.63,559.69,561.44,562.9,563.98,564.69,564.66,564.0,562.52,560.36,557.54,554.21,550.49,546.16,541.82,537.31,532.99,528.64,524.38,520.12,515.6,510.94,506.05,501.16,496.24,491.3,486.39,481.49,476.47,471.4,466.64,461.97,460.71,462.24,464.54,467.51,470.77,468.38,457.4,454.02,451.5,449.17,447.07,444.97,442.91,441.07,439.28,437.54,435.87,434.14,432.63,430.88,429.33,427.73,426.12,424.39,422.6,421.01,419.37,417.84,416.31,414.75,413.31,411.79,410.3,409.07,407.73,406.36,405.08,403.75,402.48,401.27,400.06
20676,20,114.669,27.93,41.19,52.35,521.86,978.14,889.59,857.86,869.86,892.16,906.28,854.5,846.03,862.14,881.64,848.04,777.89,768.54,780.77,767.33,733.64,751.29,738.39,720.39,702.25,698.38,699.67,699.4,699.97,699.58,700.16,698.25,700.89,697.54,697.48,698.65,699.75,700.11,699.57,699.16,699.3,699.47,699.97,699.15,699.72,699.85,699.97,699.6,699.75,699.78,699.66,699.58,699.91,699.85,699.24,699.89,699.91,699.97,699.62,700.05,700.04,700.05,699.95,699.97,700.0,699.96,700.04,699.95,699.96,699.93,699.99,700.06,699.92,700.02,700.14,699.68,699.6,700.1,699.66,699.3,699.91,700.77,700.45,700.06,699.76,699.46,699.25,672.18,539.95,405.47,273.9,143.87,34.65,26.04,25.85,39.58,42.33,30.22,27.08,26.32,25.62,25.29,25.3,25.27,25.0,25.21,25.06,25.0,24.95,25.13,25.0,25.15,25.01,24.94,24.97,24.98,25.14,25.1,25.07,25.08,25.05,25.08,25.13,25.04,25.03,24.91,25.12,25.1,25.19,-0.46,-0.4,-0.48,-0.54,0.6,10.92,20.96,32.29,44.0,54.93,58.48,65.59,75.62,86.56,90.03,86.13,91.17,100.27,106.56,106.62,125.97,139.54,147.72,155.53,166.71,180.55,195.23,211.47,230.3,259.12,319.68,366.98,399.02,423.41,441.59,456.56,467.44,476.34,484.18,490.79,497.15,502.76,508.19,513.1,517.85,522.46,527.02,531.31,535.53,539.37,543.16,546.57,549.82,552.66,555.33,557.84,559.93,561.82,563.31,564.42,564.99,565.08,564.34,562.93,560.85,558.01,554.65,550.9,546.65,542.3,537.7,533.37,528.97,524.62,520.11,515.24,510.36,505.54,500.65,495.66,490.64,485.57,480.59,475.58,470.59,465.7,460.96,459.53,461.02,463.4,466.18,469.45,466.95,455.83,452.36,449.6,447.21,445.07,442.86,440.87,438.91,437.06,435.24,433.58,431.86,430.07,428.57,426.97,425.25,423.66,421.94,420.24,418.47,416.82,415.3,413.66,412.13,410.63,409.15,407.73,406.24,404.87,403.52,402.19,401.0,399.7,398.53,397.35
20677,20,114.663,28.5,41.26,52.55,526.24,979.99,891.48,859.14,871.95,895.36,910.15,858.65,849.84,865.96,885.53,851.57,781.43,771.84,783.83,770.37,736.36,753.46,739.55,720.91,702.4,698.7,698.85,699.34,699.84,700.07,700.25,697.93,700.62,696.35,699.5,697.06,699.63,699.57,699.78,699.91,698.49,699.85,699.41,699.53,699.64,700.01,699.95,699.82,699.97,699.74,699.88,699.77,699.95,699.86,699.54,699.75,699.88,699.49,699.98,699.32,699.95,700.02,699.85,699.95,699.93,700.0,699.99,700.02,699.88,699.96,699.93,699.86,699.97,700.03,700.08,699.8,700.08,699.97,699.53,699.48,700.43,700.04,699.66,699.5,699.16,698.93,700.26,672.97,539.34,405.1,273.95,143.99,34.53,26.22,25.6,36.45,44.46,30.78,27.25,26.16,25.67,25.34,25.26,25.49,24.78,25.28,25.17,25.11,24.95,24.93,25.01,24.86,25.07,25.03,24.96,25.07,25.25,24.69,25.03,25.07,25.11,25.14,25.06,25.03,24.93,25.01,25.07,25.12,25.25,-0.47,-0.33,-0.43,-0.54,0.5,10.87,20.74,32.19,43.91,54.94,58.73,65.7,75.87,86.76,90.42,86.43,91.54,100.65,106.85,107.13,127.13,139.89,147.8,155.7,166.79,180.18,195.04,210.98,229.72,256.89,316.38,364.23,397.03,421.78,440.16,455.45,466.5,475.57,483.4,490.18,496.53,502.21,507.6,512.51,517.19,521.9,526.26,530.76,534.94,538.87,542.71,546.22,549.5,552.44,555.18,557.45,559.58,561.38,562.8,563.88,564.69,564.77,564.19,562.72,560.68,557.97,554.63,550.74,546.55,542.17,537.62,533.09,528.73,524.24,519.54,514.73,509.7,504.81,499.85,494.74,489.75,484.81,479.77,474.69,469.69,464.79,459.99,458.64,460.01,462.28,465.16,468.27,465.74,454.69,451.31,448.64,446.15,443.91,441.82,439.78,437.93,436.04,434.31,432.42,430.84,429.11,427.51,425.82,424.19,422.57,420.83,419.16,417.41,415.81,414.23,412.64,411.12,409.65,408.06,406.7,405.22,403.83,402.52,401.25,399.93,398.7,397.46,396.21
20678,20,114.659,27.23,39.87,51.12,524.9,981.0,892.98,860.33,872.86,895.82,910.73,859.42,851.25,866.05,885.16,852.16,781.75,771.9,783.9,770.2,735.53,753.17,739.48,720.87,702.46,698.86,699.3,699.64,699.93,699.95,699.91,698.23,700.89,696.8,698.84,697.39,699.82,699.64,699.79,699.75,698.51,699.91,699.88,699.1,699.69,700.17,699.66,699.92,699.71,700.02,699.66,700.01,700.04,699.51,699.88,699.67,699.88,699.99,699.95,699.97,699.95,700.02,700.01,700.03,699.91,699.97,700.01,700.04,699.94,699.98,700.0,700.01,699.93,699.88,699.88,700.03,699.91,699.96,699.97,700.0,699.93,700.33,700.06,699.72,699.46,699.15,699.17,673.61,540.35,406.11,274.76,144.68,35.11,26.04,25.64,36.93,43.74,30.91,27.2,26.31,25.48,25.3,25.32,25.29,24.99,25.19,25.05,25.12,25.03,25.3,24.75,25.0,24.97,24.9,25.07,25.0,25.09,24.62,25.07,24.97,25.02,25.05,25.01,25.1,25.22,25.11,25.07,25.18,25.05,-0.39,-0.43,-0.36,-0.53,0.5,10.53,20.45,31.97,43.82,54.97,58.58,65.62,75.81,86.79,90.31,86.49,91.52,100.65,107.03,107.1,127.43,139.93,147.97,155.9,167.02,180.59,195.33,211.26,229.92,257.06,316.91,364.82,397.61,422.4,440.67,455.94,467.16,476.3,484.17,490.96,497.31,503.03,508.37,513.28,518.09,522.64,527.12,531.44,535.53,539.48,543.27,546.76,549.95,552.88,555.53,557.91,560.04,561.79,563.24,564.41,565.12,565.15,564.56,563.1,561.08,558.32,554.93,551.1,546.96,542.49,537.99,533.57,529.18,524.85,520.3,515.5,510.63,505.73,500.81,495.85,490.88,485.86,480.8,475.79,470.78,465.88,461.07,459.71,461.13,463.4,466.29,469.45,466.91,455.87,452.38,449.73,447.28,445.06,442.97,440.92,439.02,437.19,435.42,433.72,431.97,430.33,428.66,427.08,425.46,423.81,422.1,420.35,418.69,416.99,415.45,413.86,412.31,410.88,409.34,407.91,406.5,405.16,403.8,402.46,401.21,399.91,398.78,397.51
20679,20,114.693,27.69,40.43,51.17,522.68,980.59,893.43,860.99,874.15,896.84,910.91,859.27,850.01,865.98,885.43,852.96,781.86,771.58,783.29,769.8,735.7,752.63,739.62,721.36,702.44,698.72,699.62,699.23,699.73,699.39,700.09,698.32,700.95,697.22,697.87,698.53,699.32,699.77,699.39,699.24,699.12,699.25,699.98,699.15,699.86,700.14,699.87,699.78,699.92,699.9,699.58,700.03,699.76,699.78,700.11,699.16,699.84,699.78,699.51,699.86,699.91,700.03,699.97,700.02,700.05,699.94,699.85,700.07,699.8,699.91,699.85,699.8,700.05,699.81,700.03,700.15,699.76,699.82,700.1,699.98,699.54,699.22,698.98,699.71,700.79,700.61,700.31,672.35,539.94,405.89,274.8,144.6,34.96,26.01,25.97,36.84,43.51,31.15,27.24,26.29,25.62,25.51,25.04,25.05,25.05,25.2,25.16,25.05,25.13,24.99,25.03,25.07,24.94,24.93,25.01,25.0,24.93,24.86,25.14,24.91,24.82,25.3,25.09,25.08,25.26,25.01,25.09,25.27,24.98,-0.48,-0.28,-0.41,-0.54,0.61,11.36,21.11,32.56,44.33,55.4,58.98,65.99,76.1,87.03,90.6,86.74,91.56,100.64,107.07,106.98,125.7,139.81,147.73,155.5,166.95,180.7,195.29,211.6,230.46,258.98,319.37,366.84,399.14,423.86,442.23,457.08,467.89,476.97,484.71,491.58,497.99,503.47,508.62,513.65,518.49,523.16,527.52,531.98,535.96,540.0,543.69,547.12,550.24,553.22,555.85,558.27,560.2,561.87,563.18,564.33,565.05,565.1,564.28,562.82,560.9,557.97,554.64,550.76,546.5,542.13,537.56,533.14,528.78,524.49,520.0,515.22,510.61,505.62,500.73,495.86,490.89,485.96,480.9,475.94,470.89,466.07,461.31,460.12,461.72,464.06,466.97,470.14,467.76,456.69,453.26,450.56,448.19,445.98,443.77,441.82,439.93,438.09,436.31,434.52,432.9,431.21,429.58,427.99,426.3,424.71,422.99,421.4,419.62,417.93,416.31,414.88,413.27,411.76,410.34,408.85,407.47,406.05,404.77,403.44,402.1,400.92,399.72,398.5
20680,20,114.644,27.7,39.75,51.3,526.53,981.43,893.2,860.58,872.94,895.42,910.15,858.01,849.05,865.13,884.65,851.54,781.15,771.19,782.81,769.52,735.41,752.6,739.03,720.92,702.42,698.64,699.46,699.57,700.1,699.83,700.01,698.17,700.78,697.52,698.34,698.33,699.31,699.64,699.78,699.51,698.7,699.87,699.92,699.5,699.53,700.1,699.55,699.87,699.89,699.66,699.95,700.11,699.34,699.97,699.99,699.3,699.61,699.96,699.86,699.48,700.05,699.92,699.98,699.95,699.89,699.94,699.85,700.01,699.91,700.02,699.93,700.04,699.57,699.89,700.05,699.88,699.87,700.03,700.03,699.93,699.65,700.05,699.93,699.58,700.34,700.08,699.74,673.07,540.44,405.92,274.65,144.48,34.96,26.05,25.71,35.81,44.38,31.7,27.17,26.33,25.81,25.18,25.2,25.24,25.1,25.14,25.16,25.16,24.82,25.02,24.84,24.92,24.98,24.92,25.12,24.97,25.0,24.95,25.1,25.1,25.29,24.75,25.09,25.01,25.01,25.17,25.06,25.66,24.26,-0.53,-0.46,-0.52,-0.55,0.49,10.74,20.57,32.03,43.79,54.86,58.46,65.46,75.65,86.67,90.23,86.32,91.27,100.31,106.66,106.66,126.13,139.61,147.66,155.58,166.98,180.63,195.2,211.46,230.3,258.56,319.19,366.51,398.8,423.56,441.8,456.65,467.51,476.69,484.6,491.12,497.42,503.15,508.38,513.26,518.18,522.76,527.22,531.63,535.81,539.85,543.64,547.16,550.32,553.42,556.11,558.55,560.67,562.58,564.07,565.21,565.92,566.15,565.68,564.35,562.26,559.53,556.32,552.58,548.44,544.01,539.54,535.08,530.73,526.47,521.94,517.15,512.26,507.48,502.51,497.62,492.73,487.64,482.74,477.72,472.74,467.85,463.11,461.8,463.26,465.66,468.64,471.85,469.36,458.22,454.77,452.04,449.67,447.45,445.26,443.35,441.46,439.56,437.66,436.0,434.34,432.68,430.96,429.36,427.7,426.05,424.39,422.72,421.04,419.46,417.82,416.32,414.78,413.23,411.66,410.19,408.8,407.53,406.08,404.93,403.49,402.28,401.07,399.83
20681,20,114.675,27.4,39.89,52.13,530.71,981.74,893.67,861.02,872.65,894.41,908.79,856.86,847.94,864.13,883.69,850.99,780.28,770.54,782.06,768.62,734.22,751.74,738.61,720.88,702.71,698.63,699.4,699.77,699.92,699.64,700.04,697.87,700.76,695.83,699.03,696.93,699.53,699.87,699.75,699.97,698.48,699.93,699.52,699.48,699.38,699.93,699.65,699.88,699.89,699.82,699.47,700.06,699.26,699.96,699.78,699.15,699.37,699.77,699.77,699.41,699.91,699.89,699.95,700.01,699.98,699.89,700.01,699.86,699.88,699.98,699.96,700.02,699.96,699.97,700.03,699.9,700.05,700.11,699.66,699.89,700.15,699.83,699.46,699.1,700.17,700.74,700.37,672.71,540.06,405.8,274.5,144.61,35.18,25.91,25.73,36.35,43.99,31.24,27.14,26.74,25.11,25.34,25.26,25.28,25.11,25.12,25.04,25.07,24.97,25.03,25.02,25.04,24.99,25.08,24.81,24.83,24.99,24.91,24.98,25.13,25.01,25.17,25.22,25.11,25.07,25.04,25.41,24.45,25.12,-0.37,-0.38,-0.37,-0.44,0.93,11.85,21.59,33.01,44.63,55.54,59.11,66.03,76.08,86.93,90.66,86.56,91.57,100.73,106.93,106.78,126.05,139.96,148.0,156.16,167.53,181.11,195.87,211.72,229.89,259.01,319.68,366.88,399.2,423.64,441.69,456.73,467.83,476.94,484.92,491.5,497.96,503.75,508.97,513.73,518.48,523.17,527.65,531.93,536.11,540.02,543.85,547.39,550.52,553.54,556.05,558.52,560.57,562.38,563.78,564.86,565.66,565.85,565.23,563.78,561.7,559.03,555.69,551.82,547.68,543.2,538.75,534.34,529.82,525.54,520.97,516.05,511.18,506.16,501.34,496.19,491.25,486.18,481.12,476.09,471.0,466.03,461.37,459.91,461.33,463.62,466.45,469.64,467.16,456.11,452.76,450.07,447.78,445.53,443.33,441.42,439.52,437.72,435.93,434.1,432.51,430.86,429.18,427.5,425.9,424.29,422.56,420.91,419.23,417.52,415.87,414.39,412.82,411.34,409.82,408.36,406.97,405.6,404.24,402.92,401.64,400.36,399.14,397.94
20683,20,114.68,28.03,40.18,51.71,526.09,979.6,891.3,858.79,871.15,893.89,909.23,858.11,848.81,864.69,884.18,851.08,780.58,771.59,783.53,769.29,735.63,752.4,739.23,720.89,702.4,698.63,699.57,699.58,700.04,699.7,699.97,698.11,700.94,696.82,698.16,697.94,699.57,699.78,699.77,699.49,698.92,699.99,700.13,699.37,699.74,700.08,699.48,699.87,700.01,699.69,699.97,699.44,700.15,699.03,700.06,699.51,699.46,699.87,699.91,699.42,699.91,699.98,699.94,699.91,699.93,699.97,699.98,700.04,699.94,699.97,699.99,699.92,699.97,699.97,700.08,699.94,699.92,700.03,700.0,699.91,700.13,699.79,699.45,700.07,700.49,700.18,699.87,672.45,539.68,405.41,273.8,143.98,34.4,26.16,25.87,36.55,43.98,31.32,27.31,26.24,25.6,25.3,25.16,25.23,25.55,24.71,24.89,25.08,25.08,24.95,24.95,24.99,24.89,24.88,24.9,24.79,24.97,25.05,25.28,24.86,24.95,25.11,25.08,25.07,25.5,24.83,25.19,25.16,25.05,-0.41,-0.33,-0.32,-0.4,0.82,11.51,21.33,32.71,44.37,55.41,58.96,65.93,75.9,86.8,90.46,86.41,91.42,100.45,106.71,106.84,125.32,139.55,147.81,155.49,166.88,180.59,195.36,211.73,230.33,259.27,319.98,366.99,399.06,423.51,441.51,456.63,467.57,476.67,484.47,491.15,497.49,503.29,508.45,513.31,518.03,522.43,526.94,531.21,535.36,539.18,542.94,546.5,549.59,552.61,555.31,557.69,559.72,561.61,563.06,564.16,564.96,565.01,564.41,563.03,560.96,558.21,554.76,550.95,546.72,542.33,537.79,533.36,528.96,524.52,519.82,515.01,510.11,505.17,500.25,495.3,490.24,485.3,480.23,475.19,470.18,465.2,460.5,459.07,460.46,462.78,465.61,468.8,466.26,455.22,451.76,449.13,446.83,444.52,442.38,440.44,438.55,436.59,434.9,433.18,431.49,429.91,428.22,426.57,424.93,423.34,421.69,419.92,418.25,416.58,414.95,413.39,411.9,410.38,408.95,407.5,406.03,404.65,403.36,402.07,400.73,399.55,398.19,397.09
20685,20,114.706,27.04,39.01,51.27,532.34,980.56,890.06,857.21,869.42,892.04,907.23,855.96,846.73,863.08,882.44,850.04,779.39,769.4,781.04,768.34,733.87,751.84,738.92,720.8,702.32,698.82,699.29,699.3,700.01,699.8,700.42,697.97,700.73,697.58,698.44,698.17,699.53,699.97,699.55,699.79,699.11,699.55,700.04,699.45,699.62,700.03,699.66,699.99,699.65,699.92,700.05,699.55,700.11,699.56,699.86,699.38,699.68,699.84,699.32,699.95,699.96,700.02,699.94,699.99,700.01,700.06,699.92,700.01,699.98,699.94,699.86,699.97,700.03,699.97,699.85,699.99,699.72,700.26,699.85,699.44,699.45,700.3,700.03,699.74,699.45,699.21,699.01,674.05,541.12,406.72,275.13,145.28,35.58,25.84,25.71,36.85,42.54,31.69,26.95,26.37,25.58,25.28,25.21,24.83,25.05,25.0,24.95,24.97,25.03,24.82,24.89,24.87,24.73,24.94,24.91,25.07,24.56,24.94,25.07,25.03,25.09,25.08,25.37,24.71,25.38,25.16,25.11,25.14,25.36,-0.35,-0.29,-0.4,-0.42,0.56,10.61,20.44,31.89,43.6,54.71,58.48,65.42,75.54,86.59,90.22,86.41,91.47,100.61,107.07,107.19,127.13,140.49,148.68,156.64,168.1,181.82,196.66,212.91,232.06,263.23,324.73,370.86,402.63,426.78,444.52,459.25,469.86,478.83,486.41,493.08,499.21,504.87,510.01,514.89,519.72,524.22,528.67,533.03,537.24,541.22,544.88,548.23,551.31,554.19,556.87,559.1,561.01,562.81,564.05,565.14,565.83,565.75,564.93,563.33,561.18,558.18,554.78,550.92,546.65,542.24,537.81,533.36,529.02,524.74,520.16,515.34,510.53,505.6,500.6,495.66,490.69,485.61,480.64,475.59,470.58,465.68,461.0,459.6,460.87,463.19,465.94,469.04,466.52,455.68,452.27,449.76,447.39,445.23,443.14,441.12,439.17,437.41,435.65,433.95,432.23,430.63,428.94,427.28,425.72,424.11,422.32,420.61,418.98,417.33,415.79,414.2,412.6,411.14,409.73,408.31,406.91,405.53,404.18,402.84,401.56,400.41,399.19,397.97
20688,20,114.716,27.48,39.6,53.45,545.31,981.96,891.12,857.15,870.23,893.48,909.24,858.11,849.41,865.42,884.91,854.68,782.53,771.42,783.25,769.79,735.33,753.04,739.86,720.84,702.62,699.65,698.74,699.78,699.83,699.47,700.26,696.59,700.04,698.06,699.48,696.53,699.85,699.6,699.91,699.28,699.48,698.79,699.99,699.4,700.15,699.88,699.98,699.95,699.85,700.12,699.72,699.84,699.91,699.56,699.72,699.46,699.35,699.69,699.66,699.49,699.9,699.99,699.98,699.96,699.93,699.97,699.99,699.93,699.97,699.95,699.98,699.87,700.02,700.06,700.05,699.84,699.68,700.15,699.98,699.61,700.08,699.99,699.74,699.53,699.48,700.86,700.82,672.66,539.76,405.5,274.48,144.77,34.84,25.83,25.65,32.24,45.13,33.63,27.35,26.54,25.5,25.22,25.16,25.59,24.21,25.14,25.0,24.91,24.65,24.8,24.94,24.94,24.9,24.86,24.87,24.93,25.07,25.07,24.86,25.16,25.09,25.15,25.16,25.16,25.02,25.14,25.15,25.14,25.3,-0.38,-0.35,-0.39,-0.44,0.72,11.18,20.97,32.35,44.13,55.29,58.79,65.86,76.17,86.95,90.67,86.78,91.91,101.04,107.5,108.14,129.27,141.22,149.21,157.38,169.03,182.29,197.17,213.78,232.69,266.05,327.22,371.85,403.24,426.42,444.36,458.81,469.56,478.3,486.05,492.75,498.56,504.27,509.5,514.49,519.2,523.74,528.29,532.62,536.76,540.64,544.28,547.74,550.88,553.8,556.51,558.83,560.84,562.56,563.85,564.89,565.43,565.26,564.5,562.93,560.68,557.72,554.2,550.23,545.93,541.44,537.01,532.5,528.14,523.63,518.64,513.72,508.8,503.79,498.78,493.77,488.68,483.54,478.45,473.39,468.33,463.32,458.57,457.17,458.31,460.48,463.22,466.13,463.55,452.59,449.26,446.76,444.32,442.09,440.03,438.04,436.2,434.37,432.59,430.85,429.1,427.48,425.78,424.09,422.53,420.79,419.18,417.45,415.67,414.02,412.45,410.86,409.3,407.92,406.37,404.93,403.54,402.2,400.78,399.57,398.24,396.96,395.75,394.55
20690,20,114.689,27.73,40.73,52.94,532.06,981.61,895.05,862.54,874.32,896.31,910.97,859.32,850.36,866.14,885.35,851.47,781.2,771.41,783.4,769.32,736.13,753.07,739.52,720.69,702.29,699.16,698.79,699.6,699.79,700.1,700.51,697.51,700.42,697.36,699.8,696.36,700.01,699.7,699.98,699.25,698.69,699.87,699.05,699.99,699.99,699.95,699.85,699.94,699.63,699.85,699.94,699.88,699.48,699.76,700.1,698.85,699.51,699.78,699.86,699.88,699.94,699.89,699.97,699.98,700.05,699.93,699.93,699.98,699.94,699.92,699.92,699.92,700.05,699.85,700.03,699.83,699.72,699.97,700.05,699.98,699.45,699.6,700.36,700.16,699.74,699.5,699.29,672.31,539.16,404.32,273.15,143.62,33.9,26.18,25.58,33.9,44.68,32.91,27.14,26.25,25.65,25.38,25.41,25.19,25.21,25.09,25.07,25.2,24.74,25.1,24.9,24.92,25.05,24.96,24.94,24.71,24.94,24.99,25.02,25.03,25.43,24.92,25.13,25.1,25.21,25.22,25.21,25.26,25.05,-0.37,-0.44,-0.32,-0.45,0.57,10.65,20.69,32.09,43.82,54.97,58.62,65.69,75.94,86.82,90.47,86.59,91.54,100.64,106.94,107.35,127.82,140.13,148.04,155.91,167.16,180.45,195.34,211.51,230.43,259.93,320.64,366.98,399.07,423.3,441.47,456.25,467.23,476.18,483.93,490.95,497.0,502.7,508.14,512.98,517.64,522.41,526.72,530.97,535.15,539.21,542.88,546.39,549.54,552.53,555.21,557.5,559.53,561.3,562.83,563.98,564.58,564.75,564.18,562.82,560.8,557.99,554.65,550.81,546.62,542.21,537.79,533.22,528.83,524.45,519.74,514.91,509.95,505.09,500.24,495.3,490.34,485.37,480.36,475.45,470.45,465.67,460.93,459.6,461.06,463.34,466.28,469.51,466.92,455.91,452.54,449.8,447.28,445.07,442.85,440.87,438.98,437.23,435.28,433.62,431.98,430.37,428.7,427.13,425.38,423.67,422.01,420.36,418.62,417.08,415.52,413.94,412.37,410.86,409.43,407.99,406.74,405.26,403.83,402.56,401.24,400.01,398.84,397.63
20691,20,114.609,27.41,40.0,52.08,532.56,983.04,895.89,861.23,873.3,896.74,912.05,860.46,851.78,867.92,887.41,854.24,783.5,773.44,785.45,771.55,737.75,754.36,740.23,721.22,702.33,699.05,698.84,699.68,699.89,699.92,699.25,697.68,700.55,697.34,699.84,696.76,699.73,699.54,699.96,699.52,698.84,699.68,699.37,699.97,699.99,699.97,700.12,699.38,699.66,699.93,699.98,699.76,699.85,699.91,699.6,700.01,699.08,699.7,699.54,699.36,699.95,699.94,699.77,700.01,699.94,700.15,699.96,700.03,699.96,700.01,699.92,700.07,699.77,699.88,699.8,699.97,700.05,699.71,700.14,699.85,699.48,699.86,700.28,700.07,699.65,699.32,699.01,672.58,539.68,405.38,273.88,143.85,34.46,26.19,25.55,33.91,44.91,32.53,27.1,26.42,25.56,25.52,25.22,25.18,25.05,24.96,25.53,24.41,25.21,25.12,24.96,25.06,25.04,24.79,25.01,24.85,24.83,24.94,24.97,25.12,25.08,25.01,25.08,25.21,25.21,25.08,25.16,24.85,25.24,-0.34,-0.31,-0.3,-0.46,0.8,11.35,21.23,32.67,44.24,55.39,58.87,66.07,76.08,87.12,90.76,86.78,91.79,100.92,107.29,107.43,127.12,140.16,148.11,155.78,167.05,180.62,195.12,210.95,229.41,257.79,318.03,365.17,397.98,422.5,441.01,456.11,467.4,476.39,484.21,491.1,497.19,502.87,508.25,513.06,517.89,522.48,526.94,531.12,535.25,539.41,543.09,546.72,549.88,552.8,555.48,557.94,559.94,561.63,563.14,564.22,564.88,565.14,564.58,563.31,561.27,558.61,555.29,551.48,547.21,542.73,538.27,533.8,529.28,524.8,520.16,515.1,510.24,505.25,500.3,495.27,490.35,485.38,480.3,475.27,470.26,465.4,460.57,459.13,460.44,462.71,465.55,468.56,466.04,454.86,451.4,448.6,446.08,443.79,441.57,439.48,437.56,435.66,433.88,431.99,430.38,428.63,426.97,425.39,423.59,422.02,420.3,418.53,416.89,415.25,413.62,412.03,410.43,408.93,407.49,406.04,404.49,403.24,401.92,400.52,399.25,397.95,396.76,395.56
20692,20,114.712,28.26,40.28,51.9,528.79,981.6,894.86,862.24,874.3,896.81,911.29,859.56,850.5,866.46,885.32,851.87,780.86,770.89,782.32,768.62,735.13,751.96,739.19,720.73,702.42,698.63,699.46,699.48,700.1,699.8,701.06,697.61,700.6,697.57,699.02,697.47,699.53,699.64,699.68,699.91,698.45,700.04,700.0,699.96,699.83,700.1,699.3,699.74,699.97,699.83,699.99,699.76,699.96,699.79,699.64,699.58,700.07,699.22,699.89,699.58,699.92,699.92,700.08,699.97,699.91,700.08,699.92,699.91,700.06,700.13,700.1,699.93,700.07,700.07,700.0,699.92,700.03,700.1,700.08,699.61,699.64,700.39,700.02,699.63,699.35,699.1,698.88,673.0,539.54,405.24,273.93,144.01,34.6,25.97,25.62,35.46,44.66,31.53,27.28,26.06,25.47,25.35,25.22,25.25,25.07,25.55,24.47,25.06,25.16,25.01,25.01,24.86,24.91,24.82,25.13,25.03,24.92,24.84,25.36,24.37,25.07,25.11,24.97,25.14,25.22,25.36,24.91,25.22,25.16,-0.28,-0.42,-0.33,-0.42,0.6,10.89,20.89,32.4,44.25,55.35,58.89,65.96,76.11,87.09,90.66,86.65,91.72,100.84,107.04,107.09,126.69,140.21,148.13,155.92,167.26,181.06,196.09,212.41,231.3,262.74,323.91,369.85,401.62,425.76,443.42,458.23,468.95,477.89,485.63,492.17,498.28,503.86,509.12,513.99,518.62,523.1,527.63,531.79,535.91,539.85,543.65,547.16,550.21,553.02,555.66,558.01,560.19,561.89,563.28,564.33,564.93,565.12,564.57,563.1,561.05,558.37,555.04,551.21,547.06,542.71,538.25,533.69,529.24,525.05,520.45,515.73,510.94,506.04,501.09,496.23,491.26,486.27,481.3,476.28,471.33,466.51,461.75,460.44,461.8,464.12,466.93,470.09,467.66,456.43,452.88,450.35,448.0,445.58,443.45,441.38,439.45,437.64,435.92,434.13,432.47,430.76,429.23,427.58,425.95,424.38,422.6,420.96,419.2,417.52,416.0,414.48,412.92,411.39,409.96,408.44,407.11,405.72,404.34,403.05,401.74,400.47,399.41,398.17
20693,20,114.7,26.78,39.63,51.56,522.56,978.45,892.19,859.81,871.77,894.85,910.02,858.81,850.13,866.2,885.86,851.84,781.5,771.9,783.52,769.43,736.38,752.58,739.17,720.9,702.56,698.55,699.51,699.47,700.24,699.7,700.72,698.23,700.7,697.96,697.79,698.81,699.41,700.05,699.83,699.09,699.39,699.57,700.03,699.02,699.83,700.01,699.91,699.91,699.92,699.77,699.58,699.5,699.74,699.79,699.58,699.92,699.97,699.77,699.59,699.91,699.74,700.03,699.95,699.96,699.95,699.96,700.04,699.97,699.94,699.88,699.99,699.86,699.84,699.9,700.05,700.1,699.76,700.03,700.0,700.23,700.03,699.6,699.46,700.56,700.43,700.18,699.96,671.97,539.04,404.48,273.2,143.04,34.22,25.97,25.88,35.28,44.14,31.53,27.16,26.47,25.72,25.37,25.27,25.1,25.06,25.18,25.12,24.99,25.06,25.02,24.96,24.79,24.94,24.85,24.82,24.92,25.09,24.59,25.07,25.02,25.07,25.19,25.26,25.48,24.66,25.16,25.27,24.97,25.09,-0.35,-0.32,-0.3,-0.43,0.73,11.43,21.33,32.75,44.49,55.52,59.01,65.98,76.11,87.18,90.6,86.74,91.68,100.71,106.89,107.08,125.03,139.47,147.59,155.28,166.63,180.44,195.1,211.3,230.35,259.25,319.95,367.03,399.43,424.03,442.03,457.16,468.09,476.97,484.81,491.4,497.75,503.37,508.64,513.48,518.27,522.82,527.23,531.51,535.73,539.46,543.14,546.7,549.82,552.77,555.5,557.76,559.84,561.62,562.97,564.01,564.64,564.81,564.12,562.69,560.62,557.85,554.52,550.6,546.35,541.93,537.47,532.94,528.55,524.01,519.31,514.52,509.55,504.75,499.68,494.69,489.71,484.82,479.68,474.78,469.72,464.84,460.12,458.92,460.16,462.54,465.38,468.69,466.1,455.12,451.76,449.02,446.63,444.36,442.21,440.23,438.25,436.41,434.62,432.95,431.26,429.54,427.9,426.33,424.7,423.07,421.43,419.69,417.97,416.31,414.76,413.22,411.61,410.19,408.69,407.24,405.81,404.5,403.1,401.79,400.59,399.25,398.09,396.84
20694,20,114.687,27.68,40.36,52.09,529.2,980.68,892.38,859.41,871.32,895.11,910.56,857.56,848.88,865.1,884.68,851.57,780.93,771.11,782.72,768.95,735.44,752.61,739.35,720.51,702.21,698.38,699.73,699.44,699.98,699.75,700.01,697.71,700.78,698.23,698.68,698.18,699.48,699.95,699.36,699.72,698.75,699.84,699.77,699.56,699.76,699.99,700.1,699.98,700.01,699.68,700.05,699.67,699.62,699.68,699.73,699.84,699.62,699.3,699.94,699.75,699.93,699.97,699.96,699.96,699.94,700.04,699.91,700.08,700.02,700.04,699.99,699.85,700.06,699.76,699.57,700.2,699.67,699.47,700.29,700.15,699.66,699.33,699.12,698.87,700.73,700.87,700.53,672.01,539.13,405.1,273.91,143.98,34.64,26.05,25.7,34.29,45.19,32.06,27.26,26.28,25.58,25.35,25.29,25.27,25.14,24.92,25.03,25.07,25.16,24.86,24.99,25.01,25.1,24.98,24.84,25.02,24.83,25.09,25.0,25.01,25.16,25.19,25.05,25.23,25.12,25.15,24.97,25.16,25.21,-0.37,-0.28,-0.32,-0.37,0.8,11.11,20.82,32.23,43.92,54.97,58.65,65.65,75.76,86.56,90.29,86.37,91.33,100.36,106.86,106.92,127.22,140.21,148.08,155.97,167.28,180.99,195.81,212.18,231.19,262.62,324.27,370.17,401.99,426.25,444.03,458.7,469.58,478.45,486.04,492.54,498.84,504.32,509.51,514.39,519.14,523.62,528.02,532.35,536.54,540.45,544.03,547.6,550.68,553.59,556.2,558.38,560.44,562.29,563.66,564.76,565.47,565.59,564.93,563.54,561.6,558.83,555.5,551.63,547.45,543.12,538.62,534.21,529.85,525.58,521.15,516.45,511.63,506.82,501.85,496.87,492.07,487.07,482.06,477.01,472.1,467.17,462.48,461.07,462.53,465.01,467.88,471.15,468.65,457.66,454.33,451.6,449.15,446.87,444.71,442.71,440.76,438.95,437.1,435.48,433.74,432.09,430.37,428.89,427.19,425.52,423.88,422.07,420.44,418.77,417.2,415.68,414.17,412.6,411.11,409.67,408.3,406.89,405.52,404.24,402.97,401.68,400.48,399.32
20695,20,114.673,27.05,39.36,52.55,539.83,982.35,892.1,858.97,870.76,893.57,907.93,856.33,848.01,864.14,883.71,849.78,779.52,770.02,781.75,767.41,734.3,751.35,738.33,720.33,702.58,698.17,699.7,699.48,699.85,699.66,700.39,696.32,700.35,697.15,699.72,696.94,699.78,699.52,699.3,698.86,699.68,698.69,700.05,699.45,699.96,699.91,699.93,700.02,699.5,699.8,700.03,699.6,699.59,699.76,699.82,699.35,699.3,699.76,699.72,699.38,699.94,700.02,699.9,699.94,700.03,699.93,699.92,699.96,699.94,699.92,699.98,699.97,700.0,699.93,699.79,700.31,699.91,699.49,699.12,698.81,700.27,700.55,700.25,700.03,699.59,699.37,699.17,672.13,539.26,404.27,273.23,143.63,34.06,26.25,25.64,32.64,45.95,32.7,27.04,26.38,26.03,24.57,25.52,25.2,25.12,25.12,25.03,25.07,24.95,24.99,24.94,25.1,24.97,25.14,24.79,24.9,24.91,24.98,25.0,24.97,25.09,25.03,25.1,25.1,25.23,25.05,25.16,24.98,25.16,-0.54,-0.47,-0.46,-0.55,1.16,12.45,22.17,33.4,45.0,55.94,59.2,66.23,76.36,87.26,90.7,86.7,91.77,100.67,106.91,107.02,126.17,140.45,148.53,156.83,168.12,182.26,197.38,214.1,233.96,271.68,332.79,375.88,406.2,428.66,446.09,459.99,470.24,478.66,486.12,492.78,498.59,504.24,509.18,514.1,518.81,523.17,527.58,531.76,535.87,539.8,543.3,546.79,549.89,552.93,555.34,557.64,559.73,561.38,562.64,563.59,564.3,564.37,563.56,562.11,560.03,557.2,553.84,549.97,545.68,541.31,536.89,532.45,528.11,523.88,519.23,514.47,509.68,504.86,499.98,495.01,490.0,484.97,480.0,475.01,470.06,465.09,460.46,459.05,460.48,462.81,465.57,468.76,466.34,455.07,451.75,448.98,446.6,444.26,442.21,440.19,438.19,436.37,434.55,432.83,431.18,429.52,427.9,426.25,424.55,422.84,421.23,419.53,417.79,416.18,414.61,413.05,411.51,410.04,408.52,407.05,405.72,404.32,403.01,401.69,400.4,399.11,397.94,396.74
20696,20,114.696,27.57,39.53,51.52,530.61,981.37,890.68,857.64,869.73,891.41,906.19,854.83,845.97,862.19,881.34,848.62,777.9,768.5,780.48,767.31,733.72,751.59,738.61,720.03,702.24,699.03,699.25,699.46,700.05,699.76,700.48,697.09,700.64,698.65,698.52,698.98,699.82,699.45,699.63,699.82,698.41,699.93,699.69,699.41,699.66,700.07,699.88,699.84,699.96,700.08,699.96,699.86,699.72,699.85,699.57,699.98,699.36,699.44,699.85,699.6,699.96,699.89,699.98,699.95,699.95,699.87,699.98,699.93,700.05,699.82,700.01,699.8,699.87,700.11,699.82,700.02,700.02,699.72,700.01,699.6,700.11,699.99,699.45,699.48,700.62,700.32,700.02,673.14,540.38,405.93,274.65,144.51,35.17,25.82,25.73,34.67,44.64,32.29,27.33,26.12,25.51,25.46,25.19,25.1,25.04,24.91,25.03,25.03,24.93,24.91,24.93,24.98,25.02,24.95,24.99,25.01,25.02,25.03,25.04,25.17,25.08,25.05,24.99,25.01,25.24,25.36,25.12,25.09,25.04,-0.4,-0.32,-0.31,-0.41,0.56,10.96,20.86,32.34,44.04,54.89,58.51,65.4,75.58,86.49,90.01,86.04,91.04,100.14,106.36,106.7,126.47,139.55,147.73,155.83,167.33,181.1,195.97,212.59,231.93,265.99,328.05,373.12,404.31,427.94,445.79,459.98,470.39,479.13,486.82,493.26,499.27,504.79,510.12,514.79,519.56,524.2,528.54,532.75,536.94,540.82,544.34,547.83,550.99,553.9,556.54,558.87,560.91,562.59,563.99,565.09,565.8,565.91,565.39,564.09,562.16,559.38,556.13,552.52,548.41,544.04,539.68,535.33,531.01,526.82,522.48,517.82,513.07,508.24,503.34,498.43,493.33,488.31,483.39,478.35,473.33,468.5,463.79,462.46,463.91,466.29,469.11,472.38,469.9,458.93,455.51,452.96,450.59,448.33,446.26,444.29,442.29,440.46,438.63,436.96,435.26,433.59,431.94,430.34,428.75,427.08,425.36,423.74,422.01,420.43,418.81,417.3,415.7,414.37,412.83,411.25,409.9,408.57,407.14,405.85,404.57,403.4,402.11,400.92
20697,20,114.687,28.21,39.82,52.95,531.11,979.19,888.99,855.98,868.18,890.85,905.5,854.24,845.52,861.74,882.47,846.97,777.23,767.69,779.64,765.34,732.68,750.38,737.66,720.07,702.21,699.44,699.49,699.35,699.92,699.62,700.72,697.1,700.54,698.17,698.26,698.39,699.85,699.92,699.39,699.76,699.17,700.0,700.01,699.78,699.57,700.22,699.33,699.85,699.89,699.91,700.05,699.4,699.66,699.65,699.72,699.84,699.71,699.2,699.75,699.56,699.89,699.98,699.98,699.95,699.95,699.96,699.96,700.09,699.88,699.98,699.92,699.97,699.96,700.05,699.94,699.93,699.73,700.07,699.96,699.97,700.05,699.87,699.37,700.23,700.4,700.07,699.85,672.22,539.05,404.62,273.23,143.17,34.26,26.03,25.64,36.37,43.87,31.27,27.23,26.53,25.58,25.33,25.23,25.6,24.37,25.24,25.11,25.09,25.01,24.99,25.0,24.73,25.05,24.87,24.84,24.98,25.14,24.54,25.04,25.24,25.0,24.98,25.16,25.27,24.96,25.17,25.05,25.21,25.09,-0.44,-0.4,-0.4,-0.52,0.56,10.82,20.67,32.08,43.76,54.69,58.17,65.22,75.33,86.08,89.61,85.77,90.8,99.89,106.15,106.25,126.34,139.7,147.93,156.04,167.61,181.22,196.27,212.97,232.45,268.42,330.28,374.92,405.61,428.96,446.3,460.53,470.86,479.57,487.05,493.62,499.65,505.19,510.46,515.13,519.93,524.34,528.75,533.12,537.17,541.07,544.71,548.27,551.28,554.19,556.93,559.26,561.35,563.03,564.33,565.5,566.22,566.46,565.92,564.59,562.63,560.02,556.72,553.1,549.0,544.77,540.23,535.89,531.55,527.37,523.24,518.76,513.93,509.16,504.31,499.4,494.53,489.51,484.63,479.72,474.69,469.89,465.15,463.87,465.38,467.77,470.74,473.97,471.43,460.41,457.02,454.36,451.87,449.66,447.47,445.42,443.52,441.64,439.93,438.28,436.46,434.89,433.22,431.64,429.93,428.31,426.67,424.96,423.27,421.59,420.07,418.42,416.86,415.39,413.91,412.52,411.14,409.7,408.32,406.94,405.71,404.46,403.34,402.11
20698,20,114.701,27.91,40.28,53.24,532.37,978.52,889.17,856.78,868.12,890.58,905.35,854.25,845.44,861.74,881.32,847.24,777.52,768.14,779.69,765.35,732.54,750.24,737.62,719.97,701.99,699.24,699.5,699.35,700.08,699.68,700.65,696.69,700.75,697.89,698.53,698.44,699.97,699.86,699.84,699.78,698.53,699.87,699.57,699.69,699.67,699.86,699.93,699.76,699.86,699.52,699.89,699.72,700.02,699.99,699.4,699.78,699.78,699.79,699.76,699.58,699.87,699.96,699.89,699.97,699.97,699.98,700.0,699.96,700.04,699.96,699.94,699.99,699.93,700.01,699.84,700.17,699.79,699.62,700.12,699.83,699.53,700.13,700.24,699.83,699.58,699.33,699.08,672.06,539.03,404.39,273.26,143.26,33.96,26.05,25.98,34.94,44.96,31.89,27.04,26.47,25.64,25.31,25.55,24.92,25.2,25.31,25.05,24.95,25.12,24.75,24.95,25.14,24.97,25.0,24.99,25.5,24.25,24.88,25.27,25.11,25.0,25.03,25.05,24.99,25.29,25.03,25.07,25.22,25.06,-0.49,-0.41,-0.29,-0.53,0.66,11.12,21.05,32.38,43.93,54.9,58.39,65.42,75.51,86.36,89.73,85.86,91.05,100.04,106.26,106.65,126.41,139.74,147.96,156.13,167.69,181.67,196.7,213.66,233.67,270.91,332.32,376.25,406.56,429.82,446.96,461.0,471.37,479.98,487.37,493.81,499.93,505.25,510.58,515.28,520.08,524.47,528.84,533.06,537.17,541.07,544.83,548.35,551.59,554.35,556.97,559.26,561.29,563.01,564.43,565.42,566.19,566.35,565.7,564.32,562.36,559.63,556.35,552.55,548.51,544.18,539.71,535.38,531.01,526.84,522.63,518.11,513.45,508.61,503.72,498.8,493.91,488.98,484.08,479.03,474.12,469.38,464.66,463.42,464.92,467.33,470.29,473.73,471.21,460.16,456.82,454.33,451.87,449.63,447.45,445.39,443.55,441.73,439.97,438.16,436.45,434.89,433.29,431.69,430.0,428.39,426.76,425.14,423.41,421.77,420.24,418.66,417.06,415.67,414.15,412.75,411.26,409.91,408.58,407.33,406.09,404.7,403.58,402.39
20699,20,114.723,26.81,39.18,51.61,529.65,979.03,888.44,856.14,867.89,891.79,904.37,852.86,844.74,861.25,880.31,846.06,776.36,767.27,779.35,765.16,732.58,750.66,737.8,719.66,702.18,699.22,699.34,699.13,699.93,699.77,700.66,696.89,700.78,697.48,698.58,698.15,699.78,699.75,699.61,699.79,698.33,700.03,699.94,700.01,699.28,700.04,699.55,699.78,699.93,700.02,699.98,699.7,699.76,699.94,699.35,699.94,699.34,699.78,699.34,699.43,699.33,699.95,700.02,700.02,699.97,699.94,700.02,699.92,700.03,699.9,700.08,699.79,699.87,699.93,699.96,700.01,699.94,699.79,700.13,699.82,699.54,700.15,700.13,699.75,699.51,699.18,699.37,672.58,538.86,404.5,273.1,143.18,34.14,26.05,25.64,34.23,45.34,32.01,27.06,26.47,25.67,25.37,25.1,25.29,25.11,25.15,25.16,25.16,24.75,25.04,24.99,24.83,24.81,24.83,24.92,25.03,24.91,25.05,25.08,24.96,25.0,25.03,25.09,25.1,25.14,25.08,25.2,25.2,25.04,-0.4,-0.4,-0.34,-0.39,0.68,10.76,20.68,32.04,43.52,54.59,58.16,65.2,75.27,86.21,89.6,85.7,90.84,99.91,106.12,106.78,127.45,139.83,147.87,156.09,167.6,181.3,196.23,212.92,232.55,267.89,329.58,374.29,404.93,428.57,445.85,460.22,470.53,479.29,486.85,493.34,499.42,505.03,510.26,514.93,519.59,524.05,528.44,532.65,536.82,540.67,544.28,547.76,550.9,553.81,556.34,558.61,560.59,562.25,563.59,564.55,565.0,565.2,564.59,563.15,561.11,558.3,555.0,551.11,547.04,542.67,538.24,533.87,529.62,525.41,521.05,516.57,511.78,506.96,502.15,497.2,492.34,487.37,482.38,477.53,472.66,467.77,463.15,461.9,463.4,465.81,468.69,472.02,469.54,458.7,455.25,452.59,450.29,448.03,446.02,443.9,442.09,440.25,438.44,436.78,435.18,433.48,431.78,430.24,428.6,427.07,425.33,423.66,422.01,420.43,418.78,417.23,415.73,414.2,412.73,411.27,409.9,408.52,407.21,405.89,404.57,403.33,402.15,400.95
20700,20,114.719,27.45,39.36,50.68,521.5,978.65,889.81,856.2,868.15,890.27,904.51,852.96,845.16,861.71,881.07,847.54,777.78,768.39,780.14,766.18,732.59,750.09,737.5,720.12,702.24,698.46,699.95,700.08,700.17,699.93,700.91,699.56,700.62,696.64,697.59,699.03,699.02,699.97,699.22,699.22,699.69,699.3,700.16,699.24,699.89,699.63,700.05,699.68,699.51,699.76,699.69,699.62,699.66,699.94,699.6,699.83,699.96,699.72,700.13,699.12,699.89,699.94,700.03,699.93,700.08,699.98,699.95,699.95,699.89,699.92,699.97,700.01,700.11,699.86,699.28,700.01,700.12,699.62,699.35,699.08,700.7,700.7,700.25,700.02,699.73,699.47,699.16,672.28,540.11,405.32,273.98,143.96,34.37,26.19,25.8,35.11,44.58,31.65,27.18,26.37,25.47,25.4,25.4,25.3,25.07,25.09,25.3,24.8,25.04,25.0,25.04,24.88,24.89,24.81,24.76,25.04,24.95,24.95,24.98,25.37,24.95,25.13,25.08,24.93,25.07,25.24,25.01,25.22,25.1,-0.51,-0.38,-0.45,-0.56,0.54,11.05,20.96,32.24,43.85,54.69,58.21,65.16,75.22,86.11,89.58,85.68,90.71,99.72,105.94,105.87,124.98,138.96,147.23,155.11,166.37,180.25,194.77,210.85,230.1,261.57,323.5,369.86,401.42,425.79,443.85,458.51,469.2,477.99,485.74,492.49,498.65,504.23,509.37,514.23,519.0,523.47,527.96,532.2,536.22,540.2,543.83,547.32,550.54,553.59,556.22,558.63,560.85,562.63,564.08,565.1,565.86,566.12,565.53,564.27,562.24,559.52,556.3,552.52,548.44,543.98,539.61,535.25,530.81,526.49,522.17,517.38,512.54,507.68,502.89,497.78,492.8,487.87,482.76,477.72,472.82,467.88,463.15,461.76,463.23,465.5,468.39,471.54,469.03,457.95,454.5,451.82,449.41,447.1,444.95,442.97,441.07,439.17,437.38,435.67,433.94,432.34,430.69,429.04,427.46,425.81,424.17,422.39,420.68,419.06,417.42,415.85,414.41,412.84,411.37,409.93,408.47,407.12,405.7,404.44,403.14,401.87,400.65,399.45
20701,20,114.714,26.98,39.11,51.27,530.45,978.37,887.24,854.69,866.88,889.66,904.25,853.23,845.33,861.75,881.11,847.52,779.47,770.23,780.34,765.02,732.98,750.33,737.54,719.87,702.13,698.56,699.94,699.93,699.79,699.65,700.69,697.03,700.83,697.28,698.62,698.02,699.73,699.92,699.55,699.8,698.64,699.94,699.79,699.97,699.84,699.99,699.77,699.72,699.89,700.08,699.49,699.51,700.01,699.98,699.31,699.65,699.97,699.87,699.76,699.83,700.01,699.94,699.98,699.91,699.93,700.06,700.01,700.03,699.98,700.01,699.94,700.01,700.01,699.77,700.06,699.97,700.01,699.86,700.0,699.72,700.1,699.95,700.02,699.91,700.14,700.12,699.77,671.94,538.24,403.91,272.38,142.56,34.7,25.64,25.68,33.7,45.18,32.45,27.11,26.42,25.65,25.21,25.17,24.9,25.27,24.84,25.03,25.05,24.91,25.0,25.12,24.9,24.92,25.05,25.01,24.97,25.02,25.1,24.8,25.16,25.03,25.07,25.06,25.14,25.24,25.0,25.03,25.13,25.25,-0.37,-0.35,-0.32,-0.4,0.84,11.57,21.37,32.56,44.25,55.13,58.64,65.64,75.73,86.6,89.98,86.13,91.17,100.22,106.31,106.55,125.99,139.77,148.0,156.14,167.52,181.74,196.81,213.47,233.22,270.73,332.25,376.29,406.42,429.55,446.58,460.87,471.15,479.78,487.27,493.75,499.79,505.29,510.34,515.08,519.75,524.23,528.52,532.74,536.83,540.68,544.23,547.69,550.77,553.65,556.21,558.49,560.56,562.28,563.67,564.67,565.28,565.4,564.8,563.34,561.32,558.53,555.19,551.4,547.32,542.99,538.42,534.11,529.74,525.55,521.27,516.6,511.83,506.99,502.15,497.22,492.26,487.23,482.31,477.31,472.24,467.38,462.69,461.4,462.86,465.22,468.2,471.42,468.65,457.8,454.39,451.92,449.55,447.36,445.21,443.25,441.38,439.48,437.76,436.03,434.39,432.72,431.11,429.47,427.79,426.18,424.52,422.87,421.18,419.48,417.96,416.42,414.8,413.35,411.85,410.44,409.09,407.68,406.31,405.09,403.77,402.5,401.3,400.06
20702,20,114.699,27.79,39.92,51.99,529.06,977.8,887.46,855.35,867.26,889.89,904.51,854.13,845.93,862.23,881.51,847.73,778.1,768.58,780.15,765.8,732.86,750.67,738.22,720.01,701.82,698.92,699.62,699.45,699.99,699.67,701.03,696.98,700.59,698.46,698.1,699.31,699.66,699.25,699.34,699.68,698.58,699.67,699.8,699.49,699.76,699.95,700.03,699.8,700.01,699.49,699.85,699.77,699.76,699.29,699.74,699.53,699.73,699.55,699.57,699.91,699.85,699.98,699.99,699.97,699.97,699.88,700.05,699.93,700.05,700.03,700.0,700.0,700.04,699.8,699.98,699.84,700.03,699.96,699.94,699.98,700.01,699.97,699.98,699.83,700.12,699.94,699.56,672.17,539.11,404.56,273.22,143.31,34.22,26.15,25.77,35.11,44.52,31.91,27.12,26.48,25.52,25.37,25.16,25.26,25.2,25.13,25.01,25.04,25.24,24.7,24.82,25.17,24.98,24.89,25.04,25.17,24.88,25.03,25.14,25.04,25.11,25.15,25.17,25.13,25.01,25.09,25.1,25.2,25.34,-0.49,-0.37,-0.38,-0.47,0.54,10.76,20.58,31.93,43.58,54.49,58.0,65.08,75.23,86.03,89.49,85.66,90.65,99.74,105.86,106.25,126.7,139.54,147.74,155.92,167.39,181.22,196.0,212.6,232.47,269.09,330.78,375.49,406.02,429.41,446.86,460.84,471.15,479.99,487.52,493.84,499.89,505.37,510.58,515.34,520.03,524.57,528.91,533.26,537.34,541.23,544.82,548.4,551.61,554.44,557.21,559.45,561.56,563.42,564.79,565.88,566.72,566.95,566.45,565.13,563.21,560.57,557.3,553.67,549.62,545.33,540.95,536.61,532.26,528.11,524.05,519.45,514.87,510.02,505.15,500.22,495.29,490.33,485.43,480.42,475.44,470.58,465.92,464.6,466.06,468.63,471.52,474.85,472.23,461.26,457.91,455.3,452.82,450.59,448.46,446.45,444.51,442.7,440.92,439.13,437.47,435.85,434.16,432.53,430.97,429.35,427.6,425.89,424.2,422.58,420.97,419.48,417.89,416.37,414.9,413.48,412.04,410.69,409.26,407.99,406.75,405.44,404.28,403.0
20703,20,114.725,27.7,39.96,51.91,529.39,977.68,887.29,855.36,868.06,890.33,904.82,853.63,845.28,861.37,880.51,845.76,776.21,766.96,778.86,764.73,732.07,750.32,737.76,719.76,701.97,699.48,699.2,698.96,700.22,699.87,701.14,697.57,700.73,697.03,698.21,698.53,699.4,699.76,699.37,699.53,698.67,699.79,699.87,699.2,699.68,700.1,699.65,699.73,700.02,699.96,699.39,699.82,699.83,699.48,699.73,699.83,699.67,699.48,699.55,699.75,699.53,699.98,699.91,699.99,699.99,700.02,699.99,700.03,699.95,699.99,699.95,699.89,700.05,699.96,700.02,699.86,699.97,700.12,699.86,699.42,699.97,699.89,699.84,700.01,699.74,699.52,700.25,672.47,539.01,404.6,273.33,143.33,34.11,26.25,26.31,32.79,45.52,32.72,27.26,26.44,25.39,25.3,25.19,25.32,25.11,25.12,24.96,25.15,25.07,25.04,24.96,24.92,24.78,24.81,25.19,24.52,25.17,25.09,25.12,24.92,25.16,25.04,24.98,25.32,25.2,25.14,25.08,25.19,25.03,-0.43,-0.33,-0.42,-0.53,0.5,10.6,20.4,31.79,43.55,54.43,57.96,65.1,75.13,86.04,89.44,85.57,90.69,99.91,106.16,106.64,127.24,139.75,148.03,156.31,168.03,181.39,196.35,213.19,232.99,270.61,332.27,376.6,406.62,429.76,446.95,461.05,471.31,480.02,487.57,493.92,500.02,505.43,510.57,515.34,519.98,524.55,528.92,533.19,537.28,541.26,544.85,548.34,551.48,554.38,556.98,559.36,561.54,563.27,564.56,565.69,566.42,566.54,566.12,564.87,562.79,560.28,557.01,553.31,549.25,544.93,540.53,536.14,531.85,527.63,523.51,518.99,514.28,509.49,504.69,499.77,494.81,489.83,484.88,479.92,475.0,470.08,465.39,464.12,465.57,467.89,470.94,474.25,471.72,460.72,457.41,454.64,452.21,449.95,447.8,445.81,443.89,441.96,440.16,438.47,436.8,435.11,433.46,431.86,430.19,428.59,426.87,425.19,423.49,421.86,420.25,418.76,417.2,415.61,414.21,412.78,411.39,409.9,408.61,407.25,405.99,404.75,403.53,402.33
20704,20,114.753,27.36,39.17,51.1,526.06,977.71,887.59,853.99,865.94,888.33,903.05,851.72,843.23,859.29,878.58,844.28,774.74,765.23,777.26,762.48,730.79,748.92,736.41,719.48,702.11,699.19,699.33,699.41,700.21,700.05,700.93,698.51,700.42,698.96,697.38,699.4,699.44,699.91,699.22,699.21,699.24,699.76,700.06,698.89,699.56,699.95,699.62,699.67,699.92,699.83,699.42,699.88,699.88,699.68,699.78,700.01,699.55,699.78,699.99,699.92,699.93,700.0,699.98,700.02,700.03,699.89,699.96,700.05,699.95,700.0,699.91,700.01,700.0,699.91,699.67,699.89,700.04,699.93,700.06,699.87,699.54,700.24,700.25,699.79,699.45,699.16,699.0,671.62,538.49,404.14,272.53,142.43,34.59,25.73,25.78,35.74,43.99,31.52,27.05,26.57,25.46,25.45,25.23,25.18,25.19,25.02,25.13,24.69,25.09,24.93,25.03,24.98,25.12,24.65,24.78,24.93,24.88,24.9,24.98,25.08,25.02,25.1,25.17,25.1,25.08,25.17,25.14,25.0,25.24,-0.45,-0.44,-0.35,-0.43,0.52,10.56,20.52,31.87,43.51,54.43,58.01,65.01,75.08,85.84,89.36,85.61,90.45,99.58,105.64,106.1,126.25,139.37,147.73,155.92,167.18,180.64,195.52,212.53,232.48,269.24,331.45,375.83,406.43,429.64,447.02,461.06,471.26,479.95,487.58,493.9,500.02,505.41,510.45,515.24,519.9,524.23,528.68,533.01,537.08,540.94,544.64,548.27,551.35,554.34,556.88,559.24,561.4,563.17,564.51,565.66,566.33,566.62,566.05,564.67,562.69,560.05,556.88,553.03,549.02,544.69,540.28,535.9,531.6,527.42,523.28,518.78,514.05,509.33,504.46,499.65,494.78,489.78,484.88,479.86,474.94,470.14,465.42,464.12,465.54,467.96,470.9,474.06,471.4,460.39,456.93,454.28,451.89,449.6,447.47,445.47,443.53,441.64,439.88,438.19,436.45,434.86,433.18,431.58,429.93,428.35,426.56,424.89,423.07,421.61,419.95,418.31,416.83,415.27,413.8,412.35,411.04,409.56,408.19,406.89,405.63,404.39,403.18,401.99
20705,20,114.739,28.86,40.45,52.44,523.42,976.46,886.52,854.78,866.1,888.13,903.18,851.85,843.53,859.86,879.28,847.09,777.73,766.49,778.32,763.92,731.67,749.67,737.12,719.87,702.04,699.08,699.6,699.31,700.2,700.11,701.01,698.81,699.85,699.49,696.21,699.89,699.55,700.1,699.78,698.52,699.92,699.93,699.88,699.74,699.98,699.87,699.95,699.93,699.32,699.89,699.82,699.82,699.85,699.53,699.75,699.88,699.77,699.92,699.63,699.9,699.91,700.04,700.03,699.95,699.81,700.01,699.87,699.89,699.95,700.03,699.63,699.98,699.91,700.09,699.87,699.83,700.25,699.93,699.48,699.1,699.0,700.81,700.91,700.65,700.32,700.04,699.94,671.7,539.26,404.59,273.33,143.22,34.07,26.06,25.72,35.32,44.49,31.59,27.32,26.41,25.41,25.29,25.18,25.08,25.19,24.99,25.11,24.9,24.85,24.9,25.1,24.79,24.87,25.02,24.84,24.92,25.05,25.16,24.76,25.15,25.1,24.98,25.24,25.64,24.71,24.98,25.22,25.33,25.31,-0.39,-0.35,-0.24,-0.45,0.66,10.79,20.7,32.01,43.68,54.49,57.99,65.03,75.09,85.87,89.42,85.56,90.6,99.64,105.74,106.08,125.99,139.27,147.64,155.88,167.63,181.31,196.37,213.01,232.67,268.53,331.06,375.86,406.56,429.62,447.44,461.37,471.85,480.48,487.93,494.58,500.61,506.06,511.02,515.95,520.54,525.07,529.44,533.64,537.8,541.59,545.32,548.74,552.09,555.01,557.71,560.28,562.33,564.08,565.65,566.82,567.62,567.91,567.47,566.27,564.61,561.94,558.89,555.29,551.33,547.04,542.73,538.44,534.1,529.91,525.82,521.36,516.68,511.91,507.12,502.15,497.24,492.28,487.26,482.27,477.32,472.46,467.73,466.5,468.1,470.52,473.49,476.74,474.27,463.14,459.65,456.88,454.52,452.25,450.03,448.02,446.09,444.26,442.46,440.72,439.06,437.34,435.72,434.07,432.42,430.8,429.06,427.39,425.68,424.05,422.41,420.92,419.26,417.78,416.29,414.9,413.46,412.03,410.69,409.36,408.06,406.77,405.54,404.35
20706,20,114.767,27.67,39.67,52.36,534.91,978.13,885.95,853.34,865.14,888.2,902.71,852.29,844.32,860.55,879.93,844.87,775.57,766.61,778.38,763.8,732.23,749.95,737.65,719.48,701.77,699.15,699.75,699.5,699.74,699.45,700.99,695.8,700.72,697.18,698.74,698.26,699.65,699.2,699.95,699.49,698.79,699.89,699.84,700.07,698.89,699.67,699.97,699.36,699.98,699.94,699.16,700.01,699.85,699.21,699.9,699.49,699.29,699.56,699.78,699.08,699.8,699.92,699.98,700.01,700.0,699.83,699.96,699.95,699.86,699.95,700.09,699.96,699.94,699.85,699.86,699.84,700.2,699.92,699.6,699.77,700.31,699.82,699.43,699.37,700.1,700.69,700.62,671.22,537.37,403.46,272.35,142.76,34.31,25.9,25.76,35.49,43.96,31.55,26.93,26.51,25.74,25.52,25.14,25.28,25.49,25.04,24.99,24.94,24.92,25.09,24.9,25.02,24.85,24.98,24.97,25.13,24.34,25.1,24.99,25.03,25.03,25.37,25.32,25.03,25.38,25.15,24.94,25.03,25.04,-0.49,-0.41,-0.41,-0.48,0.58,10.79,20.58,31.78,43.52,54.43,57.94,64.91,75.05,85.88,89.17,85.5,90.56,99.8,105.87,106.89,127.8,140.11,148.48,156.87,168.48,182.44,197.62,214.78,234.85,276.81,337.3,380.19,409.5,432.24,449.0,462.56,472.57,481.09,488.49,494.92,501.02,506.41,511.47,516.07,520.59,525.21,529.63,533.9,538.18,541.97,545.63,549.07,552.26,555.1,557.77,560.14,562.32,563.89,565.48,566.28,567.05,567.15,566.73,565.49,563.53,560.94,557.63,554.06,549.91,545.68,541.3,536.96,532.71,528.58,524.41,520.14,515.56,510.68,505.91,501.07,496.19,491.26,486.32,481.34,476.3,471.51,466.86,465.63,467.2,469.66,472.59,475.95,473.21,462.23,458.99,456.39,454.0,451.75,449.55,447.58,445.67,443.8,442.09,440.37,438.73,437.06,435.3,433.72,432.13,430.5,428.81,427.25,425.44,423.84,422.23,420.67,419.15,417.66,416.24,414.81,413.3,411.9,410.72,409.3,407.99,406.78,405.54,404.37
20707,20,114.736,26.99,39.01,51.17,526.28,976.66,886.67,854.2,866.28,888.84,903.39,852.4,844.7,860.94,880.15,845.21,776.08,766.77,778.77,764.04,732.19,750.06,737.42,719.68,702.01,699.15,699.7,699.59,700.1,699.74,700.88,697.62,700.69,698.06,697.65,699.05,699.49,699.92,699.44,699.26,699.29,699.37,699.99,698.96,699.76,700.01,699.7,699.8,699.98,699.86,699.7,699.95,699.41,699.88,699.72,699.78,699.95,699.46,699.94,699.23,699.99,699.95,700.03,700.03,699.88,699.92,699.95,699.95,699.92,699.99,699.96,699.87,699.99,699.88,700.0,699.75,700.27,700.02,699.6,699.15,699.09,700.54,700.45,700.14,699.95,699.62,699.4,671.53,538.57,403.89,272.52,142.57,34.41,25.69,25.5,35.19,44.8,31.61,27.16,26.3,25.43,25.31,25.27,25.21,25.11,25.05,25.14,25.11,24.58,24.99,25.02,24.74,24.82,25.02,24.73,24.69,25.02,24.91,24.8,25.0,25.24,24.82,25.22,25.13,25.16,25.17,25.07,24.98,25.3,-0.42,-0.43,-0.47,-0.5,0.49,10.68,20.49,31.92,43.44,54.39,57.95,65.08,75.17,85.89,89.23,85.46,90.53,99.64,105.7,106.47,127.13,139.75,148.01,156.08,167.68,181.42,196.43,212.92,232.56,268.38,330.1,375.05,405.84,429.17,446.44,460.85,471.21,479.83,487.34,493.85,499.94,505.4,510.34,515.17,520.02,524.44,528.79,532.98,537.24,541.18,544.87,548.23,551.34,554.24,557.0,559.19,561.28,562.95,564.42,565.35,566.24,566.46,565.75,564.47,562.42,559.79,556.51,552.63,548.62,544.21,539.76,535.46,531.05,526.86,522.41,517.84,513.05,508.2,503.37,498.41,493.44,488.33,483.41,478.36,473.33,468.34,463.63,462.38,463.86,466.16,469.08,472.23,469.48,458.47,455.13,452.49,449.97,447.71,445.66,443.61,441.69,439.9,438.03,436.31,434.66,432.95,431.34,429.7,428.02,426.42,424.64,423.1,421.3,419.69,418.02,416.57,414.97,413.5,411.94,410.57,409.07,407.81,406.38,405.09,403.83,402.57,401.27,400.11
20708,20,114.742,26.23,38.74,50.96,527.52,977.69,887.91,854.09,866.09,888.84,903.02,851.6,843.69,860.5,880.1,845.7,776.09,766.77,779.19,764.98,731.85,750.1,737.59,720.11,702.21,698.96,699.35,698.91,700.2,699.87,700.48,699.99,700.58,695.52,697.87,698.83,699.33,700.04,699.31,699.53,699.24,699.46,699.99,699.06,699.68,699.86,699.75,699.95,699.84,699.46,699.86,699.76,699.94,699.82,699.74,699.82,700.07,699.28,700.02,699.17,699.85,699.93,699.94,699.95,700.04,699.91,699.98,699.92,699.93,699.99,699.67,699.81,700.02,699.93,700.04,699.63,700.1,699.88,699.79,700.05,699.74,699.6,700.2,699.98,699.6,699.35,699.15,672.1,538.33,404.02,272.61,142.52,34.55,25.75,25.69,32.69,44.77,33.66,27.06,26.58,25.66,25.23,25.33,25.12,25.33,25.01,24.99,25.22,25.04,24.81,24.82,25.37,24.35,24.98,25.05,24.88,24.99,25.21,24.91,25.06,25.17,25.14,25.05,25.13,25.64,24.45,25.17,25.22,25.18,-0.48,-0.45,-0.41,-0.61,0.63,10.93,20.62,32.02,43.67,54.65,58.03,64.95,75.1,85.96,89.29,85.49,90.54,99.5,105.5,105.69,126.26,139.44,147.7,156.08,167.58,181.3,196.42,212.91,232.76,269.55,331.99,376.32,406.03,429.6,446.89,461.06,471.29,479.96,487.53,494.05,500.02,505.53,510.55,515.36,520.04,524.44,528.83,533.08,537.21,541.06,544.88,548.44,551.67,554.5,557.18,559.58,561.68,563.4,564.93,565.97,566.79,567.13,566.62,565.38,563.47,560.83,557.71,554.05,550.08,545.77,541.45,537.05,532.72,528.55,524.3,519.85,515.11,510.31,505.42,500.51,495.56,490.59,485.56,480.47,475.51,470.59,465.93,464.65,466.1,468.54,471.47,474.68,471.94,460.94,457.41,454.82,452.42,450.06,448.05,445.98,444.03,442.27,440.43,438.71,437.0,435.36,433.66,432.06,430.39,428.74,427.04,425.38,423.67,422.02,420.34,418.85,417.28,415.84,414.32,412.83,411.43,410.01,408.63,407.38,406.05,404.79,403.62,402.37
20710,20,114.821,26.61,37.48,50.76,537.68,974.55,878.88,845.83,857.23,879.39,894.45,843.65,835.75,851.84,870.86,837.27,767.77,758.46,770.42,756.69,725.64,745.34,734.59,717.92,701.88,699.11,699.91,699.3,700.22,700.39,700.51,698.94,700.07,699.59,697.31,699.92,699.85,699.76,699.24,699.46,699.35,700.04,700.07,699.7,699.83,700.1,699.72,699.75,699.97,699.51,699.97,699.45,699.78,699.48,699.47,699.66,699.93,699.26,699.87,699.19,699.95,699.92,700.0,699.96,699.95,699.96,699.97,699.98,700.03,699.93,699.76,699.8,699.96,700.02,699.72,699.96,699.94,699.84,699.99,700.04,699.93,699.98,700.02,699.95,700.3,699.96,699.78,672.22,539.13,404.55,273.23,143.12,34.01,26.08,25.85,32.6,44.66,33.05,27.19,26.6,25.4,25.12,25.16,25.05,24.92,24.86,24.87,24.71,24.84,24.73,24.71,24.71,24.8,24.84,24.92,25.01,24.98,24.94,24.89,25.08,24.48,24.86,25.02,25.05,24.91,24.99,25.83,24.41,25.35,-0.43,-0.39,-0.45,-0.41,0.78,10.9,20.44,31.68,43.14,54.0,57.6,64.62,74.7,85.48,89.08,85.21,90.31,99.41,105.67,106.72,128.21,140.81,149.59,158.51,170.5,184.63,200.01,217.49,238.61,287.39,347.21,388.24,416.52,437.96,454.63,467.29,476.89,485.16,492.16,498.27,503.97,509.33,514.13,518.86,523.39,527.67,531.88,535.98,539.91,543.58,546.96,550.27,553.21,555.83,558.36,560.64,562.58,564.07,565.24,566.09,566.61,566.61,565.82,564.24,562.04,559.13,555.85,552.06,548.03,543.73,539.41,535.23,530.98,526.92,522.65,518.06,513.18,508.25,503.11,498.08,492.89,487.68,482.45,477.18,471.99,467.09,462.41,460.99,462.24,464.49,467.31,470.42,467.9,457.03,453.82,451.42,449.19,447.12,445.07,443.19,441.39,439.6,437.77,436.16,434.46,432.8,431.13,429.56,427.89,426.2,424.46,422.82,421.12,419.46,417.94,416.39,414.76,413.29,411.86,410.43,409.14,407.73,406.41,405.12,403.79,402.59,401.44,400.22
20713,20,114.861,26.21,37.03,52.45,543.56,971.83,874.03,840.61,854.3,878.24,893.08,842.23,835.52,851.91,871.01,835.9,767.47,758.65,770.66,755.34,725.14,744.87,734.26,717.78,701.41,699.77,699.75,699.27,700.24,700.36,700.96,698.73,700.43,696.67,698.2,698.64,699.87,699.32,699.6,699.78,698.42,699.93,699.73,699.87,699.92,699.75,699.85,699.84,699.85,699.84,699.72,699.92,699.82,699.65,699.82,699.48,699.51,699.9,699.75,699.33,699.88,700.0,699.93,699.91,700.04,699.78,700.02,699.89,699.91,699.96,700.08,699.76,700.05,699.77,699.52,700.28,700.01,699.73,699.31,698.96,699.72,700.71,700.53,700.23,700.06,699.73,699.45,671.32,537.6,402.98,271.76,141.98,33.83,25.84,25.73,31.94,43.93,34.38,26.82,26.72,25.6,25.07,24.99,24.96,24.91,24.73,24.78,24.76,24.78,24.8,24.8,24.64,24.61,24.75,24.75,24.93,24.91,25.55,24.31,25.32,25.08,25.03,25.07,25.01,24.99,25.04,25.03,24.95,25.09,-0.39,-0.32,-0.37,-0.4,1.0,11.02,20.51,31.74,43.33,54.06,57.61,64.82,74.95,85.78,89.17,85.52,90.75,99.93,106.11,107.39,129.1,141.56,150.36,159.37,171.49,185.57,201.15,218.85,240.24,292.46,350.63,390.69,417.69,439.14,455.06,467.91,477.42,485.5,492.53,498.53,504.18,509.43,514.46,519.3,523.88,528.34,532.75,536.91,540.84,544.66,548.26,551.56,554.48,557.28,559.6,561.72,563.57,565.06,566.01,566.84,567.22,567.0,566.03,564.12,561.67,558.61,555.03,551.14,546.93,542.53,538.15,533.89,529.63,525.51,521.06,516.3,511.43,506.53,501.56,496.47,491.45,486.36,481.23,476.23,471.28,466.43,461.86,460.5,461.71,463.76,466.42,469.32,466.43,455.46,452.31,449.92,447.66,445.65,443.57,441.67,439.78,437.91,436.26,434.56,432.86,431.25,429.57,427.98,426.33,424.78,423.03,421.3,419.67,418.05,416.59,415.02,413.46,412.07,410.64,409.2,407.83,406.5,405.16,403.88,402.68,401.5,400.27,399.07
20715,20,114.772,27.94,40.46,53.19,533.41,976.82,883.82,850.9,863.23,886.64,901.48,851.06,841.38,857.26,876.79,842.23,772.37,763.27,775.21,760.8,729.37,747.94,736.15,719.29,701.96,699.62,698.82,698.72,700.23,699.85,699.42,700.24,700.63,695.74,698.52,698.9,699.81,699.68,699.88,699.56,698.96,700.07,699.97,699.88,699.84,699.95,699.8,699.85,699.8,699.99,699.58,699.63,700.03,699.91,698.79,699.81,699.84,699.86,699.71,699.62,699.88,699.89,699.85,699.86,699.97,699.9,699.87,699.86,699.97,700.05,699.71,699.98,699.89,699.87,700.13,699.72,700.08,699.94,699.5,699.68,700.11,699.87,699.55,699.27,700.44,700.42,700.1,671.81,538.25,403.75,272.58,142.6,34.5,25.83,25.31,35.39,41.95,33.44,27.27,26.57,25.85,25.31,25.26,25.26,25.13,25.18,25.07,25.09,24.87,24.86,24.97,24.93,24.93,24.91,25.02,25.34,24.78,25.05,25.18,25.23,25.1,25.28,25.16,24.9,25.27,25.13,25.16,25.14,25.1,-0.52,-0.39,-0.34,-0.51,0.67,11.07,20.76,31.92,43.51,54.48,57.95,64.95,75.04,85.81,89.24,85.47,90.47,99.4,105.5,106.17,126.78,139.89,148.31,156.68,168.61,182.28,197.41,214.45,234.69,276.46,338.09,380.62,409.26,431.91,448.76,462.33,472.28,480.78,488.07,494.49,500.44,505.81,510.89,515.64,520.12,524.51,528.91,533.25,537.06,540.92,544.68,548.14,551.25,554.09,556.67,559.09,561.04,562.78,564.28,565.32,565.92,566.17,565.69,564.54,562.56,560.01,556.98,553.35,549.3,545.12,540.79,536.48,532.38,528.21,524.2,519.99,515.44,510.64,505.84,500.91,495.78,490.8,485.68,480.54,475.55,470.57,465.81,464.59,466.26,468.74,472.02,475.44,472.87,462.02,458.79,456.29,454.02,451.97,449.83,447.95,446.1,444.28,442.53,440.88,439.23,437.6,435.9,434.35,432.74,431.1,429.42,427.66,426.04,424.39,422.83,421.36,419.77,418.31,416.83,415.39,414.01,412.6,411.28,410.08,408.63,407.5,406.28,405.07
20716,20,114.727,27.95,39.47,51.67,534.28,977.24,886.39,852.95,864.74,888.3,903.5,852.99,845.22,861.56,880.81,845.19,776.1,767.13,778.96,763.87,732.6,750.07,737.51,719.93,701.97,699.47,699.54,699.15,699.93,699.66,700.96,695.85,700.72,697.41,699.42,697.85,699.57,699.38,699.94,699.46,698.71,699.8,699.66,699.77,699.91,699.94,699.93,699.74,699.46,700.09,699.26,699.87,699.88,699.38,700.01,699.2,699.6,699.84,699.05,699.88,699.82,699.96,699.94,699.93,699.98,699.9,699.97,699.93,699.89,699.89,699.94,699.93,699.86,700.21,699.78,699.37,699.82,699.98,699.74,700.26,700.13,699.88,699.39,699.13,698.86,699.89,700.53,671.2,537.25,403.01,271.97,142.11,33.93,25.88,25.59,32.46,45.24,33.26,27.22,26.56,25.95,24.69,25.43,25.04,25.06,25.19,24.92,25.0,24.91,24.93,24.92,25.08,24.98,24.97,25.13,24.96,24.97,24.94,25.03,24.95,25.26,24.98,25.18,25.22,25.22,25.17,25.1,25.18,25.21,-0.37,-0.31,-0.29,-0.4,1.04,11.89,21.55,32.71,44.32,55.11,58.46,65.59,75.69,86.46,89.74,85.95,90.96,100.06,106.12,106.53,126.8,140.07,148.51,156.88,168.59,182.49,197.66,214.76,234.92,275.92,336.54,379.3,408.81,431.36,448.22,461.96,472.08,480.49,487.95,494.46,500.34,505.82,510.76,515.55,520.29,524.74,529.07,533.23,537.27,541.22,544.93,548.35,551.56,554.48,556.93,559.31,561.27,563.0,564.39,565.49,566.29,566.43,565.82,564.62,562.62,559.98,556.76,553.14,549.03,544.75,540.37,535.94,531.7,527.49,523.36,518.83,514.07,509.31,504.32,499.33,494.4,489.31,484.33,479.2,474.17,469.18,464.43,463.13,464.6,467.01,470.1,473.29,470.72,459.72,456.48,453.8,451.44,449.3,447.14,445.26,443.37,441.43,439.8,437.98,436.41,434.76,433.13,431.5,429.83,428.21,426.52,424.85,423.1,421.54,419.94,418.33,416.86,415.31,413.83,412.42,411.01,409.62,408.31,407.02,405.74,404.48,403.2,402.06
20717,20,114.863,26.8,39.35,50.04,501.7,972.71,887.17,855.1,865.94,887.46,901.06,848.96,840.48,856.42,875.18,840.62,770.65,761.3,772.87,758.4,727.18,745.65,734.76,718.43,702.08,699.27,699.32,699.83,699.96,700.22,700.17,700.02,699.8,698.58,698.65,697.55,699.76,699.55,698.9,699.55,699.95,698.84,699.97,699.55,699.83,699.84,699.85,699.98,699.98,699.82,699.81,700.04,699.28,699.67,699.9,699.43,699.39,699.67,699.54,699.56,699.91,699.88,699.97,699.99,700.05,699.8,700.0,700.02,699.69,699.95,699.94,699.97,699.85,699.97,699.84,700.04,699.82,700.0,699.9,699.65,700.45,700.12,699.82,699.5,699.34,699.11,699.14,672.86,538.75,404.31,273.4,143.5,33.91,26.02,25.88,36.34,43.42,31.51,26.97,26.55,25.69,25.27,25.09,25.13,24.84,24.91,25.11,24.95,24.97,25.04,25.52,24.15,25.07,24.98,24.89,24.92,25.0,25.11,24.68,25.23,25.23,25.16,25.2,25.33,24.91,24.91,25.18,25.13,25.26,-0.5,-0.41,-0.45,-0.49,0.31,10.07,19.98,31.3,42.86,53.84,57.34,64.3,74.3,85.09,88.4,84.6,89.64,98.69,104.59,105.01,123.8,138.25,146.87,155.29,167.18,180.94,195.94,212.64,232.41,267.2,330.78,376.36,408.1,431.01,449.32,462.99,473.35,481.8,489.47,496.18,501.87,507.35,512.37,517.23,521.95,526.46,530.85,534.99,539.18,543.09,546.74,550.15,553.25,556.2,558.81,561.25,563.18,565.03,566.37,567.63,568.39,568.73,568.4,567.2,565.46,562.97,559.89,556.36,552.42,548.29,543.99,539.74,535.34,531.34,527.2,523.33,519.07,514.52,509.74,504.97,499.97,495.07,490.06,485.01,480.15,475.2,470.61,469.36,471.12,473.57,476.93,480.42,478.22,467.12,463.95,461.25,458.95,456.81,454.73,452.75,450.83,449.01,447.3,445.5,443.92,442.21,440.66,438.96,437.41,435.79,434.14,432.36,430.76,429.08,427.52,425.96,424.39,422.97,421.37,420.06,418.56,417.2,415.88,414.54,413.32,412.0,410.82,409.54
20718,20,114.754,26.73,38.92,51.29,520.6,971.8,882.31,850.1,862.91,886.31,898.81,847.76,841.15,857.97,877.06,841.34,772.62,763.94,775.98,760.75,729.7,747.87,736.16,719.11,701.56,699.25,699.57,699.07,700.2,700.18,699.24,698.27,698.95,696.72,696.64,699.88,699.09,700.08,699.81,698.45,699.81,699.73,699.56,699.67,699.84,699.91,699.77,699.87,699.45,699.69,700.05,699.81,699.84,699.69,699.65,699.8,699.64,699.86,699.67,699.89,699.85,699.82,700.02,699.85,699.93,699.92,699.93,699.95,699.95,699.97,700.03,699.81,699.74,700.0,699.82,700.03,699.67,699.41,700.42,700.2,699.76,699.51,699.16,698.96,699.97,701.51,701.31,669.58,536.84,403.1,272.03,141.83,33.88,25.93,25.64,36.67,43.94,31.03,27.18,26.26,25.69,25.05,25.21,25.19,25.11,25.04,25.16,25.08,24.97,24.98,24.91,24.81,24.92,24.89,25.02,24.62,24.97,24.85,24.95,25.2,25.02,25.04,25.07,24.95,24.91,25.12,25.22,25.05,25.1,-0.39,-0.27,-0.34,-0.43,0.64,10.62,20.58,31.69,43.32,54.05,57.58,64.56,74.76,85.54,88.79,85.07,90.16,99.18,105.24,105.89,126.01,139.4,147.86,156.45,168.28,182.24,197.24,214.12,233.98,273.88,336.54,379.4,408.92,432.02,449.51,463.17,473.37,481.85,489.24,495.78,501.67,507.22,512.2,517.02,521.69,526.16,530.55,534.62,538.72,542.56,546.31,549.73,553.01,555.97,558.61,561.03,563.07,564.89,566.28,567.37,568.06,568.33,567.84,566.74,564.91,562.43,559.26,555.87,551.8,547.71,543.33,539.09,534.87,530.71,526.7,522.54,518.2,513.53,508.72,503.89,498.93,494.07,489.07,484.2,479.14,474.28,469.72,468.54,470.34,472.8,476.03,479.47,476.71,465.85,462.51,459.91,457.51,455.29,453.2,451.2,449.35,447.48,445.69,444.03,442.19,440.68,439.09,437.37,435.81,434.23,432.43,430.84,429.05,427.37,425.95,424.31,422.77,421.35,419.82,418.34,417.0,415.5,414.19,413.01,411.59,410.38,409.2,407.96
20719,20,114.761,26.94,38.83,49.76,516.65,972.85,883.11,851.46,864.01,886.72,901.54,850.46,842.61,859.06,878.29,843.24,774.45,765.54,777.29,762.11,731.36,749.03,736.68,719.33,701.74,698.97,699.87,699.32,699.96,699.93,700.69,698.84,699.31,699.82,695.11,699.84,698.96,699.98,699.94,698.57,699.98,699.86,699.27,699.66,700.03,700.02,699.64,700.04,699.59,699.85,699.94,699.6,699.41,699.88,699.93,699.24,699.37,699.72,699.35,699.46,699.7,699.92,699.93,699.96,699.98,700.02,699.95,699.86,699.94,699.88,699.9,699.95,699.98,700.1,699.76,699.4,700.11,700.27,700.0,699.57,699.26,698.98,699.47,700.82,700.68,700.42,700.16,670.02,537.3,403.0,272.09,141.85,33.89,25.81,25.81,33.8,44.51,32.53,27.71,25.67,25.76,25.36,25.11,25.14,25.23,24.91,25.01,24.99,24.86,24.95,24.84,24.84,24.87,24.85,24.88,24.98,25.04,24.95,24.94,25.0,25.22,25.09,24.99,25.24,25.25,25.2,25.29,25.31,25.16,-0.49,-0.43,-0.49,-0.52,0.4,10.4,20.17,31.45,43.04,53.89,57.53,64.54,74.62,85.35,88.73,84.92,90.0,99.08,105.0,105.59,125.02,138.46,147.0,155.28,166.85,180.48,195.46,211.95,231.42,266.6,329.13,374.4,405.31,428.32,446.53,460.58,471.06,479.88,487.08,493.77,499.81,505.24,510.3,515.26,519.77,524.38,528.65,533.09,537.01,540.96,544.69,548.15,551.46,554.33,556.89,559.41,561.29,563.28,564.81,565.87,566.71,566.88,566.43,565.35,563.42,560.92,557.69,554.12,550.14,545.85,541.52,537.2,532.9,528.65,524.61,520.19,515.57,510.74,505.84,500.96,496.1,491.05,486.05,481.04,475.98,471.09,466.43,465.14,466.76,469.24,472.25,475.66,472.99,461.88,458.54,455.95,453.38,451.21,449.12,446.98,445.12,443.35,441.5,439.69,438.15,436.46,434.78,433.18,431.63,429.93,428.25,426.5,424.79,423.09,421.49,420.01,418.52,416.93,415.47,414.08,412.6,411.25,409.88,408.56,407.27,406.01,404.78,403.63
20720,20,114.764,27.47,39.21,50.85,523.08,974.18,883.18,851.17,863.48,885.86,902.09,849.64,841.91,858.15,877.38,842.58,773.59,764.54,776.27,761.41,729.66,747.96,736.1,719.09,702.12,699.07,699.45,699.59,700.19,700.32,700.26,699.68,699.19,698.27,696.36,699.88,699.27,700.11,699.93,698.6,699.95,699.43,699.96,698.99,699.93,699.17,699.84,699.78,700.02,699.54,700.06,699.71,699.2,699.75,699.92,699.25,699.86,699.48,699.7,699.89,699.95,699.94,699.92,700.0,699.86,699.92,699.94,699.92,700.19,699.7,699.46,699.89,699.78,699.95,699.99,699.98,699.53,699.57,700.23,699.96,699.62,699.16,699.51,700.96,700.8,700.5,700.2,670.33,537.8,403.66,272.52,142.47,34.41,25.79,25.59,35.13,44.62,31.34,27.25,26.61,25.48,25.35,25.32,24.96,25.18,25.11,24.95,25.05,25.32,24.37,25.07,24.99,24.75,24.76,24.8,24.85,24.92,25.08,25.02,25.09,25.11,25.1,25.05,25.13,25.23,25.13,25.0,25.24,25.06,-0.41,-0.35,-0.3,-0.43,0.69,10.78,20.53,31.76,43.3,54.17,57.58,64.58,74.66,85.39,88.7,84.94,89.92,98.95,104.96,105.38,125.46,138.96,147.31,155.68,167.38,181.14,196.34,213.17,233.34,273.29,335.68,379.28,408.65,431.6,449.0,462.5,472.74,481.19,488.47,495.11,501.07,506.4,511.26,516.06,520.6,525.33,529.71,533.76,537.9,541.83,545.48,548.83,552.02,554.95,557.49,559.88,561.85,563.47,564.82,565.94,566.7,566.85,566.36,565.14,563.19,560.66,557.41,553.76,549.8,545.73,541.24,536.88,532.7,528.55,524.44,520.35,515.88,511.14,506.24,501.43,496.59,491.55,486.46,481.52,476.57,471.65,466.98,465.86,467.46,469.95,473.1,476.57,473.98,462.98,459.74,457.23,454.74,452.61,450.56,448.57,446.66,444.92,443.23,441.44,439.73,438.11,436.56,434.97,433.27,431.66,430.04,428.32,426.57,424.98,423.38,421.9,420.37,418.81,417.33,415.97,414.61,413.19,411.77,410.47,409.24,408.01,406.81,405.54
20721,20,114.797,26.44,38.47,50.41,521.71,974.24,883.13,850.99,862.59,884.62,898.79,848.0,840.19,856.85,876.38,841.51,772.53,763.3,775.24,760.24,728.53,747.04,735.26,718.53,702.11,698.87,699.46,699.31,700.19,700.1,700.65,698.79,699.72,700.31,696.35,699.74,699.4,700.01,699.98,698.28,699.86,699.65,699.5,699.44,699.98,699.94,699.9,699.93,699.74,699.97,699.81,700.01,699.84,699.65,699.85,699.91,699.23,699.37,699.85,699.28,699.87,699.93,699.88,699.95,699.93,699.94,699.96,699.96,699.96,699.9,699.54,699.93,699.84,700.2,699.86,699.4,699.16,700.7,700.6,700.23,699.85,699.59,699.3,698.97,699.12,701.9,701.43,670.5,538.88,403.96,272.64,142.57,34.48,25.65,25.81,35.71,43.9,31.27,27.7,25.86,25.76,25.32,25.1,25.04,25.16,25.27,24.7,25.1,25.0,24.89,24.91,24.92,25.05,24.78,25.13,24.87,24.92,24.89,25.08,25.07,25.18,25.09,25.1,25.1,24.99,25.38,24.6,25.09,25.09,-0.37,-0.34,-0.39,-0.41,0.78,11.16,20.88,32.11,43.59,54.32,57.79,64.8,74.84,85.62,88.97,85.19,90.16,99.25,105.27,105.61,125.12,139.16,147.97,156.22,168.18,182.06,197.38,214.46,235.11,276.77,338.48,381.66,411.58,433.74,451.09,464.35,474.35,482.76,489.8,496.46,502.31,507.63,512.44,517.34,522.0,526.53,530.8,535.02,539.17,543.07,546.7,550.12,553.3,556.28,558.76,561.01,563.03,564.85,566.21,567.11,567.86,568.17,567.72,566.47,564.6,562.12,558.88,555.3,551.31,547.25,543.02,538.7,534.45,530.37,526.46,522.53,518.27,513.51,508.72,503.9,499.1,494.14,489.01,484.17,479.15,474.28,469.64,468.44,470.14,472.87,476.17,479.67,477.07,466.08,462.92,460.38,457.92,455.81,453.71,451.81,449.93,448.14,446.34,444.56,442.86,441.29,439.71,438.15,436.54,435.02,433.19,431.59,429.84,428.25,426.74,425.14,423.69,422.16,420.66,419.21,417.73,416.43,415.01,413.81,412.55,411.29,410.12,408.94
20722,20,114.775,27.22,39.61,50.85,522.09,972.81,880.92,848.45,860.89,884.04,898.86,848.04,841.18,860.59,877.38,842.01,773.63,764.64,776.66,761.65,730.82,748.56,736.21,719.34,701.89,698.57,699.63,698.94,700.2,700.22,700.14,699.98,699.26,696.95,696.59,699.83,699.34,700.1,699.79,698.86,699.89,699.39,699.75,699.06,700.05,699.53,700.04,699.93,699.95,699.56,699.91,700.01,699.85,699.21,699.97,699.31,699.45,699.79,699.64,699.83,699.91,699.95,699.92,700.09,699.97,699.89,699.99,699.98,699.81,700.04,699.63,699.82,699.9,700.01,699.85,700.27,700.07,699.63,699.22,699.5,700.38,700.06,699.76,699.5,699.18,699.01,699.8,671.36,537.6,403.29,272.02,141.81,33.87,25.75,25.84,35.31,44.13,31.72,27.09,26.52,25.44,25.18,25.12,24.95,24.7,25.17,24.99,25.02,25.07,25.08,24.84,25.09,24.95,24.79,25.09,25.06,25.12,25.04,25.03,25.08,25.08,25.11,25.33,25.04,25.04,25.28,25.19,25.24,25.23,-0.53,-0.38,-0.41,-0.52,0.47,10.61,20.41,31.53,43.05,54.03,57.5,64.58,74.57,85.33,88.66,85.04,90.09,99.15,105.14,105.71,125.41,138.78,147.45,155.72,167.57,181.48,196.44,213.49,233.66,273.6,336.36,379.73,408.75,431.73,449.08,462.65,472.74,481.26,488.68,495.3,501.29,506.67,511.43,516.29,520.82,525.42,529.77,533.96,538.01,541.91,545.58,549.0,552.15,554.97,557.64,559.92,561.97,563.65,565.03,566.07,566.83,567.05,566.53,565.33,563.29,560.71,557.47,553.99,550.09,545.85,541.5,537.08,532.85,528.68,524.72,520.61,516.18,511.58,506.83,501.95,496.97,492.01,487.01,482.07,477.12,472.29,467.62,466.59,468.26,470.87,473.96,477.49,474.7,463.67,460.42,457.86,455.49,453.32,451.18,449.16,447.3,445.39,443.63,441.87,440.23,438.55,436.93,435.43,433.78,432.19,430.58,428.79,427.14,425.49,423.87,422.4,420.87,419.31,417.89,416.44,415.04,413.66,412.29,410.96,409.66,408.45,407.17,406.03
20723,20,114.769,26.74,38.47,50.32,523.13,974.09,882.92,850.41,862.27,884.63,899.66,848.85,841.11,857.78,877.39,842.67,773.81,764.94,776.58,761.52,729.78,748.05,736.09,719.02,701.97,698.62,699.88,699.1,700.27,700.21,700.93,698.83,700.18,698.56,696.22,699.71,699.31,700.12,699.87,698.67,699.66,699.48,700.01,699.25,699.84,699.53,699.96,699.44,699.86,699.94,699.96,699.47,699.77,699.57,699.47,699.83,699.43,699.54,699.81,699.78,699.78,699.94,699.91,699.96,699.85,699.88,700.02,699.73,699.91,699.9,700.08,700.0,699.42,699.17,699.92,699.97,700.18,699.81,699.37,699.91,700.58,700.13,699.86,699.59,699.3,699.08,698.98,672.09,538.3,404.0,272.62,142.58,34.51,25.67,25.86,36.44,43.47,31.11,27.2,26.45,25.43,25.28,25.28,25.09,25.2,25.11,25.19,24.93,25.02,24.95,24.98,24.94,24.91,25.27,24.6,25.17,25.0,24.95,25.14,25.08,24.87,25.03,25.08,25.18,25.28,25.0,25.29,24.51,25.08,-0.5,-0.48,-0.44,-0.5,0.74,11.09,20.79,32.0,43.5,54.3,57.88,64.93,74.88,85.7,88.92,85.13,90.25,99.31,105.36,105.81,125.56,139.12,147.48,155.89,167.5,181.43,196.34,213.05,233.15,272.07,334.3,378.27,408.25,430.92,448.18,461.88,471.93,480.47,487.67,494.11,500.13,505.66,510.71,515.54,520.2,524.82,529.17,533.28,537.49,541.33,545.06,548.46,551.65,554.63,557.27,559.64,561.6,563.44,564.8,565.81,566.59,566.74,566.13,565.01,563.06,560.44,557.22,553.61,549.62,545.3,540.88,536.52,532.26,528.05,523.99,519.39,514.71,509.9,505.06,500.17,495.16,490.11,485.2,480.18,475.26,470.4,465.66,464.44,465.96,468.46,471.51,474.88,472.1,461.01,457.6,454.86,452.58,450.26,448.15,446.07,444.15,442.33,440.57,438.85,437.15,435.56,433.92,432.28,430.75,429.07,427.54,425.81,424.1,422.43,420.85,419.23,417.7,416.25,414.76,413.28,411.95,410.53,409.3,407.99,406.7,405.35,404.18,402.89
20724,20,114.805,27.36,38.36,49.53,516.62,973.84,883.03,850.48,862.38,885.13,899.76,848.52,840.2,856.45,876.09,842.54,772.61,763.29,775.17,760.59,729.03,747.01,735.6,718.87,702.22,699.2,699.17,699.83,700.15,700.39,699.75,698.31,698.53,697.49,695.87,699.92,698.11,699.85,699.86,698.64,699.63,699.99,699.05,699.59,699.85,699.48,700.0,699.38,699.93,699.59,699.74,699.8,699.74,699.72,699.51,699.92,699.34,699.23,699.87,699.56,699.97,699.79,699.91,699.84,699.9,700.01,699.78,699.85,699.94,699.93,699.88,699.85,700.12,699.97,699.42,699.58,700.24,699.87,699.42,699.13,698.99,701.27,701.42,700.98,700.61,699.2,697.35,672.1,538.16,403.74,272.76,142.5,34.49,25.59,25.64,34.59,44.45,31.84,27.18,26.34,25.32,25.11,25.09,25.59,24.41,24.99,25.03,24.79,24.94,24.78,25.0,24.54,25.07,24.97,24.85,25.0,25.17,24.66,25.11,25.13,25.13,25.03,25.21,25.24,24.74,25.09,25.29,25.16,25.08,-0.33,-0.3,-0.29,-0.37,1.03,11.72,21.35,32.47,43.96,54.73,58.09,65.08,74.99,85.83,89.02,85.24,90.24,99.31,105.15,105.55,124.2,138.95,147.46,155.81,167.69,181.59,196.96,213.97,233.97,272.91,335.57,378.86,408.38,431.33,449.08,462.64,473.0,481.52,488.68,495.35,501.28,506.64,511.57,516.52,521.15,525.62,530.02,534.22,538.4,542.16,545.72,549.17,552.33,555.28,557.92,560.31,562.3,564.0,565.31,566.45,567.27,567.45,566.92,565.78,563.85,561.24,558.21,554.58,550.64,546.43,542.17,537.87,533.66,529.51,525.51,521.31,516.78,512.07,507.31,502.39,497.5,492.48,487.4,482.48,477.56,472.72,468.05,466.82,468.48,471.06,474.23,477.76,475.15,464.28,461.01,458.46,456.06,453.87,451.78,449.83,447.93,446.05,444.34,442.55,440.98,439.45,437.8,436.19,434.56,432.98,431.29,429.63,427.96,426.37,424.75,423.22,421.58,420.12,418.64,417.23,415.95,414.46,413.09,411.76,410.54,409.28,408.12,406.74
20725,20,114.804,28.7,39.08,49.58,521.81,973.17,881.16,848.59,861.06,884.03,898.6,847.81,840.61,857.41,876.9,841.4,772.7,763.66,775.27,759.56,728.92,746.79,735.35,718.61,701.91,698.92,699.88,698.83,700.23,700.51,699.36,698.79,699.08,696.02,697.12,699.86,699.07,700.04,699.66,698.72,699.91,699.79,699.46,699.52,700.17,699.42,699.76,699.72,699.73,699.92,699.72,699.75,699.56,699.96,699.54,699.96,699.29,699.88,699.17,699.64,699.55,699.89,699.96,699.98,699.95,699.87,700.11,699.57,699.82,699.97,699.89,700.04,699.53,699.53,699.95,700.06,700.06,699.73,699.37,698.98,699.93,700.6,700.3,699.91,699.65,699.45,699.25,670.17,537.25,402.5,271.32,141.32,33.35,26.15,25.67,32.89,45.0,32.69,27.18,26.66,25.57,25.32,25.14,25.08,24.91,25.01,24.99,24.98,25.02,24.92,24.9,24.89,24.95,24.71,24.9,24.89,24.96,25.08,25.0,25.02,25.08,25.17,25.24,25.07,24.99,25.35,25.08,25.26,25.22,-0.46,-0.46,-0.42,-0.56,1.0,12.24,21.85,32.89,44.32,55.01,58.26,65.28,75.25,86.06,89.26,85.48,90.56,99.36,105.21,105.68,124.2,138.87,147.32,155.49,167.49,181.89,197.34,214.68,235.25,277.89,339.79,381.9,410.56,433.34,450.52,463.84,473.87,482.31,489.67,496.12,501.98,507.36,512.21,517.15,521.67,526.18,530.35,534.51,538.59,542.34,545.98,549.55,552.72,555.52,558.2,560.51,562.42,564.19,565.48,566.5,567.35,567.49,566.98,565.68,563.78,561.07,557.87,554.33,550.44,546.33,541.92,537.67,533.45,529.28,525.31,521.35,516.92,512.32,507.46,502.67,497.78,492.77,487.8,482.78,477.73,472.87,468.39,467.17,468.78,471.29,474.44,477.98,475.29,464.2,460.88,458.3,455.89,453.79,451.73,449.57,447.76,445.94,444.17,442.45,440.73,439.17,437.54,435.88,434.23,432.73,431.09,429.4,427.61,425.97,424.34,422.89,421.33,419.88,418.4,416.94,415.49,414.19,412.9,411.48,410.2,409.03,407.71,406.6
20726,20,114.824,26.78,39.22,50.45,518.32,972.38,882.0,849.27,860.5,882.39,896.8,845.02,837.81,854.32,873.93,838.43,769.62,760.79,772.46,756.76,726.89,745.08,734.26,718.08,701.9,698.96,698.74,699.73,699.5,699.91,700.31,697.58,698.25,698.58,696.04,699.82,698.69,699.46,699.68,698.69,699.65,699.99,698.91,699.83,699.91,699.47,699.97,699.48,699.92,699.89,699.63,699.78,699.55,699.78,699.46,699.73,699.76,699.52,699.88,699.96,699.89,699.95,699.99,699.91,699.9,699.94,699.94,700.07,699.43,699.58,699.96,699.99,699.64,700.06,699.74,700.34,699.99,699.62,699.28,698.9,699.36,700.79,700.69,700.4,700.12,699.86,699.61,670.16,537.06,402.56,271.59,141.34,33.47,25.88,25.73,32.19,43.96,34.19,27.26,26.53,25.73,25.46,25.11,25.09,25.15,25.0,24.91,25.0,25.74,23.85,25.15,24.99,24.94,24.98,24.97,25.21,25.0,25.09,25.06,25.27,24.96,25.23,24.99,25.0,25.29,25.21,25.32,25.28,25.62,-0.5,-0.34,-0.32,-0.41,0.83,11.35,21.22,32.39,43.89,54.5,57.92,64.82,74.84,85.45,88.77,84.94,89.9,98.88,104.67,105.37,123.97,138.92,147.73,156.36,168.55,182.45,198.2,215.17,236.5,282.91,344.02,385.38,413.81,435.74,453.07,465.59,475.53,483.93,490.92,497.39,503.28,508.49,513.32,518.26,522.93,527.21,531.58,535.94,540.1,543.93,547.55,551.02,554.25,557.14,559.71,562.08,564.01,565.78,567.32,568.35,569.08,569.28,568.98,567.88,566.15,563.64,560.66,557.1,553.35,549.35,545.02,540.71,536.64,532.6,528.58,524.81,520.82,516.28,511.72,507.02,502.05,497.11,492.14,487.1,482.24,477.44,472.71,471.66,473.45,475.99,479.4,482.94,480.2,469.63,466.32,463.74,461.4,459.23,457.12,455.15,453.38,451.48,449.77,448.14,446.35,444.81,443.14,441.54,439.97,438.42,436.58,435.12,433.23,431.61,430.12,428.46,427.01,425.49,424.02,422.65,421.11,419.93,418.42,417.11,415.96,414.61,413.53,412.21
20727,20,114.802,27.71,39.16,52.13,529.97,973.19,879.94,847.46,859.37,882.02,896.98,846.06,838.98,855.56,874.79,838.88,770.22,761.52,773.4,758.81,728.34,746.33,735.5,718.63,701.72,699.08,699.66,699.1,700.33,700.44,700.03,700.01,699.22,697.78,696.74,699.77,699.78,699.9,699.37,698.87,699.26,699.71,700.07,698.89,699.7,700.03,699.93,699.75,699.64,699.97,699.17,699.95,699.77,699.67,699.26,699.51,699.6,699.46,699.62,699.66,699.73,699.97,699.98,699.95,699.92,700.05,699.77,699.89,699.94,699.72,699.95,699.94,699.92,699.93,700.01,700.58,700.07,699.59,699.36,699.05,698.82,700.74,701.7,701.23,699.22,697.66,702.88,669.61,537.02,402.93,271.62,141.86,34.12,25.77,25.94,37.13,42.63,30.55,26.91,25.79,25.68,25.89,25.88,25.35,25.22,25.26,25.05,25.04,25.06,24.93,25.22,25.22,24.71,25.04,25.09,25.04,25.0,25.07,25.14,25.09,25.02,25.21,25.09,25.2,25.18,25.03,25.19,25.1,24.94,-0.43,-0.31,-0.41,-0.54,0.58,10.52,20.15,31.25,42.81,53.66,57.04,64.18,74.13,84.9,88.29,84.48,89.52,98.69,104.64,105.3,126.19,139.22,147.76,156.38,168.32,182.38,198.02,215.38,237.0,285.81,346.26,387.2,414.86,436.8,453.18,465.91,475.61,483.72,490.98,497.16,503.04,508.42,513.22,517.86,522.63,526.98,531.32,535.52,539.47,543.34,546.92,550.4,553.65,556.57,559.06,561.31,563.32,565.26,566.5,567.64,568.29,568.59,568.31,567.06,565.28,562.71,559.55,556.21,552.3,548.31,544.05,539.77,535.77,531.64,527.69,523.73,519.7,515.35,510.62,505.8,500.91,495.89,490.69,485.82,480.75,475.82,471.15,470.23,471.82,474.42,477.58,481.08,478.52,467.46,464.15,461.49,459.18,457.08,454.98,453.01,451.08,449.36,447.55,445.88,444.17,442.5,440.84,439.28,437.61,435.96,434.28,432.7,430.88,429.27,427.72,426.17,424.63,423.18,421.65,420.2,418.85,417.42,416.11,414.69,413.49,412.17,411.05,409.78
20732,20,115.36,29.27,42.13,56.3,504.25,917.89,801.0,769.78,783.1,805.21,813.22,764.11,761.08,776.56,794.77,753.6,693.29,688.49,700.33,680.58,668.91,699.7,705.41,703.12,699.36,699.72,700.36,700.62,701.11,697.76,697.08,698.69,696.25,698.99,698.72,699.48,698.93,699.91,699.01,698.96,699.84,699.11,700.03,698.92,699.54,699.99,699.99,699.78,699.89,699.41,699.5,699.74,699.85,699.53,699.65,699.4,699.99,699.01,699.82,699.5,699.95,699.86,700.02,699.69,699.93,699.86,699.99,699.99,700.08,699.76,699.84,700.06,699.74,699.28,699.86,700.45,700.11,699.7,699.55,699.25,699.02,699.58,701.5,701.09,700.87,700.4,698.48,664.77,529.25,394.92,263.6,133.81,30.92,25.85,31.19,44.85,32.51,28.6,27.24,26.29,26.14,25.63,25.8,25.39,25.45,25.35,25.22,25.2,25.2,24.91,25.01,25.0,24.95,24.93,25.05,24.96,25.26,25.01,25.03,25.19,25.16,25.23,25.23,25.03,25.18,25.6,24.99,25.14,25.22,-0.53,-0.47,-0.53,-0.56,1.25,10.26,18.64,28.59,38.71,47.89,50.32,56.84,65.83,75.25,76.85,73.67,78.33,86.37,90.13,94.85,117.06,131.68,144.14,157.99,174.1,193.66,221.82,290.66,359.87,403.9,432.62,452.53,466.66,477.79,487.14,494.9,501.46,507.39,512.74,517.57,522.27,526.85,530.86,535.22,539.23,543.0,546.7,550.64,554.28,557.96,561.45,564.88,567.98,570.87,573.53,575.89,577.95,579.62,581.09,582.02,582.64,582.96,583.15,582.87,582.09,580.78,579.11,577.1,575.04,572.81,570.33,567.8,564.96,561.68,557.74,553.07,547.95,542.15,535.97,529.92,524.11,518.59,513.73,509.65,506.34,503.58,501.75,504.19,509.59,515.45,521.74,527.74,526.31,517.95,516.11,514.68,513.23,511.72,510.1,508.52,506.96,505.23,503.86,502.14,500.52,498.82,497.14,495.48,493.93,492.33,490.76,489.24,487.73,486.21,484.69,483.31,481.81,480.53,479.12,477.81,476.41,475.21,473.95,472.73,471.44,470.37,469.23,468.14
20733,20,115.444,29.98,41.85,83.31,650.47,929.64,801.06,768.4,784.33,807.11,816.38,767.02,763.69,779.24,796.76,754.4,694.55,689.88,702.58,683.23,674.72,701.8,706.72,703.61,699.95,699.92,699.8,699.93,699.39,694.48,697.87,699.73,696.86,700.16,698.84,699.92,700.04,698.64,700.15,699.42,699.55,699.5,699.59,699.83,699.88,699.69,700.01,699.65,699.87,699.67,699.73,699.75,699.64,699.58,699.99,699.75,699.46,699.82,699.53,699.87,699.85,700.03,699.85,700.1,699.97,699.95,700.15,699.73,699.87,699.88,699.97,699.83,700.04,699.92,699.88,700.25,699.87,699.8,699.29,699.26,700.77,700.49,700.34,699.81,699.6,699.37,699.08,663.83,528.15,393.73,262.67,132.63,29.95,25.86,25.94,24.74,31.03,49.03,32.83,27.0,26.82,25.54,25.74,25.32,25.55,25.27,25.23,24.9,25.04,25.13,24.89,25.13,25.01,24.89,25.26,24.99,25.16,24.95,25.08,25.11,24.99,25.19,25.38,25.0,25.23,25.05,25.61,24.64,25.15,-0.52,-0.53,-0.47,-0.64,3.31,13.25,21.66,31.62,41.99,51.27,53.55,60.13,69.43,79.06,80.4,77.06,82.04,90.36,96.17,107.64,128.26,143.75,158.53,174.07,195.22,229.27,309.69,373.03,413.02,440.6,459.23,472.16,483.03,491.63,499.03,505.44,511.18,516.37,521.29,525.79,530.0,534.1,538.07,542.02,545.77,549.52,553.05,556.99,560.66,563.99,567.27,570.22,573.07,575.51,577.88,579.82,581.69,582.83,583.79,584.32,584.31,584.54,583.99,583.11,581.86,579.9,577.85,575.59,573.26,570.56,567.86,564.72,561.2,557.09,552.21,546.66,540.91,534.85,528.75,522.99,517.91,513.51,509.89,506.76,504.44,502.33,500.73,503.13,508.23,513.48,519.01,524.26,522.35,513.93,512.37,511.09,509.42,507.78,506.27,504.7,503.21,501.58,500.02,498.49,496.96,495.3,493.77,492.15,490.59,489.06,487.62,486.05,484.53,483.07,481.65,480.3,478.93,477.61,476.37,475.09,473.82,472.62,471.4,470.36,469.23,468.15,466.97,465.95
20734,20,115.625,29.29,42.05,53.01,530.32,914.6,797.43,765.87,777.76,798.35,805.68,755.14,750.17,765.1,781.86,739.45,679.41,673.78,684.99,664.78,656.94,689.78,699.17,699.77,698.75,699.2,700.13,701.17,700.09,699.74,699.05,696.91,696.76,699.33,699.28,699.95,699.44,698.38,699.68,699.58,699.73,699.03,699.9,699.35,699.98,699.62,699.7,699.69,699.71,699.78,699.75,699.32,699.92,699.35,699.86,699.58,699.69,699.82,699.51,699.88,699.9,699.93,699.87,700.11,700.17,699.76,700.1,699.88,699.97,699.81,700.29,699.87,699.5,699.11,698.89,699.21,699.97,699.96,699.64,699.7,700.31,700.11,699.65,699.42,699.08,698.71,700.01,664.42,527.97,394.11,263.09,133.43,30.25,25.62,25.87,39.0,43.55,29.85,27.11,26.33,25.69,25.75,25.57,25.44,25.41,25.49,25.23,25.06,25.12,25.04,24.94,24.89,25.08,25.03,25.05,25.14,25.0,25.0,25.21,25.35,25.39,24.99,25.29,25.33,25.08,24.97,25.19,25.11,25.2,-0.51,-0.65,-0.45,-0.59,1.36,11.0,19.54,29.58,39.74,48.79,51.16,57.74,66.57,75.71,77.13,73.63,78.19,85.94,89.69,96.91,118.88,134.85,149.05,164.32,182.27,206.61,256.73,340.77,395.24,430.12,452.34,467.97,479.84,489.87,497.99,504.67,511.06,516.32,521.57,526.38,530.57,534.72,538.7,542.63,546.42,550.17,553.75,557.47,561.24,564.76,568.24,571.4,574.28,577.16,579.6,581.69,583.94,585.6,586.87,587.52,587.86,587.92,587.66,586.95,586.13,584.82,582.97,581.08,578.76,576.57,574.11,571.42,568.36,564.8,560.49,555.39,549.73,543.69,537.54,531.57,526.25,521.57,517.7,514.5,511.92,509.75,508.25,511.13,516.59,522.48,528.64,534.43,532.94,524.6,523.06,521.59,520.45,519.13,518.1,516.75,515.45,514.22,512.91,511.24,509.96,508.38,506.87,505.4,503.8,502.35,500.92,499.41,498.01,496.39,494.95,493.75,492.35,491.03,489.7,488.43,487.23,486.12,484.77,483.56,482.56,481.39,480.34,479.31
20735,20,115.587,30.43,42.58,67.92,558.64,904.05,786.0,754.46,767.38,789.06,797.67,749.69,747.18,762.93,779.54,736.42,676.98,672.35,684.38,663.13,656.81,689.48,699.13,699.87,698.62,699.26,700.09,701.15,698.9,695.03,698.88,698.58,697.35,699.57,699.46,699.55,699.19,699.29,699.17,699.65,699.33,699.97,699.37,699.91,700.03,699.48,699.88,699.25,699.81,699.8,699.63,699.25,699.75,699.84,699.64,699.41,699.95,699.84,699.43,699.78,699.55,699.7,699.88,699.85,699.8,700.01,699.59,700.21,700.07,699.52,700.04,700.07,699.79,699.88,700.07,699.9,699.56,699.34,699.91,700.34,699.99,699.83,699.35,699.07,698.79,699.85,700.96,663.3,526.15,392.26,261.64,132.04,30.09,25.73,25.65,32.56,48.17,31.7,27.32,26.36,25.83,25.73,25.71,25.65,25.39,25.33,25.24,25.32,25.27,25.18,25.31,25.1,25.29,25.25,24.85,25.35,25.02,25.1,24.99,25.27,25.1,25.11,25.28,25.4,25.48,25.36,25.3,24.84,25.3,-0.38,-0.4,-0.42,-0.52,2.0,11.72,20.06,29.64,39.99,48.85,51.08,57.58,66.5,76.02,76.97,73.62,78.65,86.52,90.17,98.34,120.44,136.72,151.91,167.49,186.74,214.14,279.86,357.41,404.97,436.52,457.48,471.13,482.48,491.69,499.51,505.87,511.78,517.11,522.13,526.73,531.08,535.3,539.26,542.99,546.55,550.79,554.17,557.9,561.64,565.07,568.42,571.58,574.56,577.21,579.53,581.6,583.67,585.27,586.25,586.84,587.26,587.26,586.76,586.26,585.17,583.59,581.82,579.6,577.36,575.33,572.94,570.06,566.84,562.96,558.51,553.27,547.55,541.32,534.98,529.54,524.16,519.63,515.83,512.75,510.22,507.98,506.38,509.48,514.5,520.18,526.0,531.58,529.57,521.23,520.0,518.38,517.18,515.93,514.73,513.51,512.18,510.75,509.45,507.95,506.37,504.74,503.23,501.83,500.21,498.61,497.32,495.9,494.28,492.98,491.68,490.18,488.89,487.55,486.19,485.05,483.67,482.27,481.41,480.27,479.05,478.02,476.88,475.82
20736,20,115.616,30.6,42.26,68.51,589.29,908.85,785.98,753.79,767.33,788.22,797.0,748.86,746.22,761.6,778.38,734.74,675.65,670.97,682.71,662.54,656.53,688.92,698.74,699.86,700.27,699.64,700.17,700.58,699.19,699.35,700.23,696.25,699.23,698.95,699.46,698.98,699.79,699.56,698.3,699.68,699.31,700.03,699.77,700.13,700.21,699.92,699.87,699.9,699.0,699.75,699.84,699.55,699.58,699.91,699.88,699.63,698.99,699.49,699.55,699.85,699.76,699.69,699.66,700.13,700.2,699.88,699.86,700.13,699.64,699.77,699.85,699.88,700.03,700.29,699.98,699.44,699.26,698.97,698.76,700.42,701.09,700.59,699.99,700.38,699.78,699.32,698.96,663.73,528.18,393.54,261.98,132.38,30.31,25.9,25.7,28.98,48.94,34.23,27.55,26.78,25.83,25.64,25.55,25.69,24.98,25.41,25.1,25.51,24.91,25.18,25.1,24.89,25.14,25.13,25.07,24.86,25.18,25.3,25.47,25.17,24.89,25.35,25.37,25.22,25.1,24.96,25.23,25.1,25.33,-0.66,-0.61,-0.56,-0.72,2.41,12.21,20.68,30.32,40.44,49.23,51.37,57.81,67.21,76.46,77.43,74.17,79.15,86.84,91.07,100.53,122.53,138.94,155.36,171.8,192.23,224.36,305.27,373.69,416.41,444.96,462.59,476.36,486.48,495.19,502.6,509.01,514.74,519.78,524.99,529.29,533.42,537.29,541.14,544.93,548.54,552.23,555.84,559.45,563.03,566.6,569.93,573.01,575.88,578.26,580.39,582.55,584.41,585.91,586.99,587.54,587.62,587.47,587.29,586.4,585.35,583.71,581.93,579.75,577.57,575.28,572.78,569.74,566.37,562.33,557.65,552.23,546.43,540.48,534.37,528.81,523.81,519.42,516.06,513.31,511.11,509.31,507.92,510.92,516.25,521.87,527.78,533.07,531.58,522.96,521.34,520.34,518.88,517.63,516.52,515.24,514.0,512.95,511.55,510.27,508.88,507.45,505.79,504.64,503.13,501.64,500.26,498.78,497.46,495.91,494.75,493.27,491.96,490.63,489.35,488.28,486.96,485.51,484.31,483.38,482.44,481.3,480.14,479.18
20737,20,115.622,30.42,43.19,65.52,575.88,900.05,779.82,747.99,760.84,782.95,790.65,742.02,739.46,754.46,771.06,727.81,668.91,664.45,676.11,655.19,651.25,684.1,695.53,698.13,699.99,700.06,700.35,699.57,699.98,695.64,697.76,697.95,697.27,699.59,699.35,699.96,699.95,698.87,699.6,699.49,699.85,699.45,699.94,699.59,699.72,699.45,699.63,699.51,699.86,699.32,699.68,699.72,699.48,699.64,699.62,699.95,699.38,699.61,699.62,699.89,699.99,699.91,699.6,700.02,699.82,699.99,699.85,699.98,699.98,699.3,698.89,699.69,700.03,699.93,699.38,700.63,700.45,700.13,699.77,699.54,699.07,699.19,699.0,700.36,701.58,701.17,699.89,662.44,527.5,392.65,261.82,131.64,30.28,25.43,25.56,34.24,48.36,30.73,27.42,26.14,25.78,25.56,25.32,25.37,25.64,25.17,25.16,25.21,25.23,25.06,25.0,25.21,24.88,25.01,25.11,25.16,25.08,25.19,25.04,25.28,24.95,25.26,25.11,25.01,25.36,25.19,25.01,24.95,25.16,-0.4,-0.46,-0.52,-0.49,2.39,11.95,19.65,29.16,39.29,48.18,50.37,56.88,65.65,75.14,76.0,72.75,77.48,85.39,89.59,100.97,122.25,138.4,154.55,171.59,193.04,228.17,312.51,379.54,421.03,448.24,465.25,478.83,488.93,497.61,504.88,511.23,516.87,521.96,526.82,531.18,535.07,539.17,542.82,546.65,550.25,554.09,557.7,561.36,564.91,568.42,571.72,574.97,577.96,580.18,582.69,584.95,587.08,588.65,589.88,590.7,591.08,591.22,590.87,590.44,589.36,587.92,586.16,584.3,582.19,580.16,577.94,574.84,571.63,568.04,563.72,558.66,552.87,546.95,541.16,535.56,530.48,526.14,522.55,519.51,517.08,515.07,513.83,516.92,522.47,528.57,534.86,540.82,539.04,531.08,529.86,528.51,527.23,526.14,525.02,524.07,522.69,521.33,520.1,519.0,517.93,516.9,515.79,514.51,513.26,512.03,510.67,509.43,508.21,506.65,505.46,504.16,502.94,501.63,500.51,499.2,498.07,496.83,495.76,494.61,493.54,492.29,491.23,490.23
20738,20,115.702,29.93,42.65,64.78,551.55,891.06,773.33,743.2,755.84,776.99,785.13,737.85,735.88,751.43,768.1,724.99,665.97,661.2,672.64,651.75,647.93,681.66,694.02,697.3,699.15,699.26,700.34,700.98,698.45,696.74,699.83,696.33,699.84,698.02,699.88,699.7,698.3,699.56,699.97,698.48,699.79,699.71,699.77,698.77,699.66,699.73,699.87,699.34,699.85,700.11,699.27,699.67,699.64,699.51,699.83,699.86,699.56,699.82,699.89,699.96,699.77,699.89,700.05,699.89,699.91,699.97,699.59,699.57,700.07,699.99,699.34,699.32,699.0,700.62,700.52,700.11,699.72,699.54,699.28,699.05,698.81,701.28,702.14,698.16,699.72,702.34,696.99,664.29,526.76,392.33,261.47,131.55,30.69,25.73,26.3,44.35,40.25,28.9,27.27,26.15,25.71,25.47,25.59,25.43,25.19,25.22,25.34,25.07,25.06,25.19,24.88,25.04,24.94,25.1,24.99,25.29,25.09,25.26,25.07,25.19,25.31,25.02,25.03,25.11,25.29,25.37,25.0,25.22,25.04,-0.52,-0.42,-0.34,-0.42,2.18,11.22,19.5,28.95,38.72,47.48,49.63,55.98,64.87,74.29,75.22,72.06,76.77,84.68,88.5,99.19,120.48,136.59,152.81,169.28,189.82,221.11,300.74,372.94,416.92,445.98,464.36,477.91,488.36,497.18,504.54,510.85,516.66,521.99,526.65,530.96,535.21,539.09,542.84,546.68,550.57,553.88,557.54,561.4,564.82,568.35,571.71,574.71,577.59,580.39,582.55,584.76,586.88,588.75,590.03,591.06,591.34,591.5,591.26,590.85,589.84,588.39,586.78,584.98,583.12,580.53,578.37,575.87,572.77,568.86,564.5,559.59,554.06,548.23,542.34,536.68,531.31,526.64,522.97,519.86,517.52,515.52,514.22,517.36,523.12,529.22,535.55,541.63,539.9,531.82,530.26,529.04,527.93,526.69,525.53,524.46,523.26,522.07,521.02,519.76,518.51,517.36,516.21,514.94,513.84,512.81,511.08,510.04,508.79,507.44,506.2,504.77,503.59,502.35,501.02,499.72,498.64,497.47,496.31,495.26,494.03,493.13,491.78,490.73
20739,20,115.672,29.77,42.55,63.02,541.05,887.1,770.9,741.12,753.5,774.63,782.78,735.6,733.57,749.05,766.01,722.61,664.62,660.35,671.82,651.42,646.92,681.41,693.95,697.55,698.83,698.94,700.24,701.2,696.97,699.87,700.01,694.9,699.76,697.91,699.78,699.48,699.91,699.32,698.78,699.79,699.41,700.22,699.14,699.7,699.72,699.72,699.92,699.15,699.69,699.34,699.54,699.69,699.33,699.84,699.39,699.85,699.67,699.49,699.6,699.9,699.89,699.68,699.96,699.75,699.85,699.84,699.95,699.67,699.91,699.86,699.52,699.97,699.93,699.62,699.25,699.18,700.41,700.62,700.24,699.86,699.52,699.37,698.98,698.74,700.27,701.52,701.16,661.46,526.28,392.44,261.39,131.9,30.6,25.67,25.79,43.8,40.92,28.94,27.29,25.8,25.89,25.4,25.58,25.39,25.59,25.13,25.28,25.13,25.17,25.04,24.91,25.05,25.02,24.88,25.19,25.02,24.97,25.17,25.08,25.28,25.07,25.23,25.24,25.1,25.22,25.13,25.22,25.26,25.13,-0.59,-0.36,-0.49,-0.52,2.05,11.33,19.88,29.09,39.02,47.74,50.09,56.31,65.15,74.23,75.27,72.03,76.9,84.68,88.31,97.59,119.83,136.59,152.6,169.18,189.52,220.07,296.72,370.51,416.34,445.79,463.76,478.06,488.25,497.14,504.6,511.03,516.79,522.01,526.66,531.1,535.18,539.08,542.82,546.72,550.51,554.13,557.74,561.5,565.09,568.52,571.85,575.08,578.0,580.7,583.24,585.7,587.32,589.37,590.82,591.86,592.3,592.4,592.4,591.95,591.1,589.76,588.22,586.33,584.38,582.29,579.98,577.24,574.32,570.72,566.49,561.47,555.77,549.77,543.79,538.02,532.49,528.12,524.12,521.13,518.49,516.34,514.98,518.3,523.59,529.89,536.08,541.92,540.23,531.98,530.21,528.97,528.08,526.57,525.56,524.47,523.35,522.1,520.99,519.69,518.49,517.31,515.88,514.81,513.64,512.35,511.12,509.78,508.47,507.25,505.85,504.67,503.32,502.03,500.82,499.59,498.42,497.33,495.97,494.67,493.81,492.73,491.59,490.54
20740,20,115.698,32.65,44.7,60.51,531.56,887.7,768.73,738.31,749.96,770.96,778.61,731.28,730.03,745.74,762.79,719.32,661.15,657.2,668.41,647.47,642.94,678.79,692.42,696.37,698.78,699.48,700.42,701.05,696.13,695.34,698.6,699.11,696.12,700.05,699.86,699.88,699.53,698.32,699.78,699.96,699.47,699.51,699.96,699.74,699.97,698.99,699.45,699.93,699.75,699.45,699.82,699.29,699.38,699.38,699.53,699.52,699.95,698.64,699.44,699.22,699.34,699.85,699.72,700.01,699.65,699.99,699.45,699.93,699.7,699.62,699.97,699.79,699.85,700.02,700.12,700.26,699.99,699.54,699.54,699.03,698.75,699.84,700.92,700.76,700.17,699.96,699.66,663.02,526.91,392.73,261.78,131.9,30.22,25.38,29.94,47.81,34.94,27.84,26.84,25.7,25.63,25.58,25.53,25.48,25.15,25.36,25.08,25.4,25.13,25.05,25.16,24.99,24.94,25.05,25.02,25.1,25.01,25.4,24.8,25.21,25.16,24.98,25.3,25.06,25.14,25.14,25.21,25.11,25.11,-0.55,-0.28,-0.58,-0.73,1.83,10.82,19.06,28.47,38.2,46.91,48.83,55.42,64.02,73.12,74.13,71.15,75.78,83.66,87.25,94.75,117.39,135.37,151.15,168.32,188.53,218.63,295.42,370.04,415.51,445.01,463.74,477.58,488.11,497.08,504.57,510.94,516.68,521.91,526.76,531.34,535.02,539.04,542.98,546.65,550.15,553.89,557.62,561.16,564.82,568.28,571.59,574.75,577.66,580.26,582.99,585.13,587.17,588.78,590.23,591.11,591.69,591.9,591.92,591.09,590.49,589.36,587.31,585.78,583.92,581.73,579.51,577.04,574.11,570.72,566.25,561.48,556.07,550.16,544.22,538.49,533.32,528.77,524.48,521.61,519.23,517.18,515.86,518.96,524.7,530.64,537.23,543.42,541.73,533.69,532.06,531.03,529.78,528.74,527.39,526.36,525.21,524.01,522.88,521.6,520.46,519.21,518.02,516.9,515.43,514.46,513.14,511.92,510.74,509.51,508.38,506.81,505.72,504.59,503.32,502.11,500.95,499.7,498.48,497.5,496.34,495.41,494.29,493.37
20741,20,115.732,31.21,43.85,59.92,528.56,881.07,763.6,734.51,746.88,768.1,776.32,729.33,728.49,743.32,760.17,716.52,658.81,654.67,666.3,645.43,641.96,677.6,691.63,696.21,699.88,699.66,700.44,700.65,700.3,696.02,697.36,698.73,696.73,699.9,699.5,700.02,700.03,698.54,699.97,699.08,698.81,699.47,699.87,699.8,699.75,699.43,699.54,699.87,700.08,699.34,699.66,699.66,699.81,699.7,699.93,699.19,699.79,698.98,699.65,699.13,699.97,699.62,699.78,699.8,699.95,699.41,699.8,699.84,699.98,699.39,699.17,699.99,700.03,699.65,699.35,699.76,700.6,700.3,700.16,699.77,699.53,699.27,699.06,698.92,700.25,700.25,699.89,663.2,526.8,392.62,261.88,132.09,30.43,25.33,29.96,47.98,34.61,27.97,26.67,25.73,25.65,25.56,25.69,25.17,25.45,25.2,25.27,25.17,25.14,25.0,25.07,25.0,25.09,25.07,25.02,25.12,25.04,25.21,25.07,25.04,25.23,25.2,25.17,25.25,25.17,25.08,25.11,25.32,25.08,-0.48,-0.47,-0.41,-0.53,1.88,10.89,18.97,28.52,38.29,46.83,49.12,55.22,64.12,73.22,73.87,70.94,75.49,83.38,86.95,95.9,118.61,135.23,151.58,168.8,189.18,220.76,301.01,374.87,419.07,447.63,465.6,479.16,489.54,498.26,505.59,512.21,517.63,522.99,527.62,531.85,535.76,539.71,543.56,547.37,550.88,554.8,558.44,562.12,565.47,569.07,572.53,575.64,578.66,581.46,583.95,586.3,588.33,590.04,591.61,592.66,593.33,593.54,593.52,593.1,592.45,591.2,589.73,587.87,586.1,584.12,581.92,579.39,576.59,573.03,569.1,564.11,558.68,552.88,546.95,541.37,536.06,531.45,527.64,524.5,522.02,520.01,518.66,521.96,527.8,534.25,540.75,546.98,545.53,537.71,536.08,535.03,534.05,532.89,531.81,530.7,529.41,528.48,527.23,526.08,524.87,523.69,522.55,521.33,520.21,518.98,517.83,516.61,515.52,514.32,513.22,512.07,510.93,509.67,508.71,507.52,506.38,505.24,504.16,503.08,501.98,500.99,499.83,499.02
20742,20,115.768,30.61,43.58,59.66,531.12,879.79,761.92,732.67,745.03,765.98,773.71,726.29,724.73,740.26,756.95,713.38,655.74,651.68,663.24,641.96,638.14,675.73,690.45,695.53,699.15,699.17,700.45,700.61,697.7,695.18,698.3,699.56,696.13,700.1,699.19,699.94,699.4,698.91,699.85,699.8,698.54,699.51,699.92,699.14,699.9,699.16,699.62,699.71,699.92,699.53,699.95,699.57,699.78,699.52,699.66,699.82,699.83,699.7,699.69,699.93,699.43,699.75,699.84,700.09,699.28,699.66,700.06,699.54,699.66,700.02,699.75,699.39,699.86,699.96,699.67,699.6,700.14,699.99,699.62,699.27,699.08,699.92,700.69,700.46,699.98,699.64,699.44,663.12,526.83,392.66,261.79,131.88,30.26,25.47,30.76,47.46,34.44,27.88,26.64,25.99,25.51,25.57,25.53,25.29,25.36,25.1,25.23,25.09,25.36,24.74,25.05,25.03,24.91,25.13,25.17,24.91,25.25,25.04,25.04,25.04,25.25,25.05,25.29,25.13,25.06,25.29,25.23,25.15,25.16,-0.39,-0.32,-0.37,-0.49,1.98,11.1,19.34,28.59,38.36,46.84,48.93,55.19,63.93,73.06,73.83,70.54,75.44,83.0,86.51,93.44,117.42,135.49,152.01,169.61,190.86,224.7,310.25,380.03,422.87,450.03,467.9,480.88,491.18,499.56,506.88,513.03,518.72,523.99,528.53,532.45,536.58,540.47,544.16,547.99,551.54,555.19,558.76,562.39,565.87,569.42,572.62,575.89,578.76,581.49,583.98,586.32,588.44,590.19,591.67,592.63,593.31,593.44,593.41,592.96,592.07,590.86,589.0,587.42,585.48,583.41,581.27,578.79,575.84,572.33,568.03,563.26,557.54,551.9,546.03,540.56,535.24,530.86,527.22,524.37,522.17,520.32,518.97,522.33,528.15,534.54,541.21,547.5,545.9,538.12,536.64,535.62,534.59,533.47,532.34,531.29,530.21,528.92,528.03,526.82,525.62,524.49,523.34,522.32,521.12,519.93,518.81,517.83,516.31,515.48,514.35,513.36,512.18,511.01,509.97,508.9,507.87,506.86,505.82,504.56,503.71,502.65,501.56,500.61
20743,20,115.796,30.99,43.36,56.07,526.23,875.68,759.65,731.02,743.39,764.63,772.45,724.99,723.2,738.69,755.25,712.49,655.09,651.28,662.99,641.63,639.04,675.18,690.45,694.94,699.33,699.75,700.27,700.22,699.68,694.76,698.12,699.21,696.71,699.96,699.11,699.72,698.98,698.49,699.82,699.67,699.66,699.4,699.87,699.91,699.53,699.7,699.54,699.54,699.67,699.94,698.9,699.67,699.46,699.45,699.73,699.82,699.99,699.2,699.92,698.96,699.75,699.83,699.76,699.84,699.96,699.72,699.82,700.07,700.07,699.59,699.03,698.68,699.64,700.54,700.35,700.15,699.69,699.64,699.26,699.07,698.77,700.73,701.46,701.18,699.38,697.29,702.37,661.42,525.43,391.76,261.1,131.13,29.87,25.57,29.6,47.67,35.31,28.06,26.76,25.9,25.67,25.51,25.54,25.43,25.27,25.18,25.23,25.11,25.08,25.16,25.05,24.99,25.05,25.02,25.11,24.88,25.31,24.9,25.05,25.16,25.35,25.14,25.25,25.2,25.37,25.1,25.02,25.25,25.73,-0.47,-0.41,-0.38,-0.61,1.8,10.84,19.28,28.95,38.64,46.68,48.99,55.38,64.08,73.11,73.84,70.57,75.39,82.87,86.41,94.69,116.51,135.55,152.11,169.8,191.25,225.72,311.13,381.26,423.7,450.87,468.33,481.44,491.62,499.99,507.19,513.21,519.13,524.15,528.68,533.01,536.85,540.87,544.74,548.36,552.06,555.56,559.21,562.9,566.5,569.97,573.29,576.33,579.4,582.21,584.71,587.07,589.26,591.19,592.46,593.71,594.41,594.82,594.81,594.4,593.65,592.37,590.82,588.88,587.21,585.17,583.09,580.72,577.6,574.12,570.0,565.34,559.95,554.15,548.15,542.69,537.45,532.86,529.02,526.05,523.7,521.89,520.33,524.08,529.95,536.39,542.98,549.37,547.82,539.97,538.24,537.29,536.2,535.14,534.05,533.12,531.73,530.81,529.68,528.51,527.27,526.14,525.03,523.92,522.85,521.74,520.64,519.56,518.36,517.32,515.91,514.78,513.88,512.99,511.83,510.73,509.63,508.61,507.59,506.53,505.43,504.54,503.45,502.51
20744,20,115.755,31.62,44.27,57.63,526.44,873.8,758.95,730.03,740.9,762.19,770.16,722.62,721.07,736.53,753.63,710.62,653.28,649.36,661.22,639.94,637.68,674.21,689.68,695.41,700.09,698.25,700.18,700.04,699.25,694.96,698.06,698.97,696.52,700.05,699.21,700.04,699.81,698.79,699.86,699.85,699.56,699.83,699.8,700.03,699.68,699.89,699.29,699.91,699.27,699.59,700.1,699.6,699.59,699.51,699.44,700.09,698.84,699.64,699.86,699.17,699.63,699.91,699.45,699.9,699.69,699.88,699.73,699.94,699.72,699.41,699.99,699.77,699.31,700.37,700.06,699.58,699.47,699.17,698.82,699.54,700.91,700.65,700.31,699.91,699.67,699.35,699.08,662.49,526.48,392.13,261.45,131.28,29.92,25.42,29.85,48.34,34.76,27.94,26.72,25.95,25.8,25.32,25.51,25.36,25.22,25.22,25.16,25.16,25.09,25.05,25.14,24.93,25.02,25.0,25.04,25.12,25.02,25.16,25.24,25.07,25.26,24.98,25.32,25.19,25.12,25.13,25.12,25.38,24.87,-0.41,-0.32,-0.39,-0.41,2.06,11.56,19.48,28.64,38.18,46.69,48.85,55.16,63.76,72.8,73.52,70.52,75.22,82.83,86.08,94.42,117.09,135.24,152.3,170.1,191.02,226.09,312.6,381.7,424.09,450.79,468.26,481.4,491.79,499.97,507.29,513.6,519.14,524.32,528.92,533.0,537.1,540.87,544.69,548.51,552.08,555.68,559.22,562.86,566.41,569.96,573.38,576.45,579.36,581.97,584.5,586.79,588.85,590.63,592.05,593.12,593.85,594.21,594.19,593.69,592.89,591.65,590.08,588.09,586.39,584.31,582.01,579.42,576.67,573.08,569.0,564.14,558.85,553.17,547.29,541.5,536.23,531.63,527.87,524.78,522.34,520.37,518.97,522.32,528.19,534.46,541.04,547.22,545.75,537.6,535.94,534.91,533.89,532.86,531.66,530.64,529.45,528.4,527.2,526.08,524.93,523.68,522.5,521.38,520.35,519.21,518.05,516.96,515.85,514.57,513.61,512.4,511.32,510.23,509.26,507.79,506.96,505.94,504.79,503.73,502.66,501.71,500.67,499.61
20746,20,115.779,31.58,44.14,61.5,532.22,875.43,753.7,724.35,736.03,756.79,764.68,717.46,716.28,731.93,749.05,706.03,649.44,646.03,657.83,637.05,634.49,672.32,687.93,694.44,699.44,699.16,700.27,700.1,698.48,694.95,698.26,699.67,696.28,699.77,699.21,699.91,699.61,698.28,699.55,699.56,698.65,699.5,699.25,699.7,699.36,699.15,699.73,699.67,699.57,699.64,700.13,699.18,699.69,699.57,699.37,699.93,699.43,699.26,699.6,699.24,699.46,699.9,699.72,699.77,699.69,699.71,700.06,699.59,699.44,699.79,699.96,699.66,700.04,699.87,699.51,699.18,700.87,700.8,700.4,700.18,699.85,699.58,699.26,698.87,698.77,700.79,701.88,661.89,526.03,392.55,261.6,131.89,30.19,25.4,30.61,48.34,34.23,27.79,26.55,25.88,25.58,25.57,25.48,25.38,25.33,25.19,25.08,25.36,25.03,25.05,25.15,24.82,25.17,24.7,25.2,25.1,25.13,25.2,25.16,25.42,24.73,25.32,25.06,25.06,25.21,25.19,25.21,25.15,25.22,-0.5,-0.37,-0.32,-0.46,1.99,10.89,18.83,27.96,37.5,45.89,47.94,54.2,62.75,71.91,72.62,69.7,74.52,82.27,85.61,94.03,117.46,134.94,151.68,169.22,190.27,225.24,311.56,381.24,423.64,450.89,468.33,481.25,491.49,499.85,507.12,513.41,518.94,523.99,528.56,532.68,536.72,540.53,544.33,548.0,551.48,555.24,558.85,562.43,565.98,569.5,572.88,576.05,579.05,581.62,584.25,586.8,588.97,590.76,592.12,593.13,593.92,594.26,594.4,593.95,593.25,591.91,590.34,588.62,586.71,584.68,582.49,580.03,577.24,573.7,569.72,564.94,559.47,553.64,547.79,541.9,536.84,532.17,528.4,525.25,522.76,520.61,519.27,522.64,528.63,535.02,541.67,547.98,546.54,538.8,537.3,536.22,535.21,534.12,533.11,531.98,530.89,529.65,528.62,527.53,526.35,525.06,524.01,522.99,521.74,520.55,519.31,518.22,516.83,515.88,514.79,513.68,512.63,511.44,510.47,509.42,508.3,507.31,506.21,505.17,504.26,503.2,502.21,501.36
20747,20,115.794,31.55,43.96,61.95,535.32,872.48,754.35,724.98,736.91,757.49,765.18,718.03,716.01,731.78,748.81,705.99,649.09,645.56,657.36,636.5,635.99,672.44,687.72,694.73,698.97,698.84,700.1,700.18,697.33,695.91,698.32,697.59,697.33,699.62,699.66,699.47,699.66,699.24,699.67,699.05,699.88,698.97,699.99,699.19,699.84,699.77,699.62,700.02,699.31,699.8,699.89,699.47,699.68,699.58,699.65,699.45,699.44,699.7,699.87,699.8,699.84,699.67,699.74,699.82,699.92,699.54,699.78,699.86,699.77,699.62,700.1,699.68,699.25,698.99,700.42,700.31,699.97,699.72,699.37,699.19,698.82,699.34,700.96,700.81,700.36,700.1,699.76,662.24,526.43,391.98,261.2,131.09,29.99,25.56,30.32,48.38,34.37,27.86,27.37,24.98,25.93,25.67,25.46,25.33,25.32,25.18,25.17,25.07,25.12,24.95,25.0,24.98,25.13,24.95,25.05,25.07,25.11,25.05,25.16,25.11,25.03,25.31,25.28,25.12,25.23,25.09,25.17,25.0,25.24,-0.5,-0.37,-0.55,-0.48,1.68,10.41,18.36,27.65,37.18,45.64,47.78,54.23,62.6,71.71,72.47,69.54,74.32,82.03,85.83,97.22,119.02,135.95,153.05,170.34,191.82,227.32,314.11,382.91,425.27,451.88,468.87,482.16,492.13,500.62,507.62,513.99,519.72,524.54,529.01,533.26,537.21,541.06,544.84,548.56,552.13,555.79,559.5,562.89,566.55,569.97,573.42,576.65,579.42,582.21,584.74,587.14,589.25,591.18,592.66,593.71,594.39,594.64,594.77,594.31,593.54,592.3,590.62,588.87,586.94,584.86,582.6,580.1,577.25,573.57,569.3,564.28,558.73,552.85,547.02,541.34,536.25,531.76,528.04,525.03,522.81,520.81,519.72,523.18,529.08,535.62,542.21,548.5,547.03,539.18,537.57,536.55,535.62,534.56,533.48,532.43,531.23,530.26,529.11,528.1,527.0,525.96,524.84,523.68,522.63,521.43,520.32,519.16,518.02,516.91,515.78,514.72,513.59,512.55,511.44,510.45,509.44,508.38,507.36,506.39,505.39,504.4,503.5,502.46
20748,20,115.805,32.5,44.37,61.29,538.9,871.88,752.53,724.35,736.57,757.93,765.57,718.27,717.23,732.94,749.69,706.62,649.7,645.77,657.97,638.77,637.82,673.05,688.59,694.14,699.65,699.87,700.58,700.87,696.58,696.79,698.78,696.93,697.72,699.2,699.82,699.1,699.38,699.54,699.08,699.78,700.14,698.5,699.71,699.89,699.88,699.4,699.19,699.86,700.07,698.89,699.96,699.03,699.66,699.51,699.28,699.69,699.53,699.86,699.69,699.8,699.86,699.53,699.98,699.31,699.65,699.9,699.68,699.99,699.57,699.82,699.75,700.09,699.98,699.7,699.22,699.41,700.45,700.25,699.85,699.65,699.27,699.05,698.72,700.46,700.9,700.44,700.01,662.15,526.75,392.49,261.95,131.79,30.29,25.51,29.56,48.59,34.88,28.01,26.71,25.82,25.66,25.6,25.54,25.42,25.36,25.19,25.25,25.07,25.09,25.17,25.15,25.02,24.99,25.08,25.01,25.19,25.17,25.13,25.31,24.98,25.16,25.15,25.3,25.17,25.11,25.25,25.05,25.19,25.3,-0.41,-0.26,-0.4,-0.41,2.18,11.62,19.96,28.98,38.67,46.43,48.56,54.73,63.14,72.25,72.92,69.9,74.66,82.32,87.09,99.75,120.27,137.26,153.41,170.85,191.96,225.93,312.36,382.16,425.17,451.91,469.05,482.4,492.25,500.74,507.84,514.17,519.76,524.72,529.37,533.5,537.38,541.34,545.09,548.72,552.33,555.88,559.42,563.0,566.5,570.04,573.38,576.57,579.43,582.07,584.78,587.3,589.29,591.21,592.72,593.77,594.32,594.63,594.65,594.08,593.15,591.91,590.25,588.3,586.38,584.09,581.85,579.22,576.24,572.79,568.68,563.77,558.28,552.5,546.38,540.66,535.23,530.51,526.57,523.19,520.49,518.51,517.13,520.34,526.3,532.43,539.05,545.16,543.69,535.45,533.83,532.82,531.71,530.51,529.43,528.33,527.12,526.04,524.93,523.77,522.59,521.57,520.45,519.39,518.17,517.07,515.84,514.67,513.54,512.32,511.2,510.1,508.96,507.8,506.79,505.58,504.55,503.56,502.39,501.39,500.46,499.29,498.41,497.4
20749,20,115.834,33.18,44.72,63.81,539.99,869.56,753.48,725.08,736.56,757.1,764.48,717.0,715.85,731.7,748.41,705.45,648.34,644.55,656.21,635.32,633.99,671.3,687.52,694.29,699.65,699.39,700.56,698.73,699.53,695.41,698.49,697.75,697.87,699.67,699.47,699.34,699.51,699.46,699.2,699.39,699.72,698.61,699.98,698.95,699.7,699.86,699.92,699.62,699.6,699.79,699.94,699.22,699.3,699.76,699.57,699.53,699.32,699.4,699.98,699.79,700.03,699.47,699.81,700.0,699.28,699.67,699.88,699.68,699.61,699.85,700.01,699.61,699.45,700.3,699.93,699.7,699.36,699.06,698.81,700.33,700.81,700.52,700.18,699.85,699.54,699.25,698.97,662.29,526.51,391.89,261.07,131.0,29.99,25.56,30.31,48.87,33.86,27.82,26.52,25.85,25.54,25.62,25.47,25.32,25.3,25.3,25.09,25.13,25.14,25.12,25.0,25.2,24.89,25.07,25.03,25.04,25.16,25.05,25.38,24.86,25.21,25.19,25.17,25.24,25.13,25.24,24.97,25.22,25.1,-0.36,-0.47,-0.42,-0.49,2.01,11.43,19.65,28.72,38.27,46.78,48.7,54.99,63.45,72.48,73.19,70.2,74.81,82.48,85.93,95.64,117.74,135.56,153.08,171.75,194.64,237.29,329.39,392.79,431.92,456.67,472.55,485.18,494.7,502.67,509.76,515.94,521.46,526.1,530.72,534.76,538.67,542.63,546.24,549.82,553.53,556.97,560.58,564.12,567.56,571.15,574.35,577.58,580.41,583.1,585.7,587.83,589.83,591.66,593.06,594.06,594.73,594.96,595.18,594.72,593.9,592.59,591.09,589.17,587.29,585.28,583.07,580.65,577.71,574.18,569.96,565.13,559.79,554.0,548.32,542.62,537.69,533.36,529.88,527.05,524.83,523.06,521.9,525.37,531.44,537.91,544.61,550.93,549.4,541.62,540.14,539.18,538.23,537.27,536.2,535.22,534.16,533.06,532.06,530.98,529.98,528.89,527.91,526.81,525.79,524.76,523.6,522.54,521.38,520.38,519.28,518.19,517.12,516.11,515.01,514.03,513.09,512.04,511.1,510.13,509.22,508.28,507.42,506.51
20750,20,115.845,31.89,43.93,61.49,543.55,864.89,753.22,723.65,735.4,756.46,764.34,717.4,715.78,731.24,748.22,705.57,649.03,644.95,656.67,635.82,634.52,671.71,687.92,694.25,699.4,699.52,700.79,699.4,698.46,698.03,699.02,696.13,700.03,698.34,699.8,699.48,698.71,699.57,699.82,697.84,699.76,699.93,699.9,699.13,699.58,699.89,699.79,699.74,700.06,699.78,699.42,699.65,699.65,699.14,699.8,699.59,699.77,699.67,699.63,699.91,699.46,699.74,699.73,699.78,699.68,699.72,699.87,700.14,699.71,699.1,699.51,700.13,699.39,699.7,699.98,699.82,699.47,699.83,700.4,700.17,699.73,699.54,699.16,698.94,699.12,700.84,700.88,662.42,525.71,391.69,260.82,131.25,30.21,25.62,27.75,48.1,36.59,28.15,26.88,25.86,25.68,25.39,25.43,25.28,25.3,25.21,25.08,25.19,25.18,24.93,25.07,24.92,25.1,25.06,25.09,25.11,25.13,25.36,25.19,25.22,25.03,25.22,25.26,25.14,25.49,24.78,25.15,25.25,25.22,-0.48,-0.46,-0.45,-0.46,2.32,11.68,19.62,28.78,38.44,46.96,49.0,55.41,63.98,73.11,73.89,70.63,75.48,83.13,86.82,96.31,119.14,137.45,154.92,173.79,197.89,246.64,339.0,398.86,435.41,458.78,474.35,486.41,495.7,503.65,510.47,516.47,521.92,526.74,530.75,535.02,539.04,542.81,546.48,549.96,553.8,557.22,560.82,564.48,568.07,571.45,574.79,577.83,580.68,583.39,585.79,588.25,590.4,592.02,593.53,594.46,595.03,595.4,595.43,594.96,594.03,592.67,591.05,589.18,587.38,585.38,583.23,580.76,577.73,574.32,569.94,565.13,559.57,553.85,547.94,542.47,537.54,533.16,529.65,526.81,524.54,522.57,521.52,524.98,530.93,537.34,543.84,550.11,548.63,540.92,539.41,538.24,537.34,536.43,535.36,534.25,533.32,532.26,531.05,530.06,529.17,528.01,526.98,525.93,524.75,523.68,522.56,521.48,520.37,519.13,518.12,517.07,515.95,514.94,513.81,512.93,511.89,510.86,509.83,508.89,507.97,507.06,506.18,505.27
20751,20,115.881,31.77,44.11,61.1,547.47,866.9,751.73,722.99,734.71,754.97,762.7,715.36,713.94,729.78,746.73,703.91,647.01,643.31,655.21,633.95,632.2,669.8,687.31,694.07,699.79,698.82,701.17,698.03,698.04,697.74,699.21,695.89,699.82,698.21,699.63,699.87,698.65,699.85,699.99,699.3,699.95,699.7,699.63,699.72,699.68,699.68,699.27,699.75,699.8,699.34,699.55,699.82,699.12,699.57,699.61,699.53,699.64,699.72,699.88,699.81,699.75,699.74,699.79,699.76,699.79,699.84,699.73,699.97,699.71,699.26,699.94,699.68,700.01,699.74,699.82,700.05,699.72,699.32,699.6,700.6,700.37,699.85,699.59,699.25,699.05,698.74,700.82,662.72,525.92,391.65,260.91,131.18,30.29,25.57,26.91,48.4,37.16,28.51,26.58,26.04,25.46,25.52,25.58,25.29,25.26,25.23,25.22,25.1,25.18,25.07,24.97,25.09,24.99,24.96,25.11,25.04,25.18,25.07,25.12,25.13,25.21,25.27,25.27,25.12,25.38,25.08,25.24,25.08,25.22,-0.56,-0.44,-0.43,-0.48,2.47,11.37,19.34,28.66,38.2,46.7,48.61,54.99,63.48,72.58,73.24,70.18,74.81,82.44,86.12,93.84,115.91,137.43,155.32,174.8,199.21,252.56,345.67,403.24,438.44,460.89,476.14,488.08,497.07,505.0,511.75,517.63,522.95,527.66,531.85,536.0,539.93,543.74,547.4,550.98,554.44,557.92,561.46,564.94,568.56,571.88,575.23,578.43,581.25,583.91,586.52,588.87,590.81,592.78,594.12,595.18,595.83,596.08,596.2,595.73,594.82,593.52,591.97,590.16,588.35,586.29,584.19,581.8,578.93,575.48,571.39,566.63,561.01,555.51,549.73,544.14,539.17,534.82,531.25,528.47,526.24,524.33,523.22,526.77,532.75,539.31,545.88,552.35,550.89,543.22,541.83,540.74,539.82,538.9,538.0,536.81,535.77,534.9,533.85,532.88,531.83,530.91,529.9,528.66,527.65,526.59,525.49,524.37,523.24,522.2,521.09,520.09,519.0,517.92,516.98,515.97,515.03,514.05,513.04,512.17,511.28,510.42,509.49,508.58
20752,20,115.894,31.41,43.63,59.42,532.01,862.01,750.89,720.88,732.4,753.2,760.58,713.28,711.98,727.95,744.51,701.84,644.62,640.44,652.34,631.76,631.16,668.43,685.54,693.54,699.75,700.06,700.73,698.46,699.32,698.35,699.0,696.49,698.7,698.89,699.58,699.68,699.71,699.67,698.14,699.96,699.49,699.75,699.48,699.73,699.08,699.94,699.65,699.48,699.92,699.17,700.1,699.13,699.94,699.57,699.79,699.38,699.44,699.8,699.43,699.65,699.66,699.74,699.92,700.03,699.47,699.11,699.67,699.97,699.54,699.89,699.72,700.11,699.9,699.46,699.17,699.64,700.54,700.2,699.99,699.55,699.26,699.0,698.79,700.33,701.49,701.09,700.7,660.04,525.58,391.77,260.9,131.13,30.16,25.69,28.17,48.39,35.94,28.23,26.82,25.89,25.65,25.56,25.48,25.47,25.35,25.12,25.3,25.03,25.21,24.98,25.07,25.01,24.85,25.14,25.0,25.04,25.12,25.46,24.73,25.18,25.24,25.28,25.19,25.24,25.16,25.16,25.2,25.15,25.14,-0.49,-0.5,-0.51,-0.51,2.26,11.64,19.39,28.63,38.31,46.65,48.65,54.82,63.31,72.07,72.5,69.45,74.19,81.77,86.32,97.15,118.33,136.21,154.01,172.94,196.89,244.53,337.98,398.69,436.55,459.68,474.81,487.22,496.3,504.38,511.25,517.28,522.54,527.05,531.42,535.62,539.59,543.4,547.02,550.51,554.16,557.64,561.13,564.61,568.09,571.71,575.04,578.07,581.15,583.86,586.53,588.97,591.2,592.92,594.6,595.76,596.52,596.95,597.28,597.11,596.52,595.46,594.03,592.24,590.62,588.78,586.57,584.25,581.49,578.13,574.04,569.19,563.85,558.14,552.49,546.9,541.92,537.5,533.9,530.91,528.54,526.7,525.54,529.12,535.32,541.93,548.76,555.16,553.91,546.23,544.77,543.72,542.83,541.89,540.81,539.92,538.87,537.84,536.89,535.91,535.0,533.9,532.85,531.83,530.81,529.68,528.54,527.43,526.43,525.24,524.28,523.14,522.12,521.12,520.1,519.01,518.08,517.14,516.15,515.26,514.33,513.48,512.55,511.71
20753,20,115.866,31.23,43.91,63.99,539.21,858.87,747.48,717.94,729.83,750.5,758.09,711.28,709.8,725.65,743.08,700.36,644.01,640.64,652.5,632.11,632.43,668.89,685.81,693.48,699.74,700.01,701.14,699.77,698.4,699.13,698.82,695.69,699.94,697.55,699.77,699.6,698.92,699.53,699.66,698.8,699.74,699.66,699.17,699.28,699.85,699.56,699.8,699.7,699.91,699.16,699.7,699.67,699.75,699.74,699.31,699.73,699.47,699.36,699.77,699.58,699.84,699.8,699.8,699.83,699.83,699.85,699.8,700.02,699.64,699.25,700.03,699.7,699.31,700.15,700.49,700.17,699.77,699.47,699.15,698.94,698.88,701.3,701.49,700.97,697.16,701.07,701.66,662.11,526.57,391.81,260.85,131.2,30.17,25.63,26.86,47.18,38.28,28.22,26.91,26.0,25.6,25.62,25.42,25.44,25.28,25.14,25.33,25.02,25.11,25.08,24.93,25.07,24.98,25.06,24.95,25.18,25.24,25.2,25.12,25.24,25.16,24.98,25.17,25.12,25.25,25.19,25.14,25.13,25.16,-0.49,-0.44,-0.52,-0.47,2.12,11.18,19.02,28.01,37.5,45.96,47.99,54.14,62.59,71.55,72.27,69.18,74.06,81.85,86.13,98.51,119.42,136.84,154.59,173.4,197.66,246.54,340.37,399.93,437.37,459.9,475.31,487.4,496.34,504.35,511.24,517.13,522.52,527.18,531.35,535.48,539.32,543.09,546.65,550.39,553.89,557.44,560.94,564.52,567.92,571.45,574.89,578.01,580.82,583.71,586.29,588.69,590.99,592.73,594.26,595.32,596.13,596.57,596.75,596.44,595.62,594.44,592.9,591.14,589.31,587.41,585.25,582.9,580.07,576.59,572.5,567.69,562.4,556.76,550.99,545.44,540.32,535.72,531.96,529.01,526.66,524.56,523.46,526.96,533.12,539.74,546.66,553.02,551.61,543.92,542.56,541.48,540.59,539.61,538.64,537.65,536.67,535.7,534.69,533.75,532.75,531.72,530.71,529.63,528.57,527.49,526.36,525.23,524.23,523.08,522.03,521.02,519.84,518.9,517.87,516.78,515.95,514.88,513.92,513.04,512.11,511.23,510.29,509.4
20754,20,115.873,30.83,43.33,59.86,525.37,858.67,748.73,720.76,732.36,751.68,758.55,711.6,710.31,726.33,743.12,700.37,644.17,640.49,652.49,632.29,632.37,668.9,686.0,693.3,699.73,700.14,700.84,699.09,698.6,695.08,698.46,698.13,697.12,699.54,699.65,699.96,699.77,699.08,699.34,699.73,699.91,699.58,699.69,699.3,699.89,699.89,699.13,699.83,699.76,699.87,699.84,699.5,699.69,699.49,699.87,698.72,699.62,699.69,699.26,699.38,699.91,699.75,699.87,699.89,699.78,699.83,699.82,699.88,699.88,699.88,700.12,699.72,699.51,699.95,699.68,699.9,700.01,699.74,700.23,700.03,699.73,699.25,699.01,698.68,700.11,700.17,699.86,662.38,526.36,392.04,261.28,131.1,29.86,25.54,28.64,48.85,35.46,28.14,26.57,25.96,25.66,25.6,25.4,25.62,24.98,25.27,25.28,25.14,25.12,25.2,25.46,24.51,24.98,24.91,25.23,25.16,25.14,25.09,25.21,25.12,25.07,25.14,25.13,25.02,25.1,25.22,25.33,25.12,25.19,-0.36,-0.4,-0.3,-0.46,2.13,11.59,19.92,29.15,38.48,46.79,48.61,54.86,63.3,72.21,72.64,69.58,74.34,81.93,86.21,97.82,118.65,135.85,153.12,171.63,194.51,238.31,331.51,394.14,433.08,457.21,473.12,485.48,494.93,503.02,510.08,516.25,521.64,526.29,530.75,534.81,538.73,542.55,546.24,549.82,553.44,556.78,560.3,563.94,567.52,571.11,574.44,577.49,580.55,583.33,586.11,588.45,590.76,592.72,594.29,595.55,596.43,596.99,597.36,597.28,596.68,595.62,594.25,592.43,590.61,588.72,586.66,584.35,581.61,578.32,574.43,569.69,564.44,558.85,553.02,547.42,542.24,537.67,533.94,530.77,528.26,526.2,524.93,528.38,534.42,541.01,547.81,554.25,552.94,545.12,543.55,542.54,541.59,540.54,539.56,538.55,537.54,536.56,535.62,534.57,533.57,532.5,531.44,530.37,529.24,528.22,527.08,525.98,524.8,523.84,522.63,521.57,520.51,519.43,518.39,517.43,516.39,515.4,514.42,513.46,512.46,511.63,510.67,509.86
20755,20,115.885,31.05,43.31,56.05,527.77,867.19,748.96,719.7,730.82,750.81,758.08,710.79,709.49,725.12,742.13,699.54,643.17,639.65,651.3,630.68,630.52,668.52,685.82,693.43,699.6,699.0,700.83,698.9,699.66,694.89,697.58,699.06,696.79,699.89,699.45,699.81,699.21,698.44,699.78,699.39,699.81,699.2,699.86,699.39,699.78,699.43,699.67,699.79,699.3,699.64,699.45,699.87,699.38,699.77,699.01,699.26,699.75,699.19,699.6,699.79,699.78,699.88,699.76,699.78,699.85,699.93,699.87,699.9,699.24,699.64,699.73,699.91,699.91,700.06,699.7,699.35,699.64,700.23,699.92,699.62,699.27,699.04,698.79,700.27,700.37,700.02,699.7,662.45,526.29,392.13,261.11,131.11,29.79,25.69,28.9,48.71,35.09,28.1,26.75,25.91,25.6,25.68,25.52,25.45,25.33,25.19,25.17,24.99,25.17,25.07,25.05,25.03,25.08,25.17,24.93,25.02,25.15,25.18,25.14,25.32,25.19,25.13,25.3,25.13,25.09,25.2,25.07,25.21,25.39,-0.52,-0.44,-0.49,-0.52,2.02,11.31,19.42,28.44,37.99,46.4,48.26,54.45,62.91,71.73,72.35,69.32,74.08,81.55,84.92,93.99,116.89,135.36,153.22,172.26,195.35,240.41,334.07,396.27,434.21,457.96,473.86,486.1,495.58,503.62,510.48,516.56,521.94,526.67,531.02,535.17,539.1,543.0,546.58,550.19,553.85,557.13,560.79,564.32,567.81,571.27,574.66,577.8,580.69,583.33,585.94,588.39,590.45,592.36,593.84,594.9,595.61,596.11,596.24,596.0,595.17,593.86,592.3,590.55,588.78,586.77,584.73,582.42,579.67,576.39,572.45,567.84,562.53,556.93,551.18,545.6,540.51,536.02,532.19,529.16,526.75,524.77,523.53,527.02,533.04,539.66,546.44,552.88,551.48,543.86,542.34,541.37,540.44,539.46,538.52,537.46,536.44,535.45,534.33,533.44,532.38,531.41,530.28,529.22,528.06,527.04,525.85,524.78,523.62,522.53,521.49,520.28,519.29,518.24,517.18,516.15,515.15,514.16,513.21,512.26,511.31,510.38,509.57,508.58
20756,20,115.889,30.77,43.18,56.59,521.81,864.17,748.32,719.64,731.69,752.21,759.66,712.78,711.01,726.87,743.21,700.31,644.02,640.5,652.34,631.42,629.69,668.17,686.39,693.49,699.56,698.5,700.79,698.71,699.55,694.56,697.48,699.45,696.77,699.75,699.32,699.84,699.53,698.49,699.92,700.05,698.77,699.58,699.84,699.79,699.55,699.89,699.85,699.65,699.77,699.75,700.05,699.44,699.63,699.54,699.58,699.58,699.37,699.44,699.73,699.79,699.93,699.77,699.82,699.82,699.65,699.94,699.7,699.97,699.78,699.92,700.03,699.55,699.09,699.55,700.28,700.03,699.65,699.39,699.13,698.87,699.67,701.12,700.74,700.5,700.13,699.8,699.5,662.57,526.11,391.89,261.23,131.21,29.94,25.36,28.34,48.49,35.94,27.86,26.9,25.82,25.69,25.66,25.51,25.37,25.23,25.34,25.17,25.21,25.16,25.1,25.1,25.04,24.97,24.94,25.01,25.17,25.4,24.72,25.1,25.0,25.14,25.36,25.27,25.45,24.8,25.15,25.04,25.09,25.14,-0.46,-0.4,-0.37,-0.45,2.28,11.36,19.53,29.06,38.76,47.26,49.13,55.36,63.77,72.64,73.07,69.97,74.63,82.14,85.4,92.35,114.81,135.47,153.33,171.98,195.05,240.54,333.95,396.18,433.98,457.83,474.17,486.03,495.7,503.62,510.57,516.73,521.93,526.7,531.2,535.14,539.01,542.96,546.65,550.21,553.85,557.23,560.83,564.36,567.92,571.51,574.71,577.9,580.73,583.49,586.14,588.56,590.81,592.66,594.15,595.33,596.17,596.66,596.82,596.57,595.83,594.66,593.15,591.43,589.52,587.6,585.48,583.18,580.39,577.0,572.91,568.32,562.91,557.29,551.62,545.97,540.7,536.11,532.32,529.28,526.86,524.96,523.73,527.22,533.28,539.82,546.65,553.13,551.75,544.04,542.65,541.66,540.7,539.73,538.7,537.64,536.65,535.62,534.64,533.62,532.6,531.65,530.56,529.45,528.35,527.33,526.11,525.01,524.01,522.78,521.74,520.72,519.57,518.51,517.59,516.49,515.47,514.48,513.53,512.59,511.71,510.81,509.88,509.04
20758,20,115.888,32.34,44.42,63.88,549.85,870.34,748.99,719.23,730.71,751.36,758.65,711.72,710.77,726.63,743.47,700.39,643.79,640.33,652.2,632.32,632.01,669.02,685.84,692.99,699.75,700.12,700.91,699.98,698.35,696.88,699.24,696.23,698.91,699.02,699.86,699.03,699.85,699.75,698.67,699.86,699.22,699.8,699.43,699.91,699.59,699.68,699.6,699.9,699.96,699.64,699.66,699.92,699.09,699.78,699.85,699.55,698.95,699.68,699.6,699.31,699.54,699.8,699.88,699.75,699.86,699.84,699.87,700.07,699.64,699.11,700.08,699.91,699.67,699.32,699.89,700.3,699.96,699.6,699.35,699.08,698.79,700.17,701.32,700.92,700.55,700.22,699.84,661.59,526.42,392.61,261.58,131.62,30.4,25.41,27.57,48.76,36.06,28.22,26.78,25.91,25.6,25.64,25.29,25.4,25.3,25.17,25.26,25.14,25.18,25.04,25.07,24.97,25.06,25.07,24.92,25.07,25.1,25.08,25.07,25.16,25.17,25.17,25.17,25.13,25.25,25.17,25.14,25.12,25.17,-0.43,-0.43,-0.43,-0.47,2.21,11.18,19.2,28.38,38.04,46.38,48.31,54.62,63.22,72.1,72.82,69.6,74.36,82.08,86.34,99.02,120.55,137.91,155.08,173.66,196.09,237.24,329.34,393.26,432.97,457.12,473.06,485.82,495.06,503.28,510.15,516.47,521.83,526.5,530.87,535.0,538.98,542.72,546.53,550.1,553.64,557.2,560.8,564.21,567.86,571.42,574.71,578.05,581.07,583.89,586.6,589.04,591.28,593.18,594.92,595.96,596.77,597.27,597.54,597.39,596.58,595.33,593.84,592.12,590.26,588.39,586.21,583.94,581.27,578.1,574.15,569.44,564.24,558.5,552.74,547.03,541.88,537.1,533.24,530.01,527.59,525.56,524.3,527.81,533.85,540.46,547.18,553.79,552.42,544.67,543.04,542.09,541.13,540.15,539.15,538.17,537.08,536.13,534.93,533.98,532.88,531.92,530.86,529.7,528.64,527.53,526.45,525.28,524.27,522.99,522.02,520.77,519.85,518.79,517.76,516.61,515.69,514.74,513.69,512.84,511.77,510.96,510.01,509.16
20759,20,115.907,30.79,43.02,59.43,534.17,864.98,749.07,719.37,730.37,750.49,758.05,711.22,710.17,725.98,742.91,700.16,643.89,640.66,652.58,631.86,630.96,669.39,686.45,693.59,699.46,699.07,700.56,698.55,699.44,695.18,698.13,698.31,697.49,699.63,699.78,699.39,699.07,699.12,699.12,699.75,699.98,698.66,699.81,699.2,699.76,699.83,699.2,699.68,699.88,699.79,699.76,699.94,699.5,699.69,699.8,699.43,699.74,699.16,699.62,699.36,699.7,699.82,699.85,699.93,699.68,699.89,699.7,699.75,699.86,699.94,699.6,699.89,699.68,699.87,699.87,699.93,699.89,699.56,700.15,700.07,699.74,699.42,699.11,698.79,699.68,700.32,700.05,662.38,526.24,392.26,261.36,131.23,29.87,25.65,28.12,48.34,35.95,28.24,26.64,25.83,25.61,25.77,25.29,25.56,25.17,25.21,25.2,25.09,25.27,25.06,25.05,25.08,25.06,25.07,25.02,25.04,25.11,25.12,25.2,25.22,25.19,25.15,25.31,25.28,25.24,25.05,25.24,25.23,25.19,-0.39,-0.39,-0.41,-0.47,2.31,11.71,19.66,28.58,38.02,46.24,48.27,54.37,62.9,71.85,72.47,69.36,74.13,81.82,85.12,93.98,117.68,136.25,153.69,172.18,195.19,240.33,333.95,395.7,434.0,457.54,473.33,485.62,494.94,503.02,509.91,515.92,521.34,525.88,530.43,534.43,538.31,542.11,545.82,549.4,553.04,556.43,559.99,563.52,567.24,570.68,574.13,577.35,580.31,582.99,585.73,588.1,590.19,592.06,593.46,594.6,595.19,595.77,595.83,595.65,594.88,593.55,591.93,590.29,588.31,586.43,584.22,581.92,578.98,575.68,571.5,566.8,561.39,555.77,549.98,544.43,539.5,535.17,531.66,528.79,526.44,524.61,523.44,527.04,533.08,539.66,546.4,552.78,551.41,543.78,542.44,541.33,540.44,539.46,538.6,537.43,536.5,535.46,534.29,533.41,532.27,531.24,530.29,529.16,528.23,527.13,525.94,525.01,523.88,522.81,521.84,520.63,519.52,518.62,517.55,516.53,515.64,514.57,513.59,512.76,511.81,510.83,510.06,509.1
20760,20,115.922,31.97,43.63,60.68,539.78,867.82,750.35,720.98,731.64,752.24,760.05,712.49,711.25,726.93,743.89,700.75,644.12,640.65,652.09,631.15,630.91,668.78,685.71,693.15,699.73,699.93,700.83,699.17,699.25,695.77,698.6,697.99,697.5,699.55,699.89,699.17,699.36,699.49,699.13,699.8,700.13,698.56,699.68,699.72,699.9,699.76,699.76,699.74,699.86,699.82,699.73,699.75,699.91,699.29,699.67,699.84,699.89,699.56,699.52,699.5,699.86,699.88,699.93,699.83,699.84,699.88,699.95,699.46,699.82,700.03,699.62,699.88,699.81,699.56,700.32,700.17,699.8,699.46,699.2,698.9,699.17,700.66,700.59,700.27,699.95,699.6,699.32,662.26,526.5,392.01,261.05,131.12,29.84,25.57,28.03,48.13,36.57,28.4,26.78,25.95,25.7,25.57,25.5,25.35,25.31,25.24,25.22,25.1,25.1,25.03,24.99,25.14,24.87,25.1,25.3,24.8,25.03,25.16,25.19,25.25,25.19,25.34,25.07,25.13,25.21,25.24,25.21,25.25,25.19,-0.42,-0.39,-0.45,-0.45,2.29,11.96,20.03,28.98,38.38,46.72,48.78,54.95,63.33,72.31,72.73,69.75,74.37,82.06,85.61,96.21,119.05,136.92,154.33,172.91,195.91,238.51,331.43,394.5,433.47,457.7,473.51,485.97,495.2,503.48,510.39,516.52,521.9,526.49,530.96,535.1,539.0,542.81,546.53,550.31,553.78,557.25,560.89,564.38,568.1,571.66,575.0,578.42,581.31,584.08,586.9,589.43,591.71,593.79,595.17,596.47,597.37,597.91,598.28,598.18,597.44,596.26,594.93,593.23,591.4,589.62,587.5,585.08,582.39,579.04,574.92,570.17,564.74,559.0,553.29,547.62,542.43,538.01,534.28,531.24,529.06,527.19,525.97,529.5,535.71,542.2,548.93,555.41,554.02,546.21,544.8,543.79,542.81,541.87,540.72,539.64,538.76,537.68,536.63,535.51,534.54,533.58,532.52,531.37,530.39,529.3,528.17,527.05,526.03,524.96,523.74,522.73,521.66,520.63,519.59,518.48,517.6,516.66,515.6,514.57,513.71,512.74,511.93,511.05
20761,20,115.909,31.41,43.99,59.81,543.3,866.79,749.57,719.67,731.89,752.98,759.76,712.95,711.66,727.28,744.18,701.35,644.86,641.3,652.75,632.07,631.13,669.08,686.73,693.55,699.61,699.3,701.2,698.84,699.08,698.91,699.59,695.87,699.41,698.41,699.66,699.28,699.56,699.27,699.17,699.52,699.17,700.0,699.48,699.74,699.95,699.59,699.78,699.77,699.8,699.54,699.96,698.95,699.58,699.6,699.7,699.68,699.62,699.43,699.79,699.37,699.87,699.84,699.87,699.78,699.82,699.91,699.71,699.94,699.75,699.77,699.87,699.54,699.94,700.39,700.01,699.67,699.41,699.08,698.92,699.73,701.37,701.05,700.68,700.31,700.01,699.57,699.01,662.64,526.53,392.05,260.82,131.0,30.04,25.61,27.4,47.76,37.26,28.58,26.78,25.91,25.62,25.54,25.59,25.38,25.22,25.16,25.14,25.16,24.99,25.2,25.09,24.97,24.97,25.05,25.11,24.91,25.07,25.15,25.2,25.21,25.09,25.22,24.85,25.29,25.21,25.11,25.12,25.17,25.31,-0.54,-0.51,-0.44,-0.58,2.39,12.09,19.82,29.1,38.58,47.02,49.1,55.23,63.76,72.78,73.29,70.18,74.84,82.3,85.88,94.22,117.21,137.37,154.92,173.94,198.32,250.07,343.7,401.98,438.38,460.68,475.56,487.46,496.38,504.39,511.18,516.99,522.33,527.08,531.12,535.25,539.36,543.03,546.82,550.49,553.93,557.43,561.02,564.55,568.06,571.64,574.93,577.99,581.02,583.9,586.38,588.86,591.06,592.92,594.43,595.46,596.17,596.75,596.85,596.58,595.74,594.56,593.08,591.25,589.28,587.34,585.27,582.81,579.9,576.46,572.4,567.55,562.13,556.51,550.74,545.09,539.84,535.39,531.77,528.85,526.63,524.63,523.48,527.07,533.27,539.76,546.5,552.92,551.63,544.02,542.51,541.36,540.5,539.43,538.49,537.51,536.47,535.45,534.38,533.38,532.36,531.4,530.35,529.36,528.15,527.1,525.99,524.98,523.91,522.85,521.73,520.6,519.55,518.51,517.53,516.54,515.56,514.54,513.57,512.54,511.68,510.82,509.96,509.14
20762,20,115.902,32.14,44.37,58.56,534.26,866.1,749.09,719.07,730.95,750.79,758.29,710.84,709.75,725.52,742.29,699.48,643.13,639.87,651.72,631.51,632.19,668.56,685.59,693.16,699.92,700.35,700.39,698.81,699.78,698.82,698.04,697.76,697.38,699.55,699.5,699.41,699.6,699.13,699.37,699.87,699.98,698.88,699.97,699.32,699.93,699.66,699.46,699.83,699.8,699.79,699.72,699.87,699.3,699.68,699.5,699.85,699.19,699.48,699.38,699.79,699.79,699.93,699.84,699.82,699.91,699.74,699.83,699.92,699.88,699.97,699.88,700.08,699.76,699.74,699.87,699.53,700.04,700.08,699.69,699.34,699.07,699.05,700.46,700.25,699.85,699.49,699.19,662.34,526.38,392.15,261.41,131.05,29.92,25.26,29.91,48.96,34.42,27.84,26.59,25.9,25.6,25.56,25.51,25.39,25.23,25.17,25.11,25.25,24.97,25.1,25.01,24.97,25.1,25.03,25.04,25.04,25.22,25.14,25.11,25.23,25.39,25.07,25.29,25.26,25.17,25.22,25.17,25.13,25.16,-0.41,-0.47,-0.54,-0.51,2.17,11.2,18.9,27.97,37.47,45.73,47.66,53.74,62.3,71.17,71.74,68.65,73.35,81.16,85.51,98.17,118.64,135.92,152.88,171.03,193.36,233.09,325.59,391.38,431.59,456.3,472.06,484.75,494.34,502.57,509.5,515.78,521.14,525.79,530.12,534.34,538.15,542.17,545.87,549.43,552.93,556.37,560.06,563.67,567.45,570.87,574.29,577.49,580.69,583.59,586.62,589.35,591.76,593.86,595.63,596.99,598.05,598.72,599.21,599.15,598.48,597.49,596.16,594.41,592.55,590.59,588.5,586.25,583.6,580.47,576.7,572.16,566.86,561.08,555.12,549.26,543.76,538.8,534.54,531.19,528.48,526.29,524.9,528.28,534.34,540.88,547.86,554.43,553.18,545.45,543.93,542.93,541.96,540.84,539.77,538.76,537.7,536.68,535.63,534.48,533.57,532.5,531.44,530.3,529.18,528.08,526.93,525.81,524.61,523.43,522.28,521.23,520.04,518.94,517.78,516.75,515.78,514.7,513.72,512.68,511.66,510.78,509.88,508.97
20763,20,115.893,31.67,43.77,55.87,502.84,854.07,745.33,717.39,728.52,748.2,755.8,708.87,707.7,723.32,739.99,697.36,641.21,637.73,649.56,629.15,630.08,667.14,684.6,692.79,699.82,699.85,700.44,700.22,698.63,695.6,698.67,697.2,698.8,698.31,699.67,699.51,698.6,699.73,699.55,698.5,699.77,699.96,699.5,699.73,699.89,699.93,699.71,699.79,699.92,699.44,699.25,699.69,699.64,699.69,699.36,699.63,699.73,699.55,699.7,699.73,699.85,699.73,699.89,699.9,699.88,699.87,699.89,699.88,699.89,700.02,699.72,700.12,699.93,699.51,699.1,698.88,699.96,700.54,700.15,699.8,699.44,699.26,699.0,698.78,701.03,701.5,701.03,660.86,525.37,391.43,260.88,131.16,30.05,25.86,30.47,48.61,33.96,27.98,26.43,25.57,25.59,25.3,25.6,25.35,25.36,25.35,25.13,25.27,24.96,25.14,25.07,24.89,25.06,25.15,24.95,25.24,25.14,25.1,25.19,25.13,25.45,25.04,25.28,25.22,25.21,25.19,25.17,25.18,25.09,-0.58,-0.45,-0.45,-0.55,1.88,11.05,18.79,27.9,37.0,45.16,47.12,53.2,61.75,70.46,71.09,68.07,72.64,80.14,84.1,96.49,117.54,134.54,151.26,169.15,190.25,224.44,312.18,383.35,425.57,452.69,470.05,482.7,492.83,501.01,508.21,514.53,520.19,524.92,529.32,533.42,537.46,541.29,545.05,548.77,552.33,555.99,559.6,563.21,566.8,570.31,573.76,577.27,580.38,583.51,586.26,589.1,591.73,594.0,595.81,597.37,598.5,599.25,599.71,599.73,599.45,598.56,597.31,595.67,593.98,592.14,590.23,587.98,585.46,582.52,578.95,574.69,569.72,564.18,558.33,552.6,547.07,542.07,537.86,534.34,531.4,529.04,527.7,531.26,537.47,544.3,551.34,558.13,556.9,549.33,547.85,546.94,546.06,545.06,544.03,542.99,541.97,540.89,539.8,538.83,537.85,536.78,535.72,534.63,533.41,532.29,531.23,530.08,528.96,527.9,526.77,525.62,524.51,523.49,522.38,521.3,520.31,519.25,518.27,517.31,516.31,515.33,514.41,513.51
20764,20,115.943,31.92,43.85,58.07,526.26,860.15,745.4,715.82,727.7,748.26,756.15,709.72,708.59,724.11,740.75,698.01,641.74,638.3,650.03,629.29,629.2,667.47,685.0,693.03,699.78,699.4,700.64,698.67,699.61,695.01,697.47,699.22,696.57,700.02,698.61,699.55,699.58,698.99,699.88,699.85,699.36,699.46,699.86,699.74,700.06,699.3,699.83,699.77,699.69,699.06,699.8,699.83,699.59,699.41,699.66,699.87,699.37,699.75,699.8,699.53,699.94,699.69,699.86,699.86,699.85,699.95,699.72,699.95,699.61,699.84,700.1,699.76,699.37,699.18,700.5,700.33,699.98,699.69,699.44,699.15,698.89,699.39,701.1,700.87,700.55,700.11,699.79,662.04,525.94,391.84,261.09,131.23,29.9,25.37,31.0,48.52,34.16,27.88,26.41,25.87,25.34,25.75,25.34,25.43,25.31,25.16,25.22,25.01,25.07,25.07,25.01,25.03,24.95,25.09,24.97,25.17,25.16,25.16,25.35,25.18,25.06,25.17,25.21,25.33,25.22,25.21,25.11,25.15,25.14,-0.42,-0.36,-0.34,-0.33,2.25,11.18,18.92,28.03,37.29,45.67,47.77,54.03,62.47,71.31,72.07,69.02,73.8,81.31,84.79,94.96,117.42,135.29,153.01,172.04,195.36,241.55,335.84,397.43,435.23,458.54,474.27,486.23,495.58,503.56,510.37,516.47,521.71,526.47,530.97,535.01,538.89,542.78,546.46,550.03,553.51,556.99,560.54,564.09,567.64,571.18,574.72,577.98,580.99,583.72,586.39,588.98,591.26,593.23,594.77,595.92,596.77,597.29,597.55,597.35,596.8,595.68,594.16,592.49,590.65,588.68,586.55,584.16,581.41,577.96,573.85,569.01,563.6,557.94,552.17,546.55,541.44,536.94,533.17,530.15,527.76,525.88,524.68,528.38,534.69,541.38,548.39,555.08,553.81,546.11,544.76,543.73,542.85,541.89,540.94,539.96,539.09,538.01,536.98,535.96,534.96,533.99,533.05,531.99,530.97,529.95,528.87,527.71,526.58,525.5,524.43,523.47,522.44,521.36,520.31,519.28,518.27,517.36,516.45,515.52,514.59,513.68,512.76,511.87
20765,20,115.945,31.76,43.86,59.94,539.24,859.57,745.49,716.79,727.99,748.39,755.97,709.59,708.58,724.51,741.4,698.34,641.98,638.27,649.84,629.01,628.06,667.19,685.31,693.09,699.19,698.64,701.41,698.69,699.86,696.91,698.96,696.96,698.81,699.36,699.74,698.35,699.83,699.65,698.42,699.86,699.26,699.59,699.26,699.79,699.9,699.53,699.86,699.63,699.73,699.72,699.19,699.92,699.77,699.41,699.94,699.1,699.49,699.75,699.81,699.88,699.84,699.77,699.86,699.86,699.87,699.85,700.04,700.02,699.35,698.84,699.53,700.37,700.06,699.68,699.4,699.08,698.93,699.38,700.71,700.54,700.21,699.93,699.57,699.31,698.98,698.69,700.58,662.53,526.19,392.02,261.04,130.85,30.03,25.62,28.89,48.94,35.05,28.18,26.51,25.77,25.51,25.49,25.59,25.38,25.21,25.27,25.13,25.12,25.09,24.95,25.08,25.15,24.98,24.98,25.18,25.29,25.19,25.27,25.14,25.21,25.3,25.19,25.19,25.23,25.08,25.27,25.47,24.99,25.12,-0.53,-0.5,-0.45,-0.47,2.48,11.8,19.77,28.92,38.34,46.67,48.62,54.89,63.5,72.34,73.04,69.81,74.52,82.01,85.42,93.2,117.04,137.46,155.52,174.69,199.22,253.92,347.85,405.23,440.66,462.37,477.02,488.86,497.72,505.73,512.26,518.38,523.5,528.07,532.41,536.53,540.44,543.98,547.82,551.25,554.63,558.18,561.79,565.2,568.82,572.19,575.66,578.8,581.77,584.61,587.11,589.72,592.14,594.07,595.64,596.82,597.51,598.02,598.37,598.24,597.59,596.5,594.99,593.28,591.53,589.61,587.41,584.98,582.16,578.75,574.67,569.97,564.69,558.99,553.22,547.58,542.47,538.01,534.34,531.48,529.3,527.41,526.27,529.83,536.05,542.86,549.91,556.49,555.27,547.56,546.03,545.08,544.22,543.25,542.27,541.25,540.26,539.36,538.42,537.5,536.43,535.42,534.5,533.41,532.39,531.2,530.18,529.09,528.06,526.98,525.92,524.85,523.76,522.86,521.85,520.76,519.78,518.82,517.97,517.0,516.06,515.19,514.37,513.57
20766,20,116.011,31.37,43.77,57.73,527.12,851.9,743.45,716.17,728.02,748.36,755.49,708.37,706.4,721.89,738.4,694.97,638.35,634.66,646.2,625.76,625.7,664.51,683.58,692.25,699.63,699.3,701.57,698.95,699.91,695.12,698.43,697.5,698.08,699.49,699.54,699.74,699.66,699.57,698.49,699.74,699.36,698.81,699.7,699.85,699.73,700.04,699.32,699.47,699.86,699.81,699.6,699.74,699.41,699.93,699.29,699.39,699.56,699.74,699.13,699.67,699.54,699.84,699.78,699.75,699.75,699.87,699.75,699.83,699.85,699.48,700.03,699.83,699.44,699.73,699.79,699.74,700.09,699.83,699.49,699.55,700.26,699.94,699.6,699.22,698.92,698.99,700.5,662.28,526.27,392.1,261.09,130.96,29.88,25.47,27.46,48.45,36.65,28.22,26.71,25.83,25.62,25.67,25.53,25.48,25.24,25.32,25.22,25.01,25.2,24.98,25.01,25.14,25.02,24.93,25.05,25.14,25.12,25.02,25.21,25.22,25.08,25.32,25.4,25.15,25.16,25.17,25.2,25.03,25.25,-0.36,-0.4,-0.34,-0.39,2.73,12.43,20.52,29.78,39.24,47.51,49.24,55.42,63.85,72.66,73.13,69.72,74.42,81.87,85.79,95.02,117.01,137.23,155.81,175.85,201.55,260.26,353.53,409.2,443.54,464.54,479.03,490.61,499.28,507.26,514.02,519.94,525.05,529.26,533.7,537.73,541.63,545.42,549.0,552.35,555.74,559.27,562.81,566.38,569.94,573.46,576.63,579.85,582.9,585.67,588.27,590.7,593.11,595.31,596.92,597.95,598.72,599.3,599.77,599.69,599.37,598.41,596.99,595.25,593.5,591.75,589.67,587.29,584.53,581.2,577.19,572.26,566.85,561.15,555.41,549.83,544.64,540.26,536.81,533.9,531.55,529.76,528.66,532.43,538.7,545.71,552.93,559.6,558.33,550.81,549.39,548.34,547.64,546.64,545.73,544.87,543.93,542.88,542.06,541.19,540.15,539.17,538.28,537.26,536.18,535.19,534.21,533.04,532.06,531.07,529.8,528.9,527.81,526.8,525.93,524.9,523.88,523.03,522.11,521.14,520.35,519.48,518.51,517.77
20767,20,115.905,31.2,42.98,55.97,536.67,854.21,739.97,710.62,723.06,744.43,752.13,705.2,703.91,719.48,736.44,693.41,637.04,633.52,645.9,629.04,627.94,664.92,683.52,692.38,699.89,699.66,701.38,698.29,698.5,697.59,698.86,696.35,699.87,698.31,699.73,699.61,698.45,699.79,699.87,698.39,699.76,699.69,699.85,699.17,699.67,699.97,699.84,699.86,699.69,699.83,699.66,699.91,700.04,698.63,699.74,699.75,699.73,699.22,699.72,699.86,699.74,699.78,699.81,699.93,699.81,699.91,699.91,699.91,699.93,699.8,699.7,700.0,699.52,699.27,700.1,699.87,699.46,699.11,699.86,700.13,699.85,699.44,699.08,698.74,699.78,700.17,699.77,663.04,526.17,391.7,260.94,131.22,30.15,25.4,26.46,46.1,39.45,28.73,26.99,25.91,25.66,25.56,25.55,25.38,25.37,25.27,25.25,25.05,25.16,25.09,25.03,25.0,24.97,25.05,25.01,25.24,25.06,25.14,25.12,25.19,25.2,25.14,25.24,25.17,25.14,25.23,25.13,25.11,25.24,-0.55,-0.48,-0.42,-0.46,3.09,12.54,20.03,28.88,38.16,46.25,48.17,54.06,62.39,71.0,71.35,68.2,72.94,80.73,90.54,101.02,120.28,138.34,154.93,173.61,197.88,251.64,346.72,405.65,441.14,463.33,478.81,490.49,499.56,507.42,514.22,519.85,525.21,529.8,533.76,537.86,541.89,545.58,548.94,552.46,556.02,559.32,562.76,566.17,569.53,572.96,576.25,579.17,582.08,584.87,587.53,590.16,592.43,594.21,595.96,597.27,597.96,598.43,598.68,598.34,597.67,596.3,594.75,592.72,590.55,588.39,585.97,583.23,580.14,576.34,571.78,566.57,560.62,554.27,547.88,541.49,535.83,530.92,526.73,523.45,520.64,518.42,516.96,520.12,525.9,532.09,538.34,544.34,542.56,534.56,533.12,531.61,530.56,529.3,528.21,526.97,525.8,524.73,523.47,522.37,521.15,519.86,518.77,517.48,516.31,515.04,513.74,512.61,511.33,510.22,508.97,507.76,506.64,505.33,504.27,503.14,502.1,500.9,499.95,498.87,497.89,496.84,495.86,494.97
20768,20,115.974,31.79,43.53,59.26,530.77,851.35,739.75,709.36,720.7,741.33,748.28,701.69,700.54,716.5,733.44,690.72,634.83,631.45,643.38,622.71,623.03,662.83,682.55,691.7,698.72,699.59,701.81,699.5,698.64,696.66,699.31,696.05,699.97,699.43,699.7,699.62,699.0,699.2,699.63,698.5,699.76,699.98,699.43,699.62,699.92,699.94,699.99,699.74,699.47,699.92,699.75,700.01,699.38,699.82,699.33,699.62,699.72,699.58,699.55,699.64,699.78,699.91,699.99,699.82,699.84,699.84,699.92,699.9,699.84,699.92,699.79,699.94,699.57,699.9,699.83,699.73,700.04,699.75,699.31,699.2,700.41,700.18,699.74,699.45,699.14,698.75,699.67,663.15,525.92,391.87,260.78,131.24,30.08,25.55,26.63,47.18,38.41,28.48,26.87,25.9,25.67,25.76,25.58,25.35,25.37,25.18,25.18,25.07,25.24,25.1,25.12,25.02,25.0,25.02,25.14,24.98,25.07,25.13,25.17,25.22,25.14,25.18,25.1,25.1,25.2,25.24,25.21,25.29,25.2,-0.43,-0.41,-0.55,-0.49,3.12,12.7,20.52,29.65,38.92,47.23,49.15,55.02,63.26,71.95,72.01,68.76,73.38,80.87,84.69,94.19,116.84,137.38,156.08,176.02,204.69,274.79,364.68,416.25,448.36,467.78,481.87,493.02,501.92,509.43,516.14,521.7,526.91,531.44,535.45,539.64,543.44,547.23,550.88,554.28,557.84,561.18,564.71,568.18,571.66,575.24,578.35,581.65,584.47,587.26,589.94,592.37,594.75,596.53,598.07,599.09,599.86,600.37,600.67,600.71,600.03,598.86,597.34,595.73,593.75,591.77,589.5,587.0,584.0,580.38,575.96,570.94,565.27,559.35,553.52,547.75,542.73,538.27,534.78,531.9,529.71,527.9,526.69,530.41,536.52,543.19,549.97,556.48,555.06,547.61,546.31,545.23,544.37,543.28,542.37,541.29,540.47,539.47,538.5,537.5,536.54,535.54,534.54,533.49,532.38,531.35,530.17,529.16,528.05,526.99,525.88,524.85,523.84,522.75,521.86,520.74,519.8,518.83,517.87,516.95,516.01,515.22,514.31,513.42
20769,20,116.045,31.29,42.89,56.71,527.41,850.59,736.85,707.86,718.91,739.24,746.38,699.36,698.18,714.06,731.0,688.53,632.6,629.34,640.76,621.04,621.12,660.45,681.35,691.1,698.99,699.96,701.77,699.36,700.48,694.63,697.62,699.65,696.84,699.89,699.4,699.67,698.98,699.03,699.44,699.66,699.82,699.33,699.98,699.45,700.02,699.55,699.67,699.81,699.73,699.75,699.64,699.18,699.76,699.89,699.4,699.8,699.73,699.59,699.75,699.89,699.83,699.87,699.85,699.81,699.85,699.91,700.01,699.81,699.88,699.81,699.95,699.79,699.31,699.99,699.89,699.55,699.88,699.92,699.67,699.79,699.92,699.69,700.04,699.98,699.57,699.23,699.4,663.01,526.11,392.19,261.12,131.26,29.86,25.4,27.28,48.46,36.63,28.22,26.9,25.93,25.57,25.38,25.6,25.42,25.26,25.3,25.12,25.13,25.18,25.03,25.06,25.03,25.12,25.02,25.15,25.09,25.08,25.06,25.16,25.3,24.93,25.36,25.23,25.19,25.22,25.1,25.35,24.95,25.34,-0.56,-0.45,-0.53,-0.48,2.32,11.86,20.12,29.26,38.91,47.17,49.01,54.99,63.42,72.14,72.43,69.24,73.74,81.33,86.23,94.5,115.21,136.23,154.73,174.45,201.75,267.11,360.22,414.27,446.49,466.8,481.3,492.09,500.85,508.61,515.1,520.81,525.71,530.25,534.47,538.58,542.3,546.05,549.29,552.78,556.11,559.59,562.99,566.59,570.04,573.58,576.84,580.1,583.14,585.98,588.7,591.3,593.73,596.09,598.07,599.41,600.35,600.98,601.47,601.69,601.38,600.74,599.51,598.13,596.42,594.66,592.66,590.46,587.9,584.67,580.82,576.12,570.86,565.19,559.35,553.7,548.5,543.98,540.02,537.09,534.63,532.75,531.61,535.47,542.04,549.18,556.54,563.58,562.58,555.36,554.15,553.12,552.37,551.51,550.52,549.73,548.74,547.81,547.1,546.05,545.21,544.22,543.25,542.4,541.28,540.32,539.33,538.28,537.28,536.29,535.18,534.08,533.24,532.11,531.15,530.15,529.29,528.34,527.37,526.5,525.56,524.7,523.9,523.04
20772,20,116.038,30.15,42.15,57.19,512.82,844.44,735.31,706.51,716.27,735.6,742.09,695.91,695.39,711.75,728.78,686.71,630.98,629.37,639.86,619.26,620.98,659.95,679.81,690.69,699.79,700.1,701.59,697.55,699.93,695.16,697.2,699.5,696.92,699.98,699.65,699.45,699.63,698.47,699.64,699.84,699.07,699.79,699.71,699.71,699.95,699.61,699.92,699.0,699.78,699.77,699.64,699.67,699.67,699.37,699.83,699.87,699.27,699.31,699.71,698.87,699.26,699.8,699.77,699.85,699.9,699.75,699.55,699.94,699.57,699.91,699.79,700.06,700.26,699.91,699.5,699.25,698.99,698.82,700.89,701.18,700.82,700.44,700.2,699.82,699.55,699.21,698.94,662.73,526.42,391.82,261.08,131.33,29.99,25.33,27.68,48.33,36.39,28.24,26.83,25.95,25.84,25.54,25.57,25.3,25.3,25.29,25.21,25.31,25.07,25.1,25.09,25.07,24.9,25.11,24.93,25.23,24.92,25.28,25.17,25.06,25.31,25.18,25.17,25.32,25.27,24.89,25.38,25.24,25.14,-0.33,-0.39,-0.41,-0.37,2.39,12.01,20.2,29.04,37.94,45.9,47.79,53.74,62.14,70.8,71.3,68.14,72.77,80.27,85.21,97.01,117.85,135.86,153.83,173.45,198.85,257.26,352.82,409.93,443.87,465.24,480.48,491.43,500.65,508.34,515.06,520.83,525.77,530.42,534.7,538.65,542.53,546.05,549.45,552.79,556.22,559.69,563.08,566.68,570.25,573.72,577.26,580.55,583.46,586.33,589.11,591.82,594.32,596.43,598.33,599.6,600.55,601.2,601.55,601.71,601.57,600.95,599.73,598.32,596.69,594.95,592.97,590.88,588.44,585.49,581.96,577.7,572.81,567.28,561.48,555.73,550.47,545.68,541.7,538.42,535.87,533.85,532.56,536.41,542.93,550.06,557.67,564.83,563.89,556.56,555.29,554.3,553.53,552.54,551.7,550.75,549.91,548.94,548.2,547.24,546.42,545.4,544.41,543.56,542.57,541.53,540.41,539.56,538.45,537.43,536.38,535.41,534.37,533.4,532.44,531.49,530.53,529.59,528.73,527.76,526.89,526.02,525.17,524.3
20773,20,116.021,29.93,41.82,52.51,490.59,839.95,732.51,702.8,713.38,733.35,740.61,694.77,694.3,710.28,726.85,685.4,629.04,625.83,637.44,617.22,619.99,659.85,679.67,690.5,699.73,700.34,700.48,699.09,698.52,697.53,700.2,695.38,699.73,697.88,699.53,699.07,699.57,699.6,698.59,699.7,699.93,700.05,699.39,699.83,699.79,699.86,700.01,699.38,699.8,699.74,699.51,699.84,699.65,699.44,699.59,699.59,699.69,699.15,699.51,699.18,699.85,699.73,699.76,699.82,699.86,699.82,699.74,699.87,699.73,700.13,699.67,699.2,698.89,700.41,700.73,700.38,700.01,699.75,699.53,699.16,698.97,698.9,701.49,701.79,698.62,698.73,702.95,660.14,525.77,391.79,260.98,130.98,30.09,25.47,30.45,48.65,34.01,27.85,26.63,25.87,25.76,25.6,25.55,25.43,25.34,25.23,25.23,25.14,25.1,24.98,24.95,24.75,25.12,24.86,25.13,25.0,25.04,25.23,24.92,25.06,25.14,25.26,25.14,25.13,25.17,24.98,25.29,25.21,25.23,-0.54,-0.54,-0.55,-0.56,1.84,11.31,18.95,27.67,36.8,44.96,46.78,52.79,60.98,69.71,70.2,67.12,71.7,79.31,83.21,95.9,118.58,136.75,154.41,173.47,195.89,235.95,329.75,396.42,435.84,460.51,476.41,488.93,498.16,506.3,513.23,519.13,524.36,528.92,533.24,537.32,541.24,544.79,548.3,551.7,555.17,558.7,562.15,565.68,569.3,572.81,576.32,579.75,582.8,585.67,588.53,591.24,593.83,596.18,598.18,599.53,600.57,601.11,601.56,601.78,601.55,600.81,599.52,597.95,596.17,594.29,592.39,590.44,588.09,585.33,581.94,578.01,573.39,568.18,562.64,557.04,551.54,546.56,542.1,538.4,535.47,533.16,531.74,535.48,542.06,549.26,556.82,564.1,563.28,555.79,554.38,553.57,552.73,551.76,550.81,549.93,548.94,547.97,547.05,546.16,545.15,544.21,543.26,542.23,541.33,540.18,539.2,538.15,536.96,535.84,534.82,533.7,532.67,531.62,530.6,529.52,528.6,527.62,526.64,525.77,524.83,523.92,523.07,522.17
20774,20,116.007,29.22,41.45,52.26,470.92,840.4,734.07,704.83,715.51,735.77,743.49,697.76,697.35,713.28,729.58,686.76,630.98,627.83,639.11,618.13,619.58,660.01,680.05,690.77,699.65,700.05,700.63,698.83,699.88,695.23,698.07,698.11,696.75,699.78,699.67,699.88,699.99,698.31,699.6,699.67,699.95,699.39,699.95,699.09,699.87,699.8,699.12,699.89,699.75,699.7,699.57,699.88,699.04,699.74,699.65,699.53,699.4,699.57,699.84,699.8,699.96,699.84,699.8,699.96,699.91,699.92,699.86,699.76,700.02,699.67,699.36,700.13,700.02,699.6,699.23,699.04,699.11,700.54,700.41,700.15,699.87,699.51,699.27,698.93,698.87,700.96,701.1,661.61,525.45,391.74,261.1,131.33,29.81,25.6,29.88,47.97,34.58,28.13,26.75,25.93,25.69,25.59,25.48,25.2,25.39,25.19,25.17,25.03,25.03,24.98,25.0,25.04,24.94,24.92,25.03,24.92,25.04,25.22,25.1,25.03,25.18,25.17,25.13,25.36,25.28,25.19,25.24,25.15,25.19,-0.6,-0.55,-0.56,-0.62,1.59,10.91,18.84,27.7,37.09,45.28,47.18,53.19,61.53,70.23,70.6,67.58,72.06,79.44,82.73,92.41,114.77,132.78,150.93,170.19,193.08,237.69,334.22,398.51,437.35,460.93,476.61,488.84,498.23,506.36,513.28,519.3,524.38,528.95,533.44,537.43,541.17,544.96,548.38,551.87,555.42,558.74,562.25,565.68,569.24,572.68,576.1,579.24,582.37,585.12,587.79,590.41,592.82,594.97,596.87,598.07,599.04,599.61,599.94,600.07,599.69,598.88,597.57,595.96,594.2,592.34,590.35,588.13,585.64,582.68,579.21,574.95,570.0,564.59,558.96,553.4,548.18,543.44,539.45,536.21,533.5,531.34,530.11,533.97,540.55,547.71,555.21,562.31,561.39,554.11,552.74,551.92,551.09,550.17,549.23,548.24,547.34,546.47,545.53,544.69,543.7,542.8,541.88,540.87,539.92,538.85,537.88,536.78,535.75,534.76,533.66,532.66,531.61,530.58,529.65,528.66,527.66,526.7,525.78,524.9,523.98,523.16,522.3,521.47
20775,20,115.995,29.02,41.05,52.22,484.51,846.86,736.19,704.92,715.39,736.07,744.26,698.36,697.63,713.61,730.91,688.83,633.03,629.89,641.56,620.67,620.8,660.35,681.84,691.64,699.27,698.04,700.77,699.15,699.41,696.45,698.51,697.3,697.57,699.49,699.48,699.72,698.96,699.11,698.87,699.8,700.0,699.38,699.89,699.91,699.38,699.8,699.41,699.78,699.72,699.66,699.67,699.81,699.85,699.26,699.78,699.48,699.28,699.7,699.54,699.79,699.83,699.79,699.86,699.8,699.79,699.93,699.75,699.87,699.89,699.9,699.96,699.48,699.76,699.8,699.93,699.87,699.76,700.22,699.85,699.53,699.27,699.01,699.03,700.73,700.65,700.18,699.86,662.29,526.18,391.92,261.1,131.15,29.77,25.26,30.18,47.4,35.1,28.15,26.9,25.87,25.74,25.81,25.22,25.48,25.33,25.27,25.19,25.1,24.92,24.99,24.93,25.01,24.93,24.99,24.91,25.11,25.0,24.99,25.1,25.03,25.22,25.48,24.72,25.37,25.33,25.41,25.31,25.21,25.24,-0.46,-0.41,-0.49,-0.47,1.97,10.84,18.24,27.1,36.29,44.57,46.58,52.73,61.15,69.89,70.65,67.6,72.15,79.73,82.8,90.01,110.57,133.25,151.4,170.55,193.05,237.8,333.7,397.61,436.51,460.1,475.66,487.97,497.21,505.25,512.13,518.12,523.23,527.71,532.12,536.27,540.11,543.79,547.39,550.79,554.23,557.61,561.05,564.56,568.04,571.58,574.99,578.29,581.24,584.03,586.79,589.43,591.77,593.9,595.7,596.83,597.57,598.09,598.36,598.37,597.86,596.76,595.31,593.65,591.79,589.96,587.94,585.72,583.29,580.31,576.73,572.43,567.42,561.99,556.33,550.79,545.63,541.06,536.92,533.73,531.2,529.19,527.99,531.67,538.12,545.17,552.59,559.56,558.57,551.13,549.78,548.88,548.01,547.08,546.16,545.23,544.34,543.36,542.51,541.53,540.67,539.68,538.78,537.79,536.72,535.68,534.69,533.66,532.63,531.46,530.45,529.39,528.36,527.41,526.42,525.4,524.52,523.55,522.65,521.71,520.84,519.98,519.11,518.22
20776,20,115.932,30.65,42.75,53.62,492.71,851.75,742.15,714.23,726.03,747.15,755.04,708.08,706.96,722.9,739.64,696.84,640.7,637.39,649.31,630.19,628.42,665.73,684.73,692.81,699.51,699.66,700.8,700.0,698.58,698.39,699.92,695.32,699.67,697.9,699.63,698.77,699.4,699.21,698.9,699.62,699.37,699.94,699.62,699.68,699.88,699.71,699.93,699.21,699.73,699.41,699.83,699.66,699.63,699.69,699.46,699.67,699.61,699.56,699.1,699.82,699.74,699.81,699.84,699.89,699.85,699.84,699.78,699.87,699.88,699.83,699.41,700.12,699.97,699.54,699.22,698.95,699.75,700.77,700.49,699.98,699.72,699.49,699.18,698.91,699.02,701.68,701.58,660.43,525.69,391.94,260.88,131.05,30.03,25.44,31.1,48.46,33.5,27.71,26.7,25.79,25.94,25.5,25.44,25.24,25.16,25.14,25.07,25.1,24.98,25.12,24.9,25.08,24.97,25.15,25.04,25.17,24.99,25.19,25.13,25.14,25.26,25.26,25.26,25.2,25.18,25.21,25.3,25.21,25.12,-0.5,-0.43,-0.44,-0.49,2.05,12.03,20.6,30.21,39.86,48.4,50.28,56.48,65.15,73.85,74.23,70.9,75.68,83.42,89.83,97.47,116.65,136.16,153.04,171.48,192.54,233.18,326.27,392.65,432.88,458.24,474.39,486.97,496.22,504.39,511.4,517.48,522.97,527.8,532.13,536.2,540.25,544.16,547.83,551.54,555.04,558.42,561.89,565.53,569.11,572.58,576.09,579.32,582.2,585.11,587.76,590.5,592.8,594.71,596.34,597.85,598.68,599.47,599.9,600.02,599.65,598.72,597.37,595.61,593.79,591.86,589.67,587.36,584.6,581.4,577.5,572.87,567.49,561.7,555.7,549.79,544.28,539.43,535.31,531.83,529.05,526.68,525.41,528.97,535.19,541.95,549.03,555.77,554.43,546.77,545.17,544.26,543.27,542.18,541.07,540.11,539.09,538.04,537.07,536.09,535.07,534.06,532.97,531.88,530.76,529.66,528.58,527.35,526.26,525.12,523.98,522.98,521.88,520.84,519.78,518.76,517.79,516.71,515.8,514.87,513.87,513.08,512.08,511.2
20777,20,115.937,29.8,42.0,54.53,494.86,852.78,744.98,715.32,725.67,746.29,754.0,707.4,706.81,722.87,739.9,696.75,640.42,636.9,648.54,627.77,626.98,664.92,684.79,692.63,699.59,698.75,700.52,699.44,698.6,697.6,699.92,695.57,699.95,697.39,699.72,699.59,699.54,699.19,699.35,698.97,699.41,700.01,699.73,699.24,699.69,699.65,699.54,699.23,699.6,699.92,699.5,699.7,699.76,699.52,699.49,699.59,699.96,699.02,699.73,699.63,699.85,699.75,699.86,699.77,699.84,699.88,699.96,699.79,699.19,699.69,699.78,699.97,699.98,699.58,699.57,700.34,700.04,699.66,699.31,699.06,698.77,700.44,701.55,701.24,699.85,697.07,702.41,661.58,525.6,391.94,260.77,131.07,29.91,25.84,30.57,48.16,34.12,27.81,26.76,25.81,25.7,25.54,25.37,25.4,25.19,25.22,25.2,25.16,25.12,25.11,25.12,25.07,25.11,24.85,25.14,25.06,25.05,25.07,25.13,25.42,24.88,25.29,25.18,25.2,25.31,25.17,25.32,25.07,25.24,-0.54,-0.5,-0.47,-0.46,2.3,12.08,20.01,29.19,38.58,46.85,48.86,55.07,63.49,72.42,72.91,69.76,74.38,81.9,85.09,92.87,112.63,134.14,152.33,170.92,192.88,234.56,328.16,393.53,432.67,457.74,473.88,486.35,495.59,503.9,510.74,516.92,522.25,527.0,531.18,535.4,539.36,543.16,546.89,550.52,553.88,557.43,560.82,564.27,567.98,571.49,574.83,577.93,580.94,583.57,586.2,588.79,591.11,592.76,594.21,595.44,596.18,596.71,596.89,596.82,596.09,594.79,593.26,591.46,589.51,587.42,585.22,582.81,579.99,576.75,572.74,568.18,562.89,557.22,551.5,545.95,540.79,536.15,532.26,529.24,526.85,524.89,523.66,527.33,533.57,540.33,547.23,553.87,552.48,544.79,543.35,542.36,541.35,540.4,539.28,538.27,537.32,536.33,535.27,534.4,533.32,532.31,531.29,530.17,529.13,528.0,526.95,525.88,524.79,523.76,522.66,521.65,520.51,519.46,518.38,517.4,516.4,515.42,514.53,513.52,512.66,511.76,510.81,510.04
20778,20,115.996,30.47,42.44,59.97,519.75,857.75,743.67,714.33,725.76,746.45,754.58,708.21,706.94,722.79,739.76,697.26,640.74,636.95,648.85,628.87,630.05,666.63,684.36,692.73,699.72,700.2,700.62,699.5,699.0,695.26,697.55,698.47,697.64,698.93,699.21,699.47,699.05,699.5,698.97,699.35,699.5,700.13,699.58,699.39,699.55,700.08,699.52,699.77,699.79,699.45,699.83,699.25,699.76,699.57,699.66,699.58,700.02,699.31,699.84,699.35,699.84,699.89,699.82,699.85,699.66,699.85,699.78,699.88,699.79,700.03,699.82,699.86,700.05,699.58,699.19,699.28,700.69,700.5,700.09,699.87,699.47,699.27,698.97,698.75,701.24,701.66,700.66,661.62,525.82,391.73,260.93,131.22,30.04,25.59,30.44,47.67,34.4,28.06,26.59,25.83,25.7,25.52,25.56,25.39,25.37,25.21,25.11,25.14,25.23,25.16,25.04,25.04,24.92,25.05,25.12,24.96,25.01,25.07,25.35,24.95,25.25,25.21,24.99,25.11,25.22,25.28,25.18,25.2,25.11,-0.44,-0.43,-0.48,-0.52,1.88,10.71,18.48,27.61,37.02,45.2,47.3,53.58,61.97,70.8,71.45,68.43,73.14,80.83,85.39,98.02,118.47,135.75,152.73,171.01,193.27,233.17,326.37,392.56,432.23,457.25,473.91,486.0,495.79,503.71,510.91,517.05,522.28,527.01,531.34,535.47,539.39,543.2,546.8,550.27,553.73,557.32,560.83,564.48,568.13,571.79,575.29,578.69,581.88,584.79,587.8,590.49,593.2,595.44,597.18,598.58,599.67,600.39,600.89,600.99,600.59,599.75,598.52,597.09,595.37,593.65,591.71,589.54,586.99,584.04,580.31,575.85,570.59,565.01,559.19,553.44,548.19,543.46,539.6,536.39,533.67,531.66,530.47,534.28,540.76,547.73,555.01,561.95,560.85,553.24,551.84,550.92,550.06,549.04,548.11,547.17,546.23,545.31,544.26,543.42,542.48,541.5,540.43,539.43,538.42,537.28,536.23,535.15,534.19,533.08,532.05,530.84,529.87,528.83,527.84,526.87,525.81,524.85,523.88,522.98,522.05,521.15,520.3,519.44
20779,20,116.016,30.9,43.01,53.43,506.05,855.97,745.86,717.35,728.29,748.76,756.23,709.26,707.91,722.86,739.01,696.59,639.23,634.76,645.96,624.71,624.41,664.13,683.37,692.29,699.82,699.11,700.95,698.17,698.71,696.63,698.21,697.05,699.19,698.56,699.82,699.27,698.6,699.65,699.31,698.59,699.66,699.99,699.92,699.1,699.57,700.08,699.78,699.79,699.9,699.18,700.02,699.77,699.58,699.53,699.65,699.68,699.63,699.47,699.73,699.62,699.88,699.89,699.82,699.86,700.02,699.76,699.88,699.91,699.85,699.67,700.01,699.63,699.33,700.15,699.97,699.73,699.32,699.05,698.75,700.15,700.89,700.54,700.08,699.87,699.44,699.25,698.87,662.75,526.28,391.76,260.76,131.17,29.99,25.82,31.09,47.95,33.68,27.88,26.53,25.68,25.59,25.49,25.55,25.39,25.29,25.24,25.07,25.18,25.07,25.06,24.92,25.17,25.02,25.0,25.05,25.08,25.07,25.16,24.99,25.17,25.05,25.28,25.2,25.15,25.33,25.21,25.22,25.19,25.23,-0.44,-0.45,-0.44,-0.4,2.48,11.96,19.49,28.57,38.02,46.43,48.33,54.51,62.96,71.75,72.4,69.23,73.72,81.19,84.17,92.57,115.52,135.31,153.45,172.93,196.77,246.32,342.05,402.6,439.04,461.74,477.44,488.95,498.4,506.16,513.0,518.82,523.95,528.47,532.78,536.73,540.66,544.35,547.85,551.07,554.61,558.16,561.56,565.2,568.71,572.3,575.73,579.02,581.92,584.8,587.56,590.16,592.64,594.87,596.7,597.85,598.71,599.26,599.69,599.79,599.35,598.52,597.32,595.83,594.29,592.42,590.36,587.98,584.98,581.18,576.5,571.13,565.21,559.17,553.04,547.48,542.58,538.55,535.4,533.03,531.15,529.65,528.76,532.71,539.24,546.09,553.12,559.85,558.57,551.03,549.71,548.7,547.9,546.98,546.02,545.1,544.18,543.29,542.39,541.5,540.52,539.61,538.52,537.56,536.5,535.49,534.46,533.37,532.31,531.25,530.18,529.22,528.08,527.14,526.16,525.14,524.21,523.23,522.27,521.42,520.57,519.64,518.88,517.95
20781,20,115.994,30.55,42.35,50.47,495.62,841.72,735.79,709.2,721.26,741.71,749.62,703.68,702.82,718.27,734.48,691.31,634.82,631.22,642.43,621.17,620.83,661.73,682.29,691.48,699.16,698.53,701.57,699.05,699.38,695.85,697.65,698.37,698.22,699.54,699.66,699.77,698.94,699.32,699.73,699.68,699.11,699.85,699.83,700.02,699.25,699.83,699.99,699.46,699.77,699.76,699.35,699.66,699.81,699.59,699.31,699.57,699.69,699.55,699.56,699.53,699.8,699.88,699.67,699.89,699.79,699.8,699.82,699.97,699.76,699.58,700.01,699.59,700.02,700.21,699.84,699.47,699.17,698.95,699.3,700.6,700.45,700.17,699.87,699.46,699.23,699.01,698.83,663.31,525.81,391.77,261.02,131.4,29.85,25.48,27.61,48.67,36.25,28.17,26.85,25.78,25.83,25.45,25.56,25.3,25.26,25.26,25.09,25.14,24.93,24.92,25.12,24.85,25.11,24.91,25.14,25.16,24.97,25.25,25.13,25.14,25.21,25.18,25.32,25.21,25.27,25.32,25.19,25.09,25.23,-0.47,-0.52,-0.52,-0.54,2.35,11.74,19.89,28.83,38.18,46.6,48.41,54.63,63.05,71.83,72.23,68.94,73.57,80.96,84.16,90.53,113.66,135.58,154.32,174.12,199.78,261.36,356.06,411.99,445.01,466.07,481.33,492.11,501.27,508.91,515.58,521.36,526.2,530.86,535.08,539.07,542.94,546.59,550.1,553.5,556.85,560.33,563.81,567.23,570.87,574.31,577.7,580.79,583.73,586.52,589.06,591.65,594.0,596.08,597.58,598.65,599.53,599.98,600.28,600.22,599.62,598.51,597.16,595.37,593.63,591.58,589.49,587.26,584.56,581.4,577.58,573.02,567.94,562.36,556.47,550.7,545.44,540.74,536.74,533.49,530.94,528.84,527.54,531.18,537.59,544.44,551.63,558.43,557.28,549.62,548.17,547.15,546.23,545.38,544.33,543.41,542.38,541.5,540.48,539.48,538.6,537.56,536.6,535.5,534.45,533.31,532.3,531.26,530.1,529.01,527.93,526.87,525.83,524.74,523.72,522.82,521.75,520.77,519.77,518.87,518.01,517.02,516.18,515.3
20783,20,116.015,30.4,42.56,56.57,507.38,842.52,734.62,704.62,716.01,736.73,744.72,698.44,698.37,714.68,731.63,689.02,633.06,629.96,641.8,621.16,622.16,661.64,681.03,691.13,699.69,699.83,701.63,698.44,700.11,694.48,697.48,699.65,696.93,699.95,699.61,699.92,699.89,698.45,699.91,699.55,699.34,699.41,699.8,699.84,699.85,699.36,699.65,699.74,699.79,699.47,699.94,699.85,699.9,699.18,699.53,699.83,699.55,699.93,699.35,699.82,699.9,699.88,699.9,699.79,699.79,699.96,699.87,699.72,699.87,699.82,699.85,699.61,699.97,699.87,699.72,699.99,699.8,699.57,699.27,699.41,700.22,700.02,699.7,699.35,699.03,698.83,699.66,663.08,526.04,391.89,261.16,131.3,29.95,25.38,28.89,49.03,34.92,27.98,26.61,25.83,25.68,25.73,25.64,25.31,25.29,25.2,24.97,25.36,24.97,24.97,25.01,24.98,25.03,24.97,25.23,25.01,25.13,25.0,25.01,25.14,25.37,25.22,25.08,25.1,25.09,25.28,25.27,25.27,25.19,-0.49,-0.47,-0.46,-0.5,2.72,12.22,20.0,28.81,38.07,46.39,48.16,54.34,62.65,71.35,71.78,68.53,73.16,80.7,84.97,95.2,117.46,136.05,154.15,173.82,199.48,258.56,353.58,410.3,444.34,465.58,480.78,491.94,501.12,508.88,515.58,521.38,526.32,530.89,535.15,539.29,543.01,546.74,550.25,553.58,556.92,560.51,563.96,567.43,571.01,574.58,578.0,581.24,584.24,586.95,589.72,592.36,594.78,597.08,598.68,599.92,600.83,601.51,601.86,601.9,601.61,600.66,599.33,597.78,595.9,593.95,591.93,589.47,586.71,583.29,579.34,574.65,569.32,563.45,557.64,551.79,546.59,541.86,538.09,534.84,532.5,530.47,529.31,533.08,539.67,546.63,553.9,560.78,559.63,552.16,550.81,549.83,548.97,548.08,547.06,546.16,545.16,544.22,543.33,542.41,541.38,540.43,539.49,538.42,537.4,536.34,535.25,534.22,533.13,532.09,530.99,529.94,528.93,527.86,526.87,525.96,524.92,523.93,523.06,522.08,521.1,520.28,519.4,518.61
20784,20,116.12,30.23,41.74,51.33,507.51,840.89,733.45,706.5,719.26,740.26,747.36,700.57,699.64,715.12,731.51,688.42,632.13,628.42,639.93,621.06,620.74,660.28,681.32,690.79,699.69,700.7,702.03,700.22,700.58,698.2,696.9,699.36,696.87,699.91,699.5,699.21,699.41,699.03,699.37,699.7,699.68,699.53,699.96,699.46,699.97,699.48,699.75,699.9,699.83,699.84,699.99,699.66,699.54,699.78,699.59,699.42,699.5,699.8,699.16,699.77,699.85,699.89,699.99,699.94,699.87,699.91,699.98,700.05,699.86,699.91,699.83,700.18,699.75,699.35,699.92,699.79,699.65,699.91,700.03,699.71,699.4,699.91,700.17,699.83,699.44,699.08,698.71,662.85,526.25,392.1,261.16,131.3,29.95,25.42,26.41,46.0,39.31,28.33,27.12,25.94,25.9,25.57,25.61,25.28,25.32,25.13,25.17,25.2,25.1,25.16,25.03,25.04,25.09,25.12,25.09,25.11,25.19,25.13,25.07,25.31,25.27,25.08,25.49,25.27,25.13,25.12,25.28,25.11,25.12,-0.41,-0.37,-0.39,-0.4,2.51,12.24,20.68,30.12,39.69,47.6,49.59,55.64,63.91,72.79,73.04,69.64,74.34,81.96,88.24,96.13,116.83,137.68,156.32,176.98,205.26,277.0,368.08,420.51,451.65,470.74,484.23,494.85,503.37,510.94,517.12,522.78,527.57,531.85,536.21,540.27,543.87,547.44,550.83,554.15,557.5,560.92,564.36,567.97,571.61,575.02,578.59,581.89,584.97,587.81,590.71,593.46,595.97,598.43,600.63,602.28,603.41,604.26,604.87,605.21,605.28,604.75,603.97,602.67,601.28,599.58,597.67,595.48,593.05,589.81,586.13,581.5,576.25,570.46,564.66,558.8,553.41,548.49,544.54,541.32,538.6,536.66,535.36,539.36,545.97,553.52,561.22,568.44,567.66,560.36,559.3,558.33,557.58,556.68,555.85,554.93,554.03,553.25,552.43,551.58,550.66,549.78,548.81,547.92,546.89,545.83,544.87,543.8,542.85,541.81,540.75,539.8,538.69,537.83,536.75,535.89,534.99,534.03,533.06,532.19,531.29,530.41,529.59,528.76
20785,20,116.121,30.12,42.04,51.94,504.41,836.45,729.43,700.79,713.27,733.64,741.28,695.51,694.55,710.37,726.8,683.56,627.31,623.72,634.5,613.73,615.15,656.41,678.29,689.55,699.63,701.01,702.7,697.83,699.95,698.63,694.97,699.57,697.47,700.14,698.71,699.78,699.47,698.78,699.64,699.96,699.1,699.54,699.78,699.83,699.79,699.58,699.91,699.83,699.67,699.78,699.75,699.93,699.8,699.72,699.79,699.63,699.84,699.51,699.69,699.4,699.67,699.84,699.88,699.94,699.8,699.8,699.83,700.03,700.04,699.54,699.61,699.97,699.74,699.98,699.82,699.54,699.29,699.92,700.35,699.93,699.44,699.18,698.94,699.24,700.7,700.53,700.03,662.24,525.81,391.75,260.97,131.05,29.72,25.35,26.97,46.29,38.83,28.45,27.14,26.08,25.68,25.61,25.41,25.38,25.3,25.1,25.19,25.22,25.1,25.02,25.08,24.82,25.21,24.88,24.98,24.95,25.05,25.22,24.99,25.2,25.27,25.22,25.29,25.26,25.17,25.18,25.24,25.12,25.24,-0.56,-0.5,-0.52,-0.53,2.72,12.3,19.82,28.78,37.99,46.31,48.26,54.29,62.54,71.13,71.53,68.26,72.8,80.17,83.59,92.54,115.02,136.43,155.71,177.05,207.19,285.46,374.23,424.89,454.4,472.7,486.54,496.77,505.56,512.85,519.03,524.44,529.27,533.64,537.92,541.89,545.53,549.05,552.29,555.69,559.05,562.47,565.81,569.3,572.86,576.43,579.86,583.09,586.22,588.92,591.64,594.36,596.93,599.04,600.95,602.43,603.43,604.01,604.24,604.44,604.17,603.55,602.4,601.05,599.34,597.58,595.64,593.25,590.59,587.41,583.46,578.97,573.77,568.19,562.27,556.56,551.16,546.62,542.74,539.66,537.1,535.04,533.88,537.92,544.66,551.98,559.58,566.87,565.93,558.6,557.56,556.64,555.82,554.9,554.02,553.27,552.45,551.54,550.66,549.88,549.05,548.17,547.2,546.14,545.19,544.23,543.22,542.3,541.31,540.3,539.29,538.31,537.26,536.22,535.26,534.31,533.47,532.54,531.58,530.6,529.78,529.04,528.08,527.26
20786,20,116.064,29.87,41.01,46.96,445.79,822.01,722.68,696.85,709.7,731.02,739.01,693.18,692.21,708.01,724.46,682.0,626.14,622.64,634.17,615.56,615.86,655.34,677.94,690.33,699.67,699.12,702.12,697.87,700.05,699.63,699.02,697.47,698.9,699.15,699.17,699.02,699.68,699.69,698.41,699.82,699.86,699.88,699.81,700.01,699.64,699.91,699.76,699.38,699.69,699.78,699.96,699.47,699.43,699.61,699.63,699.72,699.54,699.36,699.84,699.21,699.79,699.74,699.88,699.79,699.78,699.72,699.84,700.05,699.56,699.84,699.83,699.47,700.08,699.86,699.47,699.15,699.01,701.23,701.12,700.84,700.36,700.17,699.86,699.43,699.09,698.75,699.0,663.03,526.06,392.04,261.08,130.85,29.93,25.69,29.86,48.41,34.26,28.16,26.62,25.79,25.68,25.46,25.75,25.46,25.37,25.47,24.8,25.16,25.23,25.12,24.92,25.1,24.93,25.05,25.01,25.03,25.09,25.14,25.13,25.3,25.13,25.14,25.2,25.27,25.2,25.13,25.37,25.25,25.21,-0.57,-0.5,-0.45,-0.55,2.32,12.66,21.17,30.64,40.22,48.56,50.14,56.35,64.8,73.45,73.67,70.26,74.94,82.73,88.78,96.76,115.19,135.67,155.0,175.87,201.54,272.32,366.17,420.17,453.04,473.06,486.67,497.89,506.42,514.1,520.52,526.03,530.8,535.31,539.48,543.44,547.3,550.79,554.11,557.45,560.74,564.17,567.54,570.88,574.4,577.77,580.94,584.21,587.05,589.75,592.26,594.68,596.99,599.05,600.64,601.89,602.66,603.28,603.5,603.58,603.21,602.25,600.88,599.25,597.29,595.28,593.0,590.46,587.55,584.2,580.05,575.23,569.57,563.49,557.34,551.58,546.22,541.42,537.63,534.38,531.8,529.84,528.51,532.19,538.6,545.5,552.66,559.36,558.09,550.4,548.93,547.94,547.0,546.12,545.13,544.12,543.18,542.28,541.21,540.21,539.35,538.3,537.15,536.13,534.98,533.88,532.88,531.75,530.69,529.7,528.5,527.45,526.37,525.32,524.17,523.27,522.3,521.23,520.21,519.31,518.28,517.41,516.63,515.86
20788,20,116.164,30.45,42.36,52.09,469.07,830.73,726.16,698.02,709.35,729.72,737.59,691.57,690.96,706.89,723.49,681.03,625.21,621.82,633.44,613.2,614.72,655.83,677.85,689.36,699.58,700.78,702.22,698.26,698.64,699.53,699.41,697.15,698.66,699.23,699.93,698.26,699.56,699.64,698.78,699.8,699.81,699.87,699.3,699.82,699.23,699.95,699.26,699.78,699.91,699.42,699.95,699.8,699.4,699.69,699.74,699.31,699.7,699.16,699.41,699.79,699.83,699.82,699.83,699.88,699.86,699.96,699.89,699.86,699.93,700.05,699.92,699.58,699.41,700.04,699.9,699.52,699.23,699.79,700.41,700.12,699.82,699.44,699.13,698.86,699.29,700.62,700.35,662.0,525.97,392.06,261.1,131.07,29.91,25.4,30.73,48.51,33.62,27.89,26.57,25.86,25.71,25.86,25.51,25.51,25.31,25.13,25.26,25.06,25.01,25.08,25.01,25.19,24.89,25.09,25.07,24.99,25.16,25.14,25.14,25.17,25.1,25.19,25.18,25.27,25.28,25.07,25.19,25.16,25.09,-0.37,-0.53,-0.54,-0.5,2.37,12.27,20.19,29.24,38.51,46.77,48.19,54.08,62.43,70.77,71.09,67.79,72.26,79.58,83.48,92.59,114.01,134.42,153.32,173.66,199.2,259.22,355.78,413.3,447.49,468.46,482.77,494.14,502.78,510.6,517.03,522.69,527.44,531.89,536.24,540.12,543.79,547.11,550.49,553.85,557.07,560.57,564.0,567.44,571.05,574.54,578.05,581.49,584.45,587.57,590.27,593.02,595.54,597.98,600.29,602.05,603.38,604.27,604.91,605.15,605.24,604.78,604.06,603.0,601.53,599.92,598.19,596.08,593.67,590.68,586.94,582.57,577.55,571.8,565.94,560.16,554.73,550.05,546.11,542.86,540.29,538.26,537.13,541.25,548.34,555.91,563.93,571.4,570.69,563.16,561.83,561.09,560.33,559.56,558.75,557.9,557.1,556.39,555.52,554.67,553.91,553.0,552.11,551.14,550.23,549.26,548.2,547.33,546.29,545.21,544.28,543.39,542.33,541.25,540.44,539.52,538.54,537.75,536.89,535.92,535.13,534.29,533.48,532.67
20789,20,116.12,30.25,41.76,53.12,473.47,829.55,729.02,701.02,712.43,733.05,740.28,694.0,693.22,708.78,725.48,682.62,626.38,622.78,634.23,613.95,615.26,655.84,678.41,689.34,699.54,700.72,702.25,697.93,698.16,698.07,699.34,696.22,700.06,698.37,699.51,699.57,698.99,699.17,699.64,698.67,699.76,699.8,699.49,699.71,699.95,699.72,699.85,699.87,699.43,699.8,699.5,699.86,699.81,699.27,699.67,699.54,699.26,699.4,699.78,698.96,699.75,699.89,699.84,699.78,699.7,699.8,699.9,699.76,699.98,699.78,699.76,699.97,699.63,699.18,700.11,700.61,700.24,699.83,699.51,699.27,698.91,698.74,701.26,701.65,700.17,697.22,702.38,661.46,525.68,391.7,260.93,130.93,29.99,25.67,30.28,48.15,34.23,27.94,26.82,25.76,25.7,25.6,25.61,25.42,24.94,25.27,25.16,25.1,25.04,24.98,24.95,25.04,25.08,24.97,25.07,25.1,25.12,25.05,25.06,25.14,25.12,25.1,25.27,25.33,25.24,25.16,25.08,25.16,25.13,-0.51,-0.55,-0.58,-0.52,2.44,12.39,20.72,29.8,39.0,46.94,48.72,54.5,62.73,71.33,71.52,68.06,72.53,79.8,83.65,92.48,113.13,134.68,153.44,173.82,200.29,264.14,358.92,414.38,447.38,467.98,482.34,493.41,502.07,509.66,516.21,521.69,526.59,531.09,535.19,539.3,542.92,546.39,549.79,553.12,556.41,559.78,563.16,566.53,570.02,573.61,577.08,580.49,583.41,586.27,589.02,591.77,594.25,596.6,598.66,600.18,601.42,602.24,602.63,602.85,602.77,602.28,601.39,600.11,598.54,596.81,594.92,592.78,590.33,587.23,583.54,579.05,573.95,568.44,562.77,557.13,551.74,546.99,542.88,539.61,537.08,535.02,533.84,537.96,544.91,552.4,560.15,567.71,566.95,559.55,558.34,557.56,556.85,556.0,555.21,554.27,553.55,552.73,551.87,551.0,550.26,549.31,548.41,547.43,546.55,545.53,544.45,543.59,542.49,541.57,540.48,539.47,538.52,537.61,536.65,535.66,534.74,533.83,533.06,532.11,531.23,530.38,529.47,528.68
20791,20,116.245,29.73,41.32,49.22,467.52,825.12,723.96,697.47,709.34,729.16,735.34,688.41,687.89,703.74,720.1,677.28,621.64,618.11,629.33,608.98,611.13,652.59,675.96,688.33,699.72,701.14,702.55,694.79,697.35,698.72,699.94,696.29,699.85,699.12,699.53,699.13,699.67,699.61,698.73,699.66,699.79,700.05,698.85,699.92,699.44,699.93,699.83,699.56,699.69,699.8,699.37,699.8,699.76,699.61,699.46,699.59,699.63,699.33,699.77,699.33,699.86,699.85,699.73,699.87,699.9,699.89,699.88,699.87,699.85,700.02,699.64,699.17,699.41,700.67,700.43,700.01,699.72,699.51,699.23,698.93,698.99,700.71,700.79,700.54,700.18,699.76,699.48,662.33,526.38,392.01,261.11,131.03,29.7,25.68,27.23,47.17,37.57,28.49,27.05,25.86,25.76,25.91,25.1,25.59,25.19,25.28,25.05,25.13,25.32,24.69,25.1,24.99,24.9,24.99,25.16,25.11,24.96,25.09,25.04,25.02,25.29,25.17,25.21,25.13,25.2,25.12,25.21,25.29,25.32,-0.28,-0.43,-0.28,-0.36,2.1,11.97,20.39,29.4,38.49,46.01,47.82,53.71,62.06,70.6,70.86,67.47,72.01,79.3,83.45,92.48,113.23,134.63,154.16,175.64,204.19,278.19,369.95,422.47,453.43,472.97,486.43,497.37,505.75,513.29,519.52,524.59,529.52,533.95,537.9,541.69,545.19,548.43,551.78,555.1,558.43,561.77,565.21,568.68,572.3,575.74,579.28,582.79,585.94,588.9,591.56,594.23,596.88,599.33,601.41,603.33,604.79,605.83,606.54,606.87,606.86,606.5,605.89,605.02,603.76,602.37,600.77,598.92,596.56,593.67,590.26,586.04,581.15,575.83,570.07,564.45,559.05,554.11,550.04,546.7,544.04,542.02,540.89,545.14,552.47,560.45,568.87,576.92,576.37,569.28,568.38,567.54,566.87,566.2,565.4,564.65,563.96,563.25,562.5,561.77,560.99,560.23,559.41,558.54,557.63,556.69,555.78,554.85,553.83,552.95,551.98,551.02,550.12,549.21,548.24,547.37,546.41,545.68,544.74,543.95,543.08,542.29,541.5,540.66
20792,20,116.172,30.24,42.15,50.42,452.67,823.22,721.35,694.05,705.57,725.79,732.67,686.97,686.26,702.14,718.87,676.1,620.55,617.18,628.5,608.24,610.67,652.14,675.81,688.72,699.6,701.0,702.44,696.9,698.67,699.93,698.28,698.78,697.8,699.67,699.39,699.08,699.16,699.55,699.17,699.62,700.04,699.52,699.84,699.48,699.62,699.78,699.61,699.72,699.81,699.67,699.84,699.88,699.53,699.65,699.55,699.6,699.38,699.23,699.77,699.39,699.86,699.83,699.9,699.91,699.93,699.87,699.96,699.79,699.92,699.98,699.94,699.98,699.64,699.62,700.12,699.78,699.5,699.09,699.34,700.22,700.07,699.62,699.31,699.02,698.71,700.02,700.27,662.37,525.95,392.03,260.95,131.4,29.72,25.54,29.79,48.47,34.83,28.1,26.67,26.06,25.81,25.56,25.41,25.42,25.2,25.12,25.08,25.04,25.0,25.09,24.99,25.1,25.05,25.09,25.26,24.82,25.09,25.08,25.12,25.11,25.17,25.26,25.22,25.13,25.3,25.12,25.07,25.16,25.2,-0.43,-0.45,-0.35,-0.41,2.35,12.24,20.26,29.16,38.04,46.05,47.84,53.81,61.97,70.36,70.61,67.32,71.8,79.0,83.07,92.2,112.71,134.27,153.25,173.97,201.04,269.9,364.64,419.09,451.72,471.76,485.61,496.49,505.04,512.62,518.98,524.47,529.25,533.68,537.94,541.87,545.39,548.83,552.24,555.59,558.87,562.14,565.5,569.01,572.53,576.11,579.67,582.91,586.04,589.01,591.8,594.72,597.33,599.81,601.88,603.82,605.05,606.01,606.45,606.87,606.9,606.45,605.7,604.54,602.98,601.39,599.5,597.43,594.97,591.99,588.37,584.05,579.03,573.46,567.51,561.46,555.8,550.68,546.34,542.71,539.76,537.37,535.98,540.06,547.12,554.83,562.84,570.61,569.82,562.43,561.26,560.43,559.65,558.85,557.95,557.07,556.22,555.43,554.58,553.66,552.86,551.98,551.03,550.06,549.11,548.03,547.08,546.01,545.02,543.98,542.96,541.93,540.94,539.91,538.93,537.92,537.06,536.09,535.26,534.31,533.51,532.56,531.77,530.86
20794,20,116.12,30.36,42.14,53.54,458.89,827.46,727.06,697.9,708.77,729.22,735.96,690.05,689.96,706.2,723.01,680.82,625.59,622.47,634.09,614.04,616.38,657.19,678.03,689.43,699.7,700.78,701.94,698.07,699.2,699.79,698.86,698.12,698.33,699.49,699.87,698.9,699.58,699.54,699.03,699.79,699.98,699.66,699.56,699.69,699.67,699.84,699.31,699.63,699.84,699.69,699.54,699.92,699.26,699.73,699.64,699.63,698.91,699.28,699.74,699.5,699.95,699.89,699.73,699.71,699.97,699.8,699.79,699.85,699.87,699.87,700.07,699.78,699.83,699.82,699.76,699.97,699.73,699.66,699.92,699.66,699.91,700.07,699.6,699.35,699.26,700.1,699.66,662.51,526.36,392.02,261.07,131.27,29.73,25.69,31.08,48.45,33.43,27.98,26.62,25.87,25.72,25.42,25.66,25.28,25.14,25.1,25.08,25.0,25.12,24.86,25.09,25.05,25.11,24.77,25.14,25.11,25.18,25.18,25.14,25.03,25.33,25.38,25.07,25.28,25.16,25.27,25.42,25.02,25.27,-0.4,-0.39,-0.34,-0.33,1.97,11.73,19.86,28.96,37.84,45.38,46.95,52.96,61.28,69.72,70.11,67.07,71.6,78.93,82.68,92.58,114.81,133.85,152.34,172.17,197.17,252.86,350.09,409.31,445.04,466.81,481.41,493.08,501.79,509.65,516.16,521.91,526.88,531.1,535.51,539.54,543.34,546.78,550.2,553.37,556.8,560.12,563.51,567.06,570.64,574.06,577.61,580.96,584.1,587.0,589.79,592.43,594.92,597.3,599.39,600.95,602.17,602.87,603.37,603.58,603.38,602.94,602.08,600.74,599.12,597.43,595.48,593.4,590.87,587.9,584.32,579.8,574.82,569.2,563.43,557.73,552.23,547.39,543.39,540.09,537.48,535.36,534.11,538.26,545.16,552.87,560.79,568.28,567.36,559.95,558.73,557.99,557.24,556.39,555.64,554.7,553.93,553.11,552.22,551.48,550.63,549.78,548.81,547.88,546.89,545.98,544.83,543.92,542.91,541.88,540.79,539.91,538.85,537.82,536.95,535.92,535.04,534.19,533.22,532.32,531.45,530.64,529.78,528.98
20795,20,116.09,29.79,41.82,52.87,477.02,836.05,731.64,702.24,712.54,732.83,740.56,694.72,694.17,709.82,726.92,684.76,629.37,626.46,637.66,616.72,618.17,659.03,679.52,690.46,699.72,700.9,701.52,697.31,698.17,699.17,699.62,697.43,698.76,699.36,699.81,698.57,699.77,699.65,698.42,699.98,699.56,699.59,699.33,699.91,699.66,699.79,699.26,699.62,699.75,699.92,700.02,699.34,699.84,699.8,699.46,699.16,699.29,699.68,699.55,699.72,699.89,699.72,699.77,699.88,699.77,699.92,699.93,699.76,699.88,699.93,699.91,699.54,699.82,699.94,699.71,699.26,699.51,700.23,699.91,699.7,699.28,699.03,698.76,700.4,700.67,700.35,699.93,662.06,526.17,392.02,261.02,130.92,30.0,25.48,31.89,48.49,32.72,27.79,26.53,25.84,25.81,25.55,25.51,25.18,25.34,24.94,25.37,25.08,25.05,25.11,25.05,24.97,24.92,24.85,25.05,25.04,25.04,25.07,25.29,24.96,25.32,25.07,25.27,25.16,25.35,25.24,25.05,25.36,25.1,-0.42,-0.41,-0.5,-0.56,1.92,11.86,19.41,28.39,37.56,45.6,47.36,53.45,61.77,70.41,70.79,67.63,72.16,79.62,82.81,92.33,115.53,134.59,152.91,172.23,196.04,245.1,342.16,404.33,441.46,464.4,479.58,491.57,500.64,508.58,515.35,521.19,526.12,530.56,535.01,539.05,542.89,546.37,549.93,553.32,556.79,560.22,563.69,567.1,570.77,574.34,577.79,580.98,584.0,586.78,589.51,592.24,594.6,596.84,598.77,600.18,601.04,601.73,602.18,602.41,602.23,601.35,600.12,598.48,596.78,594.85,592.65,590.35,587.46,584.06,580.01,575.23,569.65,563.68,557.64,551.82,546.51,541.99,538.17,535.06,532.62,530.71,529.59,533.51,540.14,547.3,554.68,561.61,560.44,552.7,551.37,550.44,549.55,548.64,547.75,546.78,545.88,544.96,544.03,543.1,542.12,541.15,540.21,539.05,538.18,537.12,536.08,534.94,533.91,532.81,531.74,530.74,529.72,528.62,527.55,526.54,525.57,524.62,523.66,522.71,521.85,521.05,520.08,519.2
20796,20,116.093,29.9,41.43,53.26,482.08,838.56,733.86,705.48,717.14,738.16,745.94,698.92,697.27,712.71,729.61,686.64,630.55,626.8,637.96,617.85,618.92,659.18,679.88,690.3,699.6,700.25,701.44,698.35,698.54,698.78,699.79,696.28,699.61,698.89,699.37,699.16,699.67,699.49,698.86,699.73,699.54,699.9,699.09,699.84,699.43,699.68,699.93,699.47,699.6,699.92,699.5,699.89,699.93,698.79,699.77,699.1,699.5,699.64,699.2,699.68,699.72,699.82,699.88,699.67,699.77,699.91,700.04,699.45,699.88,699.97,699.47,699.02,698.75,699.21,700.55,700.48,700.14,699.79,699.5,699.22,698.91,698.94,701.18,701.32,700.94,699.14,697.54,663.34,526.1,392.1,261.17,130.95,30.17,25.4,31.49,48.09,33.4,27.84,26.64,25.88,25.79,25.51,25.46,25.18,25.19,25.2,25.2,25.13,25.07,24.99,25.07,24.87,24.94,24.82,24.91,25.01,24.97,25.12,25.01,25.11,25.14,25.19,25.26,25.12,25.25,24.99,25.16,25.3,25.29,-0.46,-0.44,-0.46,-0.4,1.96,11.71,19.9,29.22,38.72,46.86,48.52,54.33,62.51,71.22,71.58,68.32,72.91,80.41,84.44,93.75,115.6,135.09,153.41,173.16,197.42,251.53,348.39,407.98,443.9,465.84,480.75,492.59,501.43,509.35,515.99,521.68,526.56,531.14,535.41,539.58,543.33,546.75,550.22,553.6,556.91,560.37,563.7,567.26,570.7,574.3,577.77,581.02,583.99,586.78,589.55,592.26,594.72,596.95,598.89,600.45,601.47,602.13,602.55,602.85,602.7,602.08,600.97,599.51,597.84,596.02,593.96,591.75,589.06,585.82,581.78,577.12,571.86,566.05,560.34,554.6,549.5,544.85,541.06,538.03,535.76,533.97,532.86,537.1,544.07,551.57,559.25,566.58,565.71,558.09,556.86,556.04,555.28,554.36,553.6,552.67,551.83,551.04,550.13,549.28,548.5,547.6,546.56,545.66,544.62,543.72,542.62,541.65,540.6,539.55,538.63,537.58,536.48,535.6,534.65,533.66,532.82,531.83,530.89,530.07,529.1,528.32,527.41,526.65
20797,20,116.144,30.28,41.77,53.0,499.34,842.62,734.19,704.76,715.44,735.4,742.79,696.76,696.53,712.35,728.46,685.75,629.91,626.52,637.82,616.9,618.03,658.99,680.02,690.62,699.69,698.96,701.57,699.12,699.2,697.48,697.9,697.79,699.12,699.52,700.04,699.25,698.61,699.77,699.49,698.58,699.57,699.9,699.98,699.34,699.64,699.98,699.74,699.83,699.79,699.86,699.34,699.74,699.67,699.59,699.34,699.62,699.73,699.33,699.8,699.24,699.88,699.93,699.85,699.83,699.93,699.97,699.84,699.76,699.89,699.86,699.84,699.57,700.03,699.77,699.46,699.43,700.36,700.24,699.87,699.46,699.19,698.9,699.21,700.68,700.57,700.25,699.95,662.37,526.02,391.98,260.84,130.96,30.05,25.65,27.9,47.86,36.47,28.33,27.06,26.0,25.68,25.58,25.43,25.22,25.22,25.09,25.09,25.06,25.06,25.0,24.72,25.08,25.01,25.01,24.98,25.07,25.1,24.84,25.28,25.05,25.21,25.18,25.11,25.14,25.2,25.15,25.03,25.18,25.23,-0.34,-0.41,-0.35,-0.37,2.41,12.07,19.63,28.41,37.34,45.32,47.23,53.13,61.67,70.36,70.77,67.68,72.16,79.52,82.81,91.51,114.57,135.5,154.27,174.56,200.23,261.43,357.24,413.55,446.88,467.59,482.39,493.24,502.12,509.8,516.27,521.76,526.65,531.14,535.39,539.31,542.97,546.37,549.84,553.17,556.48,559.95,563.39,566.9,570.43,574.08,577.66,580.92,584.07,586.93,589.8,592.59,595.17,597.39,599.4,600.99,601.99,602.71,603.07,603.13,603.02,602.4,601.36,600.04,598.5,596.78,594.8,592.68,590.05,586.73,582.79,578.12,572.72,566.97,561.12,555.48,550.36,545.98,542.28,539.31,536.98,535.1,534.09,538.38,545.22,552.69,560.46,567.99,566.99,559.39,558.09,557.27,556.55,555.69,554.93,553.98,553.22,552.37,551.56,550.71,549.8,548.98,548.07,547.06,546.29,545.2,544.17,543.16,542.26,541.2,540.25,539.14,538.25,537.29,536.38,535.43,534.46,533.58,532.69,531.8,530.91,530.12,529.2,528.34
20798,20,116.157,29.29,41.43,49.27,474.64,837.47,733.44,706.43,718.2,737.77,745.01,698.55,697.51,713.06,729.12,686.08,629.52,625.72,637.04,616.36,617.22,657.16,679.05,689.78,699.7,700.68,701.89,698.02,699.3,699.5,699.42,697.14,698.68,699.36,699.41,698.28,699.54,699.56,698.56,699.73,699.95,699.38,699.31,699.77,699.39,700.14,698.87,699.67,699.91,699.59,699.66,699.76,699.66,699.0,699.7,699.19,699.52,699.72,699.42,699.58,699.74,699.93,699.94,699.93,699.83,699.97,700.01,699.87,699.84,699.76,699.9,700.02,699.77,699.92,699.68,699.78,699.96,699.55,699.97,700.15,699.75,699.32,698.96,699.97,700.41,699.8,699.48,662.43,526.45,391.98,261.08,131.06,29.91,25.54,30.05,48.1,34.47,27.99,26.57,25.87,25.6,25.6,25.49,25.43,25.29,25.35,25.11,25.06,25.0,25.03,25.12,24.83,25.02,25.04,24.81,25.05,25.12,24.98,25.22,25.17,25.08,25.26,25.09,25.31,25.19,25.17,25.26,25.09,25.09,-0.48,-0.5,-0.56,-0.5,2.15,11.75,19.87,29.03,38.38,46.59,48.46,54.33,62.77,71.43,71.68,68.42,72.92,80.47,84.63,93.27,113.66,134.52,153.16,173.31,198.42,255.98,352.89,411.21,446.45,467.58,481.94,493.38,502.21,510.03,516.49,522.24,527.08,531.43,535.83,539.83,543.52,546.89,550.37,553.68,557.09,560.31,563.89,567.42,571.03,574.64,578.14,581.62,584.91,587.8,590.65,593.66,596.45,598.97,601.11,603.01,604.45,605.4,606.01,606.44,606.5,606.09,605.5,604.41,602.97,601.52,599.74,597.57,594.99,591.92,588.09,583.49,578.22,572.42,566.43,560.52,555.03,550.12,546.03,542.61,539.95,537.91,536.78,541.0,548.1,555.88,563.85,571.38,570.59,563.09,561.77,560.93,560.21,559.35,558.46,557.6,556.9,556.05,555.18,554.32,553.56,552.67,551.77,550.76,549.76,548.75,547.82,546.82,545.73,544.66,543.69,542.68,541.72,540.86,539.76,538.85,537.95,537.08,536.09,535.25,534.41,533.6,532.66,531.8
20799,20,116.037,30.32,41.68,50.32,462.08,832.19,729.5,702.73,714.85,736.05,744.34,698.58,698.41,714.28,730.92,688.59,632.51,629.27,640.6,621.13,621.23,660.28,681.28,691.11,699.85,699.34,701.07,698.21,699.85,700.37,698.35,699.47,697.85,699.72,699.6,699.14,699.26,699.13,699.46,699.77,700.02,699.3,699.82,699.46,699.9,699.86,699.5,699.82,699.82,699.99,699.79,699.89,699.24,699.71,699.49,699.44,699.36,699.46,699.88,699.75,699.81,699.83,699.83,699.82,699.92,699.96,699.96,699.88,699.76,699.77,699.78,699.8,700.01,699.51,700.01,699.79,699.53,700.05,699.97,699.55,699.51,700.09,699.82,699.52,699.19,699.74,700.01,662.78,526.3,392.0,261.19,131.31,29.81,25.58,31.3,48.01,33.37,27.9,26.67,25.94,25.81,25.6,25.36,25.37,25.09,25.27,25.16,25.05,24.99,25.0,24.83,24.98,24.95,25.04,24.84,24.95,25.07,24.93,25.18,25.11,25.38,25.01,25.34,25.31,25.35,25.28,25.32,25.08,24.89,-0.34,-0.29,-0.34,-0.4,1.87,11.74,20.15,29.58,39.04,47.41,49.28,55.45,63.92,72.57,72.88,69.66,74.1,81.82,87.31,95.65,115.51,135.69,153.25,172.61,194.58,242.52,339.25,402.3,441.12,464.26,479.8,491.58,500.87,508.9,515.63,521.58,526.77,531.31,535.74,539.94,543.74,547.33,550.77,554.13,557.6,560.94,564.36,567.87,571.36,574.95,578.29,581.26,584.22,586.93,589.54,591.98,594.29,596.37,598.21,599.47,600.42,601.04,601.57,601.68,601.31,600.44,599.07,597.47,595.57,593.44,591.29,588.79,585.94,582.47,578.49,573.69,568.2,562.45,556.45,550.66,545.28,540.5,536.51,533.34,530.9,528.76,527.4,531.38,537.96,545.15,552.57,559.48,558.34,550.55,549.06,548.14,547.4,546.31,545.32,544.4,543.55,542.58,541.62,540.74,539.8,538.83,537.74,536.66,535.7,534.6,533.46,532.49,531.32,530.27,529.23,528.09,527.02,526.03,525.02,523.92,522.99,522.07,521.08,520.14,519.21,518.38,517.4,516.62
20800,20,116.14,29.28,41.65,51.95,482.5,837.32,730.85,703.44,714.72,734.84,742.86,697.2,696.44,712.04,728.66,685.77,629.72,626.29,637.72,617.61,618.47,658.4,679.78,690.51,699.71,699.35,701.46,698.35,698.87,699.43,699.75,696.67,699.67,698.97,699.44,699.22,699.61,699.52,698.75,699.59,699.23,699.95,699.26,699.83,699.73,699.72,699.85,699.72,699.67,699.73,699.87,699.66,700.01,699.32,699.81,699.23,699.21,699.59,699.47,699.54,699.87,699.84,699.78,699.83,699.77,699.94,699.76,699.77,699.88,700.13,699.79,699.49,699.51,700.28,700.03,699.74,699.38,699.15,698.92,699.6,701.28,700.98,700.56,700.37,699.92,699.58,699.39,662.17,526.72,391.93,261.08,130.93,29.87,25.67,27.71,47.85,36.33,28.6,26.92,25.92,25.82,25.56,25.35,25.4,25.23,25.29,25.08,25.04,25.11,25.03,24.97,24.91,25.1,24.88,25.11,25.1,25.14,24.99,25.14,25.38,24.78,25.2,25.23,25.33,25.21,25.28,25.09,25.23,25.32,-0.46,-0.47,-0.49,-0.45,2.04,11.81,19.93,28.84,38.06,46.14,47.99,54.15,62.52,71.27,71.58,68.37,73.04,80.54,85.3,94.01,114.83,135.11,153.64,173.4,198.18,255.26,352.16,410.29,445.63,467.02,481.68,493.08,501.77,509.69,516.36,521.85,526.8,531.32,535.58,539.73,543.47,546.89,550.4,553.83,557.16,560.57,564.04,567.47,570.98,574.61,578.12,581.51,584.7,587.62,590.41,593.23,595.79,598.08,600.09,601.7,602.96,603.73,604.19,604.41,604.44,603.87,602.93,601.7,600.19,598.5,596.54,594.32,591.84,588.72,584.92,580.51,575.24,569.59,563.65,557.79,552.19,547.29,543.14,539.84,537.2,535.12,533.88,537.93,544.84,552.44,560.37,567.84,566.87,559.24,558.06,557.19,556.42,555.61,554.65,553.84,552.97,552.17,551.25,550.38,549.51,548.66,547.71,546.74,545.7,544.69,543.76,542.65,541.66,540.55,539.59,538.48,537.53,536.61,535.6,534.65,533.69,532.79,531.85,530.94,530.15,529.29,528.43,527.6
20801,20,116.144,29.32,41.89,53.29,467.7,840.68,735.22,705.46,715.85,735.51,743.26,697.7,697.45,713.46,730.15,687.55,631.67,628.46,639.9,618.96,619.74,659.65,680.43,690.95,699.7,699.33,700.79,698.58,699.58,696.6,698.08,698.46,697.83,699.74,699.57,699.59,699.33,698.94,699.68,699.93,699.8,699.79,700.0,699.09,700.03,699.09,699.76,699.76,699.74,699.93,699.97,699.63,699.93,699.35,699.83,699.57,699.91,699.39,699.69,699.21,699.7,699.8,700.02,699.58,699.95,699.84,699.92,699.89,699.84,699.91,700.02,699.8,699.36,699.8,700.41,700.03,699.64,699.39,699.14,698.81,699.89,701.43,701.18,700.78,699.48,697.15,702.11,661.78,525.63,391.7,260.99,131.16,29.81,25.49,31.24,47.36,34.16,28.19,26.65,25.88,25.71,25.64,25.39,25.36,25.26,25.17,25.12,25.12,25.01,25.1,24.96,24.95,25.01,25.02,24.89,25.06,25.17,25.08,25.22,25.14,25.1,25.19,25.01,25.38,25.2,25.24,25.13,25.12,25.27,-0.34,-0.33,-0.31,-0.41,2.3,11.99,20.1,28.88,37.98,46.22,48.05,54.24,62.44,71.01,71.43,68.1,72.68,80.14,83.95,92.74,114.19,133.53,152.0,171.15,194.3,241.2,338.68,401.97,440.33,463.53,478.96,490.97,500.13,508.17,515.06,520.92,525.95,530.53,534.99,539.11,542.8,546.37,549.78,553.27,556.62,559.95,563.33,566.91,570.42,573.99,577.4,580.71,583.72,586.58,589.48,592.09,594.59,596.87,598.86,600.29,601.53,602.29,602.76,602.92,602.84,602.34,601.33,599.9,598.3,596.54,594.75,592.57,589.95,586.8,583.08,578.54,573.25,567.67,561.73,555.94,550.31,545.6,541.46,538.31,535.81,533.74,532.61,536.82,543.68,551.18,558.92,566.19,565.2,557.57,556.43,555.52,554.73,553.74,552.85,551.99,551.07,550.21,549.42,548.48,547.59,546.65,545.64,544.73,543.78,542.82,541.75,540.66,539.62,538.66,537.61,536.62,535.64,534.6,533.7,532.68,531.78,530.87,529.91,528.98,528.09,527.13,526.35,525.54
20802,20,116.057,29.74,42.12,54.29,471.29,838.7,735.47,705.79,715.95,736.86,745.11,699.39,699.09,714.7,731.53,688.78,632.98,629.77,641.16,620.87,622.33,661.53,680.91,690.77,699.79,700.78,701.69,701.48,700.3,695.16,698.59,699.37,697.15,699.66,699.32,699.66,699.53,698.99,699.77,699.67,699.91,699.39,699.84,699.78,699.68,699.48,699.94,699.59,699.82,699.92,699.53,699.39,699.63,699.82,699.45,699.57,699.79,699.48,699.39,699.83,699.78,699.87,699.81,699.9,699.95,699.76,699.94,699.94,699.75,699.41,699.88,699.76,699.85,699.95,699.73,699.63,700.22,700.06,699.83,699.47,699.26,698.9,699.37,700.81,700.67,700.35,699.98,661.57,525.6,391.7,260.98,131.31,29.84,25.43,32.34,47.71,33.09,27.95,26.56,25.96,25.7,25.58,25.46,25.35,25.34,25.23,25.2,25.03,25.09,24.91,25.39,24.6,25.09,25.0,24.98,24.99,25.1,25.09,25.05,25.14,25.05,25.12,25.09,25.16,25.32,25.29,25.43,25.23,25.29,-0.34,-0.4,-0.41,-0.39,1.84,11.29,19.09,27.88,37.02,45.19,47.03,53.21,61.56,70.12,70.54,67.34,71.91,79.36,83.0,94.02,115.42,133.02,150.43,168.76,190.85,231.12,326.56,395.26,435.27,459.8,476.23,488.51,498.13,506.23,513.2,519.33,524.52,529.09,533.53,537.66,541.55,545.34,548.81,552.26,555.56,559.06,562.67,566.05,569.63,573.2,576.78,580.12,583.34,586.32,589.35,592.11,594.81,597.13,599.08,600.72,601.74,602.31,602.97,603.22,603.15,602.58,601.48,600.05,598.37,596.5,594.52,592.4,589.99,586.95,583.34,579.07,574.14,568.6,562.67,556.7,551.11,546.12,541.7,538.02,535.15,532.82,531.45,535.54,542.23,549.6,557.33,564.88,563.97,556.43,555.04,554.23,553.37,552.43,551.47,550.59,549.6,548.61,547.77,546.75,545.84,544.99,543.98,542.99,541.96,540.85,539.89,538.8,537.64,536.61,535.58,534.46,533.42,532.4,531.4,530.37,529.41,528.43,527.41,526.43,525.51,524.59,523.76,522.93
20803,20,116.003,29.86,42.6,56.76,472.34,845.13,739.9,711.21,721.19,741.4,749.41,703.19,702.86,718.43,736.15,694.21,638.38,635.12,647.05,626.5,627.19,665.19,683.37,692.65,699.79,698.5,700.28,700.26,699.53,697.03,697.67,698.64,697.4,699.9,699.35,699.81,699.24,698.84,699.84,699.87,699.67,699.45,699.89,699.73,699.98,699.58,699.92,699.58,699.74,699.76,699.76,699.29,699.85,699.81,699.12,699.37,699.77,699.8,699.69,699.89,699.97,700.05,699.92,699.73,699.8,699.8,699.84,699.89,699.81,699.92,699.87,699.94,699.68,699.72,700.32,699.96,699.57,699.29,699.18,698.89,700.18,701.47,701.15,700.71,700.29,698.9,697.52,663.55,525.77,391.7,260.87,131.16,29.89,25.62,32.36,48.03,32.67,27.9,26.5,25.98,25.73,25.54,25.4,25.39,25.28,25.13,25.24,25.22,24.99,25.13,24.86,25.05,25.06,25.01,24.97,25.14,25.21,25.08,25.22,25.11,25.12,25.17,25.25,25.23,25.13,25.09,25.08,25.27,25.14,-0.42,-0.29,-0.31,-0.32,1.7,11.0,19.0,27.8,37.11,45.39,47.22,53.32,61.7,70.36,70.87,67.79,72.44,79.99,83.5,94.39,115.76,133.03,150.22,167.71,187.87,222.02,310.94,384.38,428.11,455.12,472.16,485.26,495.11,503.54,510.7,516.89,522.27,527.02,531.43,535.57,539.49,543.45,547.12,550.65,553.93,557.6,561.11,564.73,568.38,571.99,575.58,578.92,582.21,585.25,588.27,591.07,593.84,596.2,598.17,599.58,600.67,601.4,601.9,602.18,602.05,601.45,600.33,598.92,597.27,595.53,593.52,591.32,588.78,585.66,581.9,577.39,572.09,566.34,560.3,554.34,548.81,543.78,539.59,536.37,533.62,531.52,530.35,534.31,540.99,548.33,555.87,563.1,562.06,554.43,553.01,552.22,551.31,550.34,549.48,548.41,547.44,546.55,545.62,544.77,543.85,542.87,541.89,540.89,539.81,538.76,537.68,536.57,535.45,534.3,533.3,532.22,531.12,530.06,529.04,528.08,527.15,526.05,525.05,524.23,523.39,522.43,521.59,520.66
20804,20,115.925,29.54,42.02,58.0,496.36,858.95,747.76,717.1,727.14,747.79,755.61,709.12,708.32,724.2,741.84,699.22,643.1,639.76,651.48,630.53,629.23,667.63,686.0,693.58,699.52,698.36,700.32,700.28,698.81,698.88,700.31,697.86,699.4,699.39,699.18,699.18,699.74,699.67,698.7,699.79,699.4,699.98,699.37,699.7,699.54,699.65,699.72,699.46,699.83,699.89,699.62,699.3,699.82,699.97,699.16,699.54,699.67,699.53,699.0,699.74,699.83,699.76,699.92,699.83,699.94,699.78,699.85,699.91,699.97,700.04,699.66,699.22,698.87,699.73,700.66,700.35,700.0,699.6,699.33,699.24,699.06,699.4,700.78,700.6,700.18,699.89,699.64,662.42,526.24,391.89,261.14,130.93,29.8,25.62,32.24,48.01,32.69,27.8,26.64,25.93,25.75,25.67,25.52,25.38,25.23,25.19,25.19,25.23,25.18,25.05,25.1,25.09,25.06,25.18,25.1,25.27,24.98,25.27,25.12,25.1,25.19,25.23,25.33,25.35,25.19,25.27,25.09,25.14,25.32,-0.43,-0.38,-0.45,-0.48,1.79,11.08,18.86,27.91,37.24,45.64,47.7,53.96,62.42,71.26,71.89,68.8,73.63,80.99,83.97,91.27,113.39,133.39,150.63,168.72,189.88,224.88,313.29,384.25,426.91,454.13,471.17,484.15,493.83,501.99,509.14,515.29,520.78,525.41,529.82,533.86,537.95,541.61,545.38,548.92,552.26,555.74,559.21,562.86,566.52,570.05,573.6,576.91,579.94,582.89,585.71,588.33,590.65,592.75,594.3,595.55,596.42,597.06,597.31,597.41,596.88,595.81,594.46,592.62,590.71,588.9,586.95,584.9,582.46,579.51,575.97,571.73,566.69,561.26,555.38,549.77,544.4,539.46,535.2,531.96,529.24,527.05,525.82,529.39,535.87,543.1,550.34,557.35,556.27,548.49,547.11,546.18,545.34,544.36,543.42,542.29,541.35,540.38,539.37,538.45,537.52,536.46,535.51,534.49,533.38,532.5,531.27,530.28,529.11,527.97,526.93,525.91,524.78,523.87,522.72,521.78,520.66,519.73,518.79,517.76,516.91,515.97,515.09,514.17
20805,20,115.973,29.07,41.76,58.43,512.73,863.76,749.27,721.0,731.54,752.46,760.77,714.43,713.04,728.37,745.0,702.06,645.68,642.14,653.66,632.47,631.28,669.37,686.55,693.97,699.41,698.77,700.5,700.15,698.69,697.22,699.38,697.32,699.73,698.4,699.76,699.62,698.5,699.2,699.59,698.48,699.72,699.36,699.74,699.8,700.0,699.57,699.69,699.75,699.54,699.94,699.86,699.8,699.85,699.63,699.36,699.71,700.06,699.73,699.96,699.79,699.8,699.95,699.9,699.87,699.8,699.98,699.91,699.86,699.87,699.68,699.77,699.86,699.6,699.88,699.78,699.78,700.29,700.08,699.77,699.36,699.12,698.86,699.82,701.37,700.92,700.6,700.25,660.75,525.36,391.51,260.62,130.81,30.16,25.44,31.11,47.95,33.82,27.95,26.58,25.78,26.25,25.09,25.56,25.4,25.3,25.11,25.17,24.97,25.1,24.98,24.98,25.01,24.9,24.97,24.92,25.01,25.02,25.11,25.28,25.19,25.13,25.29,25.28,25.17,25.32,25.23,25.16,25.36,24.89,-0.44,-0.42,-0.44,-0.48,1.81,11.31,19.14,28.16,37.56,46.06,48.12,54.43,63.12,72.05,72.68,69.6,74.38,81.98,85.23,93.43,116.27,135.02,152.37,170.45,191.68,228.07,318.18,387.13,428.63,455.07,472.09,484.67,494.31,502.61,509.66,515.74,521.13,525.92,530.23,534.48,538.34,542.28,545.89,549.37,552.76,556.37,559.87,563.42,567.18,570.77,574.34,577.68,580.85,583.81,586.6,589.34,591.78,594.0,595.77,596.98,597.75,598.36,598.82,598.84,598.46,597.4,595.96,594.33,592.55,590.65,588.78,586.56,584.23,581.48,578.16,574.02,569.24,563.97,558.38,552.81,547.4,542.54,538.28,534.78,531.83,529.59,528.42,532.16,538.63,545.86,553.3,560.56,559.5,551.85,550.37,549.62,548.73,547.82,546.83,545.84,544.91,543.92,542.98,541.96,541.07,540.15,539.1,538.21,537.23,536.09,534.98,533.93,532.9,531.75,530.69,529.6,528.6,527.59,526.59,525.55,524.54,523.63,522.62,521.64,520.88,519.9,518.94,518.25
20806,20,116.005,29.91,42.57,58.1,503.78,859.84,750.28,722.9,733.2,753.53,761.83,714.74,713.42,728.86,745.61,702.36,645.67,641.89,653.11,632.11,631.44,669.31,686.13,693.59,699.66,699.65,700.31,700.33,698.77,697.51,700.34,696.96,699.93,698.37,699.44,699.17,699.4,699.07,698.81,699.5,699.49,700.04,699.24,699.91,699.65,699.79,699.91,699.62,699.82,699.94,699.67,699.69,699.67,699.5,699.74,699.57,699.7,699.34,699.44,699.58,699.87,699.8,699.78,699.79,699.91,699.84,699.92,699.75,699.7,699.73,699.72,699.97,699.88,699.56,700.08,700.32,700.06,699.69,699.43,699.1,698.86,699.4,701.1,701.18,700.71,700.46,700.07,660.44,525.48,391.64,261.02,131.07,29.88,25.68,31.11,48.05,33.57,27.87,26.69,25.86,25.77,25.56,25.55,25.27,25.28,25.17,25.22,25.07,25.07,25.01,25.02,25.08,25.04,25.16,24.98,24.96,25.12,25.2,25.06,25.21,25.17,25.05,25.3,25.26,25.23,25.12,25.62,24.57,25.26,-0.37,-0.39,-0.34,-0.45,1.85,11.06,19.0,27.96,37.35,45.63,47.92,54.11,62.75,71.52,72.27,69.12,73.97,81.54,85.04,94.29,117.07,134.56,151.73,169.69,190.84,225.78,314.49,385.36,427.69,454.67,471.74,484.63,494.27,502.45,509.65,515.72,521.1,525.76,530.15,534.29,538.31,542.02,545.69,549.21,552.64,556.25,559.7,563.43,566.93,570.67,574.18,577.62,580.75,583.58,586.5,589.15,591.68,594.06,595.7,596.99,597.87,598.59,599.09,599.22,598.8,597.81,596.57,594.96,593.12,591.28,589.33,587.3,584.98,582.32,578.99,575.0,570.3,565.15,559.56,553.98,548.66,543.48,539.06,535.42,532.58,530.21,528.84,532.65,539.3,546.57,554.2,561.73,560.78,553.12,551.82,550.94,550.03,549.07,548.05,547.11,546.22,545.28,544.26,543.33,542.34,541.46,540.58,539.49,538.49,537.45,536.33,535.31,534.23,533.11,532.13,531.01,529.93,528.98,527.9,526.9,525.9,524.95,523.99,523.12,522.16,521.23,520.31,519.52
20807,20,115.935,29.96,42.93,58.29,501.94,859.35,750.37,722.13,733.56,754.52,762.72,716.37,715.33,730.86,747.88,704.91,648.11,644.36,656.14,635.22,634.37,671.34,687.57,693.95,699.5,699.4,700.31,700.94,698.69,696.93,699.31,697.63,699.6,698.54,699.77,699.8,698.5,699.34,699.7,698.79,699.73,699.7,699.67,699.64,699.89,699.89,699.72,699.82,699.92,699.45,699.94,699.27,699.64,699.45,699.63,699.63,699.63,699.57,699.82,699.61,699.89,699.86,699.93,699.9,699.75,699.86,699.68,699.87,699.81,699.75,699.59,700.0,699.73,699.93,699.96,699.76,699.45,699.07,699.26,701.16,701.01,700.7,700.4,700.08,699.81,699.51,699.21,662.54,526.54,391.89,260.85,130.92,29.86,25.77,31.83,47.75,32.98,27.94,26.66,25.89,25.79,25.56,25.47,25.27,25.35,25.18,25.16,25.02,25.11,25.11,25.02,25.1,24.94,24.99,25.07,25.06,25.21,25.22,25.16,25.16,25.24,25.23,25.18,25.27,25.08,25.08,25.18,25.19,25.22,-0.4,-0.34,-0.33,-0.39,1.61,10.52,18.52,27.7,37.12,45.38,47.68,53.95,62.53,71.47,72.33,69.3,74.08,81.88,85.48,95.66,118.41,135.9,152.55,169.88,189.53,221.04,304.25,378.81,423.15,451.43,469.3,482.48,492.61,501.04,508.28,514.41,520.02,524.83,529.09,533.32,537.29,541.24,544.97,548.64,552.17,555.72,559.39,563.11,566.62,570.29,573.91,577.25,580.54,583.52,586.37,589.21,591.81,594.04,595.86,597.21,598.19,598.96,599.46,599.66,599.09,598.22,596.96,595.33,593.49,591.76,589.9,587.79,585.48,582.83,579.68,575.76,571.26,566.06,560.53,554.63,549.17,544.09,539.62,535.87,532.76,530.46,528.84,532.46,539.07,546.44,554.23,561.61,560.72,553.1,551.83,550.89,549.97,549.14,548.14,547.05,546.14,545.21,544.11,543.26,542.32,541.34,540.39,539.39,538.35,537.26,536.15,535.07,534.01,532.89,531.76,530.75,529.69,528.65,527.64,526.6,525.62,524.7,523.74,522.79,521.95,520.95,520.04,519.16
20808,20,115.984,30.03,42.72,59.37,516.81,866.49,751.95,723.65,735.24,755.94,763.99,717.2,715.69,731.13,747.79,704.77,648.14,644.65,656.03,634.99,633.5,671.25,687.64,693.84,699.28,699.21,700.45,700.53,698.65,696.4,698.66,698.27,699.09,698.82,699.91,699.38,698.52,699.62,699.91,698.21,699.79,699.6,699.91,699.23,699.78,699.83,699.79,699.85,699.85,699.64,699.83,699.91,699.73,699.73,699.52,699.59,699.92,699.48,699.85,699.65,699.89,699.86,699.94,699.89,699.95,699.82,699.83,699.82,699.84,699.95,699.58,699.86,699.96,699.61,699.26,699.63,700.95,700.6,700.22,699.93,699.7,699.47,699.09,698.83,699.31,702.02,700.82,662.08,526.54,391.9,260.85,131.25,30.11,25.9,32.34,47.7,32.84,27.79,26.5,25.81,25.71,25.47,25.48,25.33,25.11,25.15,25.11,25.13,25.1,25.03,25.02,24.93,25.17,25.08,25.08,24.96,25.19,25.27,25.14,25.18,25.07,25.18,25.18,25.18,25.3,25.14,25.15,25.17,25.28,-0.47,-0.44,-0.37,-0.43,1.74,10.63,18.61,27.8,37.32,45.76,47.84,54.16,62.83,72.0,72.68,69.52,74.28,81.84,85.41,93.98,117.2,135.34,152.04,169.86,191.15,226.99,316.2,386.08,428.03,454.55,471.67,484.29,494.15,502.46,509.4,515.56,521.01,525.8,529.93,534.29,538.23,542.13,545.66,549.3,552.67,556.22,559.85,563.37,566.95,570.55,574.17,577.59,580.79,583.69,586.45,589.19,591.65,593.93,595.78,597.18,598.03,598.52,599.03,599.19,598.89,598.02,596.64,595.02,593.2,591.34,589.49,587.32,584.91,581.98,578.61,574.46,569.49,564.13,558.28,552.61,547.18,542.41,538.29,534.97,532.19,529.94,528.58,532.35,539.1,546.52,554.02,561.24,560.33,552.64,551.17,550.42,549.54,548.59,547.62,546.61,545.7,544.7,543.73,542.81,541.93,541.05,539.98,538.96,538.03,536.87,535.79,534.76,533.67,532.54,531.48,530.42,529.46,528.42,527.37,526.32,525.37,524.37,523.43,522.45,521.5,520.63,519.76,518.92
20809,20,116.038,30.23,42.75,51.46,496.64,858.59,749.95,723.07,734.8,755.24,763.04,716.03,714.12,730.06,746.0,702.44,645.45,641.69,653.08,631.95,631.43,669.02,685.75,693.55,699.69,698.94,700.18,700.18,698.45,698.41,700.21,696.67,699.76,698.72,699.57,699.17,699.6,699.26,698.59,699.85,699.56,700.05,699.11,699.92,699.89,699.38,699.63,699.22,699.71,699.51,699.58,699.65,699.59,699.57,699.62,699.68,699.86,699.18,699.63,699.48,699.77,699.86,699.89,699.85,699.99,699.9,699.86,699.88,699.87,699.66,699.86,699.89,699.87,699.54,699.82,699.85,700.05,700.32,700.1,699.67,699.42,699.12,698.78,699.54,700.63,700.38,700.06,661.92,525.89,391.83,261.06,131.23,29.97,25.61,31.97,48.04,33.01,27.72,26.52,26.01,25.66,25.46,25.58,25.2,25.31,25.18,25.07,25.12,24.97,25.36,24.8,25.1,25.11,25.05,24.97,25.05,25.21,25.05,25.15,25.16,25.02,25.32,25.22,25.34,25.0,25.08,25.29,25.16,25.14,-0.34,-0.36,-0.37,-0.34,1.87,11.06,18.69,27.85,37.36,45.79,47.74,54.03,62.58,71.43,72.18,69.27,73.95,81.67,85.26,95.28,117.73,134.91,151.93,169.91,190.72,226.14,315.44,386.38,429.15,455.76,472.72,485.69,495.35,503.59,510.63,516.68,521.95,526.72,531.07,535.16,539.11,542.84,546.51,549.9,553.36,556.94,560.39,563.88,567.65,571.22,574.76,578.24,581.47,584.35,587.2,589.99,592.66,594.91,596.93,598.33,599.27,599.88,600.5,600.59,600.35,599.68,598.41,596.86,595.28,593.39,591.51,589.38,587.05,584.15,580.78,576.64,571.68,566.34,560.64,554.9,549.37,544.52,540.3,536.67,533.88,531.65,530.23,534.09,541.07,548.56,556.26,563.7,562.77,555.17,553.85,552.99,552.2,551.26,550.29,549.3,548.47,547.53,546.54,545.55,544.57,543.79,542.79,541.68,540.68,539.63,538.63,537.59,536.58,535.5,534.35,533.34,532.28,531.34,530.33,529.3,528.23,527.26,526.33,525.36,524.49,523.53,522.68,521.88
20810,20,115.971,30.35,42.66,53.04,512.44,863.37,749.51,721.02,732.63,753.85,762.06,715.34,714.03,729.57,746.13,702.84,645.98,641.92,653.71,633.06,633.43,669.36,686.02,693.64,699.87,700.2,700.52,699.95,698.36,696.39,698.2,698.59,698.33,699.09,699.8,699.36,698.55,699.74,699.34,699.02,699.57,700.0,699.88,699.81,699.73,699.84,699.41,699.39,699.83,699.59,699.84,699.92,699.74,699.51,699.67,699.62,699.49,699.6,699.82,699.71,699.86,699.88,699.84,699.92,699.96,699.85,699.73,699.99,699.89,699.84,700.11,699.7,699.64,700.01,699.59,699.54,700.23,699.82,699.57,699.34,698.97,699.47,700.71,700.47,700.1,699.97,699.56,662.7,526.39,391.73,260.93,130.92,30.06,25.65,29.14,48.27,34.94,28.12,27.01,26.04,25.82,25.63,25.43,25.4,25.33,25.08,24.92,25.16,25.0,25.12,24.91,24.89,25.07,24.97,25.0,25.07,25.31,25.21,25.12,25.26,25.2,25.23,25.48,25.11,25.09,25.14,25.24,25.28,25.16,-0.31,-0.39,-0.41,-0.38,1.97,10.9,18.51,27.65,37.04,45.46,47.58,53.83,62.18,71.07,71.71,68.66,73.41,81.07,85.55,98.13,118.45,135.3,152.15,169.89,191.14,227.6,318.16,387.37,429.17,455.48,472.53,484.86,494.81,503.05,510.18,516.35,521.59,526.33,530.66,534.8,538.9,542.77,546.42,549.88,553.4,556.88,560.55,564.14,567.87,571.74,575.52,579.03,582.31,585.6,588.65,591.76,594.72,597.32,599.58,601.39,602.7,603.7,604.68,605.13,605.27,604.77,603.85,602.55,601.04,599.4,597.62,595.79,593.59,591.1,588.22,584.56,580.15,575.14,569.56,563.87,558.04,552.6,547.69,543.62,540.22,537.45,535.57,539.32,546.01,553.42,561.44,569.07,568.35,560.8,559.47,558.59,557.67,556.72,555.67,554.73,553.58,552.7,551.73,550.67,549.65,548.71,547.8,546.7,545.59,544.57,543.46,542.32,541.28,540.24,539.09,537.96,536.92,535.86,534.75,533.78,532.78,531.65,530.71,529.77,528.82,527.84,527.02,526.14
20811,20,116.016,30.32,42.8,55.61,493.54,849.86,747.62,719.15,729.88,750.59,758.29,711.52,710.38,725.97,742.85,699.93,643.36,639.52,650.96,629.64,628.14,666.98,685.67,693.36,699.16,698.69,700.64,699.53,698.75,697.92,699.64,696.61,699.93,698.35,699.5,699.54,699.13,699.16,699.36,699.1,699.53,699.89,699.48,699.8,699.91,699.9,699.96,699.85,699.78,699.6,699.75,699.46,699.79,699.63,699.3,699.79,699.39,699.77,699.12,699.68,699.8,699.92,699.82,699.85,699.89,699.72,700.02,699.49,699.92,699.76,699.77,699.87,699.98,699.88,699.86,699.91,699.76,699.66,700.22,700.13,699.67,699.46,699.11,698.78,699.79,701.27,701.09,661.23,525.51,391.71,261.13,130.81,29.98,25.48,31.69,48.0,33.37,27.95,26.59,25.89,25.76,25.48,25.32,25.2,25.37,25.13,25.07,25.19,25.0,25.07,25.12,24.92,25.07,25.14,25.11,24.89,25.21,25.07,25.16,25.1,25.16,25.35,25.08,25.26,25.11,25.14,25.14,25.09,25.47,-0.43,-0.42,-0.48,-0.47,2.13,11.72,19.23,28.32,37.69,46.03,47.97,54.36,62.91,71.73,72.24,69.14,73.79,81.28,84.4,90.76,113.08,134.9,152.66,171.16,193.2,234.73,329.23,394.59,433.97,458.74,474.88,487.11,496.45,504.53,511.47,517.48,522.71,527.34,531.57,535.74,539.65,543.41,547.04,550.54,554.05,557.57,561.13,564.71,568.39,571.92,575.43,578.76,581.95,584.9,587.88,590.71,593.11,595.41,597.4,598.66,599.49,600.22,600.64,600.8,600.39,599.5,598.23,596.67,594.97,593.15,591.33,589.24,587.03,584.29,580.98,576.92,572.34,567.09,561.56,555.96,550.51,545.49,541.34,537.78,534.83,532.55,531.2,534.98,541.82,549.3,557.16,564.62,563.78,556.25,555.05,554.24,553.38,552.48,551.55,550.59,549.76,548.8,547.9,547.03,546.22,545.12,544.15,543.3,542.3,541.25,540.27,539.23,538.15,537.06,536.07,535.0,533.92,532.98,531.93,531.03,530.05,529.03,528.06,527.12,526.22,525.3,524.42,523.59
20812,20,115.984,29.78,42.16,54.34,497.79,857.81,747.22,718.18,728.47,748.65,756.89,710.27,709.42,724.9,741.65,698.68,642.31,638.89,650.67,630.11,628.97,667.36,685.38,693.27,699.09,698.7,700.43,700.31,698.11,699.18,700.37,697.28,699.55,699.2,699.19,699.23,699.78,699.54,698.8,699.77,699.54,699.96,699.42,699.95,699.89,699.5,699.81,699.39,699.89,699.8,699.66,699.84,699.77,699.43,699.73,699.49,699.32,699.59,699.7,699.47,699.8,699.92,699.91,699.79,699.83,699.9,699.79,699.85,699.96,699.96,699.85,699.35,699.64,700.31,699.94,699.6,699.27,699.17,698.79,700.21,701.08,700.81,700.57,700.28,699.87,699.62,699.31,662.96,527.17,392.74,261.78,131.75,30.26,25.6,32.09,48.22,32.98,27.86,26.65,25.85,25.69,25.35,25.36,25.26,25.19,25.16,24.98,25.15,24.91,25.17,24.95,25.05,24.86,25.1,25.04,24.96,25.24,25.12,25.17,25.18,25.34,25.03,25.45,25.11,25.41,25.15,25.19,25.13,25.19,-0.34,-0.35,-0.39,-0.45,1.93,11.59,19.31,28.37,37.64,45.98,48.0,54.32,62.9,71.68,72.18,69.16,73.77,81.4,84.65,92.97,115.16,133.65,151.14,168.89,190.47,227.46,318.29,387.36,429.58,455.99,472.6,485.52,495.0,503.18,510.19,516.41,521.7,526.34,530.64,534.83,538.88,542.53,546.26,549.79,553.27,556.76,560.25,563.87,567.38,571.05,574.53,577.92,581.1,583.93,586.74,589.22,591.66,593.77,595.46,596.59,597.51,597.99,598.35,598.35,597.91,596.94,595.52,593.82,591.93,589.93,587.98,585.92,583.44,580.75,577.42,573.5,569.03,563.94,558.36,552.77,547.3,542.25,537.99,534.3,531.34,529.09,527.52,531.23,537.83,545.21,552.88,560.35,559.52,551.83,550.63,549.8,548.9,547.93,547.0,546.11,545.04,544.11,543.29,542.31,541.34,540.5,539.44,538.52,537.41,536.39,535.32,534.26,533.23,532.05,531.01,530.04,529.0,527.91,526.85,525.93,524.97,524.03,523.05,522.11,521.07,520.22,519.37,518.58
20813,20,115.987,29.85,42.24,54.64,513.47,867.38,749.42,718.33,729.32,750.0,758.14,712.07,711.15,726.88,743.34,700.06,643.46,639.59,651.17,629.99,628.03,667.58,685.87,693.41,698.82,699.1,700.2,699.93,698.75,697.37,698.8,697.56,699.75,698.55,699.8,699.54,698.58,699.25,699.77,698.67,700.05,699.58,699.4,699.22,699.89,699.29,700.02,699.71,699.56,699.58,699.83,699.95,699.5,699.47,699.83,699.51,699.01,699.7,699.31,699.39,699.7,699.89,699.8,699.97,699.67,699.81,699.82,699.71,699.83,700.05,699.58,699.34,700.1,700.02,699.68,699.35,699.02,699.05,701.29,701.3,700.97,699.5,697.31,702.56,699.25,699.18,702.69,660.44,525.58,391.63,260.63,130.92,30.22,25.43,31.87,48.42,33.01,27.85,26.64,25.95,25.63,25.5,25.45,25.35,25.12,25.21,25.11,25.16,24.86,25.14,25.08,24.85,25.02,25.06,25.13,25.05,25.17,25.29,25.23,25.27,25.14,25.36,25.3,25.27,25.34,25.14,25.55,24.69,25.45,-0.55,-0.51,-0.39,-0.52,1.82,11.01,18.72,27.87,37.36,45.73,47.86,54.21,62.81,71.73,72.34,69.29,73.97,81.53,84.68,90.86,114.33,135.11,152.45,170.68,192.69,232.29,325.12,391.68,431.79,457.1,473.75,486.14,495.65,503.81,510.79,516.69,522.09,526.82,531.04,535.23,539.19,543.01,546.4,549.99,553.51,557.04,560.55,564.17,567.82,571.5,575.09,578.42,581.71,584.6,587.44,590.09,592.59,594.84,596.78,598.13,598.96,599.69,600.16,600.24,599.77,598.87,597.61,595.99,594.17,592.27,590.42,588.42,586.11,583.37,580.04,576.23,571.58,566.34,560.75,555.05,549.71,544.87,540.47,536.82,534.07,531.68,530.36,534.23,540.92,548.3,556.03,563.32,562.47,554.98,553.59,552.82,552.03,551.04,550.12,549.22,548.24,547.31,546.37,545.34,544.36,543.56,542.56,541.56,540.47,539.48,538.47,537.39,536.3,535.3,534.24,533.21,532.15,531.08,530.1,529.09,528.07,527.17,526.2,525.29,524.37,523.52,522.57,521.76
20814,20,115.972,29.99,43.13,57.95,517.96,863.86,749.54,720.81,732.53,752.56,760.32,713.59,712.55,728.36,745.3,702.43,645.82,642.27,654.36,633.06,632.13,669.63,686.2,693.56,699.67,700.08,700.95,700.55,698.59,695.89,698.81,698.84,698.21,699.59,699.88,699.06,698.79,699.65,699.06,699.09,699.45,700.07,699.52,699.47,699.69,699.97,699.8,699.74,699.93,699.44,699.69,699.7,699.48,699.85,699.92,699.17,699.44,699.68,699.18,699.84,699.83,699.93,699.96,699.97,699.94,699.97,699.6,699.82,699.87,699.84,699.93,699.78,699.94,699.64,699.49,700.05,699.84,699.56,699.27,699.21,700.24,700.1,699.75,699.51,699.13,698.99,699.43,663.33,526.03,392.09,260.84,131.21,30.13,25.3,31.97,48.31,32.88,27.98,26.74,25.56,25.79,25.62,25.4,25.31,25.17,25.16,25.05,25.07,25.1,24.95,24.87,25.02,25.14,24.91,25.09,25.04,25.11,25.12,25.11,25.11,25.28,25.18,25.19,25.25,25.27,25.3,25.22,25.18,25.25,-0.47,-0.42,-0.41,-0.47,1.64,11.06,19.38,28.38,37.42,45.75,47.89,54.04,62.85,71.78,72.48,69.38,74.15,81.86,85.44,95.2,117.06,134.43,151.72,169.65,191.21,228.0,318.72,387.23,428.43,454.76,471.72,484.1,494.1,502.26,509.23,515.4,520.8,525.38,529.76,533.94,538.01,541.87,545.41,549.02,552.66,556.03,559.54,563.14,566.74,570.39,573.9,577.49,580.61,583.57,586.31,588.97,591.46,593.58,595.28,596.67,597.57,598.22,598.48,598.65,598.25,597.38,595.91,594.3,592.42,590.49,588.54,586.57,584.21,581.74,578.51,574.8,570.36,565.46,560.04,554.65,549.18,544.27,539.89,536.24,533.25,530.82,529.31,532.93,539.38,546.71,554.24,561.61,560.73,553.14,551.78,550.98,550.06,549.16,548.25,547.24,546.33,545.34,544.37,543.4,542.43,541.5,540.64,539.55,538.59,537.54,536.48,535.42,534.33,533.26,532.23,531.15,530.14,529.15,528.09,527.13,526.09,525.16,524.21,523.29,522.41,521.39,520.6,519.79
20815,20,115.937,30.42,43.41,61.81,515.3,867.03,753.03,724.12,734.68,755.48,763.64,716.85,715.96,732.23,749.72,706.97,650.27,646.75,658.21,637.28,636.23,672.71,688.42,694.76,699.13,699.27,700.44,700.95,698.58,696.15,698.81,698.84,698.21,699.28,699.76,699.41,698.51,699.74,699.62,698.61,699.69,699.97,699.88,699.62,699.68,699.73,699.58,699.54,699.72,699.76,699.55,699.72,699.63,699.7,699.83,699.66,700.07,698.88,699.67,699.47,699.92,699.89,699.79,699.88,699.84,699.88,699.83,699.75,699.76,699.99,699.61,699.68,700.07,699.7,699.73,700.02,699.68,699.33,699.15,700.43,700.5,700.09,699.73,699.51,699.29,698.99,699.15,663.19,526.06,391.83,260.86,131.18,30.24,25.59,32.96,47.78,32.5,28.03,26.03,25.87,25.76,25.6,25.42,25.23,25.1,25.14,24.99,25.13,25.07,25.01,25.06,25.07,24.76,25.13,25.01,25.0,25.19,25.1,25.05,25.18,25.29,25.11,25.36,25.32,25.32,25.14,25.05,25.13,25.34,-0.45,-0.34,-0.3,-0.37,1.81,11.02,18.93,28.05,37.43,45.79,47.88,54.23,62.9,71.86,72.61,69.66,74.37,82.23,85.87,96.57,118.83,135.71,152.51,169.72,190.17,221.66,303.91,378.29,422.67,450.9,468.96,481.82,492.18,500.56,507.72,513.95,519.52,524.33,528.73,532.84,537.02,540.78,544.44,548.12,551.69,555.14,558.81,562.5,566.17,569.85,573.5,576.88,580.08,583.18,586.0,588.85,591.33,593.37,595.16,596.48,597.31,597.98,598.39,598.59,598.2,597.08,595.63,593.97,592.03,590.11,588.13,586.04,583.78,581.26,578.2,574.59,570.16,565.17,559.69,554.14,548.69,543.66,539.11,535.25,532.21,529.79,528.12,531.7,538.14,545.3,552.91,560.12,559.18,551.58,550.16,549.28,548.51,547.56,546.56,545.6,544.51,543.65,542.61,541.59,540.64,539.66,538.64,537.65,536.67,535.63,534.63,533.51,532.4,531.31,530.2,529.09,528.08,527.0,525.94,524.83,523.84,522.92,521.93,520.92,519.98,519.09,518.22,517.34
20816,20,115.943,30.15,42.98,57.38,518.79,868.86,754.17,726.2,737.56,758.21,766.0,718.98,717.37,732.83,749.87,707.15,650.44,646.67,658.48,637.27,634.92,672.33,688.87,694.58,698.89,699.06,700.37,700.33,698.3,695.49,698.61,699.34,697.67,699.77,699.49,699.1,699.23,699.35,698.97,699.57,699.29,699.97,699.76,699.95,699.75,699.8,699.88,699.46,699.78,699.49,699.94,699.49,699.67,699.62,699.66,699.79,699.32,699.77,699.87,699.68,699.7,699.79,699.84,699.85,699.89,699.86,699.79,699.87,700.01,699.95,699.83,699.94,699.83,699.42,699.98,700.11,699.74,699.41,699.26,698.87,699.4,701.48,701.24,700.93,700.15,697.32,700.54,662.98,525.47,391.67,260.8,131.09,29.99,25.62,31.16,48.15,33.5,27.86,26.68,25.92,25.53,25.66,25.42,25.49,24.94,25.12,25.05,25.18,25.02,24.95,25.16,24.87,24.99,24.9,25.12,25.14,25.24,25.22,25.0,25.31,25.33,24.99,25.4,25.27,25.18,25.4,25.22,25.16,25.2,-0.47,-0.39,-0.35,-0.41,1.99,10.94,18.83,28.1,37.61,46.02,48.31,54.66,63.44,72.54,73.18,70.2,75.13,82.84,86.11,93.52,116.59,135.91,152.47,170.06,191.14,225.9,313.9,383.57,425.83,452.75,470.2,482.81,493.01,501.1,508.19,514.4,519.74,524.59,529.01,533.1,537.17,541.12,544.85,548.49,552.04,555.56,558.96,562.64,566.29,569.96,573.46,576.92,580.25,583.04,585.9,588.61,591.13,593.28,594.97,596.24,597.18,597.77,598.15,598.12,597.77,596.7,595.25,593.56,591.71,589.82,587.94,585.84,583.56,581.07,578.06,574.36,570.03,565.09,559.8,554.35,548.96,543.83,539.34,535.64,532.5,530.05,528.45,532.06,538.52,545.84,553.48,560.81,559.86,552.18,550.73,549.81,549.02,548.06,547.06,546.13,545.14,544.18,543.19,542.25,541.32,540.24,539.32,538.29,537.21,536.23,535.1,534.01,532.97,531.83,530.81,529.63,528.64,527.63,526.56,525.57,524.51,523.5,522.62,521.61,520.67,519.81,518.88,517.96
20817,20,115.962,30.35,43.91,57.84,513.42,863.04,753.72,726.49,738.6,759.42,767.79,720.45,718.98,733.76,750.28,706.95,649.7,645.66,657.73,636.81,636.15,672.04,687.75,694.44,699.66,700.01,700.52,700.29,698.99,696.06,698.47,699.07,697.93,699.78,699.76,699.5,699.3,699.62,698.8,699.18,699.59,700.03,699.73,699.79,699.66,699.86,699.8,699.9,699.8,699.94,699.27,699.97,699.9,699.27,699.83,699.23,699.2,699.74,699.3,699.75,699.86,699.87,699.84,699.87,699.89,699.98,699.83,699.89,699.73,699.96,699.82,700.2,699.98,699.67,699.28,699.05,699.13,700.54,700.36,699.98,699.74,699.53,699.17,699.06,698.89,701.23,701.72,661.45,525.38,391.48,260.64,131.14,30.0,25.8,30.64,47.91,34.35,28.29,26.74,25.84,25.62,25.51,25.35,25.22,25.13,25.32,25.19,25.11,25.01,25.45,24.62,24.95,25.12,25.13,24.98,25.13,25.3,24.97,25.29,25.05,25.26,25.22,25.29,25.23,25.23,25.2,25.15,25.21,25.25,-0.46,-0.46,-0.49,-0.43,1.55,10.66,18.64,27.71,37.29,46.02,48.14,54.41,63.07,72.09,72.81,69.8,74.74,82.59,86.55,98.12,119.13,135.8,152.22,169.5,190.34,224.16,311.03,382.74,425.73,453.13,470.56,483.13,493.3,501.66,508.88,515.03,520.5,525.04,529.48,533.62,537.69,541.59,545.3,548.83,552.47,556.03,559.61,563.31,566.88,570.5,574.11,577.56,580.72,583.89,586.79,589.53,592.2,594.4,596.24,597.69,598.69,599.27,599.76,599.98,599.71,598.91,597.71,596.06,594.38,592.66,590.7,588.74,586.58,584.08,581.06,577.32,572.94,567.81,562.31,556.72,551.24,546.12,541.59,537.84,534.7,532.08,530.47,534.31,540.98,548.31,555.98,563.49,562.6,555.16,553.85,552.95,552.17,551.26,550.27,549.27,548.22,547.21,546.29,545.38,544.31,543.3,542.36,541.39,540.38,539.33,538.2,537.05,536.01,534.85,533.85,532.8,531.81,530.71,529.63,528.67,527.73,526.72,525.67,524.85,523.84,522.94,522.02,521.18
20818,20,115.976,30.54,43.68,54.6,504.45,865.71,752.42,725.28,737.4,757.8,766.34,719.44,717.86,733.05,749.87,706.98,649.87,645.89,657.53,636.25,634.31,671.74,687.79,694.39,698.93,699.51,700.55,700.82,698.16,698.55,700.27,696.84,699.84,698.2,699.34,699.45,699.61,699.39,698.89,699.64,699.21,700.04,699.13,699.88,699.69,700.05,699.68,699.74,699.8,699.78,699.49,699.92,699.4,699.89,699.91,698.74,699.47,699.67,699.37,699.83,699.8,699.95,699.86,699.79,699.83,699.79,699.92,699.93,699.96,699.64,699.95,699.78,699.42,699.79,700.19,699.93,699.49,699.29,699.02,698.87,700.6,701.4,700.94,700.51,700.28,699.55,698.72,662.13,526.44,391.9,260.97,130.88,29.97,25.64,32.37,47.93,33.07,27.97,26.73,25.87,25.59,25.48,25.39,25.24,25.17,25.27,25.05,25.28,24.99,24.98,25.18,24.99,25.08,24.99,24.99,25.18,25.05,25.11,25.14,25.23,25.29,25.31,25.51,24.9,25.27,25.3,25.29,25.14,25.19,-0.43,-0.49,-0.42,-0.43,1.53,10.63,18.9,28.08,37.43,46.04,48.09,54.45,63.04,72.04,72.81,69.77,74.61,82.27,85.57,93.86,116.51,134.04,150.84,168.42,189.31,222.42,308.24,381.12,424.94,452.77,470.03,483.16,492.8,501.13,508.34,514.6,519.98,524.68,529.03,533.21,537.16,540.91,544.61,548.18,551.81,555.26,558.8,562.46,566.06,569.77,573.31,576.74,579.86,582.88,585.74,588.47,590.91,593.22,595.03,596.26,597.29,597.92,598.47,598.58,598.15,597.43,595.99,594.36,592.71,590.85,588.88,586.91,584.81,582.21,579.3,575.77,571.54,566.75,561.61,556.18,550.75,545.78,541.24,537.44,534.28,531.82,530.26,533.82,540.43,547.91,555.63,563.25,562.5,555.0,553.71,552.89,552.06,551.21,550.15,549.24,548.25,547.34,546.31,545.4,544.31,543.45,542.49,541.39,540.46,539.41,538.31,537.35,536.25,535.11,534.19,533.15,532.04,530.99,530.0,529.01,527.99,526.98,526.05,525.14,524.17,523.34,522.38,521.49
20819,20,115.947,30.77,44.45,60.74,504.85,869.26,754.82,725.78,736.7,757.39,765.82,719.2,718.11,734.02,751.33,708.56,651.53,647.65,659.28,638.18,635.03,672.85,688.53,694.64,699.19,699.36,700.39,701.32,698.36,699.11,700.18,699.99,699.21,699.94,699.09,699.03,699.39,699.67,698.82,699.86,699.88,699.81,699.55,699.72,699.67,699.91,699.06,699.63,699.79,699.47,699.4,699.83,699.49,699.77,699.53,699.61,699.88,699.62,699.83,699.71,699.83,699.84,699.82,699.93,699.91,699.85,699.84,699.91,699.93,699.86,699.76,699.84,699.81,699.95,699.69,700.06,699.76,699.65,700.17,699.86,699.53,699.22,699.15,700.51,700.46,700.16,699.75,662.94,526.95,392.72,261.89,131.79,30.14,25.57,31.67,49.17,32.53,27.92,26.52,25.94,25.64,25.32,25.37,25.29,25.24,25.33,25.15,25.14,25.12,24.91,25.03,25.16,25.04,24.91,25.11,25.09,25.07,25.15,25.21,25.08,25.43,25.19,25.38,25.05,25.13,25.22,25.12,25.27,25.17,-0.45,-0.43,-0.48,-0.48,1.14,9.8,17.9,27.05,36.58,45.13,47.37,53.65,62.33,71.36,72.19,69.34,74.25,81.85,85.34,92.68,116.63,133.75,149.78,167.16,186.81,217.37,295.94,373.7,420.32,449.74,468.05,481.58,491.72,500.09,507.36,513.58,519.02,523.74,528.25,532.45,536.5,540.36,544.15,547.63,551.25,554.64,558.25,561.87,565.49,569.18,572.73,576.17,579.28,582.25,585.21,587.99,590.64,592.76,594.57,595.91,596.82,597.46,597.8,597.94,597.54,596.68,595.28,593.56,591.69,589.74,587.73,585.7,583.51,581.0,578.06,574.48,570.27,565.48,560.29,554.82,549.47,544.47,539.91,536.0,532.74,530.1,528.47,532.13,538.72,546.05,553.89,561.39,560.69,553.19,551.93,551.11,550.26,549.33,548.38,547.47,546.39,545.45,544.48,543.54,542.46,541.42,540.51,539.52,538.59,537.48,536.44,535.34,534.21,533.16,532.11,531.07,529.99,529.04,528.08,526.98,525.99,525.03,524.11,523.14,522.14,521.29,520.41,519.5
20820,20,115.788,31.47,45.68,66.17,500.47,873.66,761.19,731.53,742.26,764.09,772.55,725.32,724.53,741.4,759.7,717.41,660.6,657.3,669.68,648.55,644.28,679.98,693.13,696.96,699.28,699.37,699.89,701.63,700.84,696.1,700.34,696.62,699.79,698.35,699.45,699.28,699.7,699.51,698.67,699.84,699.65,699.91,699.34,699.88,699.65,699.87,699.79,699.43,699.76,699.94,699.21,699.82,699.9,699.22,699.92,699.43,699.34,699.71,699.43,699.39,699.77,699.89,699.87,699.84,699.79,699.85,699.87,699.91,699.9,699.99,699.63,699.54,700.19,699.74,699.45,699.21,698.86,699.41,701.18,701.01,700.7,700.35,700.16,699.84,699.56,699.17,698.82,662.34,526.52,391.92,261.01,131.08,30.1,25.57,34.04,48.19,31.66,27.72,26.55,25.64,25.48,25.47,25.26,25.27,25.31,24.98,25.04,25.15,25.11,24.92,24.94,25.16,25.05,24.91,25.03,25.05,24.92,25.16,25.24,25.04,25.08,25.41,25.08,25.1,25.36,25.27,25.18,25.23,25.27,-0.4,-0.46,-0.41,-0.42,1.55,10.54,18.69,28.09,37.62,46.38,48.48,54.8,63.53,72.67,73.64,70.74,75.67,83.47,86.78,93.39,116.44,133.71,149.14,165.38,183.96,209.49,268.86,353.88,405.13,438.65,459.55,474.24,485.2,494.32,501.9,508.37,514.34,519.55,524.18,528.51,532.81,536.62,540.64,544.43,548.28,552.01,555.63,559.32,563.08,566.65,570.31,573.61,576.67,579.55,582.22,584.71,587.09,588.76,590.43,591.56,592.38,592.92,593.0,592.68,591.84,590.52,588.68,586.69,584.54,582.41,580.33,578.09,575.83,573.31,570.44,567.14,563.28,558.62,553.65,548.27,543.02,537.95,533.25,528.96,525.43,522.44,520.32,523.2,528.95,535.6,542.63,549.57,548.37,540.47,539.02,538.04,537.1,536.09,534.97,533.95,532.88,531.76,530.71,529.57,528.45,527.38,526.34,525.25,524.16,523.07,521.92,520.72,519.55,518.42,517.22,515.99,514.81,513.62,512.4,511.26,510.04,508.84,507.66,506.58,505.44,504.3,503.32,502.11
20821,20,115.683,32.13,45.73,60.09,505.64,891.78,774.23,744.27,757.4,779.21,788.0,740.71,739.38,756.18,774.48,732.46,674.71,670.71,682.75,661.77,654.84,688.39,698.09,699.43,699.43,699.1,700.18,700.83,700.84,700.82,695.83,697.84,699.22,697.97,699.77,699.61,699.46,698.98,699.34,699.19,699.33,700.01,699.28,699.77,699.94,699.55,699.78,699.48,699.73,699.85,699.68,699.46,699.76,699.77,699.0,699.53,699.99,699.79,699.91,699.82,699.85,699.83,699.87,699.85,699.84,699.83,699.85,699.94,699.73,699.92,699.64,699.83,699.77,700.13,699.83,699.6,699.69,700.72,700.39,700.1,699.83,699.53,699.32,698.98,698.65,701.16,702.02,661.21,526.42,392.36,261.56,131.62,30.55,25.72,32.53,48.51,32.64,27.87,26.57,25.83,25.47,25.21,25.19,25.27,25.16,25.11,25.19,25.16,25.08,24.97,25.22,25.1,24.95,24.94,25.01,25.17,25.03,25.12,25.19,25.02,25.21,25.6,24.66,25.39,25.27,25.21,25.19,25.38,25.17,-0.34,-0.37,-0.39,-0.39,1.38,10.1,18.39,27.78,37.64,46.61,49.12,55.71,64.69,74.27,75.44,72.48,77.54,85.67,89.32,96.06,118.82,134.74,148.81,164.09,180.97,203.08,242.62,327.74,387.94,425.1,450.42,466.6,478.98,488.88,497.06,503.95,510.11,515.59,520.48,525.3,529.58,533.63,537.53,541.51,545.35,549.05,552.97,556.78,560.54,564.32,567.79,571.24,574.59,577.46,580.18,582.66,585.0,586.86,588.51,589.67,590.36,590.69,590.69,590.15,589.25,587.71,585.88,583.74,581.48,579.32,576.96,574.64,572.28,569.86,567.12,564.0,560.34,556.16,551.48,546.49,541.45,536.33,531.45,527.04,523.14,519.77,517.38,519.88,525.46,531.83,538.83,545.69,544.67,536.74,535.31,534.33,533.37,532.29,531.18,530.11,528.96,527.85,526.68,525.48,524.27,523.03,521.74,520.43,519.12,517.78,516.44,515.03,513.67,512.35,511.07,509.72,508.38,507.11,505.8,504.59,503.38,502.14,500.94,499.71,498.55,497.44,496.38,495.28
20822,20,115.655,32.62,46.58,58.75,512.25,905.86,786.68,756.43,768.75,790.32,798.83,750.33,747.74,763.59,780.99,738.8,679.41,674.83,686.89,666.4,657.71,691.21,699.97,700.27,699.58,699.44,699.88,700.85,700.24,699.95,695.69,698.6,698.16,698.53,699.68,699.41,698.8,699.3,699.8,698.77,699.93,699.5,699.6,699.29,699.86,699.28,699.82,699.74,699.41,699.78,699.69,699.85,699.75,699.54,699.69,699.3,699.7,699.41,699.45,699.62,699.92,699.83,699.89,699.91,699.9,699.9,699.76,699.87,699.97,699.75,699.91,699.92,700.07,699.66,699.54,700.23,700.05,699.73,699.38,699.19,698.87,699.64,701.03,700.89,700.4,700.21,699.85,662.74,527.57,393.28,262.14,132.32,30.51,26.23,31.97,48.55,32.92,27.75,26.42,25.87,25.48,25.25,25.29,25.26,25.01,24.98,25.07,25.17,25.08,25.13,25.11,25.04,25.04,25.1,25.03,25.18,25.21,25.12,25.08,25.23,25.59,24.94,25.29,25.12,25.28,25.2,25.22,25.26,25.04,-0.47,-0.43,-0.47,-0.37,1.22,10.15,18.44,28.12,38.14,47.17,49.82,56.55,65.66,75.34,76.57,73.43,78.55,86.62,90.42,95.18,118.95,135.77,149.58,164.73,181.96,203.68,242.7,326.94,386.66,424.41,449.84,465.94,478.61,488.41,496.59,503.4,509.6,515.21,520.09,524.77,529.09,533.19,536.92,541.02,544.83,548.66,552.43,556.22,559.98,563.71,567.32,570.72,573.77,576.62,579.22,581.67,583.89,585.7,587.07,588.26,588.87,589.15,588.91,588.39,587.36,585.75,583.9,581.72,579.45,577.14,574.79,572.52,570.16,567.81,565.05,561.87,558.21,554.03,549.37,544.3,539.2,533.98,529.03,524.59,520.75,517.44,514.98,517.41,522.84,529.22,536.09,542.85,541.86,533.78,532.17,531.14,530.17,529.09,528.04,526.84,525.71,524.49,523.31,522.09,520.66,519.29,517.82,516.38,514.93,513.49,512.0,510.64,509.23,507.78,506.36,505.01,503.66,502.32,501.02,499.72,498.41,497.2,495.98,494.92,493.74,492.65,491.63,490.49
20823,20,115.663,32.58,46.54,58.07,515.2,905.89,788.56,759.34,772.56,794.67,803.71,754.76,751.82,767.87,785.4,742.71,682.97,677.94,689.22,668.67,659.52,692.17,700.74,700.73,699.75,699.5,700.29,700.86,700.4,699.21,697.42,699.2,697.83,699.24,699.72,699.65,698.38,699.68,699.87,698.81,700.01,699.84,699.89,699.8,699.67,699.79,700.01,700.03,699.83,699.62,700.08,699.5,699.82,699.93,699.63,699.66,699.67,699.91,699.78,699.61,699.9,699.96,700.05,699.86,700.05,699.98,700.05,699.97,699.78,699.6,700.0,699.91,700.07,699.9,699.83,700.22,699.98,699.6,699.26,699.08,699.76,701.34,700.94,700.76,700.4,700.29,699.97,663.23,527.8,393.83,263.08,133.12,31.03,26.08,33.11,48.19,32.56,27.71,26.61,25.89,25.52,25.06,25.09,24.94,25.13,25.14,25.16,25.18,24.98,25.14,25.08,25.33,25.09,25.91,24.06,25.16,25.37,25.21,25.04,25.2,25.46,25.0,25.26,25.29,25.25,25.25,25.19,25.15,25.01,-0.46,-0.49,-0.43,-0.42,1.03,9.92,18.25,27.97,38.12,47.34,50.07,56.78,65.96,75.62,76.97,73.89,78.93,87.17,91.17,97.0,119.85,136.47,150.23,165.14,181.87,203.46,240.41,323.72,384.17,422.63,448.36,464.61,477.46,487.49,495.74,502.74,509.01,514.61,519.67,524.43,528.81,532.93,536.83,540.71,544.64,548.42,552.28,556.09,559.95,563.74,567.28,570.68,573.95,576.86,579.48,582.07,584.22,586.06,587.5,588.53,589.31,589.66,589.55,588.92,587.98,586.4,584.45,582.25,579.93,577.6,575.25,572.88,570.53,568.04,565.37,562.43,558.92,555.02,550.66,545.96,540.87,535.78,530.95,526.51,522.52,519.09,516.46,518.76,524.09,530.49,537.35,544.14,543.23,535.2,533.75,532.77,531.79,530.71,529.63,528.55,527.39,526.2,524.95,523.67,522.46,520.99,519.53,518.06,516.58,515.13,513.54,512.18,510.71,509.37,507.96,506.69,505.4,504.18,502.87,501.57,500.37,499.09,497.89,496.73,495.64,494.44,493.35,492.27
20824,20,115.635,32.79,47.12,60.35,518.08,908.63,793.11,763.75,776.3,798.11,807.67,759.11,756.32,772.36,789.97,747.33,687.37,682.6,694.4,673.34,663.82,695.71,702.81,701.87,700.02,699.71,699.86,700.53,700.33,697.03,697.37,699.43,696.73,699.67,699.18,699.44,699.22,699.77,699.3,698.78,699.78,700.08,699.85,699.64,699.94,699.87,699.91,699.76,699.96,700.03,699.51,699.82,699.68,699.55,699.71,699.84,699.73,699.84,699.89,700.0,700.04,699.85,699.88,699.98,700.02,700.01,699.96,699.89,699.99,700.03,699.97,700.06,699.86,699.89,700.13,699.75,699.43,699.73,700.24,699.99,699.59,699.35,699.14,699.53,700.68,700.34,700.03,663.95,527.63,393.46,262.24,132.38,30.76,26.31,31.72,48.39,33.39,27.81,26.66,26.3,25.17,24.93,24.95,25.03,25.06,25.05,25.08,25.11,25.13,25.25,25.11,25.18,25.09,25.06,25.11,24.98,25.16,25.1,25.09,25.17,25.29,25.14,24.99,25.04,25.18,25.19,25.18,25.09,25.26,-0.37,-0.45,-0.39,-0.37,1.0,10.0,18.48,28.27,38.46,47.76,50.41,57.22,66.38,76.19,77.47,74.43,79.5,87.67,91.52,97.76,120.55,136.5,150.03,164.55,180.98,201.72,235.39,316.04,378.44,419.09,445.83,462.91,476.18,486.47,494.78,502.06,508.19,513.85,519.01,523.71,528.08,532.28,536.27,540.15,544.06,548.03,551.85,555.66,559.56,563.25,566.83,570.44,573.45,576.48,579.15,581.72,584.0,585.92,587.44,588.65,589.46,589.86,589.88,589.38,588.41,586.89,584.94,582.79,580.55,578.17,575.79,573.42,571.08,568.69,566.19,563.33,560.12,556.24,551.95,547.26,542.31,537.34,532.47,527.84,523.66,519.88,517.13,519.22,524.42,530.61,537.31,544.06,543.15,535.1,533.64,532.53,531.54,530.4,529.23,528.13,526.95,525.71,524.43,523.08,521.63,520.14,518.79,517.18,515.68,514.12,512.69,511.19,509.72,508.25,506.82,505.44,504.07,502.67,501.34,500.06,498.65,497.46,496.16,494.95,493.87,492.61,491.55,490.36
20825,20,115.633,32.51,46.8,59.06,517.69,910.31,793.84,764.76,777.09,798.48,807.61,758.71,755.86,771.53,788.85,746.45,686.84,681.88,693.55,673.34,663.85,695.54,702.68,701.64,700.36,699.82,699.66,700.45,699.98,698.25,697.93,699.58,697.29,699.38,699.64,699.4,698.91,699.89,699.68,698.58,699.74,699.93,700.14,699.56,699.69,699.76,699.89,699.85,699.98,699.72,700.04,699.76,699.83,699.79,699.67,699.73,699.99,699.41,699.93,699.97,699.95,700.05,699.91,700.02,699.92,699.88,700.01,700.02,699.98,700.02,699.91,700.05,700.04,699.78,700.15,699.85,699.44,699.56,700.37,700.21,699.85,699.55,699.32,699.1,699.01,700.75,700.95,663.83,527.77,393.98,262.85,133.24,31.05,26.15,32.88,48.16,32.66,27.76,26.41,25.89,25.48,25.29,25.11,25.03,25.0,25.03,25.29,24.92,25.16,25.24,25.24,25.16,25.06,25.09,25.12,25.13,25.15,25.28,25.07,25.14,25.06,25.26,25.33,25.18,25.1,25.28,25.19,25.19,25.22,-0.41,-0.37,-0.41,-0.38,1.41,10.59,18.92,28.84,38.92,48.2,50.75,57.56,66.78,76.56,77.75,74.59,79.7,87.9,92.06,98.55,121.32,136.96,150.43,164.93,181.22,201.99,234.98,314.83,377.93,418.55,445.85,462.85,476.04,486.33,494.63,501.79,507.95,513.57,518.68,523.36,527.92,532.05,536.03,539.87,543.67,547.6,551.42,555.27,559.06,562.88,566.46,569.85,573.06,576.04,578.79,581.27,583.45,585.33,586.86,588.17,588.78,589.25,589.18,588.65,587.65,586.2,584.3,582.18,579.73,577.32,575.01,572.58,570.22,567.95,565.4,562.52,559.33,555.64,551.44,546.89,542.12,537.22,532.49,528.01,523.87,520.03,517.28,519.25,524.36,530.53,537.3,544.04,543.15,535.1,533.5,532.54,531.53,530.52,529.31,528.15,527.03,525.73,524.48,523.14,521.75,520.2,518.74,517.12,515.54,514.01,512.49,511.0,509.54,508.03,506.62,505.23,503.91,502.49,501.14,499.84,498.61,497.29,496.02,494.89,493.69,492.68,491.59,490.53
20826,20,115.602,32.26,46.71,60.72,533.43,912.22,795.46,765.61,778.39,800.49,809.61,760.66,757.69,773.89,791.72,749.15,689.21,684.33,696.27,675.94,666.16,697.31,703.64,702.13,699.85,699.88,699.95,700.59,700.64,698.13,698.98,698.67,697.75,699.35,699.86,700.02,698.77,698.69,699.7,698.83,699.47,699.11,699.89,699.91,700.11,699.18,699.96,700.01,699.92,699.45,699.8,699.94,699.99,699.04,699.81,699.56,699.84,699.84,699.64,700.0,699.96,700.06,699.95,699.85,699.95,699.66,699.82,699.97,700.01,699.92,700.02,699.98,699.97,699.86,700.11,699.93,699.59,700.15,700.37,700.0,699.58,699.37,699.13,698.92,700.88,701.27,701.05,662.98,527.54,393.75,263.18,133.29,30.66,26.17,32.63,48.51,33.01,27.76,26.56,25.91,25.16,25.08,25.14,24.97,24.91,25.21,25.07,25.13,25.31,25.23,25.19,25.11,25.1,25.08,25.13,25.0,25.2,25.21,25.14,25.41,24.98,25.18,25.39,25.15,25.08,25.19,25.29,24.98,25.12,-0.52,-0.45,-0.48,-0.52,1.23,10.37,18.81,28.66,39.02,48.28,50.97,57.65,66.98,76.69,78.1,74.95,80.06,88.35,92.68,99.37,122.4,137.93,151.19,165.64,182.27,203.22,237.68,318.77,379.83,419.48,445.93,463.3,475.69,486.29,494.48,501.4,507.52,512.97,517.96,522.73,527.03,531.27,535.32,539.2,543.02,546.81,550.75,554.51,558.28,561.96,565.63,569.13,572.2,575.03,577.75,580.14,582.37,584.12,585.61,586.77,587.39,587.57,587.38,586.84,585.74,584.13,582.08,579.83,577.45,575.03,572.55,570.1,567.75,565.32,562.82,559.93,556.71,552.9,548.78,544.2,539.52,534.61,529.75,525.24,521.0,517.39,514.42,516.33,521.33,527.32,533.93,540.48,539.51,531.39,529.93,528.84,527.79,526.79,525.61,524.33,522.97,521.7,520.19,518.86,517.25,515.87,514.23,512.63,511.01,509.4,508.0,506.38,504.88,503.4,502.0,500.5,499.11,497.67,496.32,495.03,493.68,492.54,491.32,490.1,489.01,487.93,486.8,485.72
20827,20,115.555,32.43,47.07,59.62,529.94,912.67,796.92,768.18,780.74,802.06,811.01,761.98,758.95,774.96,793.03,751.02,690.57,685.69,697.66,677.57,667.56,698.4,703.29,702.13,699.38,700.18,700.08,700.54,701.14,697.32,699.85,699.19,697.5,699.34,699.53,699.99,699.46,698.83,699.77,699.66,699.86,699.67,699.96,700.05,699.81,699.75,699.47,699.74,699.95,699.5,700.12,699.54,699.72,699.59,699.57,699.5,699.98,699.09,699.7,699.22,699.93,699.96,699.92,699.94,699.97,699.96,699.96,700.04,699.84,700.11,699.74,699.4,700.36,700.05,699.64,699.25,698.95,699.07,700.72,700.85,700.49,700.2,699.96,699.69,699.44,699.3,698.93,664.29,528.71,394.0,263.14,133.48,30.74,26.31,31.77,48.31,33.45,27.91,26.7,25.83,25.5,25.12,24.95,25.08,25.03,25.28,25.0,24.97,25.32,25.13,25.11,24.94,25.64,24.53,24.89,25.07,25.33,25.31,25.19,25.43,24.83,25.26,25.33,25.05,25.25,24.98,25.07,25.03,25.17,-0.32,-0.39,-0.37,-0.42,1.43,10.9,19.25,29.15,39.48,48.88,51.44,58.14,67.45,77.14,78.62,75.36,80.34,88.71,93.0,99.41,122.24,136.9,150.48,165.11,181.53,201.71,232.92,310.72,374.2,415.62,443.16,461.26,474.0,484.72,493.13,500.33,506.64,512.2,517.33,522.19,526.48,530.67,534.66,538.63,542.46,546.34,550.08,553.98,557.77,561.53,565.16,568.57,571.77,574.62,577.4,579.78,581.97,583.68,585.25,586.32,587.02,587.36,587.23,586.59,585.46,583.8,581.8,579.51,577.01,574.45,571.96,569.52,567.04,564.53,561.91,559.11,555.94,552.23,548.06,543.44,538.69,533.76,528.87,524.32,520.11,516.31,513.3,515.08,519.95,525.88,532.4,538.99,537.94,529.78,528.24,527.16,526.11,524.88,523.61,522.32,520.91,519.48,518.02,516.62,515.12,513.55,511.9,510.36,508.75,507.2,505.62,504.14,502.59,501.12,499.64,498.19,496.8,495.44,493.98,492.68,491.49,490.15,488.86,487.65,486.47,485.39,484.28,483.23
20828,20,115.622,32.53,47.25,59.81,530.49,914.88,797.38,767.9,780.74,802.12,811.05,762.16,759.02,775.02,792.59,750.68,690.46,685.62,697.38,676.58,666.33,697.45,703.92,702.32,700.46,699.53,699.46,700.37,700.4,698.49,699.21,699.15,696.91,699.76,699.6,700.05,699.62,698.45,699.83,699.66,698.6,699.55,699.8,699.99,699.77,699.42,699.91,699.91,699.7,699.96,699.96,699.11,699.92,699.87,699.32,699.46,699.6,699.93,699.57,699.63,700.06,699.96,699.97,699.6,699.98,699.81,699.98,699.92,699.97,699.95,699.96,699.86,700.09,699.82,699.82,700.54,700.33,700.05,699.6,699.5,699.15,698.93,700.16,701.53,701.24,700.78,698.73,664.19,528.48,393.83,263.24,133.35,30.74,26.26,32.33,48.15,33.32,27.87,26.65,25.84,25.3,25.17,24.97,25.04,25.0,24.94,25.07,25.06,25.12,25.2,25.13,25.14,25.12,25.09,25.15,25.08,25.19,25.09,25.27,25.17,25.19,25.23,25.01,25.16,25.19,25.51,25.09,24.92,25.13,-0.31,-0.31,-0.28,-0.32,1.36,10.73,18.99,28.83,39.22,48.57,51.17,57.88,67.21,77.08,78.35,75.1,80.2,88.62,92.9,99.17,122.15,137.89,150.99,165.71,182.01,202.62,236.08,316.35,378.59,418.71,445.66,462.92,475.46,485.93,494.34,501.32,507.38,513.06,518.23,522.79,527.17,531.43,535.45,539.21,543.15,547.01,550.86,554.67,558.49,562.19,565.81,569.25,572.44,575.25,577.94,580.41,582.63,584.39,585.91,586.99,587.56,587.86,587.83,587.32,586.24,584.76,582.91,580.7,578.34,576.03,573.7,571.41,568.97,566.36,563.35,559.75,555.68,551.08,546.04,540.64,535.16,529.88,525.0,520.55,516.69,513.5,511.18,513.58,519.06,525.24,531.87,538.31,537.26,529.11,527.48,526.44,525.26,524.13,522.94,521.64,520.31,518.92,517.46,516.05,514.56,513.03,511.44,509.81,508.16,506.55,505.02,503.51,502.08,500.52,499.05,497.65,496.38,495.0,493.71,492.43,491.17,489.91,488.7,487.44,486.29,485.18,484.06,483.01
20829,20,115.597,32.72,47.51,59.72,528.63,915.27,800.55,771.08,783.07,804.52,813.91,765.24,761.78,777.84,795.57,753.58,693.33,688.16,700.16,680.4,669.28,699.95,705.31,703.05,700.53,700.14,699.6,700.04,700.59,698.66,698.89,699.41,696.87,699.82,699.09,699.92,699.39,698.5,699.64,699.78,698.87,699.85,699.7,699.89,699.81,700.03,699.91,699.88,699.98,699.73,700.03,699.76,699.49,699.84,699.62,699.78,699.22,699.53,699.78,699.84,700.04,699.98,699.97,699.93,699.95,700.08,699.75,699.93,700.0,699.87,700.07,699.64,700.19,700.17,699.7,699.3,699.09,699.36,701.02,701.08,700.79,700.39,700.22,699.95,699.71,699.4,699.16,664.34,528.68,393.91,263.08,133.64,30.88,26.51,31.63,48.36,33.56,27.91,26.7,25.79,25.41,25.24,24.92,24.98,25.03,25.33,24.95,25.03,25.22,25.12,25.11,25.09,25.2,24.84,24.85,25.14,25.07,25.25,25.65,24.72,24.91,25.12,25.26,25.22,25.25,25.13,25.18,25.01,25.1,-0.48,-0.41,-0.43,-0.41,1.26,10.59,19.11,29.0,39.44,48.88,51.5,58.29,67.53,77.31,78.69,75.39,80.41,88.71,92.81,98.29,120.97,136.99,150.13,164.31,180.44,200.58,230.93,307.49,372.5,414.0,441.93,460.24,473.27,483.9,492.57,499.72,506.0,511.73,516.97,521.67,526.2,530.37,534.52,538.44,542.34,546.26,550.1,554.01,557.84,561.69,565.34,568.66,571.76,574.72,577.36,579.72,581.81,583.65,585.14,586.1,586.71,587.0,586.88,586.3,585.24,583.54,581.5,579.28,576.9,574.54,572.1,569.69,567.23,564.67,561.89,558.7,555.06,550.74,546.03,541.05,535.93,530.8,525.9,521.4,517.37,514.05,511.34,513.34,518.3,524.33,530.84,537.26,536.18,528.03,526.51,525.42,524.28,523.1,521.74,520.4,518.94,517.52,516.06,514.57,512.97,511.42,509.86,508.3,506.72,505.13,503.69,502.18,500.58,499.01,497.6,496.24,494.83,493.47,492.14,490.77,489.53,488.32,487.12,485.81,484.76,483.62,482.57,481.39
20830,20,115.557,32.2,47.09,59.61,525.22,916.51,801.71,772.56,784.76,806.32,815.49,766.47,762.99,779.0,796.96,755.04,694.64,689.48,701.3,681.35,670.63,700.81,705.7,703.32,699.7,699.96,699.92,700.36,701.31,697.25,699.98,699.5,696.88,699.91,698.8,699.93,699.47,698.79,699.66,699.72,698.87,699.8,699.57,700.01,699.86,699.66,699.95,699.57,699.62,700.02,699.46,699.78,700.02,699.4,699.81,699.39,699.8,699.76,699.32,699.86,699.91,700.0,699.81,699.96,699.84,700.02,700.03,699.94,699.97,699.94,699.81,699.91,699.98,700.03,700.01,700.12,699.85,699.53,699.25,699.97,700.77,700.49,700.23,699.88,699.7,699.4,699.15,664.48,528.47,393.86,263.13,133.32,30.79,26.13,31.74,48.37,33.76,27.96,26.63,25.77,25.34,25.09,25.09,25.03,25.0,25.11,24.95,25.21,25.11,25.11,25.0,25.03,25.05,25.18,25.1,25.11,25.27,25.28,25.09,25.07,25.22,25.38,25.33,25.2,25.13,25.33,25.01,24.95,25.28,-0.37,-0.3,-0.39,-0.35,0.98,10.16,18.76,28.62,39.05,48.6,51.17,58.07,67.22,76.98,78.46,75.17,80.34,88.81,92.91,99.81,122.38,137.04,149.74,163.54,179.22,198.67,226.06,295.5,364.45,408.76,438.16,457.64,471.1,482.14,491.02,498.39,504.84,510.65,515.89,520.69,525.29,529.52,533.64,537.69,541.56,545.45,549.33,553.16,557.0,560.88,564.38,567.93,571.02,573.98,576.72,579.19,581.31,583.26,584.7,585.68,586.32,586.64,586.66,586.06,584.96,583.31,581.28,579.02,576.56,574.02,571.59,569.06,566.59,564.17,561.65,558.72,555.4,551.71,547.56,542.92,538.12,533.25,528.35,523.73,519.5,515.67,512.61,514.29,518.97,524.7,531.05,537.5,536.42,528.32,526.7,525.56,524.32,523.14,521.73,520.27,518.8,517.36,515.84,514.4,512.85,511.24,509.65,508.14,506.44,504.91,503.34,501.74,500.3,498.75,497.33,495.9,494.47,493.07,491.66,490.31,489.05,487.81,486.65,485.32,484.14,483.04,481.93,480.69
20831,20,115.522,31.94,47.16,60.52,537.25,921.03,804.12,773.78,786.44,808.35,817.84,769.19,765.89,781.94,799.8,757.86,697.15,692.15,704.38,684.7,673.15,702.74,706.98,703.87,700.4,700.4,699.84,699.71,700.36,700.17,695.18,698.34,699.4,697.52,699.88,699.83,699.2,699.76,698.91,699.66,700.14,699.17,700.01,699.39,699.79,699.88,699.21,699.8,699.86,699.89,699.74,700.03,699.79,699.36,699.92,699.51,699.19,699.82,699.83,699.81,699.94,699.92,699.99,699.99,699.87,700.05,699.98,699.89,699.92,700.0,700.0,699.95,699.95,700.17,699.7,699.73,700.26,699.88,699.58,699.24,699.08,700.4,700.71,700.53,700.13,699.94,699.77,664.7,529.3,394.78,263.97,134.05,31.45,26.36,31.23,48.18,33.86,27.81,26.46,25.83,25.35,25.07,25.17,24.99,25.17,24.9,25.04,25.1,25.18,25.01,25.09,25.22,25.12,24.95,25.0,25.06,25.1,25.3,25.14,25.19,25.37,25.22,25.1,25.11,25.18,25.14,25.17,25.21,25.27,-0.38,-0.43,-0.31,-0.36,1.14,10.43,18.94,28.92,39.49,48.96,51.69,58.6,67.89,77.67,79.23,75.88,81.06,89.6,94.11,100.84,123.27,137.98,150.78,164.69,180.4,200.02,228.79,301.33,368.09,409.72,438.59,458.03,470.91,482.1,490.79,498.18,504.73,510.27,515.54,520.46,524.95,529.3,533.36,537.28,541.27,544.97,548.98,552.86,556.62,560.35,563.92,567.43,570.51,573.35,575.98,578.41,580.57,582.37,583.76,584.62,585.21,585.46,585.14,584.46,583.18,581.41,579.32,576.87,574.32,571.67,569.06,566.61,564.06,561.56,558.87,556.03,552.76,549.05,544.97,540.5,535.84,530.99,526.17,521.7,517.53,513.72,510.79,512.47,517.21,523.08,529.51,536.11,534.97,526.79,525.3,524.04,522.85,521.46,520.03,518.47,517.08,515.51,514.06,512.56,511.06,509.53,507.87,506.25,504.67,503.04,501.59,499.98,498.51,496.96,495.46,494.08,492.61,491.2,489.85,488.58,487.25,485.94,484.75,483.6,482.44,481.27,480.17,479.04
20832,20,115.531,32.4,47.14,60.07,532.57,922.92,807.14,777.32,789.87,811.26,820.61,771.62,768.66,784.86,803.05,761.32,700.51,696.19,707.29,687.04,674.38,704.33,707.86,704.33,700.32,700.39,700.18,700.12,701.39,700.51,700.69,697.92,697.97,699.29,699.43,700.08,699.27,698.72,699.65,699.1,699.69,699.5,700.0,699.51,699.96,699.47,699.69,699.89,699.95,699.48,699.67,699.89,699.98,699.19,699.78,699.8,699.94,699.51,699.81,699.97,699.97,699.89,699.96,699.97,699.92,699.93,699.93,700.04,699.83,699.93,700.12,699.84,700.03,699.87,700.12,699.7,699.96,700.13,699.82,699.43,699.21,700.2,700.59,700.16,699.95,699.68,699.41,664.91,529.1,394.83,264.04,134.01,32.17,25.93,31.97,48.18,33.67,27.6,26.5,25.64,25.38,24.97,25.05,24.94,25.4,24.75,24.95,25.02,25.11,25.01,25.08,25.6,24.79,25.01,25.27,25.2,25.22,25.13,25.04,25.11,25.29,25.3,25.29,25.05,25.17,25.16,25.01,25.18,25.26,-0.48,-0.41,-0.45,-0.39,1.42,10.99,19.55,29.63,40.17,49.61,52.12,58.97,68.33,78.2,79.76,76.43,81.45,90.18,94.48,99.12,122.71,137.92,150.5,164.53,180.26,199.21,226.08,293.97,363.84,407.87,436.67,456.71,470.04,481.28,490.13,497.49,504.01,509.55,514.98,520.05,524.46,528.86,532.97,537.0,540.75,544.76,548.58,552.38,556.26,560.06,563.67,567.2,570.16,572.98,575.68,578.17,580.16,582.01,583.28,584.16,584.66,584.9,584.78,584.15,582.86,581.15,578.99,576.64,574.0,571.47,568.86,566.37,563.85,561.32,558.61,555.56,552.23,548.41,544.09,539.47,534.56,529.67,524.85,520.23,516.1,512.41,509.41,511.05,515.75,521.5,527.93,534.24,533.12,524.85,523.23,521.92,520.56,519.16,517.66,516.23,514.79,513.29,511.66,510.2,508.67,507.0,505.43,503.79,502.2,500.6,499.07,497.53,496.15,494.63,493.14,491.69,490.22,488.88,487.55,486.13,484.91,483.58,482.33,481.22,479.96,478.8,477.74,476.59
20833,20,115.53,31.59,46.49,59.34,530.62,924.44,809.9,779.96,792.43,813.91,822.98,773.82,770.49,786.5,804.37,762.76,701.58,697.98,708.99,688.68,675.81,705.12,708.57,704.49,700.88,700.29,700.1,699.98,701.11,700.48,700.45,695.76,698.02,699.05,699.38,700.03,699.27,698.76,699.78,698.85,699.26,699.29,699.93,699.88,699.98,699.56,699.75,699.82,699.79,699.61,699.97,699.8,699.71,699.76,699.69,699.74,699.31,699.69,699.92,699.83,700.07,700.01,699.97,699.97,699.94,699.95,700.0,699.97,699.76,699.95,700.05,699.73,699.95,699.95,700.08,699.88,700.03,699.83,699.83,700.12,699.94,699.59,699.46,700.35,700.23,699.95,699.74,664.88,529.21,394.62,263.98,134.08,31.88,26.09,31.98,47.85,33.58,27.87,26.46,25.81,25.38,25.1,25.18,24.99,25.02,25.03,25.0,25.08,25.12,25.02,25.0,25.12,25.24,25.12,25.07,25.01,25.2,25.22,25.24,25.02,25.12,25.32,25.22,25.22,25.19,25.22,25.29,25.15,25.18,-0.44,-0.41,-0.37,-0.54,1.21,10.81,19.44,29.56,40.27,49.74,52.42,59.25,68.56,78.52,79.99,76.71,81.78,90.31,94.57,99.6,122.37,137.88,150.34,164.2,179.57,198.37,224.57,289.28,360.8,405.62,434.7,455.38,468.94,480.47,489.52,496.81,503.31,509.05,514.33,519.24,523.86,528.17,532.4,536.44,540.32,544.22,548.05,551.95,555.71,559.52,563.14,566.49,569.74,572.67,575.29,577.58,579.75,581.52,582.76,583.61,583.98,584.18,583.99,583.32,582.04,580.22,577.98,575.55,572.93,570.37,567.81,565.25,562.78,560.29,557.56,554.59,551.24,547.52,543.24,538.6,533.81,528.95,524.09,519.53,515.31,511.45,508.57,510.26,515.03,520.71,527.07,533.4,532.34,523.97,522.29,520.91,519.55,518.15,516.61,515.14,513.62,512.06,510.57,509.05,507.52,505.89,504.23,502.57,501.0,499.38,497.8,496.25,494.77,493.28,491.73,490.26,488.87,487.44,486.09,484.79,483.37,482.16,480.84,479.68,478.51,477.43,476.31,475.14
20834,20,115.488,31.66,46.9,59.27,527.49,925.63,810.51,780.82,793.5,815.71,825.8,776.75,773.02,789.12,807.03,765.43,704.12,699.46,711.42,691.39,677.6,706.7,709.62,705.04,700.61,700.06,699.45,699.8,701.38,699.29,697.35,699.81,697.67,699.35,698.97,699.96,699.09,698.67,699.78,699.43,698.67,699.64,699.78,699.8,700.12,699.66,699.96,699.59,699.78,699.91,700.04,699.95,699.59,699.93,699.66,699.66,700.01,699.76,700.01,700.01,699.89,699.99,699.95,700.02,699.93,699.95,699.96,699.86,699.94,699.86,700.01,699.54,699.99,700.29,699.87,699.58,699.09,698.88,699.97,701.0,700.97,700.6,700.4,700.08,699.82,699.56,699.37,665.47,530.1,395.2,264.52,134.71,32.38,25.96,31.93,47.9,33.66,27.69,26.77,25.61,25.26,25.03,25.09,25.03,25.06,25.18,25.14,25.06,24.99,24.9,25.02,25.73,24.61,24.76,25.03,25.11,25.2,25.29,25.33,25.16,25.37,25.21,25.19,25.29,25.28,25.29,25.2,25.17,25.16,-0.45,-0.42,-0.38,-0.44,0.89,10.22,18.94,28.98,39.69,49.34,52.19,58.99,68.37,78.38,79.9,76.68,81.84,90.41,95.0,100.15,123.1,137.95,149.97,163.24,178.5,196.66,221.26,277.48,351.76,398.77,430.55,452.38,466.49,478.17,487.65,495.13,501.81,507.67,513.06,517.91,522.58,527.11,531.23,535.49,539.29,543.21,547.08,550.96,554.66,558.59,562.12,565.54,568.79,571.67,574.4,576.88,578.98,580.67,581.87,582.7,583.1,583.33,583.13,582.4,581.18,579.34,577.01,574.54,571.92,569.19,566.48,563.91,561.25,558.66,555.95,553.04,549.7,545.92,541.58,536.99,532.12,527.28,522.45,517.9,513.59,509.78,506.71,508.32,512.88,518.42,524.65,530.92,529.69,520.99,519.06,517.6,516.21,514.7,513.06,511.51,510.0,508.44,506.91,505.31,503.79,502.14,500.56,498.94,497.36,495.66,494.05,492.54,490.99,489.44,487.97,486.45,485.03,483.64,482.27,480.94,479.58,478.28,477.06,475.85,474.56,473.48,472.33,471.15
20835,20,115.451,32.61,47.53,60.11,531.79,927.77,814.71,785.04,797.93,820.18,830.28,781.12,777.62,793.72,811.99,770.29,708.91,704.05,717.82,697.12,682.59,710.51,711.72,706.16,700.7,700.21,699.69,699.72,700.95,699.7,700.64,697.57,698.78,698.81,699.46,700.01,698.93,699.54,699.63,699.7,699.77,699.45,700.01,699.29,700.03,698.92,699.86,699.97,699.94,699.22,700.05,699.67,699.59,699.84,699.64,699.74,699.85,699.62,700.04,699.38,699.86,699.84,699.96,699.99,699.99,699.89,699.99,699.87,699.87,700.01,699.84,700.06,699.6,699.98,700.17,699.69,699.44,699.18,698.93,700.39,701.0,700.6,700.4,700.14,699.79,699.62,699.43,665.35,530.01,395.46,264.61,134.73,31.75,26.33,31.07,47.65,34.37,27.99,26.72,25.94,25.51,25.32,25.07,24.92,24.84,24.99,25.05,25.0,25.17,25.24,25.1,25.14,25.29,25.27,25.09,25.06,25.12,25.15,25.38,25.08,25.28,25.29,25.14,25.13,25.26,25.29,25.18,25.14,25.09,-0.38,-0.41,-0.52,-0.54,1.12,10.52,19.21,29.25,39.97,49.6,52.49,59.47,68.89,78.88,80.5,77.28,82.42,91.1,95.76,101.25,124.09,138.38,150.04,163.08,178.15,195.96,219.5,271.2,346.65,395.04,427.07,449.73,464.38,476.27,485.76,493.51,500.19,506.05,511.74,516.84,521.49,525.98,530.14,534.25,538.23,542.09,545.99,549.95,553.72,557.47,561.13,564.51,567.58,570.38,573.1,575.44,577.49,579.17,580.42,581.25,581.6,581.95,581.78,581.01,579.69,577.82,575.48,572.95,570.33,567.61,564.94,562.29,559.65,556.97,554.2,551.22,547.75,543.94,539.68,535.03,530.2,525.25,520.46,515.85,511.61,507.67,504.57,506.01,510.43,515.85,521.9,527.99,526.36,517.47,515.36,513.81,512.34,510.8,509.22,507.61,506.05,504.54,502.96,501.45,499.81,498.27,496.67,494.99,493.38,491.69,490.13,488.48,486.91,485.39,483.96,482.43,481.07,479.5,478.16,476.79,475.46,474.16,472.91,471.67,470.38,469.24,468.11,466.97
20836,20,115.399,33.49,48.33,61.14,535.34,934.16,821.62,790.93,804.08,825.76,835.76,786.04,781.69,797.96,816.37,775.85,713.66,707.98,719.93,700.97,685.16,712.59,713.05,706.81,700.89,700.02,699.13,699.69,700.86,700.0,700.54,698.75,699.74,698.75,699.58,699.57,699.88,699.73,699.14,699.81,700.16,699.77,699.99,699.9,699.55,700.08,699.27,699.93,700.11,699.74,699.49,700.01,699.31,699.69,700.07,699.21,699.77,699.86,699.37,699.88,699.9,699.91,699.98,700.01,699.93,700.0,699.96,699.94,699.97,699.98,699.88,699.96,699.87,700.18,699.8,699.43,699.17,700.42,700.44,700.13,699.73,699.4,699.3,699.09,699.26,701.39,701.51,663.92,529.22,395.19,264.51,134.7,32.29,25.97,31.99,47.84,33.49,27.97,27.13,25.37,25.15,25.0,24.85,24.98,25.01,25.31,24.99,25.01,25.11,25.14,25.05,25.33,25.22,25.11,25.0,25.07,25.07,25.13,25.63,25.12,24.97,25.26,25.23,25.4,25.42,25.8,24.78,24.88,24.98,-0.41,-0.37,-0.39,-0.4,1.62,11.59,20.28,30.6,41.29,51.03,53.68,60.4,69.99,79.85,81.54,78.3,83.42,92.08,96.54,100.76,123.51,138.3,149.94,162.92,177.5,194.6,217.2,262.24,338.19,388.71,422.51,446.26,461.72,473.96,483.93,491.88,498.75,504.68,510.28,515.34,520.13,524.64,529.04,533.25,537.27,541.25,545.27,549.17,553.09,556.78,560.51,563.77,566.94,569.87,572.42,574.8,576.75,578.42,579.62,580.45,581.02,581.3,581.07,580.36,578.88,577.03,574.61,572.1,569.35,566.57,563.78,561.03,558.26,555.45,552.62,549.5,546.09,541.99,537.71,532.98,528.19,523.23,518.28,513.65,509.3,505.33,502.12,503.43,507.82,513.03,518.78,524.41,522.65,513.47,511.23,509.63,508.15,506.55,504.95,503.39,501.88,500.3,498.71,497.16,495.61,493.99,492.36,490.7,489.05,487.43,485.89,484.29,482.68,481.1,479.67,478.21,476.72,475.27,473.91,472.52,471.16,469.85,468.58,467.33,466.08,464.92,463.74,462.59
20837,20,115.298,34.06,48.72,58.96,514.74,937.15,826.88,797.14,809.56,831.41,841.69,791.9,788.0,804.14,822.63,783.15,720.06,713.95,726.36,707.98,690.69,716.78,715.75,708.27,700.97,700.13,699.23,699.47,700.3,700.4,700.13,695.18,698.56,698.58,697.88,699.85,699.79,698.73,699.44,699.87,698.8,699.96,699.64,699.88,699.34,699.83,699.72,699.86,699.46,699.82,699.66,699.96,699.66,699.62,699.88,699.74,700.08,698.98,699.84,699.68,699.92,699.94,700.02,699.92,699.93,699.88,700.0,699.94,699.93,699.86,699.99,700.06,699.91,699.93,699.9,699.73,699.97,700.01,699.87,699.98,699.81,700.2,700.06,699.72,699.39,699.39,701.09,666.4,530.69,396.59,265.65,135.9,32.15,26.76,31.22,47.13,34.96,28.19,26.75,25.98,25.29,25.19,24.93,24.8,24.85,25.16,25.0,24.85,24.92,24.89,25.03,25.16,26.37,24.48,24.53,24.98,25.04,25.2,25.31,25.35,25.29,25.27,25.25,25.31,25.24,25.32,25.75,24.75,24.97,-0.46,-0.47,-0.52,-0.47,0.52,9.7,18.54,28.88,39.62,49.49,52.45,59.44,68.96,78.99,81.1,77.85,83.0,91.6,96.32,101.05,122.73,136.41,147.1,158.94,172.85,188.6,208.05,235.33,303.42,364.46,404.29,432.21,451.46,465.44,476.34,485.42,492.85,499.47,505.33,510.56,515.52,520.29,524.81,529.07,533.38,537.64,541.46,545.41,549.48,553.22,556.92,560.5,563.51,566.4,568.91,571.29,573.23,574.79,575.96,576.93,577.42,577.7,577.4,576.62,575.11,573.12,570.67,567.96,565.08,562.08,559.06,556.04,553.07,549.95,546.84,543.46,539.75,535.68,531.08,526.12,521.05,515.89,510.67,505.8,501.12,496.96,493.3,493.86,497.2,501.59,506.53,511.59,509.61,500.04,497.75,496.07,494.44,492.74,491.13,489.48,487.83,486.1,484.58,482.92,481.25,479.62,477.89,476.18,474.48,472.7,471.06,469.36,467.67,466.08,464.6,463.07,461.52,460.08,458.61,457.22,455.78,454.48,453.2,451.85,450.61,449.38,448.04,447.06
20842,20,114.831,34.79,52.23,60.86,528.72,982.38,894.89,865.75,879.85,901.71,915.67,863.62,854.02,869.52,888.44,854.88,784.42,775.61,786.32,773.24,738.51,754.91,740.9,721.78,702.38,698.41,699.36,699.45,699.81,700.07,699.47,699.25,700.8,697.03,698.82,697.87,699.61,699.92,699.4,699.45,698.95,699.44,699.68,699.32,699.81,699.98,699.86,699.88,699.53,699.86,699.84,699.88,699.79,699.77,699.75,699.44,699.88,699.53,699.47,699.91,699.71,699.97,699.98,700.01,699.89,700.01,699.95,699.93,699.81,700.04,699.86,699.99,699.82,699.72,700.07,699.59,700.08,699.84,699.93,700.01,699.76,700.11,699.86,699.62,699.96,700.34,699.94,672.85,540.55,405.9,274.59,144.74,38.52,26.76,30.98,40.93,38.82,30.04,27.17,25.84,25.25,24.95,24.54,24.48,24.7,24.41,24.27,24.4,24.41,24.56,24.95,25.58,25.38,25.49,25.38,25.37,25.3,25.34,25.6,25.26,25.22,25.12,25.09,25.28,25.28,25.31,25.12,25.27,25.1,-0.42,-0.46,-0.48,-0.44,0.67,11.75,21.73,33.33,45.29,56.45,59.99,67.14,77.43,88.44,91.94,87.93,92.94,102.07,108.41,108.3,127.5,140.86,148.63,155.72,166.82,180.31,194.67,210.13,228.47,252.05,309.44,359.63,393.75,419.48,438.4,454.23,465.89,475.0,482.92,489.67,496.05,501.7,506.94,511.87,516.74,521.44,525.95,530.41,534.59,538.75,542.67,546.11,549.36,552.35,555.06,557.53,559.61,561.41,562.87,564.03,564.85,565.12,564.8,563.74,562.0,559.55,556.52,553.03,549.16,544.99,540.72,536.4,532.19,527.7,522.71,517.46,511.9,506.04,500.05,493.75,487.42,480.95,474.52,468.33,462.38,456.82,451.84,450.61,452.76,456.0,459.9,464.05,462.23,451.6,448.73,446.69,444.86,443.0,441.14,439.3,437.62,435.77,434.08,432.33,430.55,428.82,427.06,425.31,423.44,421.57,419.93,418.21,416.5,414.91,413.22,411.72,410.1,408.59,407.09,405.6,404.2,402.85,401.55,400.16,398.9,397.66,396.49,395.27
20843,20,114.826,34.52,51.99,60.99,534.54,986.74,900.94,870.26,885.03,906.98,922.07,870.09,859.42,874.15,892.54,859.47,788.25,777.48,789.14,776.5,740.29,756.62,742.38,722.48,702.99,699.12,698.99,699.68,699.7,699.82,698.79,698.95,700.61,697.99,699.65,696.97,699.67,699.72,699.42,699.89,698.47,699.96,699.07,699.62,699.49,699.92,699.89,699.88,700.04,699.68,700.03,699.85,699.87,699.62,699.89,699.34,699.66,699.51,699.34,699.87,699.71,700.05,699.91,700.01,700.01,700.04,699.92,699.97,700.0,699.99,699.87,699.79,699.91,699.84,700.21,699.94,699.45,699.7,700.26,699.95,699.59,699.37,699.08,699.21,700.7,700.64,700.37,673.26,541.42,407.14,276.0,146.18,38.66,26.3,31.23,42.23,38.57,29.58,26.92,25.86,25.2,24.97,24.65,24.43,24.73,24.32,24.33,24.38,24.55,24.79,25.21,25.99,25.38,25.27,25.12,25.09,25.21,25.36,25.55,25.4,25.38,25.18,25.11,25.16,25.55,25.07,25.04,25.24,25.38,-0.41,-0.37,-0.41,-0.43,0.65,11.67,21.59,33.26,45.25,56.6,60.35,67.44,77.77,88.86,92.64,88.35,93.51,102.6,109.22,108.86,128.66,141.59,149.18,156.46,167.34,180.59,194.84,210.14,227.67,250.15,305.92,357.08,392.11,418.18,437.45,453.29,465.36,474.68,482.63,489.52,495.78,501.65,506.98,511.9,516.85,521.54,526.02,530.45,534.79,538.79,542.71,546.37,549.77,552.85,555.65,557.99,560.01,561.81,563.35,564.75,565.61,565.91,565.5,564.52,562.76,560.33,557.28,553.79,549.89,545.62,541.39,537.12,532.78,528.21,523.04,517.79,512.25,506.53,500.48,494.23,487.89,481.41,474.96,468.68,462.65,456.98,451.97,450.61,452.56,455.73,459.62,463.68,462.17,451.38,448.56,446.51,444.62,442.83,440.89,439.11,437.34,435.47,433.72,431.98,430.22,428.53,426.77,424.89,423.02,421.18,419.55,417.67,416.06,414.41,412.82,411.13,409.62,408.14,406.55,405.15,403.62,402.36,400.88,399.57,398.32,397.07,395.83,394.64
20844,20,114.812,34.0,51.72,61.56,540.17,988.4,904.14,874.17,887.8,909.66,925.12,873.45,862.84,878.16,897.1,864.84,792.41,781.56,793.04,780.63,744.09,759.71,744.33,723.36,703.38,699.51,698.72,699.92,699.87,699.83,698.96,699.06,700.19,698.75,699.93,696.41,699.89,699.81,700.13,699.03,699.12,699.79,699.31,700.07,699.63,699.84,699.97,700.07,699.85,700.02,699.45,699.81,699.61,699.83,699.56,699.8,699.75,700.12,699.79,699.94,699.87,699.94,700.01,699.97,699.94,699.96,699.91,700.07,699.86,700.04,699.9,700.01,700.01,700.03,699.88,699.35,700.11,700.04,699.54,699.49,700.53,700.41,700.06,699.77,699.44,699.21,699.08,674.1,542.01,407.17,275.81,146.05,38.38,26.26,30.85,41.93,38.94,29.58,26.82,25.78,25.05,24.87,24.56,24.63,24.69,24.41,24.61,24.76,24.9,25.02,25.54,25.27,25.37,25.43,25.22,25.11,25.14,25.3,24.98,25.19,25.36,25.31,25.33,25.37,25.44,25.35,25.36,25.2,25.09,-0.5,-0.4,-0.45,-0.46,0.43,11.29,21.32,33.14,45.06,56.49,60.2,67.42,77.73,88.72,92.73,88.5,93.61,102.73,109.33,109.28,129.57,141.57,148.78,155.87,166.8,179.58,193.93,209.08,226.65,248.21,302.33,353.74,389.51,415.78,435.54,451.55,463.86,473.33,481.19,488.41,494.84,500.61,506.04,511.16,516.16,520.83,525.48,529.94,534.22,538.31,542.22,545.83,549.24,552.45,555.15,557.66,560.0,561.88,563.53,564.8,565.83,566.11,565.85,564.85,563.16,560.74,557.72,554.29,550.34,546.19,541.86,537.5,533.15,528.33,523.12,517.66,512.02,506.1,499.96,493.66,487.09,480.46,473.92,467.64,461.57,455.9,450.84,449.37,451.37,454.49,458.27,462.34,460.72,449.9,447.1,445.03,443.17,441.28,439.43,437.62,435.69,433.96,432.19,430.41,428.57,426.83,424.97,423.25,421.36,419.52,417.73,415.98,414.28,412.56,411.0,409.31,407.79,406.19,404.69,403.27,401.81,400.44,399.09,397.69,396.4,395.13,394.0,392.76
20845,20,114.811,33.78,51.29,61.43,547.57,991.4,905.61,874.32,888.29,910.39,925.63,872.79,862.1,877.02,896.24,863.54,791.4,780.48,792.06,779.66,743.36,759.12,743.95,723.1,702.97,699.37,699.11,700.06,700.08,699.8,698.74,698.54,699.62,698.91,698.78,697.06,699.82,699.69,699.58,699.24,699.6,698.67,699.99,699.88,700.04,699.73,699.97,699.85,699.73,699.99,699.6,699.45,699.79,699.1,699.96,699.62,699.87,699.89,699.81,699.77,699.95,700.01,699.96,699.98,699.93,699.93,699.95,699.92,700.0,699.89,700.02,699.99,700.05,699.95,700.08,699.83,699.51,700.13,700.04,699.7,699.4,699.29,700.82,700.88,700.65,700.33,700.04,673.31,541.24,406.97,276.05,146.27,38.4,26.22,30.62,42.5,38.81,29.56,26.59,25.8,25.18,24.83,24.6,25.35,24.27,24.49,24.52,24.66,24.86,25.21,25.67,25.31,25.29,25.27,25.09,25.03,25.36,25.38,24.94,24.92,25.1,25.33,25.38,25.5,25.32,25.3,25.18,25.11,25.26,-0.46,-0.34,-0.33,-0.39,0.65,11.77,21.83,33.44,45.38,56.82,60.4,67.68,77.93,89.0,92.99,88.71,93.68,102.78,109.54,109.59,129.96,142.2,149.34,156.54,167.51,180.42,194.9,210.52,228.04,251.43,308.88,358.19,392.87,418.11,437.91,453.33,465.31,474.58,482.5,489.55,495.58,501.5,506.91,511.9,516.79,521.55,526.15,530.47,534.8,538.82,542.69,546.41,549.85,552.86,555.64,558.23,560.35,562.29,563.83,564.97,565.89,566.21,565.85,564.79,562.99,560.51,557.44,553.92,550.0,545.87,541.59,537.2,532.91,528.02,523.0,517.6,511.96,506.14,500.05,493.8,487.4,480.86,474.32,468.06,462.09,456.42,451.47,450.16,452.19,455.34,459.25,463.45,461.74,451.07,448.33,446.33,444.39,442.54,440.73,438.89,437.06,435.32,433.57,431.79,430.08,428.23,426.57,424.73,422.9,420.97,419.29,417.65,415.94,414.27,412.6,411.02,409.49,407.98,406.43,405.03,403.55,402.19,400.86,399.5,398.17,396.98,395.65,394.59
20846,20,114.815,33.94,51.67,62.52,558.11,993.14,906.58,874.55,888.89,911.4,926.55,873.71,863.78,878.41,896.86,863.86,791.83,781.44,793.28,780.76,744.2,759.81,744.03,723.23,703.25,699.17,699.47,699.67,699.96,699.95,700.08,699.57,699.6,700.01,696.15,699.07,698.95,699.16,699.47,699.74,699.82,699.8,699.3,699.8,699.58,700.1,698.9,699.88,699.82,700.03,699.83,699.98,699.65,699.49,699.9,699.37,699.44,699.83,699.45,699.72,699.9,699.98,700.02,699.98,700.02,700.01,699.91,699.92,700.02,699.96,699.97,699.93,699.97,699.98,700.0,700.02,699.97,700.1,699.89,699.47,700.24,700.21,699.85,699.5,699.34,699.03,699.07,674.67,541.61,407.36,276.13,146.49,38.16,25.85,30.64,44.1,38.01,28.45,26.42,25.77,25.25,24.89,24.74,24.6,24.66,24.81,24.95,25.05,25.05,25.36,25.26,25.03,25.11,25.04,25.03,25.08,25.52,25.08,25.22,25.16,25.3,25.25,25.24,25.7,24.98,24.98,25.18,25.13,25.26,-0.37,-0.43,-0.35,-0.37,0.76,12.08,22.0,33.65,45.63,56.93,60.76,67.75,78.08,89.2,93.02,88.84,93.78,102.87,109.77,109.99,130.75,142.21,149.38,156.77,167.38,180.74,195.18,210.7,228.41,254.42,313.14,361.64,395.06,419.59,439.12,453.83,465.67,474.7,482.5,489.45,495.83,501.39,506.73,511.75,516.69,521.29,525.93,530.33,534.69,538.89,542.82,546.49,549.87,552.82,555.54,558.1,560.19,562.02,563.4,564.66,565.45,565.68,565.27,564.16,562.23,559.61,556.55,552.9,548.85,544.69,540.34,536.07,531.61,526.83,521.64,516.22,510.58,504.81,498.76,492.52,486.12,479.61,473.2,466.95,461.06,455.51,450.45,449.22,451.2,454.38,458.19,462.3,460.68,449.95,447.04,445.1,443.19,441.4,439.5,437.66,435.88,434.06,432.31,430.51,428.83,427.01,425.29,423.4,421.62,419.78,418.04,416.3,414.56,412.93,411.32,409.68,408.15,406.58,405.17,403.72,402.26,400.86,399.53,398.24,396.87,395.69,394.49,393.28
20847,20,114.84,34.12,51.74,62.49,554.57,993.68,908.29,875.56,889.25,911.59,926.8,875.03,863.11,878.17,897.08,864.84,792.44,781.85,793.42,781.46,744.24,760.03,745.05,723.88,703.1,699.71,699.2,700.09,700.06,699.51,699.86,699.88,699.79,699.74,696.64,698.48,699.42,699.5,699.08,699.95,699.49,698.61,699.72,699.69,699.84,699.96,699.7,699.94,699.83,699.87,699.73,699.46,699.67,699.75,699.41,699.58,700.04,699.18,699.99,699.0,699.91,700.02,700.04,700.01,699.93,699.96,699.86,699.99,699.93,699.99,700.1,699.71,699.87,699.86,699.99,699.85,700.06,699.91,699.5,700.5,700.26,699.94,699.59,699.41,699.18,698.89,700.61,674.78,542.15,407.66,276.74,147.06,38.01,25.8,30.26,43.55,38.16,28.6,26.83,25.81,25.31,24.93,24.84,25.1,24.66,24.7,24.66,24.96,25.0,25.36,25.29,25.25,25.26,25.08,25.1,25.16,25.6,24.89,25.05,25.28,25.34,25.17,25.44,25.48,25.08,25.21,25.0,25.22,25.21,-0.53,-0.47,-0.47,-0.52,0.44,11.38,21.42,32.98,45.02,56.33,60.2,67.29,77.53,88.64,92.63,88.36,93.4,102.5,109.29,109.53,130.37,141.81,149.06,156.14,167.18,180.01,194.42,209.82,227.66,251.28,308.53,358.3,392.64,417.72,437.64,452.83,464.94,474.09,482.07,489.1,495.44,501.12,506.59,511.71,516.61,521.29,525.9,530.41,534.63,538.84,542.77,546.5,549.89,552.92,555.71,558.28,560.54,562.46,564.1,565.3,566.28,566.69,566.41,565.42,563.59,561.04,557.99,554.52,550.47,546.32,541.99,537.64,533.22,528.44,523.22,517.89,512.22,506.41,500.35,494.15,487.74,481.2,474.77,468.53,462.64,456.93,451.8,450.51,452.4,455.56,459.34,463.56,461.93,451.15,448.19,446.22,444.34,442.42,440.64,438.75,437.0,435.19,433.4,431.72,429.88,428.18,426.44,424.67,422.74,420.86,419.18,417.45,415.73,414.13,412.41,410.92,409.32,407.7,406.28,404.82,403.38,401.95,400.59,399.26,397.95,396.76,395.53,394.34
20848,20,114.837,34.44,51.92,64.35,567.32,996.03,908.22,875.08,888.8,911.42,926.53,875.63,863.57,877.43,896.19,864.02,791.4,780.58,792.15,780.17,743.02,759.41,744.15,723.42,702.93,699.47,699.41,699.67,700.11,699.86,700.39,699.53,699.45,699.31,695.98,699.82,698.64,699.64,699.62,699.45,699.72,700.15,698.96,699.95,699.12,699.78,699.85,699.64,699.84,699.94,699.86,699.99,699.76,699.57,699.86,699.62,699.47,699.73,699.73,699.4,700.05,699.91,699.98,700.0,699.95,699.96,700.02,699.69,700.05,699.93,700.13,699.61,699.93,700.03,699.97,700.01,699.78,700.08,699.95,699.98,700.2,699.94,699.48,699.31,699.12,699.48,701.15,674.11,542.1,407.99,276.94,146.92,38.15,25.93,30.42,44.45,37.41,28.62,26.55,25.64,25.24,25.04,25.7,24.48,24.47,24.55,24.59,24.83,25.17,25.89,24.98,25.14,25.19,25.13,24.99,25.21,25.32,25.03,25.13,25.14,25.2,25.24,25.46,25.27,25.05,25.12,25.14,25.2,25.24,-0.47,-0.48,-0.47,-0.51,0.7,12.04,21.94,33.52,45.49,56.89,60.57,67.66,77.95,88.99,92.98,88.76,93.67,102.97,109.77,110.04,131.16,142.67,150.06,157.5,168.39,181.7,196.3,212.29,230.75,260.83,321.58,367.63,399.39,423.32,442.12,456.45,467.75,476.57,484.14,490.99,497.16,502.71,507.89,512.91,517.67,522.48,526.87,531.36,535.77,539.88,543.88,547.45,550.75,553.78,556.38,558.84,561.0,562.83,564.27,565.6,566.45,566.74,566.45,565.33,563.62,561.07,558.05,554.56,550.64,546.48,542.27,537.99,533.79,529.28,524.37,519.14,513.62,507.86,501.94,495.74,489.32,482.89,476.6,470.39,464.51,458.9,453.82,452.54,454.49,457.59,461.4,465.55,463.93,453.17,450.36,448.41,446.54,444.58,442.74,440.96,439.17,437.32,435.54,433.77,432.05,430.25,428.59,426.74,424.88,423.03,421.2,419.55,417.86,416.22,414.64,413.06,411.46,409.87,408.36,406.93,405.49,404.1,402.76,401.4,400.14,398.9,397.69,396.49
20849,20,114.833,34.58,51.64,63.66,568.01,996.26,908.92,874.9,888.26,910.59,926.07,873.1,862.14,877.29,896.62,865.33,792.5,781.71,793.04,781.15,743.69,759.78,744.64,723.32,702.76,699.3,699.61,699.17,700.17,699.98,700.43,699.44,699.66,699.36,695.84,699.92,698.88,699.6,699.82,699.11,699.87,699.93,699.14,699.94,699.59,699.88,699.79,699.67,699.83,700.04,699.05,699.93,699.96,699.48,699.98,699.45,699.31,699.74,699.72,699.83,699.97,699.91,699.99,699.91,699.92,699.98,699.89,700.0,699.85,700.06,699.91,700.01,700.04,700.07,699.84,699.59,700.3,699.98,699.63,699.28,699.08,699.08,700.69,700.91,700.58,700.15,700.01,673.99,542.56,408.04,277.03,146.75,38.03,25.89,30.24,43.09,38.3,29.09,26.75,25.74,25.38,24.82,25.43,24.54,24.49,24.81,24.84,25.12,25.21,25.14,25.0,25.22,25.23,25.23,25.13,25.52,24.98,24.95,25.09,25.26,25.27,25.38,25.62,24.94,25.02,25.14,25.33,25.27,25.14,-0.42,-0.45,-0.35,-0.35,0.77,11.92,21.78,33.37,45.38,56.75,60.45,67.49,77.76,88.79,92.91,88.72,93.59,102.8,109.75,110.3,131.31,142.5,149.77,157.17,168.12,181.52,195.91,211.93,230.39,260.26,321.11,367.46,399.37,423.36,441.94,456.49,467.62,476.52,484.21,491.21,497.35,502.86,508.04,512.94,517.73,522.47,526.91,531.27,535.68,539.77,543.68,547.26,550.74,553.73,556.48,558.96,561.2,562.97,564.61,565.9,566.83,567.16,566.86,565.76,564.06,561.54,558.6,555.13,551.2,547.04,542.84,538.49,534.32,529.88,525.06,519.76,514.31,508.6,502.62,496.47,490.1,483.71,477.2,470.98,465.05,459.5,454.39,453.14,455.12,458.19,462.04,466.16,464.55,453.72,450.77,448.98,447.06,445.27,443.39,441.54,439.74,437.95,436.21,434.46,432.75,431.01,429.21,427.44,425.65,423.69,421.96,420.25,418.58,416.96,415.27,413.71,412.13,410.63,409.18,407.72,406.21,404.83,403.42,402.14,400.92,399.59,398.32,397.19
20851,20,114.862,32.82,49.57,64.65,580.81,997.6,909.4,874.13,887.96,911.07,925.41,872.37,861.05,876.3,895.52,864.28,791.75,780.4,791.76,779.86,742.84,759.18,743.89,722.9,703.27,699.15,699.05,700.11,700.24,700.26,699.74,698.96,699.31,696.46,697.03,699.61,699.37,699.99,699.89,698.8,700.05,699.18,699.95,699.42,700.07,699.26,699.78,699.78,699.98,699.6,700.02,699.75,699.8,699.83,699.46,699.92,699.71,700.14,699.13,700.04,699.56,699.94,700.01,699.98,700.11,700.07,699.8,700.06,700.14,699.88,699.75,699.99,700.01,699.91,700.21,699.73,699.35,700.35,700.32,699.97,699.76,699.39,699.07,698.84,700.6,701.8,700.82,673.23,543.17,407.98,276.82,146.72,37.95,25.99,30.19,43.26,37.83,28.93,26.69,25.62,25.17,25.28,24.83,24.89,24.98,25.03,25.03,24.96,25.15,24.81,25.03,25.34,25.31,25.31,25.3,25.47,25.06,24.95,25.18,25.48,25.22,25.34,25.47,25.12,25.31,25.17,25.18,25.17,25.22,-0.51,-0.45,-0.47,-0.54,0.69,11.88,21.69,33.29,45.25,56.71,60.4,67.48,77.81,88.82,92.99,88.86,93.84,103.0,109.82,110.5,132.07,143.07,150.6,158.32,169.19,182.66,197.24,213.33,231.77,264.83,325.99,370.24,400.84,424.73,442.71,457.32,468.2,476.94,484.51,491.2,497.37,502.91,508.1,513.17,517.82,522.54,527.07,531.66,535.88,540.08,543.94,547.51,550.86,553.92,556.58,558.94,561.12,562.81,564.17,565.39,566.12,566.26,565.58,564.32,562.27,559.6,556.27,552.59,548.55,544.24,539.95,535.67,531.2,526.4,521.1,515.58,509.97,503.98,497.78,491.51,484.93,478.41,472.01,465.83,459.89,454.49,449.54,448.35,450.24,453.42,457.1,461.01,459.26,448.41,445.36,443.39,441.51,439.69,437.86,435.96,434.18,432.32,430.6,428.81,427.06,425.3,423.39,421.74,419.74,417.95,416.14,414.43,412.84,411.12,409.49,407.97,406.37,404.91,403.47,402.02,400.57,399.15,397.89,396.55,395.22,394.07,392.78,391.55
20853,20,114.83,34.32,51.42,65.13,579.03,999.01,910.03,875.38,888.46,910.87,925.06,872.41,861.33,876.69,895.74,863.92,791.68,781.0,792.58,780.54,743.31,759.53,744.14,723.22,703.28,699.35,699.19,700.04,700.29,700.21,700.32,700.02,699.99,696.43,697.49,699.48,699.25,700.05,699.81,698.7,699.99,699.73,700.01,699.19,699.8,699.94,699.7,699.99,699.8,699.83,699.8,700.02,699.85,699.93,699.69,699.91,699.54,699.76,699.72,699.8,699.95,699.88,699.93,700.01,699.87,700.02,699.89,699.89,699.89,699.89,700.02,699.94,700.08,699.83,699.97,699.9,699.88,700.13,699.8,699.52,699.24,699.06,698.99,701.17,701.49,701.09,700.74,672.24,541.96,407.85,276.51,146.9,37.71,26.41,29.93,43.68,38.12,29.04,26.64,25.87,25.22,25.3,24.74,24.64,24.79,24.85,24.71,25.01,25.4,25.14,25.03,25.03,25.31,25.33,25.21,25.24,25.48,25.29,25.37,25.39,25.26,25.53,25.13,25.21,25.29,25.32,25.21,25.19,25.22,-0.4,-0.46,-0.5,-0.5,0.84,12.18,22.09,33.64,45.74,56.87,60.54,67.63,77.93,89.05,92.87,88.66,93.6,102.74,109.64,109.82,130.86,142.58,150.0,157.63,168.4,181.74,196.45,212.74,231.7,266.6,328.16,372.04,401.77,425.33,443.14,457.58,468.32,476.88,484.4,491.16,497.11,502.78,507.83,512.79,517.58,522.26,526.85,531.22,535.47,539.58,543.46,547.07,550.45,553.53,556.2,558.6,560.84,562.85,564.28,565.49,566.37,566.6,566.0,564.84,562.98,560.46,557.3,553.72,549.75,545.62,541.37,537.0,532.71,528.36,523.59,518.36,512.98,507.4,501.49,495.33,489.15,482.89,476.71,470.5,464.54,458.97,453.95,452.62,454.6,457.64,461.28,465.22,463.71,452.85,449.84,447.86,445.91,444.05,442.18,440.38,438.49,436.76,434.99,433.27,431.54,429.73,427.97,426.16,424.36,422.44,420.73,419.03,417.39,415.77,414.05,412.4,410.85,409.39,407.86,406.36,404.94,403.51,402.25,400.96,399.59,398.3,396.98,395.83
20854,20,114.867,34.46,51.85,67.2,589.22,1000.13,910.6,874.88,888.5,910.98,926.18,872.88,861.88,876.63,895.34,863.3,790.78,779.89,791.71,779.68,742.99,759.1,744.13,722.72,703.23,699.19,699.22,699.94,700.0,699.68,701.02,697.16,700.51,697.58,698.59,698.83,699.28,699.24,699.62,699.8,698.99,699.95,699.87,700.01,699.45,699.99,699.4,699.98,699.94,699.98,699.28,699.73,699.92,699.85,699.18,699.64,700.05,699.85,699.89,699.62,699.98,699.94,699.91,699.98,699.98,699.97,700.06,699.93,699.94,699.97,700.08,699.98,699.85,700.03,699.91,699.95,700.14,700.05,699.63,699.46,700.11,699.95,699.61,699.25,699.74,700.51,700.16,674.34,542.31,408.03,276.71,146.78,37.81,26.19,29.95,43.62,38.08,28.65,26.64,25.8,25.28,25.19,24.98,24.95,24.93,24.94,25.07,25.08,25.24,25.29,25.36,25.1,25.07,25.0,25.43,25.0,25.14,25.12,25.25,25.14,25.29,25.46,25.0,25.01,25.24,25.27,25.32,25.28,25.22,-0.42,-0.42,-0.52,-0.47,0.93,12.35,22.16,33.77,45.56,56.94,60.66,67.73,77.93,89.02,92.86,88.78,93.7,102.93,109.96,111.64,133.08,143.86,150.99,159.07,169.8,183.2,198.12,214.86,234.39,275.1,335.01,377.55,406.56,429.29,446.08,460.0,470.28,478.69,486.13,492.67,498.7,504.2,509.32,514.2,519.03,523.55,527.96,532.4,536.79,540.81,544.8,548.42,551.64,554.84,557.47,560.06,562.25,564.14,565.55,566.9,567.64,567.98,567.63,566.65,564.83,562.31,559.36,555.73,552.06,547.9,543.8,539.48,535.41,531.14,526.69,521.72,516.26,510.75,504.77,498.76,492.42,486.18,480.05,473.82,468.04,462.61,457.57,456.38,458.35,461.52,465.25,469.43,467.91,457.02,454.13,452.28,450.41,448.52,446.71,444.95,443.05,441.29,439.68,437.76,436.14,434.41,432.59,430.9,429.03,427.14,425.36,423.81,422.04,420.34,418.83,417.14,415.56,414.08,412.55,411.16,409.68,408.28,407.0,405.75,404.42,403.1,401.9,400.73
20855,20,114.863,33.13,50.25,64.47,577.99,996.72,907.41,873.63,886.72,909.42,924.0,871.03,860.21,875.37,894.49,861.89,789.66,779.09,790.82,777.88,742.89,758.7,743.41,722.86,702.75,699.53,699.41,699.64,700.07,700.15,700.73,698.81,699.97,699.93,696.71,699.74,699.31,700.01,699.64,698.85,699.85,699.86,699.84,699.54,699.92,699.31,700.12,699.93,699.83,699.54,700.09,699.8,699.92,699.76,699.7,699.89,700.03,700.1,699.73,699.95,700.03,699.92,700.05,699.95,700.05,699.86,699.9,699.97,700.01,699.97,700.01,699.92,699.79,700.12,699.78,700.04,700.02,699.65,699.26,700.18,700.54,700.35,699.9,699.57,699.5,699.3,698.92,673.37,541.25,406.59,275.43,145.42,37.85,25.72,30.23,44.18,37.12,28.44,26.66,25.91,25.31,25.1,24.83,25.04,25.08,25.15,25.1,25.09,25.18,25.02,25.24,25.17,25.01,25.05,24.95,25.17,25.0,25.2,25.13,25.3,25.25,25.57,24.95,24.89,25.11,25.37,25.37,25.26,25.05,-0.49,-0.5,-0.41,-0.52,0.76,12.1,22.02,33.48,45.44,56.64,60.2,67.29,77.5,88.43,92.48,88.22,93.26,102.45,109.17,110.71,132.26,143.07,150.41,158.2,169.22,182.72,197.61,214.22,233.72,273.62,334.16,377.02,406.78,429.24,446.56,460.16,470.35,478.67,486.22,492.73,498.75,504.14,509.19,514.15,518.95,523.56,527.95,532.39,536.53,540.6,544.46,548.13,551.54,554.41,557.19,559.54,561.76,563.53,564.86,566.07,566.77,567.09,566.77,565.49,563.74,561.1,558.1,554.5,550.72,546.53,542.46,538.26,534.2,530.02,525.66,520.54,515.3,509.64,503.71,497.49,491.32,484.82,478.56,472.34,466.56,461.14,456.29,455.05,457.05,460.31,464.25,468.31,466.6,455.94,453.18,451.18,449.39,447.49,445.63,443.82,442.08,440.23,438.48,436.86,435.06,433.41,431.57,429.82,427.97,426.17,424.42,422.7,421.06,419.38,417.82,416.16,414.66,413.07,411.63,410.11,408.74,407.41,405.93,404.79,403.44,402.11,401.0,399.7
20856,20,114.849,33.47,50.45,65.14,579.89,996.18,906.51,871.72,885.52,909.34,923.62,870.83,860.27,875.57,894.5,862.21,790.4,779.86,791.53,778.81,743.09,759.03,743.8,723.02,702.62,699.44,699.39,699.45,700.17,699.9,700.97,698.31,700.29,698.9,697.01,699.58,699.18,700.1,699.58,699.53,699.88,699.77,700.14,699.32,699.77,700.16,699.92,699.98,699.99,699.82,699.57,700.12,699.46,699.96,699.6,699.73,699.78,699.87,699.68,699.78,699.91,700.05,699.93,699.85,699.99,699.99,699.97,699.96,700.04,699.9,699.95,699.99,699.89,699.99,699.96,699.87,700.08,700.02,699.74,700.44,700.3,699.89,699.69,699.4,699.16,698.87,700.67,673.49,540.81,406.5,275.23,145.43,37.43,26.01,29.78,43.51,38.05,28.78,26.6,25.96,25.37,25.68,24.69,24.69,24.56,24.92,24.99,24.97,25.4,25.07,25.19,25.22,25.14,25.27,25.15,25.08,25.11,25.07,25.22,25.28,25.24,25.19,25.26,25.42,25.35,25.1,25.13,25.15,25.23,-0.43,-0.43,-0.56,-0.49,0.84,12.02,21.9,33.39,45.31,56.59,60.28,67.21,77.56,88.62,92.48,88.37,93.28,102.53,109.21,110.56,132.08,142.76,150.29,158.03,168.98,182.35,197.02,213.46,232.36,269.57,330.29,373.97,403.96,426.85,444.41,458.45,469.1,477.61,485.15,491.72,497.84,503.47,508.36,513.39,518.29,522.89,527.34,531.89,536.11,540.17,544.07,547.71,551.0,554.04,556.9,559.27,561.23,563.12,564.57,565.72,566.59,566.81,566.44,565.3,563.37,560.81,557.66,554.07,550.15,546.08,541.76,537.5,533.28,528.97,524.32,519.25,513.85,508.35,502.42,496.42,490.27,484.08,477.97,471.86,466.16,460.61,455.63,454.43,456.41,459.45,463.22,467.29,465.42,454.76,452.02,449.96,448.14,446.25,444.41,442.57,440.81,439.05,437.38,435.66,433.96,432.15,430.44,428.79,426.87,425.05,423.25,421.61,419.95,418.27,416.64,415.12,413.5,412.09,410.57,409.08,407.64,406.34,404.94,403.7,402.38,401.14,399.82,398.68
20857,20,114.821,33.72,50.92,65.66,582.82,998.9,909.2,874.44,888.06,910.48,924.89,872.01,861.57,876.94,895.99,863.93,792.12,781.47,793.22,780.9,744.31,760.18,744.65,723.48,702.66,699.4,699.1,699.65,700.17,699.84,700.52,697.95,700.57,698.25,697.69,699.06,699.58,699.56,699.38,699.67,699.28,700.06,699.92,699.91,699.73,700.17,699.24,699.75,699.75,699.4,699.69,699.98,699.43,699.9,699.86,699.32,699.7,699.86,699.63,699.6,699.87,699.91,699.98,699.98,699.99,699.92,700.02,699.93,700.03,699.98,699.96,699.97,699.95,700.02,699.89,700.15,699.81,699.76,700.39,700.01,699.51,699.31,699.12,698.98,700.32,700.58,700.2,673.68,541.65,407.18,275.97,146.16,37.29,26.33,30.47,43.19,38.22,28.64,26.62,25.81,25.31,25.24,24.97,24.92,24.85,24.99,25.02,25.29,25.26,24.93,25.1,25.18,25.2,25.18,25.22,25.07,25.17,25.11,25.18,25.39,25.25,25.71,24.84,25.01,25.22,25.32,25.27,25.11,25.42,-0.39,-0.37,-0.42,-0.47,0.94,12.29,22.18,33.69,45.48,56.76,60.47,67.57,77.85,88.83,92.77,88.67,93.67,102.95,109.68,110.62,132.07,143.09,150.49,158.12,168.97,182.37,197.27,213.37,232.44,268.04,328.78,372.76,402.99,426.29,443.61,457.94,468.33,477.03,484.62,491.15,497.29,502.85,508.26,512.96,517.84,522.45,527.0,531.36,535.53,539.74,543.68,547.32,550.6,553.75,556.48,558.92,561.09,562.93,564.39,565.56,566.4,566.65,566.24,565.11,563.23,560.64,557.39,553.79,549.89,545.61,541.46,537.06,532.93,528.53,523.75,518.55,513.06,507.48,501.6,495.46,489.26,482.96,476.72,470.64,464.69,459.27,454.25,452.99,455.03,458.21,461.94,466.15,464.59,453.7,450.82,448.9,447.19,445.27,443.47,441.65,439.92,438.03,436.37,434.66,432.89,431.2,429.47,427.7,425.96,424.05,422.31,420.57,418.98,417.29,415.64,414.12,412.49,411.01,409.49,408.1,406.63,405.31,403.88,402.58,401.4,400.04,398.9,397.72
20858,20,114.845,34.38,51.46,65.48,579.81,999.22,911.11,876.89,890.72,912.33,927.63,874.5,863.5,878.49,897.15,864.85,792.58,781.81,793.5,781.58,744.74,760.35,744.8,723.44,703.05,699.11,699.05,699.97,700.36,698.59,699.63,699.59,699.78,695.47,697.94,699.46,699.18,699.95,699.65,698.82,699.76,699.37,700.02,698.66,699.88,699.47,699.94,699.63,699.82,699.66,700.0,699.45,699.93,699.77,699.56,699.91,699.35,699.7,699.94,699.67,699.95,699.92,700.01,699.95,699.94,699.98,699.95,699.96,699.94,699.93,699.93,700.06,699.95,699.91,699.97,700.31,699.81,699.49,699.11,698.8,700.15,701.43,701.17,700.77,699.07,697.56,702.56,673.29,542.11,407.75,276.74,146.54,37.58,26.27,29.42,43.67,38.34,28.75,26.8,25.93,25.66,25.02,24.89,24.85,24.81,24.95,25.09,25.37,24.8,25.09,25.28,25.32,25.29,25.13,25.22,24.83,25.08,25.11,25.12,25.22,25.26,25.5,24.94,25.04,25.13,25.13,25.13,25.29,25.26,-0.35,-0.34,-0.45,-0.4,0.74,12.0,21.9,33.43,45.34,56.67,60.49,67.53,77.97,88.91,92.89,88.7,93.76,102.95,109.79,111.05,132.41,143.21,150.54,158.01,168.74,181.96,196.85,212.98,231.3,264.77,326.32,370.74,400.93,424.91,442.97,457.42,468.37,477.05,484.65,491.27,497.46,503.04,508.2,513.23,518.01,522.65,527.23,531.59,535.86,540.02,543.9,547.56,550.93,553.85,556.73,559.12,561.31,563.2,564.73,565.89,566.86,567.19,566.76,565.62,563.83,561.33,558.24,554.69,550.72,546.62,542.41,538.1,533.94,529.7,524.87,519.8,514.42,508.84,502.97,496.98,490.68,484.31,477.97,471.83,466.02,460.38,455.31,454.02,455.96,458.99,462.75,466.84,465.22,454.55,451.46,449.51,447.73,445.87,444.02,442.2,440.36,438.6,436.87,435.14,433.4,431.62,429.92,428.12,426.22,424.45,422.67,420.96,419.3,417.68,416.02,414.44,412.87,411.39,409.86,408.39,407.0,405.64,404.28,402.92,401.67,400.42,399.08,397.97
20859,20,114.826,33.75,51.23,67.11,589.63,1000.42,911.47,877.28,890.06,912.48,927.09,873.99,862.9,877.61,896.48,863.61,791.44,780.57,792.42,780.16,744.03,759.86,744.21,723.67,703.0,699.51,699.6,699.13,700.13,699.7,700.89,696.3,700.69,697.84,698.89,698.63,699.31,699.01,699.79,699.66,698.69,699.91,699.79,700.01,699.31,699.8,699.98,699.58,700.01,699.84,699.53,700.06,699.82,699.34,699.77,699.7,699.39,699.43,699.88,699.65,699.94,699.99,699.96,699.92,699.89,699.94,699.95,700.04,699.97,699.87,699.89,699.93,700.04,699.87,699.94,699.94,699.99,699.93,699.82,700.22,699.88,699.53,699.22,700.27,700.67,700.26,699.92,674.1,542.01,407.37,275.86,146.11,37.13,26.41,29.6,43.95,37.91,28.62,26.67,25.87,25.34,25.19,25.04,25.0,24.92,24.96,25.02,25.25,24.85,25.05,25.22,25.16,25.16,25.18,25.62,24.55,25.0,25.12,25.35,25.32,25.61,25.12,24.85,25.07,25.27,25.3,25.14,25.12,25.2,-0.53,-0.49,-0.51,-0.54,0.95,12.42,22.29,33.76,45.71,56.97,60.73,67.79,77.98,89.12,92.9,88.79,93.83,103.07,109.89,111.63,133.25,143.65,151.16,158.98,169.91,183.36,198.17,214.61,234.16,275.03,334.68,377.11,406.4,429.16,446.05,459.88,469.82,478.32,485.82,492.18,498.11,503.78,508.89,513.61,518.38,523.06,527.58,531.94,536.18,540.21,544.11,547.71,550.97,553.93,556.6,559.02,561.17,562.97,564.45,565.66,566.59,566.82,566.47,565.45,563.66,561.2,558.18,554.76,550.89,546.85,542.67,538.52,534.35,530.01,525.13,519.84,514.43,508.67,502.76,496.62,490.33,484.02,477.72,471.6,465.64,460.16,455.19,453.92,455.85,458.99,462.82,466.79,465.23,454.39,451.42,449.51,447.76,445.74,444.02,442.23,440.43,438.65,436.87,435.08,433.4,431.58,429.77,428.12,426.31,424.45,422.57,420.91,419.22,417.6,415.98,414.41,412.81,411.38,409.85,408.42,407.03,405.62,404.3,402.87,401.69,400.47,399.21,398.03
20860,20,114.876,33.29,50.58,66.43,588.84,999.56,909.41,874.28,887.37,910.38,925.33,872.24,861.71,876.96,895.82,862.64,790.62,780.12,791.89,779.02,743.78,759.13,743.59,722.75,702.98,698.64,699.06,700.01,700.45,699.01,699.73,700.33,700.5,695.37,698.97,698.41,699.15,699.56,699.88,699.85,698.75,700.06,699.92,699.93,699.55,699.93,699.82,699.73,699.79,700.03,699.71,699.59,699.86,699.81,699.71,699.86,699.77,699.54,699.82,699.96,700.0,699.96,699.98,699.95,699.86,699.9,700.02,699.92,700.01,699.99,699.93,700.07,700.07,699.8,700.13,700.0,699.68,699.32,699.08,700.36,700.77,700.35,700.04,699.82,699.57,699.3,699.11,673.38,541.37,406.59,275.22,145.67,37.59,26.06,29.78,44.46,37.37,28.44,26.54,25.82,26.1,24.43,24.63,24.9,24.96,25.08,25.13,25.55,24.93,25.03,24.97,25.22,25.13,25.17,25.23,25.22,25.07,25.27,25.08,25.19,25.65,25.01,24.86,25.25,25.26,25.48,25.27,25.23,25.17,-0.37,-0.38,-0.36,-0.41,0.96,12.34,22.26,33.71,45.74,56.97,60.66,67.69,78.05,89.05,92.95,88.67,93.63,102.99,109.72,111.77,133.06,143.3,150.73,158.6,169.36,182.95,198.05,214.7,234.14,275.82,336.38,378.23,406.84,429.41,446.26,460.18,470.38,478.93,486.36,492.76,498.68,504.3,509.49,514.4,519.11,523.7,528.2,532.48,536.75,540.93,544.72,548.29,551.63,554.73,557.3,559.69,561.77,563.48,564.8,566.0,566.7,566.82,566.33,565.01,563.1,560.5,557.32,553.81,549.89,545.75,541.57,537.35,533.24,529.08,524.61,519.65,514.35,508.89,502.99,496.98,490.78,484.66,478.46,472.48,466.78,461.38,456.46,455.28,457.25,460.35,464.23,468.22,466.55,455.88,452.98,451.1,449.21,447.5,445.66,443.81,442.05,440.3,438.59,436.85,435.18,433.44,431.72,430.06,428.23,426.4,424.64,423.01,421.33,419.71,418.11,416.5,415.02,413.46,412.02,410.57,409.17,407.78,406.41,405.2,403.89,402.63,401.44,400.2
20861,20,114.866,33.92,50.85,66.72,590.9,1000.18,909.17,873.47,886.36,909.16,924.34,871.54,860.69,875.71,894.61,862.59,790.09,779.41,790.58,777.94,742.14,758.18,743.33,722.74,703.03,699.06,699.44,699.74,699.93,699.62,700.79,696.52,700.42,698.16,698.34,699.16,699.2,699.29,699.77,699.89,698.73,700.07,699.74,699.91,699.59,699.8,699.87,699.75,699.81,700.03,699.89,699.5,699.98,700.12,699.21,699.79,699.87,699.99,699.66,699.93,699.99,699.94,700.01,699.9,699.91,700.02,699.96,699.93,700.01,699.98,699.95,699.9,699.99,699.97,700.06,700.1,699.93,699.66,699.89,700.12,699.8,699.57,700.44,700.26,700.02,699.67,699.37,674.0,541.98,407.36,276.05,146.19,37.25,26.2,29.76,44.16,37.69,28.67,26.72,25.74,25.39,25.26,25.07,24.93,24.99,24.99,24.91,24.95,25.12,25.2,25.28,25.1,25.11,25.07,25.24,24.84,24.98,25.32,25.32,25.27,25.51,25.04,24.78,25.1,25.26,25.38,25.3,25.75,24.81,-0.49,-0.49,-0.52,-0.54,0.89,12.22,22.11,33.61,45.47,56.84,60.42,67.56,77.87,88.84,92.7,88.61,93.56,102.83,109.64,111.52,132.96,143.49,151.07,158.81,169.73,183.37,198.52,215.42,235.54,279.97,338.88,380.52,409.11,431.24,447.93,461.22,471.02,479.56,486.87,493.32,499.12,504.62,509.72,514.58,519.28,523.91,528.31,532.79,536.95,541.08,544.86,548.42,551.83,554.9,557.51,559.96,562.19,563.99,565.29,566.46,567.19,567.44,567.03,565.89,564.11,561.57,558.46,554.99,551.18,547.13,542.95,538.81,534.7,530.62,526.45,521.76,516.55,511.11,505.42,499.38,493.28,487.16,481.04,475.02,469.28,463.78,458.87,457.63,459.6,462.7,466.51,470.65,469.06,458.33,455.4,453.44,451.67,449.76,447.9,446.09,444.32,442.58,440.89,439.11,437.37,435.62,433.98,432.27,430.4,428.61,426.78,425.18,423.48,421.84,420.23,418.64,417.11,415.62,414.14,412.68,411.3,409.92,408.54,407.24,405.91,404.74,403.47,402.27
20862,20,114.849,33.55,50.68,66.28,586.74,997.61,907.47,873.92,885.76,908.49,923.31,870.68,860.2,875.42,894.43,861.75,789.69,779.05,791.16,778.55,743.44,759.08,743.74,723.07,702.87,699.59,699.28,699.74,699.89,699.63,700.68,697.27,700.48,699.47,697.88,699.53,699.42,699.25,699.42,699.82,699.07,700.12,699.88,699.88,699.77,700.11,699.92,699.57,699.96,699.55,699.92,699.45,699.67,699.86,699.54,699.94,699.59,699.87,699.89,699.74,699.98,700.09,699.93,699.99,699.98,699.98,700.01,699.95,699.97,700.05,699.88,700.07,699.96,699.89,699.7,700.06,699.72,699.91,699.92,699.63,699.41,700.47,700.24,699.88,699.51,699.26,699.2,673.28,541.49,406.81,275.36,145.43,37.19,26.33,29.24,43.4,38.39,28.73,26.74,25.91,25.47,25.11,24.92,25.13,25.04,25.13,24.93,25.33,24.81,25.03,25.16,25.23,25.01,25.0,25.21,25.09,25.11,25.01,25.24,25.45,25.83,24.84,24.95,25.27,25.46,25.36,25.41,25.31,24.76,-0.5,-0.49,-0.47,-0.53,0.91,12.2,21.91,33.4,45.32,56.5,60.14,67.22,77.47,88.5,92.41,88.23,93.18,102.44,109.19,111.05,132.67,143.04,150.51,158.36,169.32,182.87,197.92,214.4,234.04,275.8,335.36,377.46,406.87,429.35,446.37,459.88,469.96,478.51,485.92,492.2,498.3,503.86,508.99,513.87,518.46,523.05,527.33,531.61,535.76,539.61,543.37,546.85,550.09,553.02,555.57,557.94,560.04,561.78,563.31,564.43,565.28,565.49,565.1,563.92,562.1,559.56,556.41,552.92,549.02,544.92,540.77,536.48,532.29,528.23,523.76,518.71,513.52,507.99,502.09,496.24,490.06,483.86,477.73,471.69,465.92,460.46,455.45,454.07,455.91,458.93,462.66,466.69,464.81,454.07,451.14,449.18,447.3,445.46,443.63,441.72,439.95,438.16,436.4,434.62,432.92,431.14,429.48,427.68,425.83,424.04,422.24,420.53,418.87,417.21,415.6,413.98,412.46,410.94,409.38,408.03,406.57,405.13,403.87,402.47,401.19,399.98,398.74,397.53
20863,20,114.852,33.71,50.82,67.04,589.91,998.87,908.87,873.58,886.72,909.62,924.26,871.29,860.48,875.77,894.89,862.63,790.51,779.66,791.23,779.0,742.69,758.77,743.93,723.16,702.92,699.6,699.32,698.96,700.38,700.03,701.06,698.14,700.38,696.84,698.94,698.41,699.4,699.75,699.98,699.58,699.24,700.01,699.76,700.01,699.85,699.96,699.94,699.76,700.07,699.77,699.92,699.84,699.66,699.91,699.41,699.56,699.69,699.49,699.69,699.88,699.85,699.88,699.95,699.95,699.97,699.93,700.14,699.95,699.84,699.99,699.9,699.88,700.06,699.79,700.05,699.82,699.92,700.05,699.6,700.03,699.96,699.53,699.96,700.13,699.82,699.62,699.19,674.65,541.96,407.53,275.97,146.18,37.34,26.31,29.68,44.78,37.51,28.37,26.46,25.94,25.68,25.04,24.93,25.04,24.81,24.97,25.09,25.35,24.89,25.07,25.29,25.24,25.12,25.08,24.97,25.15,25.08,25.05,25.35,25.34,25.22,25.06,25.27,25.23,25.38,25.26,25.23,25.83,24.34,-0.47,-0.5,-0.43,-0.54,0.89,12.29,22.05,33.41,45.31,56.6,60.12,67.15,77.44,88.51,92.55,88.36,93.35,102.51,109.29,111.02,132.56,143.12,150.61,158.46,169.51,182.92,197.68,214.32,234.09,275.67,335.33,377.05,406.03,428.52,445.29,459.09,469.23,477.74,485.03,491.62,497.62,503.22,508.27,513.16,517.86,522.52,527.0,531.33,535.62,539.77,543.67,547.22,550.54,553.7,556.3,558.62,560.84,562.61,564.01,565.18,566.03,566.19,565.84,564.65,562.75,560.22,557.0,553.38,549.49,545.43,541.12,536.94,532.81,528.63,524.05,518.98,513.63,508.02,502.16,496.14,490.0,483.77,477.62,471.41,465.63,460.24,455.25,453.89,455.87,458.98,462.73,466.89,465.31,454.47,451.48,449.5,447.64,445.85,443.93,442.08,440.31,438.6,436.85,435.16,433.45,431.69,429.99,428.23,426.48,424.6,422.86,421.06,419.4,417.84,416.21,414.66,413.05,411.56,410.07,408.62,407.17,405.82,404.51,403.15,401.84,400.6,399.39,398.18
20865,20,114.892,32.95,49.57,67.27,593.82,998.94,907.93,871.81,885.38,908.27,923.21,870.49,859.45,874.31,893.22,861.29,789.29,778.43,789.89,777.72,742.21,758.38,743.3,722.76,703.03,699.44,699.54,699.18,700.3,700.34,700.73,698.89,700.52,696.36,699.13,698.14,699.5,699.48,699.71,699.78,698.89,699.95,699.91,699.82,699.55,699.87,699.65,699.68,699.86,699.78,699.82,699.63,699.69,699.57,699.74,699.84,699.96,699.57,699.74,700.0,699.88,699.92,699.96,699.93,699.93,700.01,699.95,700.02,699.82,699.8,699.98,699.98,700.1,699.86,699.54,699.92,700.14,699.76,699.44,699.08,699.37,700.9,700.63,700.43,700.17,699.77,699.71,673.93,542.02,407.07,275.91,146.24,37.01,26.28,29.62,44.42,37.38,28.6,26.63,26.2,25.2,25.03,25.1,25.14,24.9,24.95,25.02,25.1,24.9,25.1,25.16,25.24,25.26,25.08,25.21,25.21,25.2,25.24,25.17,25.26,25.23,25.21,25.26,25.35,25.15,25.09,25.02,25.31,24.89,-0.51,-0.42,-0.5,-0.5,1.03,12.43,22.22,33.66,45.61,56.85,60.57,67.64,77.98,89.0,92.91,88.78,93.76,103.15,109.81,111.5,133.13,143.82,151.46,159.19,170.25,184.1,198.94,215.8,235.58,278.75,337.6,378.79,407.26,429.69,446.32,460.19,470.3,478.8,486.14,492.67,498.69,504.15,509.31,514.34,519.09,523.81,528.35,532.71,537.0,541.02,544.82,548.34,551.62,554.65,557.23,559.73,561.81,563.58,564.94,566.1,566.74,566.86,566.32,564.94,562.99,560.28,557.08,553.51,549.58,545.48,541.35,537.09,532.95,528.67,523.77,518.41,512.7,506.77,500.51,494.05,487.5,480.86,474.44,468.26,462.46,457.25,452.59,451.63,453.79,457.1,460.89,465.15,463.45,452.7,449.85,447.86,446.01,444.17,442.32,440.54,438.71,436.96,435.18,433.44,431.68,429.95,428.14,426.39,424.5,422.65,420.92,419.24,417.6,415.89,414.31,412.69,411.16,409.74,408.14,406.74,405.27,403.98,402.62,401.33,400.13,398.84,397.56,396.47
20867,20,114.847,34.17,51.15,65.13,582.69,999.25,911.93,876.02,889.44,912.24,927.21,874.1,863.33,878.71,897.72,865.53,793.29,782.18,793.74,781.44,744.74,760.75,744.77,723.47,703.03,699.52,699.84,699.55,700.22,700.17,700.86,699.31,700.54,697.09,698.23,698.7,699.35,699.95,699.24,699.4,699.12,700.01,700.17,699.55,699.92,699.91,699.71,700.06,699.85,699.59,699.59,700.15,699.38,699.97,699.86,699.37,699.92,699.85,699.55,699.35,699.83,700.1,699.86,700.04,700.03,699.99,699.96,699.98,699.92,699.98,700.02,699.98,699.97,700.04,699.96,700.12,699.57,699.89,700.15,699.88,699.5,699.19,699.36,700.88,700.83,700.5,700.3,672.99,541.37,407.14,276.03,145.92,36.95,26.43,29.96,45.07,37.05,28.44,26.43,26.0,25.4,25.01,24.91,25.22,24.97,24.95,25.37,24.97,25.11,25.15,25.25,25.23,25.05,25.45,24.71,24.99,25.31,25.11,25.29,25.22,25.28,25.16,25.08,25.27,25.1,25.2,25.12,25.2,25.1,-0.41,-0.29,-0.42,-0.4,1.03,12.66,22.57,34.09,46.01,57.34,60.95,68.07,78.32,89.32,93.25,89.06,93.95,103.18,110.03,110.5,131.82,143.29,150.63,158.24,169.26,182.8,197.22,213.78,232.76,269.61,330.35,373.86,403.53,426.73,443.93,458.28,468.54,477.24,484.9,491.37,497.5,503.06,508.21,513.1,517.93,522.57,527.1,531.49,535.74,539.61,543.55,547.08,550.47,553.4,556.14,558.48,560.56,562.34,563.79,564.93,565.72,565.94,565.49,564.25,562.31,559.73,556.61,552.86,549.05,544.73,540.48,536.21,532.03,527.78,523.1,518.03,512.67,507.16,501.32,495.37,489.29,483.13,476.91,470.95,465.14,459.7,454.73,453.42,455.37,458.48,462.27,466.3,464.77,453.93,451.0,449.1,447.35,445.5,443.62,441.86,440.08,438.4,436.61,434.83,433.19,431.41,429.74,428.02,426.22,424.38,422.54,420.89,419.22,417.55,415.97,414.4,412.83,411.29,409.86,408.4,406.93,405.56,404.22,402.95,401.74,400.39,399.25,398.06
20868,20,114.82,33.14,50.32,67.6,596.98,1001.46,913.24,876.53,889.79,912.9,927.35,874.49,863.95,879.12,898.54,865.82,793.73,783.22,795.13,782.1,745.9,760.93,744.98,723.39,703.01,699.19,699.61,698.79,700.04,699.87,701.29,695.96,699.37,697.77,699.55,697.14,699.66,699.63,699.12,699.27,699.82,699.11,700.01,699.68,699.85,699.98,699.46,699.86,699.95,699.74,700.02,699.7,699.96,699.58,699.84,699.65,699.84,699.79,699.74,699.73,700.13,699.88,699.94,700.02,699.97,699.89,699.92,700.05,699.93,699.92,699.88,700.05,699.78,700.13,699.83,699.71,700.18,699.92,699.53,699.32,700.24,700.39,700.13,699.89,699.47,699.35,699.02,673.53,541.43,406.29,275.36,145.61,37.15,25.76,29.45,44.37,37.61,28.46,26.53,26.15,25.23,25.1,25.16,25.11,24.95,25.12,26.03,24.28,24.67,25.01,25.3,25.15,25.2,25.11,25.01,25.01,25.05,25.14,25.16,25.18,25.28,25.28,25.24,25.18,25.19,25.21,25.59,25.09,24.88,-0.34,-0.4,-0.42,-0.37,1.16,12.67,22.57,34.11,46.26,57.51,61.13,68.24,78.54,89.62,93.63,89.33,94.31,103.62,110.41,112.2,133.64,144.11,151.42,159.14,169.91,183.5,197.96,213.52,233.25,274.42,333.91,375.81,405.27,427.59,444.97,458.79,469.27,477.69,485.24,491.91,497.83,503.41,508.55,513.49,518.3,522.86,527.34,531.96,536.17,540.38,544.25,547.88,551.09,554.07,556.83,559.24,561.38,563.12,564.71,565.81,566.79,567.11,566.71,565.53,563.64,561.02,557.89,554.31,550.45,546.2,541.9,537.7,533.44,529.25,524.62,519.59,514.2,508.78,503.11,497.15,491.15,485.01,478.88,472.96,467.14,461.72,456.67,455.26,457.05,460.08,463.74,467.76,465.8,455.19,452.24,450.09,448.23,446.37,444.52,442.73,440.85,439.08,437.37,435.68,433.93,432.19,430.51,428.75,426.9,425.14,423.33,421.62,419.96,418.39,416.71,415.15,413.53,412.06,410.51,409.16,407.71,406.3,404.97,403.63,402.4,401.08,399.89,398.68
20869,20,114.839,32.57,49.42,64.59,585.1,999.79,911.1,875.61,888.89,911.44,926.78,873.7,862.54,877.4,896.34,864.02,792.04,781.1,792.67,780.32,743.88,759.86,743.84,723.57,702.89,699.56,699.8,698.82,700.14,699.63,700.86,697.24,700.7,697.36,698.31,698.77,699.51,699.58,699.5,699.92,698.99,700.11,700.05,699.95,699.78,700.07,699.6,699.82,700.05,699.32,699.86,699.63,700.03,699.54,699.96,699.39,699.75,699.61,699.37,699.87,699.73,699.93,700.02,700.02,699.97,700.04,700.05,699.99,699.87,700.07,700.05,699.79,700.04,699.63,699.96,699.95,699.95,699.99,699.9,699.79,700.22,699.77,699.69,700.2,699.78,699.59,699.8,674.5,541.95,407.29,276.11,146.12,36.81,26.38,29.04,44.16,38.36,28.65,26.5,25.89,25.49,25.26,24.98,24.93,25.02,25.04,25.24,25.29,25.24,25.19,25.07,25.02,25.02,25.08,24.74,25.07,25.14,25.1,25.23,25.12,25.19,25.28,25.18,25.29,25.17,25.27,25.33,25.32,25.11,-0.5,-0.47,-0.43,-0.52,0.93,12.34,22.23,33.72,45.67,56.97,60.66,67.7,77.95,88.93,92.85,88.68,93.58,102.86,109.6,110.84,132.42,143.0,150.25,157.34,168.64,182.49,197.25,213.74,233.0,270.57,331.04,374.43,404.18,427.33,444.53,458.69,469.14,477.69,485.25,491.79,497.83,503.39,508.61,513.57,518.35,522.89,527.33,531.8,536.09,540.08,543.85,547.45,550.81,553.84,556.62,559.02,561.15,562.96,564.39,565.69,566.49,566.82,566.47,565.36,563.66,561.2,558.14,554.6,550.81,546.72,542.49,538.35,534.22,530.07,525.69,520.82,515.68,510.21,504.54,498.63,492.64,486.62,480.63,474.66,468.9,463.48,458.41,457.08,458.99,461.93,465.68,469.78,468.11,457.37,454.54,452.51,450.66,448.82,446.95,445.14,443.37,441.66,439.92,438.24,436.54,434.87,433.1,431.44,429.79,427.89,426.06,424.31,422.71,421.02,419.5,417.9,416.33,414.84,413.3,411.92,410.46,409.12,407.81,406.45,405.16,403.94,402.75,401.53
20874,20,114.875,34.46,51.64,71.3,606.06,997.06,902.74,867.27,879.76,902.89,917.07,864.47,854.47,869.87,888.92,855.65,784.64,775.06,787.28,775.31,742.29,757.62,742.71,722.39,702.59,699.64,699.19,699.43,700.22,700.16,700.83,699.0,696.45,697.76,699.78,697.86,699.7,699.7,698.36,699.8,699.91,699.02,700.0,699.72,699.97,699.83,699.82,699.91,699.92,699.88,699.78,699.71,699.95,699.59,699.72,699.68,699.8,699.66,699.64,699.83,699.65,699.94,699.96,699.95,699.98,699.99,699.92,700.05,699.92,700.04,699.89,700.15,699.8,699.69,700.13,699.73,699.35,699.86,700.24,700.01,699.59,699.33,699.06,698.87,700.75,701.25,700.96,671.49,538.78,404.69,274.07,144.33,35.93,26.25,30.81,45.2,36.07,28.17,26.74,25.94,25.39,25.37,25.15,24.95,24.96,25.43,24.53,24.96,25.11,25.4,25.3,25.32,25.14,25.17,25.2,24.84,25.1,25.19,25.27,25.41,25.06,25.16,25.2,25.1,25.19,25.37,25.2,25.17,25.08,-0.53,-0.42,-0.5,-0.54,1.1,12.62,22.31,33.6,45.42,56.76,60.17,67.26,77.5,88.5,91.94,87.93,93.18,102.38,109.08,111.98,133.67,144.28,152.09,160.56,171.71,185.48,200.94,218.79,242.0,300.64,353.64,390.23,416.74,436.86,452.57,464.51,473.84,481.71,488.82,495.13,500.62,505.89,511.02,515.65,520.54,524.96,529.37,533.81,537.87,541.98,545.82,549.35,552.48,555.35,557.92,560.28,562.22,563.93,565.3,566.29,566.99,567.23,566.6,565.39,563.37,560.84,557.75,554.13,550.3,546.29,542.25,538.16,534.13,530.22,526.32,522.02,517.14,511.9,506.32,500.62,494.78,488.82,482.86,477.07,471.32,466.02,461.26,460.25,462.15,465.11,468.87,473.08,471.14,460.43,457.55,455.68,453.64,451.94,450.16,448.34,446.52,444.73,443.09,441.49,439.69,437.92,436.27,434.64,432.75,431.01,429.37,427.66,426.05,424.46,422.81,421.33,419.84,418.23,416.85,415.5,413.98,412.57,411.32,409.96,408.76,407.39,406.24,405.21
20875,20,114.866,33.26,50.17,68.91,603.81,999.74,907.02,870.51,884.22,907.18,921.71,868.58,857.94,873.15,892.42,859.16,787.38,776.92,788.49,775.54,741.27,756.96,742.57,722.17,702.87,699.12,699.36,699.58,700.13,699.67,701.02,695.86,698.78,697.42,699.74,697.56,699.6,699.53,698.79,699.49,699.97,699.21,699.93,699.6,700.13,699.44,699.88,699.96,699.59,699.91,699.78,699.89,699.69,699.75,699.59,699.89,699.63,699.92,699.95,699.94,699.97,700.04,699.97,699.99,699.99,699.94,699.98,699.88,699.97,699.95,699.94,699.96,700.05,699.93,700.14,699.81,699.86,700.17,699.82,699.46,699.61,700.49,700.26,699.93,699.8,699.44,699.17,673.43,541.43,406.43,275.5,145.69,37.27,25.37,29.69,45.18,36.97,28.27,26.61,26.14,25.38,25.2,25.16,24.94,25.1,24.91,25.47,24.94,25.16,25.13,25.16,25.13,25.35,25.08,24.89,25.16,25.13,25.24,25.26,25.23,25.12,25.22,25.24,25.19,25.17,25.02,25.73,24.75,24.95,-0.39,-0.3,-0.46,-0.41,1.23,12.78,22.48,33.9,45.77,57.07,60.67,67.6,77.97,88.77,92.59,88.51,93.58,102.89,109.7,112.78,134.18,144.78,152.52,160.89,171.7,185.46,200.99,218.56,240.61,296.54,350.6,388.72,415.72,436.0,452.01,464.13,473.56,481.65,488.72,495.08,500.48,505.87,510.97,515.86,520.54,525.23,529.66,533.88,538.06,542.02,545.79,549.58,552.74,555.73,558.44,560.79,562.79,564.58,566.06,567.12,568.03,568.17,567.75,566.59,564.77,562.29,559.34,555.75,552.11,548.17,544.24,540.23,536.18,532.28,528.11,523.8,518.91,513.34,507.71,501.77,495.41,489.17,483.09,476.99,471.46,466.09,461.28,460.16,462.22,465.33,469.25,473.56,471.71,461.21,458.28,456.39,454.69,452.89,451.02,449.28,447.53,445.72,444.08,442.38,440.7,438.95,437.19,435.54,433.58,431.76,430.17,428.44,426.77,425.17,423.59,422.02,420.47,418.89,417.44,415.99,414.59,413.19,411.91,410.61,409.35,408.03,406.85,405.62
20876,20,114.861,33.02,50.31,68.16,598.65,998.42,906.97,871.76,885.36,908.23,922.78,870.17,860.15,875.57,894.29,861.12,789.28,778.88,790.16,777.1,742.55,758.26,743.25,722.42,702.57,698.48,699.26,699.97,700.22,699.05,700.51,699.63,699.35,696.47,699.77,697.57,699.79,699.56,699.57,699.18,699.48,699.28,700.08,699.97,699.75,699.64,700.05,699.78,699.79,699.82,699.78,699.83,699.75,699.88,699.47,699.67,699.83,699.48,699.7,699.88,699.91,700.01,700.01,699.95,699.92,700.02,700.01,699.91,699.93,699.87,699.98,700.09,699.85,700.07,699.72,700.21,700.03,699.67,699.29,699.19,700.81,700.86,700.45,700.28,699.89,699.69,699.5,673.55,541.4,406.4,275.35,145.58,37.16,25.53,30.13,45.2,36.66,28.21,26.59,26.16,25.37,25.3,25.21,25.05,24.94,24.82,25.18,24.83,25.12,25.28,25.11,25.06,25.13,25.5,24.82,25.19,25.14,25.31,25.33,25.35,25.2,25.35,25.19,25.22,25.28,25.17,25.27,25.46,24.85,-0.54,-0.45,-0.43,-0.5,0.95,12.42,22.21,33.61,45.62,56.65,60.33,67.32,77.57,88.71,92.48,88.3,93.33,102.59,109.28,111.78,133.42,144.0,151.67,160.05,170.77,184.76,200.24,217.45,238.05,291.51,347.56,385.99,413.1,433.94,450.03,462.66,472.25,480.33,487.45,493.89,499.53,504.94,510.04,515.0,519.51,524.2,528.75,533.17,537.32,541.43,545.34,549.02,552.34,555.35,558.04,560.42,562.58,564.41,565.81,567.01,567.89,568.16,567.73,566.62,564.69,562.21,559.22,555.82,552.05,548.11,544.07,540.07,536.04,532.04,527.97,523.42,518.18,512.62,506.76,500.64,494.21,487.92,481.65,475.61,469.88,464.58,459.74,458.83,461.07,464.29,468.29,472.63,470.91,460.41,457.62,455.63,453.85,452.08,450.19,448.4,446.63,444.91,443.09,441.38,439.76,437.93,436.26,434.5,432.64,430.82,429.13,427.43,425.76,424.15,422.5,420.92,419.4,417.85,416.35,414.97,413.53,412.15,410.8,409.5,408.2,406.94,405.74,404.54
20877,20,114.882,34.28,51.52,70.53,603.27,1000.04,907.84,874.61,885.01,907.41,921.49,868.62,858.24,873.53,892.68,859.68,787.9,777.6,789.36,776.18,742.24,757.52,743.0,722.35,702.87,699.35,698.83,700.08,700.23,699.89,700.97,695.93,699.23,697.15,699.85,697.01,699.79,699.73,699.32,699.63,699.88,699.25,700.02,699.75,700.07,699.54,699.82,699.87,699.91,700.0,699.95,700.07,699.56,700.0,699.41,699.45,699.43,699.74,699.4,699.91,699.95,699.98,699.96,699.88,700.02,699.96,699.99,699.79,699.92,700.0,699.94,699.97,699.74,700.0,700.06,699.86,700.1,699.86,699.44,700.08,700.21,699.87,699.48,699.17,698.97,700.52,700.99,672.29,540.33,405.68,274.78,145.03,36.59,26.32,29.35,44.71,37.21,28.45,26.69,25.71,25.52,25.15,25.21,24.97,24.96,24.84,24.86,25.07,25.18,25.34,25.2,25.18,25.07,25.12,24.99,25.22,25.24,25.28,25.16,25.21,25.7,25.1,24.9,25.12,25.28,25.37,25.17,25.13,25.2,-0.39,-0.41,-0.41,-0.39,1.08,12.45,22.31,33.73,45.55,56.65,60.37,67.45,77.64,88.63,92.42,88.37,93.49,102.63,109.53,112.89,134.09,144.22,151.85,160.25,171.07,184.94,200.58,218.19,239.97,295.54,349.62,388.1,415.03,435.51,451.2,463.57,472.95,480.99,488.22,494.49,499.99,505.22,510.23,515.11,519.74,524.19,528.43,532.66,536.84,540.71,544.37,547.66,550.88,553.7,556.22,558.48,560.34,562.0,563.28,564.39,565.1,565.26,564.73,563.43,561.42,558.96,555.76,552.21,548.33,544.29,540.2,536.08,532.05,528.0,523.8,518.98,513.78,508.35,502.43,496.4,490.19,484.03,477.84,471.88,466.21,460.89,455.96,454.86,456.91,459.94,463.81,467.92,466.08,455.49,452.58,450.69,448.75,446.98,445.13,443.31,441.52,439.64,438.01,436.29,434.6,432.9,431.11,429.41,427.55,425.66,424.0,422.29,420.66,419.01,417.4,415.83,414.32,412.8,411.36,409.87,408.47,407.1,405.8,404.48,403.22,401.96,400.7,399.56
20879,20,114.924,31.8,48.17,69.64,608.31,997.9,904.48,868.26,882.55,903.53,918.17,865.61,854.84,870.19,889.25,856.48,784.91,774.72,786.59,774.67,739.78,756.42,742.14,721.92,702.9,699.29,699.35,699.55,700.02,699.92,700.98,696.39,699.78,696.96,699.87,698.17,699.39,699.45,699.46,698.86,699.68,699.2,700.01,699.75,700.02,699.43,700.03,699.88,699.74,699.82,699.96,699.89,699.89,699.47,699.79,699.44,699.93,699.88,699.7,699.92,699.88,700.01,699.98,699.96,700.01,699.96,699.94,699.99,699.99,700.03,699.95,700.06,699.8,700.21,700.11,699.6,699.31,698.99,699.36,700.98,700.84,700.5,700.23,699.97,699.73,699.43,699.32,673.87,542.32,407.23,276.15,146.44,36.65,26.19,29.07,43.48,38.18,28.85,26.54,25.9,25.48,25.3,24.86,25.12,25.17,25.21,25.07,25.37,24.93,24.92,25.15,25.04,25.5,25.58,26.15,24.78,24.99,25.19,25.21,25.14,25.14,25.24,25.0,25.15,25.12,25.08,25.04,25.17,25.04,-0.5,-0.43,-0.55,-0.5,1.09,12.45,22.04,33.57,45.5,56.78,60.47,67.56,77.91,89.0,92.95,88.74,93.93,103.26,110.29,112.45,134.55,145.25,152.96,161.44,172.52,186.7,202.08,219.14,240.37,293.65,348.62,387.5,414.68,435.55,451.75,464.34,473.85,481.86,488.92,495.33,500.82,506.26,511.4,516.21,521.01,525.67,530.06,534.54,538.83,542.89,546.82,550.3,553.48,556.38,558.89,561.14,563.22,564.87,566.22,567.36,567.9,567.81,567.1,565.55,563.3,560.49,557.17,553.4,549.42,545.23,541.08,536.82,532.67,528.38,523.75,518.54,513.09,507.51,501.59,495.41,489.29,483.09,477.07,471.12,465.59,460.35,455.51,454.25,456.0,458.76,462.08,465.87,464.0,453.0,449.98,447.99,446.19,444.28,442.45,440.65,438.74,437.0,435.3,433.52,431.82,430.12,428.32,426.61,424.8,422.92,421.21,419.5,417.95,416.27,414.71,413.08,411.52,410.1,408.62,407.18,405.83,404.43,403.09,401.79,400.5,399.23,398.1,396.83
20881,20,114.882,34.57,52.11,70.79,607.03,1002.61,909.43,872.82,885.64,910.5,923.08,869.57,859.0,874.26,893.31,861.77,789.36,778.57,790.09,778.28,742.99,758.0,743.48,722.98,703.07,698.79,699.38,699.73,700.18,699.85,701.23,696.05,698.27,697.86,699.27,697.73,699.95,699.44,698.83,699.61,699.79,699.09,699.92,699.69,700.01,699.3,699.81,699.84,699.99,700.02,699.98,699.81,699.86,699.8,699.25,699.63,699.77,699.49,699.57,699.91,699.95,699.98,699.83,699.97,699.97,699.91,699.92,699.94,700.03,700.04,700.01,699.91,699.96,700.06,699.83,699.74,700.01,699.86,700.06,699.76,699.99,699.98,699.79,699.43,700.13,700.66,700.35,674.07,542.18,407.86,276.84,147.02,37.04,26.11,29.64,44.43,37.07,28.69,26.83,25.87,25.46,26.2,24.6,24.43,24.9,25.13,25.1,25.07,25.58,24.88,24.86,25.06,25.27,25.17,25.17,25.43,25.02,25.23,25.23,25.17,25.13,25.45,25.29,25.03,25.22,25.04,25.1,25.16,25.31,-0.49,-0.51,-0.5,-0.55,0.97,12.38,22.18,33.49,45.4,56.75,60.29,67.33,77.57,88.59,92.55,88.27,93.25,102.55,109.56,113.57,133.82,143.9,151.55,159.95,170.67,184.75,199.98,217.64,239.12,292.82,347.77,386.32,413.59,434.25,450.58,462.86,472.29,480.44,487.49,493.75,499.48,504.94,509.92,514.78,519.43,523.8,528.34,532.71,537.08,541.12,545.06,548.56,551.8,554.86,557.47,559.83,561.95,563.77,565.27,566.46,567.38,567.77,567.49,566.48,564.76,562.41,559.45,556.14,552.42,548.53,544.49,540.57,536.47,532.58,528.7,524.64,520.29,515.26,509.83,504.16,498.4,492.39,486.58,480.66,475.03,469.61,464.66,463.38,465.28,468.3,472.01,476.3,474.66,463.9,460.95,459.0,457.18,455.34,453.56,451.73,450.05,448.2,446.58,444.86,443.2,441.45,439.79,438.14,436.36,434.46,432.76,431.17,429.41,427.95,426.2,424.66,423.14,421.62,420.13,418.71,417.28,415.81,414.5,413.21,411.89,410.62,409.44,408.23
20882,20,114.87,33.98,50.99,77.98,641.34,1006.1,909.81,872.39,885.71,908.72,923.75,869.94,859.46,874.42,893.08,859.08,787.81,777.63,789.6,776.53,742.74,757.83,742.91,722.41,702.34,698.81,699.5,699.16,700.1,700.41,700.26,699.29,699.2,697.0,698.56,699.59,699.11,699.1,699.84,698.89,698.96,699.64,699.89,699.57,700.17,699.7,700.01,699.84,699.67,699.89,699.84,699.66,699.88,699.15,699.8,699.82,699.46,699.7,699.62,699.97,699.94,699.98,699.94,700.01,699.98,699.89,699.94,700.06,699.89,699.92,699.92,699.99,699.49,699.94,700.35,699.97,699.54,699.26,698.9,699.35,701.46,701.35,701.05,698.92,698.13,703.16,697.38,673.69,540.14,405.58,274.6,145.0,36.46,25.81,27.16,36.91,44.99,30.87,26.83,26.08,25.53,25.4,25.42,24.39,24.69,24.95,25.13,25.32,25.41,25.18,25.16,25.11,25.0,25.08,25.07,25.59,24.88,25.0,25.2,25.32,25.09,25.13,25.32,25.23,25.24,25.26,25.22,25.24,25.19,-0.46,-0.5,-0.48,-0.5,1.66,13.58,23.34,34.68,46.65,57.77,61.26,68.37,78.59,89.6,93.24,89.1,94.17,103.65,110.53,115.05,136.46,146.66,154.81,163.54,174.58,189.32,205.59,224.81,259.05,323.39,370.01,402.86,425.49,444.17,458.01,468.4,477.27,484.93,491.27,497.26,502.66,507.83,512.72,517.53,522.07,526.53,530.83,535.11,539.05,543.13,546.79,550.21,553.32,556.15,558.83,561.13,562.92,564.6,565.85,566.81,567.51,567.6,566.96,565.53,563.59,560.85,557.69,554.24,550.46,546.49,542.46,538.6,534.7,530.81,527.0,523.05,518.83,513.96,508.7,503.14,497.37,491.54,485.74,480.16,474.74,469.46,464.76,463.67,465.63,468.6,472.38,476.35,474.51,463.91,461.15,459.22,457.25,455.47,453.69,451.92,450.14,448.4,446.69,444.97,443.23,441.71,439.87,438.26,436.56,434.65,433.02,431.37,429.8,428.16,426.59,425.0,423.53,422.01,420.65,419.13,417.75,416.46,415.11,413.74,412.54,411.35,410.09,408.9
20884,20,114.944,32.71,49.85,68.2,598.69,997.83,903.76,867.13,879.57,901.93,916.53,863.7,852.88,867.8,886.67,854.2,782.77,772.25,784.22,772.19,737.84,754.85,741.07,721.55,702.9,699.09,699.27,699.91,700.05,699.09,700.14,700.04,700.29,695.68,698.94,698.73,699.47,699.15,699.74,699.85,698.72,699.87,699.65,699.93,699.5,699.5,699.95,699.37,699.82,700.01,699.08,699.85,699.91,699.57,699.98,699.51,699.74,699.85,699.89,699.82,699.99,699.96,699.94,699.97,699.98,699.97,700.01,700.13,699.54,699.93,699.94,700.07,699.89,700.02,699.63,699.45,700.15,700.08,699.67,699.38,699.59,700.55,700.4,700.17,699.8,699.58,699.34,674.11,541.95,407.09,275.9,146.19,36.95,26.29,29.49,45.04,36.87,28.41,26.67,25.96,25.35,25.09,25.11,24.91,25.05,25.21,25.07,24.96,24.97,25.16,25.1,25.47,25.21,25.19,25.2,25.31,25.28,25.28,25.3,25.22,25.18,25.38,25.36,24.97,25.11,25.14,25.35,25.36,25.08,-0.46,-0.44,-0.54,-0.5,1.06,12.43,22.07,33.46,45.34,56.52,60.12,67.13,77.29,88.27,92.04,87.92,92.91,102.2,109.08,111.4,133.09,143.77,151.62,160.1,171.07,185.1,200.7,218.29,239.7,295.49,351.28,389.68,415.92,436.89,452.63,464.79,474.25,482.31,489.29,495.44,501.03,506.47,511.35,516.11,520.86,525.41,529.81,534.15,538.47,542.31,546.15,549.7,553.09,556.04,558.62,560.98,563.07,564.66,566.07,567.15,567.83,567.97,567.51,566.3,564.32,561.81,558.66,555.12,551.29,547.35,543.34,539.28,535.25,531.3,527.37,523.14,518.43,513.25,507.79,502.18,496.34,490.37,484.49,478.71,473.15,467.95,463.13,461.86,463.78,466.68,470.32,474.3,472.57,461.77,458.7,456.7,454.77,452.97,451.15,449.29,447.52,445.82,444.04,442.38,440.7,438.96,437.3,435.51,433.79,431.91,430.22,428.46,426.87,425.29,423.67,422.13,420.55,419.06,417.58,416.19,414.77,413.46,412.01,410.74,409.41,408.14,406.94,405.77
20886,20,114.915,33.59,50.98,67.48,593.14,996.9,902.9,867.21,880.47,903.17,917.77,865.64,856.43,870.39,889.34,856.36,784.93,774.45,786.2,773.51,738.82,755.88,741.32,721.7,702.92,699.57,699.02,699.78,700.03,699.66,699.99,699.78,699.9,695.95,698.67,698.86,699.27,699.4,699.76,699.73,698.51,699.78,699.64,699.94,698.99,699.66,699.83,699.59,699.89,700.12,699.42,699.79,699.68,699.57,699.67,699.67,699.44,699.58,699.95,699.8,700.0,699.95,699.95,699.97,699.72,699.93,699.99,699.88,700.04,699.96,700.15,699.87,700.04,699.93,699.97,699.66,700.11,700.16,699.73,699.39,699.12,699.83,700.92,700.62,700.36,700.04,699.85,673.58,541.16,406.51,275.2,145.51,36.89,26.05,29.86,45.16,37.03,27.74,26.67,26.06,25.5,25.16,25.16,25.38,24.68,24.77,24.9,25.09,25.36,25.58,24.98,24.95,25.19,25.16,25.07,25.18,25.29,25.34,25.2,25.15,25.31,25.33,25.02,25.5,24.99,24.9,25.18,25.29,25.22,-0.52,-0.53,-0.54,-0.5,1.64,13.86,23.49,34.71,46.36,57.47,60.89,67.84,78.05,89.0,92.57,88.43,93.35,102.53,109.33,109.81,131.52,143.62,151.56,159.91,171.44,185.35,200.94,218.87,241.18,298.18,353.05,390.6,416.68,437.26,452.79,464.63,473.79,481.92,488.98,495.09,500.69,505.99,510.98,515.62,520.32,525.02,529.33,533.67,537.93,541.99,545.68,549.24,552.57,555.63,558.18,560.56,562.71,564.42,565.75,566.93,567.73,568.07,567.69,566.52,564.69,562.25,559.29,555.8,552.16,548.27,544.3,540.23,536.22,532.32,528.29,524.03,519.19,513.68,507.83,501.68,495.29,488.96,482.61,476.51,470.88,465.48,460.71,459.79,462.09,465.48,469.55,473.82,472.19,461.83,459.03,457.14,455.42,453.6,451.78,449.97,448.12,446.4,444.71,442.96,441.35,439.56,437.83,436.02,434.22,432.39,430.69,428.98,427.3,425.66,424.13,422.53,421.0,419.45,417.99,416.46,415.13,413.77,412.46,411.07,409.8,408.57,407.38,406.13
20887,20,114.902,33.02,50.49,68.53,600.73,998.92,904.25,867.55,880.82,903.77,918.11,865.52,855.37,871.73,889.85,857.06,785.31,774.89,786.61,773.29,739.03,755.87,741.24,721.61,702.7,699.27,699.18,699.74,700.17,698.92,700.28,700.32,698.38,696.31,699.85,697.9,699.37,699.37,699.61,699.35,699.58,699.49,699.94,699.96,699.74,699.44,699.86,699.89,699.64,699.84,699.77,699.77,699.83,699.52,699.93,699.6,699.8,699.53,699.86,699.47,699.98,699.98,699.84,699.98,699.96,700.06,699.93,700.01,699.98,699.93,700.07,699.91,699.97,700.06,700.1,699.91,699.45,699.19,700.24,700.68,700.19,700.05,699.55,699.47,699.16,699.05,700.51,673.46,539.97,405.73,274.66,144.85,36.41,25.92,29.7,45.0,37.32,28.02,26.71,25.84,25.4,25.19,25.18,24.96,24.81,24.99,25.12,25.11,25.34,25.32,24.99,25.14,25.12,24.98,25.09,25.09,25.04,25.12,25.15,25.22,25.31,25.27,25.24,25.42,25.04,25.13,25.31,25.1,25.22,-0.36,-0.5,-0.47,-0.39,1.36,13.25,22.95,34.35,46.06,57.26,60.78,67.72,77.96,88.91,92.6,88.56,93.52,102.64,109.19,110.06,132.05,143.76,151.69,160.04,171.39,185.4,201.08,218.93,241.23,299.31,353.58,390.43,416.69,437.23,452.73,464.73,473.98,481.97,489.01,495.2,500.74,506.1,511.1,515.8,520.44,525.04,529.54,533.88,538.07,542.02,545.79,549.41,552.66,555.49,558.16,560.5,562.67,564.33,565.72,566.83,567.62,567.81,567.41,566.05,564.21,561.71,558.62,555.18,551.37,547.45,543.4,539.28,535.32,531.38,527.28,523.25,518.38,513.14,507.58,501.79,495.7,489.74,483.75,477.87,472.27,466.93,461.93,460.74,462.65,465.78,469.49,473.52,471.61,460.98,458.13,456.19,454.39,452.54,450.72,448.9,447.04,445.33,443.61,441.99,440.2,438.57,436.76,435.19,433.33,431.43,429.65,428.02,426.35,424.71,423.09,421.52,420.0,418.44,416.95,415.53,414.06,412.78,411.41,410.15,408.77,407.58,406.38,405.1
20888,20,114.895,33.15,50.86,67.47,593.17,997.13,904.09,869.7,882.73,904.98,919.3,866.81,857.31,871.93,890.55,857.5,785.9,775.88,787.38,774.4,739.46,756.3,741.92,722.02,702.67,699.49,699.46,699.79,699.92,699.39,700.19,696.83,700.47,697.16,698.23,698.88,699.67,699.03,699.7,699.9,698.52,699.72,699.78,699.98,699.42,699.77,699.85,699.82,699.82,699.72,699.45,699.65,699.78,699.85,699.35,699.84,699.9,699.35,699.55,699.8,699.99,700.02,699.99,699.99,699.95,699.94,700.02,699.95,699.9,700.16,699.89,699.86,700.01,699.67,700.21,699.86,699.77,700.11,699.97,699.5,699.46,699.33,700.77,700.64,700.08,700.02,699.67,673.7,541.09,406.51,275.14,145.61,36.94,25.95,29.95,45.28,36.73,27.95,26.79,25.97,25.56,25.15,24.97,25.1,24.83,24.94,25.18,24.98,25.25,25.67,25.3,24.15,24.9,25.26,25.41,24.97,25.37,25.12,24.98,25.28,25.17,25.09,25.26,25.28,25.36,25.22,25.11,25.31,25.03,-0.55,-0.45,-0.49,-0.48,1.1,12.61,22.45,33.78,45.67,56.83,60.4,67.39,77.57,88.55,92.16,88.04,93.04,102.39,108.99,110.13,131.92,143.48,151.51,159.82,170.95,184.77,200.36,217.83,239.02,292.61,347.9,387.44,414.3,435.69,451.54,463.89,473.18,481.45,488.47,494.64,500.3,505.72,510.75,515.47,520.3,524.76,529.31,533.5,537.87,541.76,545.64,549.3,552.59,555.57,558.1,560.52,562.66,564.41,565.73,567.05,567.89,568.22,567.87,566.67,564.9,562.48,559.5,555.96,552.35,548.33,544.36,540.37,536.33,532.48,528.5,524.46,519.91,514.82,509.38,503.79,497.89,492.03,485.97,480.22,474.63,469.16,464.4,463.24,465.07,468.22,472.04,476.03,474.32,463.55,460.61,458.59,456.93,455.15,453.22,451.56,449.64,448.01,446.23,444.51,442.96,441.13,439.54,437.76,436.16,434.15,432.48,430.71,429.22,427.49,425.95,424.35,422.77,421.3,419.83,418.43,416.94,415.66,414.22,412.93,411.76,410.46,409.26,407.97
20889,20,114.92,33.54,51.54,69.52,602.39,998.98,904.77,869.03,882.34,905.26,919.9,867.27,857.63,872.46,891.11,857.09,785.73,775.47,787.32,774.55,740.61,756.73,742.22,721.84,702.78,699.51,699.74,699.1,700.14,699.9,700.68,696.99,698.54,696.93,699.85,697.6,699.59,699.32,699.03,699.65,699.49,699.17,699.94,699.81,700.01,699.09,699.86,699.98,699.85,699.46,699.73,699.99,699.95,698.97,699.75,699.55,699.9,699.76,699.64,700.0,699.88,699.98,700.07,700.08,700.01,699.96,700.01,700.14,699.82,699.98,700.02,700.27,699.82,699.55,700.14,699.91,699.8,699.89,699.77,700.24,700.09,699.82,699.4,699.29,699.86,700.78,700.67,672.66,539.99,405.65,274.63,144.94,36.22,26.17,29.88,44.94,37.12,27.98,26.81,25.81,25.45,25.28,25.14,25.3,24.7,24.91,25.07,25.16,25.32,25.24,25.08,25.11,25.05,25.11,25.07,24.99,25.46,24.89,24.88,25.35,25.29,25.17,25.27,25.71,25.08,25.0,25.02,25.25,25.14,-0.56,-0.45,-0.49,-0.56,1.24,12.59,22.37,33.63,45.59,56.76,60.42,67.5,77.65,88.72,92.34,88.15,93.32,102.61,109.37,112.08,133.77,144.23,152.02,160.33,171.52,185.42,200.95,218.56,241.27,298.48,351.79,389.47,416.26,436.47,452.39,464.36,473.68,481.69,488.81,495.09,500.65,505.87,510.99,515.85,520.32,524.78,529.34,533.61,537.69,541.88,545.63,549.2,552.5,555.32,558.1,560.36,562.56,564.25,565.68,566.79,567.76,567.88,567.41,566.31,564.39,561.85,558.76,555.42,551.5,547.78,543.59,539.41,535.54,531.58,527.66,523.6,519.07,514.02,508.68,503.08,497.51,491.64,485.91,480.13,474.67,469.15,464.43,463.16,465.06,467.94,471.67,475.58,473.65,463.12,460.11,458.26,456.32,454.48,452.53,450.77,449.03,447.25,445.6,443.87,442.22,440.48,438.85,437.13,435.44,433.73,431.82,430.17,428.51,426.91,425.34,423.69,422.26,420.59,419.29,417.8,416.41,414.96,413.73,412.29,411.16,409.8,408.72,407.38
20890,20,114.905,33.64,50.98,68.3,599.18,998.68,905.54,869.9,882.65,905.12,919.63,866.83,856.97,873.54,890.76,857.56,785.93,775.34,787.14,774.28,739.49,755.87,741.85,722.16,702.84,699.22,698.89,699.69,700.21,699.06,700.02,700.35,699.49,695.18,699.71,698.19,699.49,699.32,699.74,698.97,699.32,699.28,700.18,699.21,699.96,699.76,700.03,699.6,699.83,700.02,699.73,699.52,699.32,699.68,699.43,699.78,699.84,699.58,699.56,699.82,699.96,699.96,700.0,700.05,700.16,699.82,699.99,700.08,699.96,699.96,699.88,699.95,699.83,699.93,699.93,700.22,699.6,699.88,700.29,699.88,699.51,699.35,699.06,700.37,701.45,701.01,700.8,672.13,539.92,406.07,275.15,145.41,37.21,25.71,30.13,44.99,37.34,27.95,26.7,26.05,25.73,25.09,24.89,24.94,24.84,24.99,25.28,25.02,25.1,25.58,25.5,24.48,24.97,25.2,25.14,25.03,25.44,24.92,25.15,25.13,25.07,25.12,25.24,25.58,24.67,24.93,25.22,25.27,25.3,-0.48,-0.36,-0.46,-0.41,1.26,12.46,22.31,33.63,45.61,56.81,60.39,67.53,77.57,88.54,92.37,88.23,93.3,102.58,109.28,111.79,133.42,144.03,151.94,160.43,171.29,185.52,201.31,218.95,241.0,298.38,353.23,390.37,416.74,437.29,453.0,465.09,474.32,482.33,489.49,495.55,501.06,506.49,511.42,516.35,520.87,525.55,529.91,534.34,538.56,542.6,546.48,549.83,553.16,556.32,558.77,561.1,563.39,565.26,566.59,567.75,568.68,568.92,568.47,567.53,565.6,563.29,560.19,556.85,553.09,549.23,545.19,541.2,537.23,533.2,529.36,525.34,520.93,515.99,510.69,505.13,499.32,493.63,487.73,481.79,476.26,470.89,466.17,464.85,466.82,469.66,473.36,477.59,475.53,464.94,462.08,460.24,458.22,456.43,454.58,452.77,451.04,449.18,447.47,445.76,444.1,442.45,440.75,438.99,437.45,435.48,433.74,432.14,430.37,428.91,427.21,425.66,424.06,422.69,421.11,419.61,418.18,416.97,415.61,414.21,412.91,411.7,410.47,409.24
20891,20,114.889,33.59,51.29,67.99,600.01,999.25,904.51,868.2,880.82,903.7,918.19,865.61,855.38,870.94,890.08,856.51,785.02,774.63,786.29,773.27,739.37,755.92,741.77,721.8,702.65,699.55,699.72,699.75,699.74,699.71,700.51,696.54,700.2,696.13,699.81,698.02,699.49,699.19,699.41,699.06,699.55,699.4,699.96,699.93,699.85,699.28,699.95,699.87,699.94,699.7,699.39,699.72,699.63,699.52,699.8,699.77,699.83,699.94,700.07,700.09,699.98,700.14,699.9,699.99,699.94,700.15,700.02,700.03,700.03,699.95,700.03,699.94,699.94,700.05,699.99,699.73,700.27,700.5,700.25,699.83,699.57,699.21,699.02,699.54,701.43,701.24,700.93,670.89,539.35,405.27,274.62,145.11,36.56,25.86,29.9,45.27,37.2,27.67,26.64,25.95,25.67,25.3,25.05,24.97,24.64,24.9,25.18,25.13,25.38,25.01,25.46,24.58,25.01,25.3,25.33,25.18,25.23,25.43,25.27,25.19,25.27,25.26,25.35,25.66,24.93,25.1,25.14,25.05,25.07,-0.31,-0.44,-0.45,-0.34,1.44,13.32,22.82,34.13,46.16,57.19,60.79,67.75,77.98,88.86,92.4,88.27,93.48,102.63,109.49,111.29,133.24,144.13,152.07,160.5,171.8,185.93,201.35,219.23,242.68,301.78,354.07,391.58,417.71,438.03,453.52,465.22,474.42,482.52,489.56,495.59,501.1,506.56,511.64,516.46,520.83,525.36,529.82,534.34,538.42,542.43,546.15,549.7,552.92,556.0,558.57,560.95,563.15,564.84,566.22,567.31,568.12,568.29,568.03,566.83,565.0,562.51,559.5,556.07,552.45,548.6,544.46,540.5,536.45,532.69,528.79,524.75,520.4,515.28,509.98,504.44,498.66,492.76,486.83,481.0,475.31,470.05,465.18,464.08,466.2,469.34,473.18,477.27,475.53,464.86,462.07,460.07,458.37,456.45,454.61,452.79,451.08,449.31,447.49,445.87,444.3,442.64,440.96,439.26,437.51,435.8,433.94,432.29,430.55,428.94,427.32,425.73,424.32,422.9,421.38,419.84,418.39,417.04,415.71,414.39,413.19,411.96,410.67,409.42
20892,20,114.924,32.84,50.72,65.49,587.11,995.65,902.73,867.77,880.68,903.16,917.46,865.19,854.85,870.55,888.66,855.29,783.98,773.57,785.23,772.22,737.62,754.89,740.9,721.61,702.72,699.22,698.59,699.74,699.67,699.78,699.96,699.75,699.08,696.85,697.27,699.68,699.45,699.93,699.67,699.0,699.68,699.84,700.06,699.82,699.94,699.82,699.66,699.41,699.86,699.44,699.89,699.47,699.5,699.74,699.54,700.06,699.95,700.03,699.87,700.05,699.92,699.98,699.88,700.06,700.1,699.97,700.01,700.06,699.87,699.98,700.0,699.64,700.05,699.85,700.04,700.14,699.69,699.34,700.45,700.65,700.17,699.82,699.56,699.19,698.9,699.02,701.21,673.74,540.61,406.69,275.23,145.47,37.05,25.88,29.83,44.83,36.68,28.17,26.53,25.95,25.46,25.38,25.03,24.93,24.83,25.17,25.07,25.18,25.32,25.21,25.13,25.03,24.89,24.82,24.94,25.11,25.33,25.06,25.31,25.28,25.21,25.08,25.34,25.37,25.27,25.06,25.08,25.48,25.4,-0.54,-0.49,-0.53,-0.62,1.14,12.63,22.22,33.47,45.21,56.41,60.05,66.98,77.27,88.15,91.83,87.63,92.82,101.94,108.63,109.79,131.68,143.17,151.06,159.56,170.81,184.62,200.12,217.67,239.31,294.07,350.57,389.24,415.54,436.84,452.66,464.66,474.13,482.19,489.31,495.46,501.18,506.43,511.62,516.33,520.95,525.48,529.98,534.28,538.42,542.54,546.48,550.28,553.54,556.51,559.06,561.53,563.62,565.53,566.96,568.18,569.0,569.45,569.16,568.16,566.5,564.06,561.24,557.96,554.37,550.57,546.73,542.82,538.91,535.05,531.07,526.93,522.35,516.87,510.93,504.77,498.58,492.2,485.96,479.96,474.26,469.07,464.27,463.32,465.55,468.87,472.97,477.32,475.59,465.21,462.69,460.76,458.82,457.02,455.19,453.41,451.56,449.85,448.17,446.41,444.72,442.99,441.29,439.49,437.59,435.77,434.01,432.49,430.92,429.22,427.57,426.01,424.45,422.84,421.43,420.01,418.57,417.2,415.91,414.58,413.36,412.19,410.97,409.82
20893,20,114.928,33.83,51.74,67.75,595.49,996.05,901.45,865.95,879.25,902.6,917.31,864.49,853.92,869.96,888.5,854.28,783.2,773.38,785.26,771.64,738.57,754.91,740.89,721.45,702.63,699.64,699.76,699.62,700.09,700.06,700.16,697.49,700.16,696.37,698.71,698.43,699.29,699.57,699.85,699.69,698.34,699.78,699.83,700.18,699.43,699.85,699.76,699.96,699.38,700.05,700.0,699.89,700.03,699.77,699.43,699.93,699.45,699.66,699.84,699.43,699.75,699.77,700.02,700.02,699.93,700.01,699.87,699.87,700.07,700.2,699.89,700.02,700.05,699.92,699.61,700.13,699.95,699.63,699.51,700.27,700.12,700.03,699.56,699.36,698.97,699.06,701.15,672.83,539.21,405.04,273.81,144.02,35.71,26.25,30.07,45.28,36.96,27.95,26.3,25.96,25.47,25.15,25.16,25.09,24.83,25.15,25.39,25.17,25.11,25.02,25.16,25.05,25.09,24.79,25.21,25.32,25.46,25.24,25.01,25.22,25.23,25.26,25.4,25.18,25.03,25.17,25.18,25.19,25.28,-0.46,-0.47,-0.31,-0.34,1.17,12.48,22.14,33.37,45.19,56.37,60.1,67.02,77.15,88.24,91.77,87.57,92.59,101.79,108.28,111.03,132.68,143.25,151.08,159.46,170.73,184.61,199.99,217.76,239.89,296.43,350.61,389.24,415.61,436.32,451.92,464.22,473.66,481.82,488.78,494.83,500.52,505.93,510.89,515.76,520.54,525.04,529.51,533.76,538.02,542.02,546.0,549.66,552.95,555.93,558.62,560.94,563.01,564.71,566.09,567.24,568.08,568.4,567.94,566.8,565.23,562.87,559.81,556.44,552.7,548.78,544.71,540.64,536.71,532.77,528.85,524.95,520.67,515.66,510.33,504.69,498.91,493.02,487.2,481.52,476.0,470.68,465.73,464.58,466.5,469.56,473.28,477.44,475.62,465.01,462.17,460.36,458.35,456.54,454.66,452.85,451.1,449.38,447.7,445.97,444.23,442.63,440.96,439.24,437.45,435.74,433.96,432.29,430.67,429.04,427.46,425.92,424.35,422.87,421.46,420.02,418.64,417.17,415.85,414.55,413.28,411.94,410.66,409.52
20894,20,114.91,32.99,50.06,67.29,593.46,995.91,901.84,866.38,879.52,901.95,916.05,863.1,853.4,869.37,887.83,853.98,782.97,772.56,784.42,770.82,737.6,754.54,740.33,721.0,702.32,699.51,699.03,699.85,700.15,699.97,700.08,699.73,699.97,695.78,698.68,699.0,699.5,698.91,699.77,699.76,698.72,700.16,699.78,700.03,699.39,699.79,699.66,699.62,700.01,699.98,699.48,699.87,699.81,699.62,699.45,699.64,699.79,699.27,699.56,699.7,699.76,699.86,699.78,699.89,700.13,699.9,700.05,700.05,699.98,699.75,700.08,699.83,699.95,699.85,699.93,699.86,699.96,700.35,700.03,699.59,699.64,700.65,700.57,700.2,699.84,699.54,699.4,672.7,539.97,405.0,273.94,144.1,35.96,26.38,29.88,45.16,37.11,27.98,26.74,25.94,25.47,25.22,24.98,25.72,24.23,24.68,25.07,25.4,25.52,25.19,25.2,24.85,24.89,25.1,25.09,25.03,25.31,25.19,24.92,25.16,25.09,25.24,25.38,25.36,25.43,25.43,25.3,25.15,25.29,-0.52,-0.48,-0.6,-0.41,1.46,13.0,22.59,33.89,45.68,56.68,60.16,67.14,77.38,88.26,91.8,87.69,92.71,101.99,108.5,110.15,132.13,143.34,151.33,159.93,171.38,185.35,200.83,218.55,241.03,298.87,353.66,391.31,417.0,437.75,453.15,464.99,474.17,482.36,489.26,495.26,500.99,506.44,511.65,516.12,520.77,525.3,529.64,533.99,538.23,542.22,546.19,549.7,553.02,556.03,558.52,560.75,562.83,564.57,565.73,566.92,567.7,567.93,567.49,566.39,564.73,562.26,559.27,555.89,552.19,548.1,544.11,540.11,536.32,532.51,528.65,524.83,520.51,515.66,510.39,504.92,499.22,493.4,487.59,481.86,476.37,471.13,466.07,464.78,466.69,469.84,473.51,477.51,475.73,465.01,462.06,460.0,458.26,456.43,454.61,452.9,451.09,449.33,447.56,445.87,444.24,442.59,440.88,439.25,437.58,435.71,433.89,432.22,430.61,429.03,427.42,425.9,424.41,422.85,421.39,419.95,418.49,417.08,415.7,414.48,413.16,412.09,410.74,409.59
20895,20,114.925,33.42,50.03,65.77,587.84,995.52,901.82,866.31,879.19,901.7,915.88,863.05,852.81,869.85,887.86,853.23,782.04,772.06,783.89,770.14,737.21,754.33,740.46,721.08,702.68,699.47,699.03,699.66,699.64,700.13,699.72,699.8,699.3,696.69,697.7,699.7,699.5,699.55,699.32,699.53,699.2,699.37,700.03,699.5,699.67,700.22,699.81,699.86,699.96,699.36,699.77,700.07,699.22,699.98,699.82,699.37,699.91,699.87,699.83,699.63,700.05,699.88,700.15,699.87,699.96,700.1,700.03,699.94,699.88,700.07,700.0,700.0,699.83,699.88,700.11,699.97,699.69,700.23,699.9,699.73,699.38,700.5,700.25,700.05,699.75,699.42,699.31,672.58,539.83,405.41,273.87,144.01,36.02,26.47,28.89,45.0,37.82,28.05,26.56,25.93,25.39,25.13,25.03,25.1,25.07,25.15,24.97,25.16,25.19,25.04,25.23,25.17,24.97,25.19,24.98,25.01,25.33,25.14,25.35,25.17,25.25,25.04,25.17,25.19,25.16,25.26,25.26,24.95,25.22,-0.58,-0.5,-0.43,-0.42,1.17,12.36,21.96,33.34,45.19,56.46,59.81,66.88,76.93,87.94,91.53,87.46,92.51,101.79,108.44,110.08,131.95,143.35,151.18,159.91,171.31,185.03,200.55,218.26,241.07,298.79,353.67,391.45,417.11,437.86,453.65,465.59,474.92,482.85,489.77,495.85,501.64,506.77,511.73,516.54,521.22,525.67,529.97,534.37,538.42,542.74,546.4,549.93,553.18,556.41,558.93,561.31,563.5,565.44,566.77,567.88,568.73,569.15,568.7,567.66,565.99,563.46,560.62,557.32,553.67,549.84,546.04,542.08,538.09,534.21,530.37,526.63,522.33,517.61,512.29,506.91,500.97,495.05,489.26,483.5,477.67,472.41,467.56,466.37,468.48,471.74,475.53,479.62,477.86,467.18,464.26,462.44,460.63,458.83,456.81,455.05,453.28,451.49,449.89,448.31,446.54,444.75,443.12,441.48,439.76,437.81,436.0,434.34,432.73,431.2,429.65,428.01,426.37,424.95,423.44,421.98,420.68,419.28,417.92,416.64,415.34,414.08,412.86,411.63
20896,20,114.909,29.71,43.95,54.09,542.08,984.02,894.17,860.93,873.63,896.33,910.64,858.39,848.4,863.72,882.53,848.57,778.2,768.28,779.98,766.47,733.54,751.5,738.55,719.98,702.47,699.1,699.38,699.19,700.01,699.91,700.58,696.39,700.88,696.89,699.01,697.93,699.49,699.91,699.83,699.93,698.36,699.85,699.64,699.64,699.31,699.78,699.82,699.91,699.85,700.1,699.78,699.86,699.56,699.79,699.45,699.89,699.62,699.42,699.92,699.66,699.94,699.95,699.96,700.12,700.02,699.8,699.82,700.01,700.0,699.84,700.02,700.0,699.66,700.09,699.54,699.57,700.56,700.14,699.74,699.59,699.2,699.06,699.65,701.36,701.31,700.8,700.46,670.68,539.16,405.06,274.01,144.07,35.93,25.97,27.46,45.24,38.37,28.37,26.61,25.91,25.4,25.08,25.08,25.23,25.21,24.88,25.21,25.12,25.02,24.94,24.86,24.76,25.05,25.0,24.71,24.84,25.01,24.95,24.96,25.07,25.01,24.98,25.12,24.94,24.99,25.01,25.05,24.95,24.94,-0.42,-0.48,-0.42,-0.43,0.66,11.13,20.9,32.33,44.04,55.18,58.84,65.87,76.07,86.9,90.33,86.54,91.44,100.54,106.91,107.47,128.56,140.7,148.7,156.71,168.18,181.72,196.53,213.05,232.56,271.02,333.14,377.07,407.04,430.14,447.23,460.96,471.09,479.71,487.01,493.41,499.47,504.92,510.14,515.01,519.86,524.4,528.73,533.18,537.52,541.55,545.54,549.26,552.9,555.95,558.55,561.05,563.27,565.15,566.74,568.04,569.05,569.5,569.51,568.52,567.06,564.84,561.86,558.58,554.97,551.13,547.24,543.25,539.25,535.45,531.48,527.44,523.03,517.96,512.48,506.83,500.79,494.68,488.61,482.63,476.79,471.22,466.43,465.46,467.53,470.73,474.61,478.96,477.18,466.53,463.72,461.82,460.03,458.18,456.24,454.46,452.7,450.95,449.25,447.62,445.9,444.23,442.66,440.94,439.21,437.28,435.47,433.72,432.13,430.56,428.98,427.39,425.71,424.2,422.75,421.23,419.82,418.5,417.09,415.88,414.62,413.13,411.97,410.77
20897,20,114.964,24.28,33.34,38.64,475.03,966.7,883.44,852.05,864.59,887.2,901.41,849.94,840.74,856.29,875.43,842.03,772.61,762.87,774.24,760.19,728.07,745.92,735.3,718.85,702.31,699.13,699.26,699.88,699.94,700.65,698.78,699.36,700.77,698.77,697.51,699.05,698.95,700.04,699.64,698.41,699.71,699.99,700.14,699.2,699.94,700.02,699.75,699.82,699.59,700.07,699.83,699.51,699.8,700.01,699.4,699.96,699.08,699.61,699.68,699.13,699.8,699.89,699.79,700.02,699.92,700.04,700.02,700.2,699.84,699.83,700.06,699.75,700.08,699.7,699.98,700.07,699.83,699.21,699.7,700.63,700.36,699.85,699.79,699.48,699.08,698.88,700.48,672.03,538.62,404.4,273.46,143.59,35.17,25.31,25.68,33.11,43.95,32.29,25.98,25.83,25.05,24.85,24.74,24.81,24.69,24.67,24.76,24.83,24.73,24.69,24.75,24.8,24.57,24.75,24.73,24.65,24.74,24.69,24.76,24.64,24.8,24.8,24.7,24.72,24.61,24.62,24.68,24.62,24.54,-0.45,-0.48,-0.53,-0.5,0.18,10.03,19.94,31.3,42.81,53.75,57.48,64.61,74.71,85.46,88.96,85.07,90.18,99.05,105.03,104.96,121.4,136.81,145.17,152.84,164.19,177.69,192.17,207.85,225.69,248.64,307.03,359.73,395.28,421.91,441.39,456.96,468.11,477.28,485.28,492.08,498.3,503.92,509.13,514.16,518.96,523.6,528.17,532.72,537.16,541.27,545.27,549.19,552.71,555.89,558.88,561.31,563.6,565.7,567.32,568.5,569.72,570.54,570.6,569.97,568.68,566.79,564.28,561.21,557.73,553.93,550.02,546.25,542.26,538.2,534.39,530.34,526.28,521.55,516.2,510.43,504.59,498.42,492.31,486.09,480.03,474.42,469.23,468.18,470.36,473.54,477.55,482.1,480.38,469.77,467.02,464.97,463.03,461.13,459.28,457.54,455.66,453.92,452.14,450.3,448.67,447.08,445.37,443.65,441.89,439.99,438.15,436.41,434.58,432.92,431.41,429.84,428.07,426.69,425.11,423.53,422.02,420.83,419.5,418.16,416.9,415.59,414.28,413.05
